Documento compras,Material,Texto breve,Fecha documento,Fecha Ingreso,Promedio de LT,Cantidad 
5300000682,109764001,"MOTO CARABELA INDY 250CC, NEGRO",2025-12-01 00:00:00,2026-02-16 00:00:00,77.00,20
5300000724,108652001,"MOTO DINAMO ADVENTURE ELITE 150CC, ROJO",2025-12-23 00:00:00,2026-01-03 00:00:00,11.00,1
5300000724,108652002,"MOTO DINAMO ADVENTURE ELITE 150C, BLANCO",2025-12-23 00:00:00,2026-01-03 00:00:00,11.00,1
5300000724,108690002,"MOTO DINAMO SCORPIO 200CC, BLANCO",2025-12-23 00:00:00,2026-01-03 00:00:00,11.00,1
5300000725,108652001,"MOTO DINAMO ADVENTURE ELITE 150CC, ROJO",2026-01-02 00:00:00,2026-01-06 00:00:00,4.00,2
5300000725,108652002,"MOTO DINAMO ADVENTURE ELITE 150C, BLANCO",2026-01-02 00:00:00,2026-01-02 00:00:00,2.00,2
5300000725,108690001,"MOTO DINAMO SCORPIO 200CC, ROJO",2026-01-02 00:00:00,2026-01-02 00:00:00,0.00,1
5300000725,108691002,"MOTO DINAMO U5 150CC, AZUL",2026-01-02 00:00:00,2026-01-02 00:00:00,2.00,2
5300000725,109118002,"MOTO DINAMO U2 150CC, AZUL",2026-01-02 00:00:00,2026-01-06 00:00:00,4.00,2
5300000725,109119001,"MOTO DINAMO METRO 125CC, ROJO",2026-01-02 00:00:00,2026-01-06 00:00:00,4.00,1
5300000725,109130003,"MOTO DINAMO R2-GT 250CC, AMARILLO",2026-01-02 00:00:00,2026-01-06 00:00:00,4.00,2
4500564455,108955003,"MOTO BDS JAMBO 180CC, GRIS",2026-01-05 00:00:00,2026-01-06 00:00:00,1.00,-2
5300000726,109040001,"MOTO BDS CASTORO 180CC, AZUL",2026-01-05 00:00:00,2026-01-07 00:00:00,2.00,22
5300000726,109040003,"MOTO BDS CASTORO 180CC, AMARILLO",2026-01-05 00:00:00,2026-01-07 00:00:00,2.00,22
5300000727,108652001,"MOTO DINAMO ADVENTURE ELITE 150CC, ROJO",2026-01-06 00:00:00,2026-01-07 00:00:00,4.00,2
5300000727,108652002,"MOTO DINAMO ADVENTURE ELITE 150C, BLANCO",2026-01-06 00:00:00,2026-01-13 00:00:00,7.00,3
5300000727,108655001,"MOTO DINAMO CUSTOM 150CC, ROJO",2026-01-06 00:00:00,2026-01-07 00:00:00,1.00,1
5300000727,108691001,"MOTO DINAMO U5 150CC, ROJO",2026-01-06 00:00:00,2026-01-09 00:00:00,3.00,2
5300000727,108691003,"MOTO DINAMO U5 150CC, GRIS",2026-01-06 00:00:00,2026-01-13 00:00:00,7.00,1
5300000727,109118001,"MOTO DINAMO U2 150CC, ROJO",2026-01-06 00:00:00,2026-01-09 00:00:00,3.00,1
5300000727,109118002,"MOTO DINAMO U2 150CC, AZUL",2026-01-06 00:00:00,2026-01-09 00:00:00,3.00,2
5300000727,109130002,"MOTO DINAMO R2-GT 250CC, GRIS",2026-01-06 00:00:00,2026-01-06 00:00:00,0.00,1
5300000727,109130003,"MOTO DINAMO R2-GT 250CC, AMARILLO",2026-01-06 00:00:00,2026-01-13 00:00:00,7.00,1
5300000728,108813001,"MOTO BDS HAWK 200CC, NEGRO",2026-01-08 00:00:00,2026-01-29 00:00:00,21.00,20
5300000728,108814001,"MOTO BDS THUNDER 170CC, NEGRO",2026-01-08 00:00:00,2026-01-29 00:00:00,21.00,20
5300000728,109040003,"MOTO BDS CASTORO 180CC, ORO",2026-01-08 00:00:00,2026-01-29 00:00:00,21.00,1
5300000728,109569001,"MOTO BDS SB 180CC, BLANCO",2026-01-08 00:00:00,2026-01-29 00:00:00,21.00,3
5300000729,108721001,"MOTO BDS SAETA 150CC, AZUL",2026-01-09 00:00:00,2026-01-20 00:00:00,11.00,14
5300000729,108813001,"MOTO BDS HAWK 200CC, NEGRO",2026-01-09 00:00:00,2026-01-20 00:00:00,11.00,5
5300000729,109031001,"MOTO BDS HAWK GT 250CC, AZUL",2026-01-09 00:00:00,2026-01-20 00:00:00,11.00,2
5300000729,109040001,"MOTO BDS CASTORO 180CC, AZUL",2026-01-09 00:00:00,2026-01-20 00:00:00,11.00,5
5300000729,109040003,"MOTO BDS CASTORO 180CC, AMARILLO",2026-01-09 00:00:00,2026-01-20 00:00:00,11.00,10
5300000729,109233002,"MOTO BDS MAGMA 150CC, NEGRO",2026-01-09 00:00:00,2026-01-20 00:00:00,11.00,2
5300000729,109233004,"MOTO BDS MAGMA 150CC, GRIS",2026-01-09 00:00:00,2026-01-20 00:00:00,11.00,2
5300000729,109783001,"MOTO BDS RHINO 200CC, AZUL",2026-01-09 00:00:00,2026-01-20 00:00:00,11.00,2
5300000730,108726001,"MOTO BDS STARK 250CC, ROJO",2026-01-09 00:00:00,2026-01-20 00:00:00,11.00,2
5300000730,108726002,"MOTO BDS STARK 250CC, GRIS",2026-01-09 00:00:00,2026-01-20 00:00:00,11.00,1
5300000730,108813001,"MOTO BDS HAWK 200CC, NEGRO",2026-01-09 00:00:00,2026-01-20 00:00:00,11.00,14
5300000730,109031001,"MOTO BDS HAWK GT 250CC, AZUL",2026-01-09 00:00:00,2026-01-20 00:00:00,11.00,3
5300000730,109233001,"MOTO BDS MAGMA 150CC, ROJO",2026-01-09 00:00:00,2026-01-20 00:00:00,11.00,5
5300000730,109234001,"MOTO BDS STARK 300CC, ROJO",2026-01-09 00:00:00,2026-01-20 00:00:00,11.00,2
5300000730,109234002,"MOTO BDS STARK 300CC, AZUL",2026-01-09 00:00:00,2026-01-20 00:00:00,11.00,1
5300000730,109569001,"MOTO BDS SB 180CC, BLANCO",2026-01-09 00:00:00,2026-01-20 00:00:00,11.00,16
5300000731,108726001,"MOTO BDS STARK 250CC, ROJO",2026-01-09 00:00:00,2026-01-21 00:00:00,12.00,3
5300000731,108813001,"MOTO BDS HAWK 200CC, NEGRO",2026-01-09 00:00:00,2026-01-21 00:00:00,12.00,23
5300000731,109031001,"MOTO BDS HAWK GT 250CC, AZUL",2026-01-09 00:00:00,2026-01-21 00:00:00,12.00,4
5300000731,109040001,"MOTO BDS CASTORO 180CC, AZUL",2026-01-09 00:00:00,2026-01-21 00:00:00,12.00,5
5300000731,109040003,"MOTO BDS CASTORO 180CC, AMARILLO",2026-01-09 00:00:00,2026-01-21 00:00:00,12.00,3
5300000731,109233002,"MOTO BDS MAGMA 150CC, NEGRO",2026-01-09 00:00:00,2026-01-21 00:00:00,12.00,3
5300000731,109233003,"MOTO BDS MAGMA 150CC, AZUL",2026-01-09 00:00:00,2026-01-21 00:00:00,12.00,3
5300000731,109233004,"MOTO BDS MAGMA 150CC, GRIS",2026-01-09 00:00:00,2026-01-21 00:00:00,12.00,3
5300000731,109783001,"MOTO BDS RHINO 200CC, AZUL",2026-01-09 00:00:00,2026-01-21 00:00:00,12.00,3
5300000732,108726002,"MOTO BDS STARK 250CC, GRIS",2026-01-09 00:00:00,2026-01-23 00:00:00,14.00,1
5300000732,108813001,"MOTO BDS HAWK 200CC, NEGRO",2026-01-09 00:00:00,2026-01-23 00:00:00,14.00,10
5300000732,109040001,"MOTO BDS CASTORO 180CC, AZUL",2026-01-09 00:00:00,2026-01-23 00:00:00,14.00,2
5300000732,109040003,"MOTO BDS CASTORO 180CC, AMARILLO",2026-01-09 00:00:00,2026-01-23 00:00:00,14.00,3
5300000732,109638001,"MOTO BDS HAWK 250CC, AZUL",2026-01-09 00:00:00,2026-01-23 00:00:00,14.00,3
5300000732,109783001,"MOTO BDS RHINO 200CC, AZUL",2026-01-09 00:00:00,2026-01-23 00:00:00,14.00,3
5300000733,108662001,"MOTO ISLO FREEDOM 150CC, TITANIO",2026-01-09 00:00:00,2026-01-19 00:00:00,10.00,5
5300000733,108665001,"MOTO CARABELA COYOTE 150CC, AZUL",2026-01-09 00:00:00,2026-01-19 00:00:00,10.00,4
5300000733,108665002,"MOTO CARABELA COYOTE 150CC, TITANIO",2026-01-09 00:00:00,2026-01-19 00:00:00,10.00,4
5300000733,108675001,"MOTO CARABELA DIRT 3 250CC, ROJO",2026-01-09 00:00:00,2026-01-19 00:00:00,10.00,5
5300000733,108812001,"MOTO CARABELA ROUTE R SONORA 20, NARANJA",2026-01-09 00:00:00,2026-01-19 00:00:00,10.00,16
5300000733,109764001,"MOTO CARABELA INDY 250CC, NEGRO",2026-01-09 00:00:00,2026-01-19 00:00:00,10.00,10
5300000734,108668001,"MOTO CARABELA HUNTER 110CC, BLANCO",2026-01-09 00:00:00,2026-01-19 00:00:00,10.00,12
5300000734,108812001,"MOTO CARABELA ROUTE R SONORA 20, NARANJA",2026-01-09 00:00:00,2026-01-19 00:00:00,10.00,10
5300000734,109591001,"MOTO CARABELA DAKOTA ADV 320CC, AMARILLO",2026-01-09 00:00:00,2026-01-19 00:00:00,10.00,10
5300000734,109764001,"MOTO CARABELA INDY 250CC, NEGRO",2026-01-09 00:00:00,2026-01-19 00:00:00,10.00,13
4500567341,108652002,"MOTO DINAMO ADVENTURE ELITE 150C, BLANCO",2026-01-12 00:00:00,2026-01-15 00:00:00,3.00,-1
4500567341,108658003,"MOTO DINAMO METRO SEMI-AUTM 120CC, GRIS",2026-01-12 00:00:00,2026-01-15 00:00:00,3.00,-1
4500567341,108659002,"MOTO DINAMO MONKEY 125CC, AMARILLO",2026-01-12 00:00:00,2026-01-15 00:00:00,3.00,-1
4500567341,108691003,"MOTO DINAMO U5 150CC, GRIS",2026-01-12 00:00:00,2026-01-15 00:00:00,3.00,-1
5300000735,108652002,"MOTO DINAMO ADVENTURE ELITE 150C, BLANCO",2026-01-13 00:00:00,2026-01-13 00:00:00,3.25,4
5300000735,108655003,"MOTO DINAMO CUSTOM 150CC, NEGRO",2026-01-13 00:00:00,2026-01-16 00:00:00,3.00,2
5300000735,108690001,"MOTO DINAMO SCORPIO 200CC, ROJO",2026-01-13 00:00:00,2026-01-16 00:00:00,3.00,1
5300000735,108690002,"MOTO DINAMO SCORPIO 200CC, BLANCO",2026-01-13 00:00:00,2026-01-16 00:00:00,3.00,2
5300000735,108690003,"MOTO DINAMO SCORPIO 200CC, NEGRO",2026-01-13 00:00:00,2026-01-16 00:00:00,3.00,1
5300000735,108691002,"MOTO DINAMO U5 150CC, AZUL",2026-01-13 00:00:00,2026-01-16 00:00:00,3.00,1
5300000735,109118001,"MOTO DINAMO U2 150CC, ROJO",2026-01-13 00:00:00,2026-01-16 00:00:00,3.00,1
5300000735,109118003,"MOTO DINAMO U2 150CC, PLATA",2026-01-13 00:00:00,2026-01-20 00:00:00,7.00,1
5300000735,109119002,"MOTO DINAMO METRO 125CC, VERDE",2026-01-13 00:00:00,2026-01-16 00:00:00,3.00,1
5300000735,109523003,"MOTO DINAMO SPEED FIRE SPDF 250, NARANJA",2026-01-13 00:00:00,2026-01-16 00:00:00,3.00,1
5300000736,108638001,"MOTO VELOCI RAZZER GTR 220CC, ROJO",2026-01-14 00:00:00,2026-01-21 00:00:00,7.00,24
5300000736,109585001,"MOTO VELOCI SNAKE GT TRAIL 250CC, GRIS",2026-01-14 00:00:00,2026-01-21 00:00:00,7.00,10
5300000736,109588001,"MOTO VELOCI XEVERUS EVO PRO 330CC, ROJO",2026-01-14 00:00:00,2026-01-21 00:00:00,7.00,12
5300000737,108634001,"MOTO VELOCI BOXTER RT3 200CC, NEGRO",2026-01-14 00:00:00,2026-01-24 00:00:00,10.00,6
5300000737,108639001,"MOTO VELOCI REVENGE DYNAMIK  220CC, GRIS",2026-01-14 00:00:00,2026-01-24 00:00:00,10.00,12
5300000737,109583001,"MOTO VELOCI DEUS EVO SPORT 150CC, GRIS",2026-01-14 00:00:00,2026-01-24 00:00:00,10.00,5
5300000737,109584001,"MOTO VELOCI RUBAK EVO TRAIL 220CC, VERDE",2026-01-14 00:00:00,2026-01-24 00:00:00,10.00,5
5300000737,109585001,"MOTO VELOCI SNAKE GT TRAIL 250CC, GRIS",2026-01-14 00:00:00,2026-01-24 00:00:00,10.00,12
5300000737,109588001,"MOTO VELOCI XEVERUS EVO PRO 330CC, ROJO",2026-01-14 00:00:00,2026-01-24 00:00:00,10.00,12
5300000738,108634001,"MOTO VELOCI BOXTER RT3 200CC, NEGRO",2026-01-14 00:00:00,2026-01-21 00:00:00,7.00,8
5300000738,109581001,"MOTO VELOCI BEAST KX4 HYPER 200CC, ROJO",2026-01-14 00:00:00,2026-01-21 00:00:00,7.00,4
5300000738,109584001,"MOTO VELOCI RUBAK EVO TRAIL 220CC, VERDE",2026-01-14 00:00:00,2026-01-21 00:00:00,7.00,3
5300000738,109586001,"MOTO VELOCI BREAKSTORM SPORT 330CC, GRIS",2026-01-14 00:00:00,2026-01-21 00:00:00,7.00,4
5300000738,109588001,"MOTO VELOCI XEVERUS EVO PRO 330CC, ROJO",2026-01-14 00:00:00,2026-01-21 00:00:00,7.00,3
5300000739,108637001,"MOTO VELOCI SYRIUS RS SPORT 20, AMARILLO",2026-01-15 00:00:00,2026-01-26 00:00:00,11.00,7
5300000739,109584001,"MOTO VELOCI RUBAK EVO TRAIL 220CC, VERDE",2026-01-15 00:00:00,2026-01-26 00:00:00,11.00,10
5300000739,109585001,"MOTO VELOCI SNAKE GT TRAIL 250CC, GRIS",2026-01-15 00:00:00,2026-01-26 00:00:00,11.00,10
5300000739,109586001,"MOTO VELOCI BREAKSTORM SPORT 330CC, GRIS",2026-01-15 00:00:00,2026-01-26 00:00:00,11.00,10
5300000739,109588001,"MOTO VELOCI XEVERUS EVO PRO 330CC, ROJO",2026-01-15 00:00:00,2026-01-26 00:00:00,11.00,9
5300000740,108813001,"MOTO BDS HAWK 200CC, NEGRO",2026-01-20 00:00:00,2026-01-30 00:00:00,10.00,22
5300000740,109040003,"MOTO BDS CASTORO 180CC, AMARILLO",2026-01-20 00:00:00,2026-01-30 00:00:00,10.00,22
5300000741,108721001,"MOTO BDS SAETA 150CC, AZUL",2026-01-21 00:00:00,2026-01-29 00:00:00,8.00,3
5300000741,108726001,"MOTO BDS STARK 250CC, ROJO",2026-01-21 00:00:00,2026-01-29 00:00:00,8.00,1
5300000741,108813001,"MOTO BDS HAWK 200CC, NEGRO",2026-01-21 00:00:00,2026-01-29 00:00:00,8.00,5
5300000741,109040003,"MOTO BDS CASTORO 180CC, AMARILLO",2026-01-21 00:00:00,2026-01-29 00:00:00,8.00,2
5300000741,109783001,"MOTO BDS RHINO 200CC, AZUL",2026-01-21 00:00:00,2026-01-29 00:00:00,8.00,4
5300000742,108668001,"MOTO CARABELA HUNTER 110CC, BLANCO",2026-01-22 00:00:00,2026-01-29 00:00:00,7.00,6
5300000742,108669001,"MOTO CARABELA HUNTER 125CC, ROJO",2026-01-22 00:00:00,2026-01-29 00:00:00,7.00,10
5300000742,108675001,"MOTO CARABELA DIRT 3 250CC, ROJO",2026-01-22 00:00:00,2026-01-29 00:00:00,7.00,7
5300000742,108808002,"MOTO CARABELA R250Z, NEGRO",2026-01-22 00:00:00,2026-01-29 00:00:00,7.00,15
5300000742,109591001,"MOTO CARABELA DAKOTA ADV 320CC, AMARILLO",2026-01-22 00:00:00,2026-01-29 00:00:00,7.00,7
5300000743,108674001,"MOTO ISLO MUTANT 250CC, ROJO",2026-01-22 00:00:00,2026-01-31 00:00:00,9.00,10
5300000743,108675001,"MOTO CARABELA DIRT 3 250CC, ROJO",2026-01-22 00:00:00,2026-01-31 00:00:00,9.00,10
5300000743,108808001,"MOTO CARABELA R250Z, ROJO",2026-01-22 00:00:00,2026-01-31 00:00:00,9.00,5
5300000743,108808002,"MOTO CARABELA R250Z, NEGRO",2026-01-22 00:00:00,2026-01-31 00:00:00,9.00,1
5300000743,108812001,"MOTO CARABELA ROUTE R SONORA 20, NARANJA",2026-01-22 00:00:00,2026-01-31 00:00:00,9.00,7
5300000743,109571001,"MOTO CARABELA KRONOS 200CC, TITANIO",2026-01-22 00:00:00,2026-01-31 00:00:00,9.00,7
5300000743,109591001,"MOTO CARABELA DAKOTA ADV 320CC, AMARILLO",2026-01-22 00:00:00,2026-01-31 00:00:00,9.00,5
5300000744,109040001,"MOTO BDS CASTORO 180CC, AZUL",2026-01-22 00:00:00,2026-02-09 00:00:00,18.00,22
5300000744,109040003,"MOTO BDS CASTORO 180CC, AMARILLO",2026-01-22 00:00:00,2026-02-09 00:00:00,18.00,22
5300000745,109040001,"MOTO BDS CASTORO 180CC, AZUL",2026-01-22 00:00:00,2026-02-09 00:00:00,18.00,22
5300000745,109040003,"MOTO BDS CASTORO 180CC, AMARILLO",2026-01-22 00:00:00,2026-02-09 00:00:00,18.00,22
5300000746,109040003,"MOTO BDS CASTORO 180CC, AMARILLO",2026-01-22 00:00:00,2026-02-10 00:00:00,19.00,44
5300000747,108637001,"MOTO VELOCI SYRIUS RS SPORT 20, AMARILLO",2026-01-23 00:00:00,2026-02-14 00:00:00,22.00,9
5300000747,109584001,"MOTO VELOCI RUBAK EVO TRAIL 220CC, VERDE",2026-01-23 00:00:00,2026-02-14 00:00:00,22.00,8
5300000747,109585001,"MOTO VELOCI SNAKE GT TRAIL 250CC, GRIS",2026-01-23 00:00:00,2026-02-14 00:00:00,22.00,8
5300000747,109586001,"MOTO VELOCI BREAKSTORM SPORT 330CC, GRIS",2026-01-23 00:00:00,2026-02-14 00:00:00,22.00,4
5300000747,109587001,"MOTO VELOCI RAZZER HYPER SPORT 330, ROJO",2026-01-23 00:00:00,2026-02-14 00:00:00,22.00,4
5300000747,109588001,"MOTO VELOCI XEVERUS EVO PRO 330CC, ROJO",2026-01-23 00:00:00,2026-02-14 00:00:00,22.00,8
5300000747,109588002,"MOTO VELOCI XEVERUS EVO PRO 330CC, GRIS",2026-01-23 00:00:00,2026-02-14 00:00:00,22.00,10
5300000748,108638001,"MOTO VELOCI RAZZER GTR 220CC, ROJO",2026-01-23 00:00:00,2026-02-04 00:00:00,12.00,15
5300000748,109584001,"MOTO VELOCI RUBAK EVO TRAIL 220CC, VERDE",2026-01-23 00:00:00,2026-02-04 00:00:00,12.00,7
5300000748,109585001,"MOTO VELOCI SNAKE GT TRAIL 250CC, GRIS",2026-01-23 00:00:00,2026-02-04 00:00:00,12.00,20
5300000748,109586001,"MOTO VELOCI BREAKSTORM SPORT 330CC, GRIS",2026-01-23 00:00:00,2026-02-04 00:00:00,12.00,3
5300000748,109588001,"MOTO VELOCI XEVERUS EVO PRO 330CC, ROJO",2026-01-23 00:00:00,2026-02-04 00:00:00,12.00,3
5300000749,108662001,"MOTO ISLO FREEDOM 150CC, TITANIO",2026-01-23 00:00:00,2026-01-29 00:00:00,6.00,5
5300000749,108668001,"MOTO CARABELA HUNTER 110CC, BLANCO",2026-01-23 00:00:00,2026-01-29 00:00:00,6.00,10
5300000749,108674001,"MOTO ISLO MUTANT 250CC, ROJO",2026-01-23 00:00:00,2026-01-29 00:00:00,6.00,7
5300000749,108812001,"MOTO CARABELA ROUTE R SONORA 20, NARANJA",2026-01-23 00:00:00,2026-01-29 00:00:00,6.00,5
5300000749,109571001,"MOTO CARABELA KRONOS 200CC, TITANIO",2026-01-23 00:00:00,2026-01-29 00:00:00,6.00,5
5300000749,109591001,"MOTO CARABELA DAKOTA ADV 320CC, AMARILLO",2026-01-23 00:00:00,2026-01-29 00:00:00,6.00,5
5300000749,109764001,"MOTO CARABELA INDY 250CC, NEGRO",2026-01-23 00:00:00,2026-01-29 00:00:00,6.00,8
5300000750,108635002,"MOTO VELOCI DYNAMIK PRO 200CC, NEGRO",2026-01-23 00:00:00,2026-02-09 00:00:00,17.00,14
5300000750,108638001,"MOTO VELOCI RAZZER GTR 220CC, ROJO",2026-01-23 00:00:00,2026-02-09 00:00:00,17.00,10
5300000750,108957002,"MOTOCARRO VELOCI COVALT 300CC, BLANCO",2026-01-23 00:00:00,2026-02-09 00:00:00,17.00,1
5300000750,109581001,"MOTO VELOCI BEAST KX4 HYPER 200CC, ROJO",2026-01-23 00:00:00,2026-02-09 00:00:00,17.00,2
5300000750,109585001,"MOTO VELOCI SNAKE GT TRAIL 250CC, GRIS",2026-01-23 00:00:00,2026-02-09 00:00:00,17.00,2
5300000750,109587001,"MOTO VELOCI RAZZER HYPER SPORT 330, ROJO",2026-01-23 00:00:00,2026-02-09 00:00:00,17.00,6
5300000750,109588002,"MOTO VELOCI XEVERUS EVO PRO 330CC, GRIS",2026-01-23 00:00:00,2026-02-09 00:00:00,17.00,6
5300000751,108652001,"MOTO DINAMO ADVENTURE ELITE 150CC, ROJO",2026-01-23 00:00:00,2026-01-23 00:00:00,0.00,4
5300000751,108652002,"MOTO DINAMO ADVENTURE ELITE 150C, BLANCO",2026-01-23 00:00:00,2026-01-24 00:00:00,2.00,3
5300000751,108690001,"MOTO DINAMO SCORPIO 200CC, ROJO",2026-01-23 00:00:00,2026-01-23 00:00:00,0.00,1
5300000751,109119001,"MOTO DINAMO METRO 125CC, ROJO",2026-01-23 00:00:00,2026-01-23 00:00:00,0.00,1
5300000751,109137001,"MOTO DINAMO ALIEN-R 175 CC, ROJO",2026-01-23 00:00:00,2026-01-23 00:00:00,0.00,1
5300000751,109137002,"MOTO DINAMO ALIEN-R 175 CC, BLANCO",2026-01-23 00:00:00,2026-01-23 00:00:00,0.00,1
5300000751,109523003,"MOTO DINAMO SPEED FIRE SPDF 250, NARANJA",2026-01-23 00:00:00,2026-01-23 00:00:00,0.00,1
5300000752,108637001,"MOTO VELOCI SYRIUS RS SPORT 20, AMARILLO",2026-01-26 00:00:00,2026-01-30 00:00:00,4.00,8
5300000752,109582001,"MOTO VELOCI ATRIO  EVO SPORT 200CC, ROJO",2026-01-26 00:00:00,2026-01-30 00:00:00,4.00,8
5300000752,109583001,"MOTO VELOCI DEUS EVO SPORT 150CC, GRIS",2026-01-26 00:00:00,2026-01-30 00:00:00,4.00,10
5300000752,109584001,"MOTO VELOCI RUBAK EVO TRAIL 220CC, VERDE",2026-01-26 00:00:00,2026-01-30 00:00:00,4.00,10
5300000752,109585001,"MOTO VELOCI SNAKE GT TRAIL 250CC, GRIS",2026-01-26 00:00:00,2026-01-30 00:00:00,4.00,8
5300000752,109586001,"MOTO VELOCI BREAKSTORM SPORT 330CC, GRIS",2026-01-26 00:00:00,2026-01-30 00:00:00,4.00,4
5300000752,109588001,"MOTO VELOCI XEVERUS EVO PRO 330CC, ROJO",2026-01-26 00:00:00,2026-01-30 00:00:00,4.00,8
5300000753,108652002,"MOTO DINAMO ADVENTURE ELITE 150C, BLANCO",2026-01-29 00:00:00,2026-01-30 00:00:00,1.00,2
5300000753,108690003,"MOTO DINAMO SCORPIO 200CC, NEGRO",2026-01-29 00:00:00,2026-01-30 00:00:00,1.00,1
5300000753,108691002,"MOTO DINAMO U5 150CC, AZUL",2026-01-29 00:00:00,2026-01-29 00:00:00,0.00,1
5300000753,109118001,"MOTO DINAMO U2 150CC, ROJO",2026-01-29 00:00:00,2026-01-29 00:00:00,0.50,2
5300000753,109118003,"MOTO DINAMO U2 150CC, PLATA",2026-01-29 00:00:00,2026-01-29 00:00:00,0.00,1
5300000754,108652001,"MOTO DINAMO ADVENTURE ELITE 150CC, ROJO",2026-02-02 00:00:00,2026-02-03 00:00:00,3.33,6
5300000754,108652002,"MOTO DINAMO ADVENTURE ELITE 150C, BLANCO",2026-02-02 00:00:00,2026-02-03 00:00:00,2.50,2
5300000754,108655002,"MOTO DINAMO CUSTOM 150CC, AZUL",2026-02-02 00:00:00,2026-02-06 00:00:00,4.00,1
5300000754,108655003,"MOTO DINAMO CUSTOM 150CC, NEGRO",2026-02-02 00:00:00,2026-02-06 00:00:00,4.00,1
5300000754,108690002,"MOTO DINAMO SCORPIO 200CC, BLANCO",2026-02-02 00:00:00,2026-02-09 00:00:00,7.00,1
5300000754,108690003,"MOTO DINAMO SCORPIO 200CC, NEGRO",2026-02-02 00:00:00,2026-02-03 00:00:00,1.00,1
5300000754,109118001,"MOTO DINAMO U2 150CC, ROJO",2026-02-02 00:00:00,2026-02-04 00:00:00,2.00,1
5300000754,109118003,"MOTO DINAMO U2 150CC, PLATA",2026-02-02 00:00:00,2026-02-03 00:00:00,2.50,2
5300000754,109137001,"MOTO DINAMO ALIEN-R 175 CC, ROJO",2026-02-02 00:00:00,2026-02-09 00:00:00,7.00,1
5300000754,109137002,"MOTO DINAMO ALIEN-R 175 CC, BLANCO",2026-02-02 00:00:00,2026-02-09 00:00:00,7.00,1
5300000754,109137004,"MOTO DINAMO ALIEN-R 175 CC, VERDE",2026-02-02 00:00:00,2026-02-09 00:00:00,7.00,1
5300000754,109523002,"MOTO DINAMO SPEED FIRE SPDF 250CC, AZUL",2026-02-02 00:00:00,2026-02-05 00:00:00,3.00,1
5300000755,108726002,"MOTO BDS STARK 250CC, GRIS",2026-02-03 00:00:00,2026-02-16 00:00:00,13.00,6
5300000755,108813001,"MOTO BDS HAWK 200CC, NEGRO",2026-02-03 00:00:00,2026-02-16 00:00:00,13.00,11
5300000755,109233003,"MOTO BDS MAGMA 150CC, AZUL",2026-02-03 00:00:00,2026-02-16 00:00:00,13.00,5
5300000755,109638001,"MOTO BDS HAWK 250CC, AZUL",2026-02-03 00:00:00,2026-02-16 00:00:00,13.00,11
5300000755,109870001,"MOTO BDS THUNDER 190CC, NEGRO",2026-02-03 00:00:00,2026-02-16 00:00:00,13.00,11
5300000756,109040003,"MOTO BDS CASTORO 180CC, AMARILLO",2026-02-03 00:00:00,2026-02-19 00:00:00,16.00,14
5300000756,109233001,"MOTO BDS MAGMA 150CC, ROJO",2026-02-03 00:00:00,2026-02-19 00:00:00,16.00,10
5300000756,109233002,"MOTO BDS MAGMA 150CC, NEGRO",2026-02-03 00:00:00,2026-02-19 00:00:00,16.00,10
5300000756,109638001,"MOTO BDS HAWK 250CC, AZUL",2026-02-03 00:00:00,2026-02-19 00:00:00,16.00,10
5300000757,108726002,"MOTO BDS STARK 250CC, GRIS",2026-02-03 00:00:00,2026-02-24 00:00:00,21.00,6
5300000757,109040001,"MOTO BDS CASTORO 180CC, AZUL",2026-02-03 00:00:00,2026-02-24 00:00:00,21.00,15
5300000757,109233001,"MOTO BDS MAGMA 150CC, ROJO",2026-02-03 00:00:00,2026-02-24 00:00:00,21.00,5
5300000757,109233003,"MOTO BDS MAGMA 150CC, AZUL",2026-02-03 00:00:00,2026-02-24 00:00:00,21.00,5
5300000757,109233004,"MOTO BDS MAGMA 150CC, GRIS",2026-02-03 00:00:00,2026-02-24 00:00:00,21.00,2
5300000757,109870001,"MOTO BDS THUNDER 190CC, NEGRO",2026-02-03 00:00:00,2026-02-24 00:00:00,21.00,11
5300000758,108813001,"MOTO BDS HAWK 200CC, NEGRO",2026-02-03 00:00:00,2026-02-19 00:00:00,16.00,12
5300000758,109040001,"MOTO BDS CASTORO 180CC, AZUL",2026-02-03 00:00:00,2026-02-19 00:00:00,16.00,11
5300000758,109638001,"MOTO BDS HAWK 250CC, AZUL",2026-02-03 00:00:00,2026-02-19 00:00:00,16.00,11
5300000758,109870001,"MOTO BDS THUNDER 190CC, NEGRO",2026-02-03 00:00:00,2026-02-19 00:00:00,16.00,10
5300000759,108726001,"MOTO BDS STARK 250CC, ROJO",2026-02-03 00:00:00,2026-02-23 00:00:00,20.00,11
5300000759,108813001,"MOTO BDS HAWK 200CC, NEGRO",2026-02-03 00:00:00,2026-02-23 00:00:00,20.00,11
5300000759,109031001,"MOTO BDS HAWK GT 250CC, AZUL",2026-02-03 00:00:00,2026-02-23 00:00:00,20.00,2
5300000759,109040003,"MOTO BDS CASTORO 180CC, AMARILLO",2026-02-03 00:00:00,2026-02-23 00:00:00,20.00,10
5300000759,109638001,"MOTO BDS HAWK 250CC, AZUL",2026-02-03 00:00:00,2026-02-23 00:00:00,20.00,10
5300000760,108813001,"MOTO BDS HAWK 200CC, NEGRO",2026-02-03 00:00:00,2026-02-25 00:00:00,22.00,11
5300000760,109040001,"MOTO BDS CASTORO 180CC, AZUL",2026-02-03 00:00:00,2026-02-25 00:00:00,22.00,10
5300000760,109040003,"MOTO BDS CASTORO 180CC, AMARILLO",2026-02-03 00:00:00,2026-02-25 00:00:00,22.00,15
5300000760,109233004,"MOTO BDS MAGMA 150CC, GRIS",2026-02-03 00:00:00,2026-02-25 00:00:00,22.00,8
5300000761,108813001,"MOTO BDS HAWK 200CC, NEGRO",2026-02-03 00:00:00,2026-02-26 00:00:00,23.00,10
5300000761,109040001,"MOTO BDS CASTORO 180CC, AZUL",2026-02-03 00:00:00,2026-02-26 00:00:00,23.00,8
5300000761,109040003,"MOTO BDS CASTORO 180CC, AMARILLO",2026-02-03 00:00:00,2026-02-26 00:00:00,23.00,5
5300000761,109233002,"MOTO BDS MAGMA 150CC, NEGRO",2026-02-03 00:00:00,2026-02-26 00:00:00,23.00,5
5300000761,109638001,"MOTO BDS HAWK 250CC, AZUL",2026-02-03 00:00:00,2026-02-26 00:00:00,23.00,2
5300000761,109783001,"MOTO BDS RHINO 200CC, AZUL",2026-02-03 00:00:00,2026-02-26 00:00:00,23.00,2
5300000761,109870001,"MOTO BDS THUNDER 190CC, NEGRO",2026-02-03 00:00:00,2026-02-26 00:00:00,23.00,12
5300000762,108675001,"MOTO CARABELA DIRT 3 250CC, ROJO",2026-02-03 00:00:00,2026-02-06 00:00:00,3.00,6
5300000762,108812001,"MOTO CARABELA ROUTE R SONORA 20, NARANJA",2026-02-03 00:00:00,2026-02-06 00:00:00,3.00,5
5300000762,109591001,"MOTO CARABELA DAKOTA ADV 320CC, AMARILLO",2026-02-03 00:00:00,2026-02-06 00:00:00,3.00,4
5300000762,109764001,"MOTO CARABELA INDY 250CC, NEGRO",2026-02-03 00:00:00,2026-02-06 00:00:00,3.00,20
5300000763,108663001,"MOTO CARABELA BAT 150CC, BLANCO",2026-02-03 00:00:00,2026-02-19 00:00:00,16.00,3
5300000763,108668001,"MOTO CARABELA HUNTER 110CC, BLANCO",2026-02-03 00:00:00,2026-02-19 00:00:00,16.00,3
5300000763,108669001,"MOTO CARABELA HUNTER 125CC, ROJO",2026-02-03 00:00:00,2026-02-19 00:00:00,16.00,5
5300000763,108675001,"MOTO CARABELA DIRT 3 250CC, ROJO",2026-02-03 00:00:00,2026-02-19 00:00:00,16.00,8
5300000763,108808001,"MOTO CARABELA R250Z, ROJO",2026-02-03 00:00:00,2026-02-19 00:00:00,16.00,3
5300000763,108812001,"MOTO CARABELA ROUTE R SONORA 20, NARANJA",2026-02-03 00:00:00,2026-02-19 00:00:00,16.00,6
5300000763,109591001,"MOTO CARABELA DAKOTA ADV 320CC, AMARILLO",2026-02-03 00:00:00,2026-02-19 00:00:00,16.00,2
5300000763,109764001,"MOTO CARABELA INDY 250CC, NEGRO",2026-02-03 00:00:00,2026-02-19 00:00:00,16.00,15
5300000764,108663001,"MOTO CARABELA BAT 150CC, BLANCO",2026-02-03 00:00:00,2026-02-14 00:00:00,11.00,4
5300000764,108668001,"MOTO CARABELA HUNTER 110CC, BLANCO",2026-02-03 00:00:00,2026-02-14 00:00:00,11.00,2
5300000764,108669001,"MOTO CARABELA HUNTER 125CC, ROJO",2026-02-03 00:00:00,2026-02-14 00:00:00,11.00,3
5300000764,108675001,"MOTO CARABELA DIRT 3 250CC, ROJO",2026-02-03 00:00:00,2026-02-14 00:00:00,11.00,10
5300000764,108808001,"MOTO CARABELA R250Z, ROJO",2026-02-03 00:00:00,2026-02-14 00:00:00,11.00,3
5300000764,108812001,"MOTO CARABELA ROUTE R SONORA 20, NARANJA",2026-02-03 00:00:00,2026-02-14 00:00:00,11.00,4
5300000764,109591001,"MOTO CARABELA DAKOTA ADV 320CC, AMARILLO",2026-02-03 00:00:00,2026-02-14 00:00:00,11.00,1
5300000764,109764001,"MOTO CARABELA INDY 250CC, NEGRO",2026-02-03 00:00:00,2026-02-14 00:00:00,11.00,18
5300000765,108638001,"MOTO VELOCI RAZZER GTR 220CC, ROJO",2026-02-03 00:00:00,2026-02-09 00:00:00,6.00,6
5300000765,108639001,"MOTO VELOCI REVENGE DYNAMIK  220CC, GRIS",2026-02-03 00:00:00,2026-02-09 00:00:00,6.00,10
5300000765,109585001,"MOTO VELOCI SNAKE GT TRAIL 250CC, GRIS",2026-02-03 00:00:00,2026-02-09 00:00:00,6.00,11
5300000765,109587001,"MOTO VELOCI RAZZER HYPER SPORT 330, ROJO",2026-02-03 00:00:00,2026-02-09 00:00:00,6.00,11
5300000765,109588001,"MOTO VELOCI XEVERUS EVO PRO 330CC, ROJO",2026-02-03 00:00:00,2026-02-09 00:00:00,6.00,5
5300000765,109588002,"MOTO VELOCI XEVERUS EVO PRO 330CC, GRIS",2026-02-03 00:00:00,2026-02-09 00:00:00,6.00,3
5300000766,108635002,"MOTO VELOCI DYNAMIK PRO 200CC, NEGRO",2026-02-03 00:00:00,2026-02-11 00:00:00,8.00,21
5300000766,108638001,"MOTO VELOCI RAZZER GTR 220CC, ROJO",2026-02-03 00:00:00,2026-02-11 00:00:00,8.00,12
5300000766,109583001,"MOTO VELOCI DEUS EVO SPORT 150CC, GRIS",2026-02-03 00:00:00,2026-02-11 00:00:00,8.00,10
5300000766,109584001,"MOTO VELOCI RUBAK EVO TRAIL 220CC, VERDE",2026-02-03 00:00:00,2026-02-11 00:00:00,8.00,5
5300000766,109588002,"MOTO VELOCI XEVERUS EVO PRO 330CC, GRIS",2026-02-03 00:00:00,2026-02-11 00:00:00,8.00,8
5300000767,108635002,"MOTO VELOCI DYNAMIK PRO 200CC, NEGRO",2026-02-04 00:00:00,2026-02-11 00:00:00,7.00,10
5300000767,108639001,"MOTO VELOCI REVENGE DYNAMIK  220CC, GRIS",2026-02-04 00:00:00,2026-02-11 00:00:00,7.00,11
5300000767,109585001,"MOTO VELOCI SNAKE GT TRAIL 250CC, GRIS",2026-02-04 00:00:00,2026-02-11 00:00:00,7.00,7
5300000767,109587001,"MOTO VELOCI RAZZER HYPER SPORT 330, ROJO",2026-02-04 00:00:00,2026-02-11 00:00:00,7.00,11
5300000767,109588001,"MOTO VELOCI XEVERUS EVO PRO 330CC, ROJO",2026-02-04 00:00:00,2026-02-11 00:00:00,7.00,10
5300000768,108638001,"MOTO VELOCI RAZZER GTR 220CC, ROJO",2026-02-04 00:00:00,2026-02-18 00:00:00,14.00,11
5300000768,108639001,"MOTO VELOCI REVENGE DYNAMIK  220CC, GRIS",2026-02-04 00:00:00,2026-02-18 00:00:00,14.00,11
5300000768,109583001,"MOTO VELOCI DEUS EVO SPORT 150CC, GRIS",2026-02-04 00:00:00,2026-02-18 00:00:00,14.00,5
5300000768,109584001,"MOTO VELOCI RUBAK EVO TRAIL 220CC, VERDE",2026-02-04 00:00:00,2026-02-18 00:00:00,14.00,10
5300000768,109587001,"MOTO VELOCI RAZZER HYPER SPORT 330, ROJO",2026-02-04 00:00:00,2026-02-18 00:00:00,14.00,6
5300000768,109588002,"MOTO VELOCI XEVERUS EVO PRO 330CC, GRIS",2026-02-04 00:00:00,2026-02-18 00:00:00,14.00,7
5300000769,108635002,"MOTO VELOCI DYNAMIK PRO 200CC, NEGRO",2026-02-04 00:00:00,2026-02-17 00:00:00,13.00,12
5300000769,108638001,"MOTO VELOCI RAZZER GTR 220CC, ROJO",2026-02-04 00:00:00,2026-02-17 00:00:00,13.00,12
5300000769,108639001,"MOTO VELOCI REVENGE DYNAMIK  220CC, GRIS",2026-02-04 00:00:00,2026-02-17 00:00:00,13.00,12
5300000769,109585001,"MOTO VELOCI SNAKE GT TRAIL 250CC, GRIS",2026-02-04 00:00:00,2026-02-17 00:00:00,13.00,7
5300000769,109587001,"MOTO VELOCI RAZZER HYPER SPORT 330, ROJO",2026-02-04 00:00:00,2026-02-17 00:00:00,13.00,7
5300000770,108663001,"MOTO CARABELA BAT 150CC, BLANCO",2026-02-04 00:00:00,2026-02-18 00:00:00,14.00,8
5300000770,108668001,"MOTO CARABELA HUNTER 110CC, BLANCO",2026-02-04 00:00:00,2026-02-18 00:00:00,14.00,10
5300000770,108669001,"MOTO CARABELA HUNTER 125CC, ROJO",2026-02-04 00:00:00,2026-02-18 00:00:00,14.00,2
5300000770,108674001,"MOTO ISLO MUTANT 250CC, ROJO",2026-02-04 00:00:00,2026-02-18 00:00:00,14.00,2
5300000770,108675001,"MOTO CARABELA DIRT 3 250CC, ROJO",2026-02-04 00:00:00,2026-02-18 00:00:00,14.00,7
5300000770,108808001,"MOTO CARABELA R250Z, ROJO",2026-02-04 00:00:00,2026-02-18 00:00:00,14.00,3
5300000770,108812001,"MOTO CARABELA ROUTE R SONORA 20, NARANJA",2026-02-04 00:00:00,2026-02-18 00:00:00,14.00,10
5300000770,109764001,"MOTO CARABELA INDY 250CC, NEGRO",2026-02-04 00:00:00,2026-02-18 00:00:00,14.00,3
5300000771,108663001,"MOTO CARABELA BAT 150CC, BLANCO",2026-02-04 00:00:00,2026-02-20 00:00:00,16.00,6
5300000771,108668001,"MOTO CARABELA HUNTER 110CC, BLANCO",2026-02-04 00:00:00,2026-02-20 00:00:00,16.00,8
5300000771,108669001,"MOTO CARABELA HUNTER 125CC, ROJO",2026-02-04 00:00:00,2026-02-20 00:00:00,16.00,4
5300000771,108674001,"MOTO ISLO MUTANT 250CC, ROJO",2026-02-04 00:00:00,2026-02-20 00:00:00,16.00,11
5300000771,108675001,"MOTO CARABELA DIRT 3 250CC, ROJO",2026-02-04 00:00:00,2026-02-20 00:00:00,16.00,3
5300000771,108808001,"MOTO CARABELA R250Z, ROJO",2026-02-04 00:00:00,2026-02-20 00:00:00,16.00,3
5300000771,108812001,"MOTO CARABELA ROUTE R SONORA 20, NARANJA",2026-02-04 00:00:00,2026-02-20 00:00:00,16.00,10
5300000772,108721001,"MOTO BDS SAETA 150CC, AZUL",2026-02-04 00:00:00,2026-02-11 00:00:00,7.00,5
5300000772,108726001,"MOTO BDS STARK 250CC, ROJO",2026-02-04 00:00:00,2026-02-11 00:00:00,7.00,3
5300000772,108726002,"MOTO BDS STARK 250CC, GRIS",2026-02-04 00:00:00,2026-02-11 00:00:00,7.00,2
5300000772,108813001,"MOTO BDS HAWK 200CC, NEGRO",2026-02-04 00:00:00,2026-02-11 00:00:00,7.00,4
5300000772,109040001,"MOTO BDS CASTORO 180CC, AZUL",2026-02-04 00:00:00,2026-02-11 00:00:00,7.00,2
5300000772,109870001,"MOTO BDS THUNDER 190CC, NEGRO",2026-02-04 00:00:00,2026-02-11 00:00:00,7.00,6
5300000773,108726002,"MOTO BDS STARK 250CC, GRIS",2026-02-04 00:00:00,2026-02-11 00:00:00,7.00,4
5300000773,109040001,"MOTO BDS CASTORO 180CC, AZUL",2026-02-04 00:00:00,2026-02-11 00:00:00,7.00,4
5300000773,109040003,"MOTO BDS CASTORO 180CC, AMARILLO",2026-02-04 00:00:00,2026-02-11 00:00:00,7.00,3
5300000773,109569002,"MOTO BDS SB 180CC, NEGRO",2026-02-04 00:00:00,2026-02-11 00:00:00,7.00,4
5300000773,109870001,"MOTO BDS THUNDER 190CC, NEGRO",2026-02-04 00:00:00,2026-02-11 00:00:00,7.00,7
5300000774,108721001,"MOTO BDS SAETA 150CC, AZUL",2026-02-04 00:00:00,2026-02-25 00:00:00,21.00,6
5300000774,108726002,"MOTO BDS STARK 250CC, GRIS",2026-02-04 00:00:00,2026-02-25 00:00:00,21.00,1
5300000774,108813001,"MOTO BDS HAWK 200CC, NEGRO",2026-02-04 00:00:00,2026-02-25 00:00:00,21.00,21
5300000774,109040001,"MOTO BDS CASTORO 180CC, AZUL",2026-02-04 00:00:00,2026-02-25 00:00:00,21.00,16
5300000775,108720001,"MOTO BDS SB 150CC, BLANCO",2026-02-04 00:00:00,2026-02-18 00:00:00,14.00,3
5300000775,108726002,"MOTO BDS STARK 250CC, GRIS",2026-02-04 00:00:00,2026-02-18 00:00:00,14.00,1
5300000775,109040003,"MOTO BDS CASTORO 180CC, AMARILLO",2026-02-04 00:00:00,2026-02-18 00:00:00,14.00,9
5300000775,109233001,"MOTO BDS MAGMA 150CC, ROJO",2026-02-04 00:00:00,2026-02-18 00:00:00,14.00,5
5300000775,109233002,"MOTO BDS MAGMA 150CC, NEGRO",2026-02-04 00:00:00,2026-02-18 00:00:00,14.00,5
5300000775,109234002,"MOTO BDS STARK 300CC, AZUL",2026-02-04 00:00:00,2026-02-18 00:00:00,14.00,6
5300000775,109870001,"MOTO BDS THUNDER 190CC, NEGRO",2026-02-04 00:00:00,2026-02-18 00:00:00,14.00,15
5300000776,108634001,"MOTO VELOCI BOXTER RT3 200CC, NEGRO",2026-02-04 00:00:00,2026-02-17 00:00:00,13.00,8
5300000776,108637001,"MOTO VELOCI SYRIUS RS SPORT 20, AMARILLO",2026-02-04 00:00:00,2026-02-17 00:00:00,13.00,5
5300000776,108639001,"MOTO VELOCI REVENGE DYNAMIK  220CC, GRIS",2026-02-04 00:00:00,2026-02-17 00:00:00,13.00,5
5300000776,109585001,"MOTO VELOCI SNAKE GT TRAIL 250CC, GRIS",2026-02-04 00:00:00,2026-02-17 00:00:00,13.00,2
5300000776,109587001,"MOTO VELOCI RAZZER HYPER SPORT 330, ROJO",2026-02-04 00:00:00,2026-02-17 00:00:00,13.00,5
5300000777,108634001,"MOTO VELOCI BOXTER RT3 200CC, NEGRO",2026-02-04 00:00:00,2026-02-24 00:00:00,20.00,13
5300000777,108635001,"MOTO VELOCI DYNAMIK PRO 200CC, GRIS",2026-02-04 00:00:00,2026-02-24 00:00:00,20.00,5
5300000777,108639001,"MOTO VELOCI REVENGE DYNAMIK  220CC, GRIS",2026-02-04 00:00:00,2026-02-24 00:00:00,20.00,15
5300000777,108957002,"MOTOCARRO VELOCI COVALT 300CC, BLANCO",2026-02-04 00:00:00,2026-02-24 00:00:00,20.00,1
5300000777,109586001,"MOTO VELOCI BREAKSTORM SPORT 330CC, GRIS",2026-02-04 00:00:00,2026-02-24 00:00:00,20.00,9
5300000778,108726001,"MOTO BDS STARK 250CC, ROJO",2026-02-04 00:00:00,2026-02-14 00:00:00,10.00,13
5300000778,108726002,"MOTO BDS STARK 250CC, GRIS",2026-02-04 00:00:00,2026-02-14 00:00:00,10.00,2
5300000778,108813001,"MOTO BDS HAWK 200CC, NEGRO",2026-02-04 00:00:00,2026-02-14 00:00:00,10.00,20
5300000778,109233001,"MOTO BDS MAGMA 150CC, ROJO",2026-02-04 00:00:00,2026-02-14 00:00:00,10.00,4
5300000778,109234002,"MOTO BDS STARK 300CC, AZUL",2026-02-04 00:00:00,2026-02-14 00:00:00,10.00,5
5300000779,108634001,"MOTO VELOCI BOXTER RT3 200CC, NEGRO",2026-02-04 00:00:00,2026-02-16 00:00:00,12.00,20
5300000779,108637001,"MOTO VELOCI SYRIUS RS SPORT 20, AMARILLO",2026-02-04 00:00:00,2026-02-16 00:00:00,12.00,8
5300000779,108638001,"MOTO VELOCI RAZZER GTR 220CC, ROJO",2026-02-04 00:00:00,2026-02-16 00:00:00,12.00,10
5300000779,109586001,"MOTO VELOCI BREAKSTORM SPORT 330CC, GRIS",2026-02-04 00:00:00,2026-02-16 00:00:00,12.00,8
5300000779,109587001,"MOTO VELOCI RAZZER HYPER SPORT 330, ROJO",2026-02-04 00:00:00,2026-02-16 00:00:00,12.00,8
5300000780,108721001,"MOTO BDS SAETA 150CC, AZUL",2026-02-04 00:00:00,2026-02-20 00:00:00,16.00,3
5300000780,109040001,"MOTO BDS CASTORO 180CC, AZUL",2026-02-04 00:00:00,2026-02-20 00:00:00,16.00,11
5300000780,109040003,"MOTO BDS CASTORO 180CC, AMARILLO",2026-02-04 00:00:00,2026-02-20 00:00:00,16.00,4
5300000780,109234002,"MOTO BDS STARK 300CC, AZUL",2026-02-04 00:00:00,2026-02-20 00:00:00,16.00,6
5300000780,109870001,"MOTO BDS THUNDER 190CC, NEGRO",2026-02-04 00:00:00,2026-02-20 00:00:00,16.00,20
5300000781,108813001,"MOTO BDS HAWK 200CC, NEGRO",2026-02-04 00:00:00,2026-02-15 00:00:00,11.00,10
5300000781,109040003,"MOTO BDS CASTORO 180CC, AMARILLO",2026-02-04 00:00:00,2026-02-15 00:00:00,11.00,5
5300000781,109233003,"MOTO BDS MAGMA 150CC, AZUL",2026-02-04 00:00:00,2026-02-15 00:00:00,11.00,5
5300000781,109234002,"MOTO BDS STARK 300CC, AZUL",2026-02-04 00:00:00,2026-02-15 00:00:00,11.00,5
5300000781,109638001,"MOTO BDS HAWK 250CC, AZUL",2026-02-04 00:00:00,2026-02-15 00:00:00,11.00,6
5300000781,109783001,"MOTO BDS RHINO 200CC, AZUL",2026-02-04 00:00:00,2026-02-15 00:00:00,11.00,2
5300000781,109870001,"MOTO BDS THUNDER 190CC, NEGRO",2026-02-04 00:00:00,2026-02-15 00:00:00,11.00,10
5300000782,108726001,"MOTO BDS STARK 250CC, ROJO",2026-02-04 00:00:00,2026-02-12 00:00:00,8.00,5
5300000782,108726002,"MOTO BDS STARK 250CC, GRIS",2026-02-04 00:00:00,2026-02-12 00:00:00,8.00,4
5300000782,108813001,"MOTO BDS HAWK 200CC, NEGRO",2026-02-04 00:00:00,2026-02-12 00:00:00,8.00,5
5300000782,109031001,"MOTO BDS HAWK GT 250CC, AZUL",2026-02-04 00:00:00,2026-02-12 00:00:00,8.00,1
5300000782,109040001,"MOTO BDS CASTORO 180CC, AZUL",2026-02-04 00:00:00,2026-02-12 00:00:00,8.00,5
5300000782,109040003,"MOTO BDS CASTORO 180CC, AMARILLO",2026-02-04 00:00:00,2026-02-12 00:00:00,8.00,4
5300000782,109233002,"MOTO BDS MAGMA 150CC, NEGRO",2026-02-04 00:00:00,2026-02-12 00:00:00,8.00,2
5300000782,109234002,"MOTO BDS STARK 300CC, AZUL",2026-02-04 00:00:00,2026-02-12 00:00:00,8.00,3
5300000782,109569001,"MOTO BDS SB 180CC, BLANCO",2026-02-04 00:00:00,2026-02-12 00:00:00,8.00,5
5300000782,109638001,"MOTO BDS HAWK 250CC, AZUL",2026-02-04 00:00:00,2026-02-12 00:00:00,8.00,3
5300000782,109783001,"MOTO BDS RHINO 200CC, AZUL",2026-02-04 00:00:00,2026-02-12 00:00:00,8.00,1
5300000782,109870001,"MOTO BDS THUNDER 190CC, NEGRO",2026-02-04 00:00:00,2026-02-12 00:00:00,8.00,5
5300000783,108721001,"MOTO BDS SAETA 150CC, AZUL",2026-02-04 00:00:00,2026-02-18 00:00:00,14.00,5
5300000783,108726001,"MOTO BDS STARK 250CC, ROJO",2026-02-04 00:00:00,2026-02-18 00:00:00,14.00,6
5300000783,108813001,"MOTO BDS HAWK 200CC, NEGRO",2026-02-04 00:00:00,2026-02-18 00:00:00,14.00,5
5300000783,109031001,"MOTO BDS HAWK GT 250CC, AZUL",2026-02-04 00:00:00,2026-02-18 00:00:00,14.00,1
5300000783,109040001,"MOTO BDS CASTORO 180CC, AZUL",2026-02-04 00:00:00,2026-02-18 00:00:00,14.00,5
5300000783,109040003,"MOTO BDS CASTORO 180CC, AMARILLO",2026-02-04 00:00:00,2026-02-18 00:00:00,14.00,4
5300000783,109234001,"MOTO BDS STARK 300CC, ROJO",2026-02-04 00:00:00,2026-02-18 00:00:00,14.00,2
5300000783,109569001,"MOTO BDS SB 180CC, BLANCO",2026-02-04 00:00:00,2026-02-18 00:00:00,14.00,5
5300000783,109638001,"MOTO BDS HAWK 250CC, AZUL",2026-02-04 00:00:00,2026-02-18 00:00:00,14.00,5
5300000783,109870001,"MOTO BDS THUNDER 190CC, NEGRO",2026-02-04 00:00:00,2026-02-18 00:00:00,14.00,6
5300000784,108721001,"MOTO BDS SAETA 150CC, AZUL",2026-02-04 00:00:00,2026-02-25 00:00:00,21.00,4
5300000784,108813001,"MOTO BDS HAWK 200CC, NEGRO",2026-02-04 00:00:00,2026-02-25 00:00:00,21.00,7
5300000784,109031001,"MOTO BDS HAWK GT 250CC, AZUL",2026-02-04 00:00:00,2026-02-25 00:00:00,21.00,1
5300000784,109040001,"MOTO BDS CASTORO 180CC, AZUL",2026-02-04 00:00:00,2026-02-25 00:00:00,21.00,5
5300000784,109040003,"MOTO BDS CASTORO 180CC, AMARILLO",2026-02-04 00:00:00,2026-02-25 00:00:00,21.00,6
5300000784,109234002,"MOTO BDS STARK 300CC, AZUL",2026-02-04 00:00:00,2026-02-25 00:00:00,21.00,5
5300000784,109569001,"MOTO BDS SB 180CC, BLANCO",2026-02-04 00:00:00,2026-02-25 00:00:00,21.00,5
5300000784,109638001,"MOTO BDS HAWK 250CC, AZUL",2026-02-04 00:00:00,2026-02-25 00:00:00,21.00,2
5300000784,109870001,"MOTO BDS THUNDER 190CC, NEGRO",2026-02-04 00:00:00,2026-02-25 00:00:00,21.00,9
5300000785,108726002,"MOTO BDS STARK 250CC, GRIS",2026-02-04 00:00:00,2026-02-23 00:00:00,19.00,8
5300000785,108813001,"MOTO BDS HAWK 200CC, NEGRO",2026-02-04 00:00:00,2026-02-23 00:00:00,19.00,13
5300000785,109040001,"MOTO BDS CASTORO 180CC, AZUL",2026-02-04 00:00:00,2026-02-23 00:00:00,19.00,11
5300000785,109234002,"MOTO BDS STARK 300CC, AZUL",2026-02-04 00:00:00,2026-02-23 00:00:00,19.00,2
5300000785,109870001,"MOTO BDS THUNDER 190CC, NEGRO",2026-02-04 00:00:00,2026-02-23 00:00:00,19.00,11
5300000786,108813001,"MOTO BDS HAWK 200CC, NEGRO",2026-02-04 00:00:00,2026-02-16 00:00:00,12.00,8
5300000786,109040001,"MOTO BDS CASTORO 180CC, AZUL",2026-02-04 00:00:00,2026-02-16 00:00:00,12.00,24
5300000786,109040003,"MOTO BDS CASTORO 180CC, AMARILLO",2026-02-04 00:00:00,2026-02-16 00:00:00,12.00,2
5300000786,109783001,"MOTO BDS RHINO 200CC, AZUL",2026-02-04 00:00:00,2026-02-16 00:00:00,12.00,1
5300000786,109870001,"MOTO BDS THUNDER 190CC, NEGRO",2026-02-04 00:00:00,2026-02-16 00:00:00,12.00,9
5300000787,108635002,"MOTO VELOCI DYNAMIK PRO 200CC, NEGRO",2026-02-06 00:00:00,2026-02-16 00:00:00,10.00,3
5300000787,108638001,"MOTO VELOCI RAZZER GTR 220CC, ROJO",2026-02-06 00:00:00,2026-02-16 00:00:00,10.00,4
5300000787,108957002,"MOTOCARRO VELOCI COVALT 300CC, BLANCO",2026-02-06 00:00:00,2026-02-16 00:00:00,10.00,1
5300000787,109585001,"MOTO VELOCI SNAKE GT TRAIL 250CC, GRIS",2026-02-06 00:00:00,2026-02-16 00:00:00,10.00,8
5300000787,109586001,"MOTO VELOCI BREAKSTORM SPORT 330CC, GRIS",2026-02-06 00:00:00,2026-02-16 00:00:00,10.00,8
5300000787,109587001,"MOTO VELOCI RAZZER HYPER SPORT 330, ROJO",2026-02-06 00:00:00,2026-02-16 00:00:00,10.00,8
5300000787,109588001,"MOTO VELOCI XEVERUS EVO PRO 330CC, ROJO",2026-02-06 00:00:00,2026-02-16 00:00:00,10.00,6
5300000788,108634001,"MOTO VELOCI BOXTER RT3 200CC, NEGRO",2026-02-06 00:00:00,2026-02-19 00:00:00,13.00,8
5300000788,108635001,"MOTO VELOCI DYNAMIK PRO 200CC, GRIS",2026-02-06 00:00:00,2026-02-19 00:00:00,13.00,4
5300000788,108638001,"MOTO VELOCI RAZZER GTR 220CC, ROJO",2026-02-06 00:00:00,2026-02-19 00:00:00,13.00,4
5300000788,108957002,"MOTOCARRO VELOCI COVALT 300CC, BLANCO",2026-02-06 00:00:00,2026-02-19 00:00:00,13.00,1
5300000788,109585001,"MOTO VELOCI SNAKE GT TRAIL 250CC, GRIS",2026-02-06 00:00:00,2026-02-19 00:00:00,13.00,10
5300000788,109586001,"MOTO VELOCI BREAKSTORM SPORT 330CC, GRIS",2026-02-06 00:00:00,2026-02-19 00:00:00,13.00,5
5300000788,109587001,"MOTO VELOCI RAZZER HYPER SPORT 330, ROJO",2026-02-06 00:00:00,2026-02-19 00:00:00,13.00,5
5300000788,109588001,"MOTO VELOCI XEVERUS EVO PRO 330CC, ROJO",2026-02-06 00:00:00,2026-02-19 00:00:00,13.00,4
5300000789,108663001,"MOTO CARABELA BAT 150CC, BLANCO",2026-02-10 00:00:00,2026-02-20 00:00:00,10.00,3
5300000789,108668001,"MOTO CARABELA HUNTER 110CC, BLANCO",2026-02-10 00:00:00,2026-02-20 00:00:00,10.00,4
5300000789,108669001,"MOTO CARABELA HUNTER 125CC, ROJO",2026-02-10 00:00:00,2026-02-20 00:00:00,10.00,12
5300000789,108675001,"MOTO CARABELA DIRT 3 250CC, ROJO",2026-02-10 00:00:00,2026-02-20 00:00:00,10.00,5
5300000789,108808001,"MOTO CARABELA R250Z, ROJO",2026-02-10 00:00:00,2026-02-20 00:00:00,10.00,2
5300000789,108812001,"MOTO CARABELA ROUTE R SONORA 20, NARANJA",2026-02-10 00:00:00,2026-02-20 00:00:00,10.00,2
5300000789,109571001,"MOTO CARABELA KRONOS 200CC, TITANIO",2026-02-10 00:00:00,2026-02-20 00:00:00,10.00,6
5300000789,109764001,"MOTO CARABELA INDY 250CC, NEGRO",2026-02-10 00:00:00,2026-02-20 00:00:00,10.00,10
5300000790,108663001,"MOTO CARABELA BAT 150CC, BLANCO",2026-02-10 00:00:00,2026-02-18 00:00:00,8.00,3
5300000790,108668001,"MOTO CARABELA HUNTER 110CC, BLANCO",2026-02-10 00:00:00,2026-02-18 00:00:00,8.00,3
5300000790,108669001,"MOTO CARABELA HUNTER 125CC, ROJO",2026-02-10 00:00:00,2026-02-18 00:00:00,8.00,8
5300000790,108674001,"MOTO ISLO MUTANT 250CC, ROJO",2026-02-10 00:00:00,2026-02-18 00:00:00,8.00,10
5300000790,108675001,"MOTO CARABELA DIRT 3 250CC, ROJO",2026-02-10 00:00:00,2026-02-18 00:00:00,8.00,6
5300000790,108808001,"MOTO CARABELA R250Z, ROJO",2026-02-10 00:00:00,2026-02-18 00:00:00,8.00,3
5300000790,108812001,"MOTO CARABELA ROUTE R SONORA 20, NARANJA",2026-02-10 00:00:00,2026-02-18 00:00:00,8.00,4
5300000790,109591001,"MOTO CARABELA DAKOTA ADV 320CC, AMARILLO",2026-02-10 00:00:00,2026-02-18 00:00:00,8.00,2
5300000790,109764001,"MOTO CARABELA INDY 250CC, NEGRO",2026-02-10 00:00:00,2026-02-18 00:00:00,8.00,6
5300000791,108652001,"MOTO DINAMO ADVENTURE ELITE 150CC, ROJO",2026-02-10 00:00:00,2026-02-12 00:00:00,3.67,3
5300000791,108652002,"MOTO DINAMO ADVENTURE ELITE 150C, BLANCO",2026-02-10 00:00:00,2026-02-11 00:00:00,4.20,5
5300000791,108655002,"MOTO DINAMO CUSTOM 150CC, AZUL",2026-02-10 00:00:00,2026-02-10 00:00:00,0.00,1
5300000791,108655003,"MOTO DINAMO CUSTOM 150CC, NEGRO",2026-02-10 00:00:00,2026-02-13 00:00:00,3.00,1
5300000791,108690001,"MOTO DINAMO SCORPIO 200CC, ROJO",2026-02-10 00:00:00,2026-02-16 00:00:00,6.00,1
5300000791,108690002,"MOTO DINAMO SCORPIO 200CC, BLANCO",2026-02-10 00:00:00,2026-02-12 00:00:00,4.00,2
5300000791,108690003,"MOTO DINAMO SCORPIO 200CC, NEGRO",2026-02-10 00:00:00,2026-02-11 00:00:00,2.50,4
5300000791,108691003,"MOTO DINAMO U5 150CC, GRIS",2026-02-10 00:00:00,2026-02-12 00:00:00,4.00,2
5300000791,109118001,"MOTO DINAMO U2 150CC, ROJO",2026-02-10 00:00:00,2026-02-12 00:00:00,2.00,1
5300000791,109118002,"MOTO DINAMO U2 150CC, AZUL",2026-02-10 00:00:00,2026-02-10 00:00:00,1.00,2
5300000791,109118003,"MOTO DINAMO U2 150CC, PLATA",2026-02-10 00:00:00,2026-02-10 00:00:00,1.00,2
5300000791,109137001,"MOTO DINAMO ALIEN-R 175 CC, ROJO",2026-02-10 00:00:00,2026-02-16 00:00:00,6.00,1
5300000791,109137002,"MOTO DINAMO ALIEN-R 175 CC, BLANCO",2026-02-10 00:00:00,2026-02-16 00:00:00,6.00,1
5300000791,109137003,"MOTO DINAMO ALIEN-R 175 CC, GRIS",2026-02-10 00:00:00,2026-02-16 00:00:00,6.00,2
5300000791,109137004,"MOTO DINAMO ALIEN-R 175 CC, VERDE",2026-02-10 00:00:00,2026-02-11 00:00:00,3.50,2
4500580806,109233004,"MOTO BDS MAGMA 150CC, GRIS",2026-02-12 00:00:00,2026-02-24 00:00:00,12.00,-1
5300000792,108726001,"MOTO BDS STARK 250CC, ROJO",2026-02-13 00:00:00,2026-02-28 00:00:00,15.00,1
5300000792,109040001,"MOTO BDS CASTORO 180CC, AZUL",2026-02-13 00:00:00,2026-02-28 00:00:00,15.00,5
5300000792,109233004,"MOTO BDS MAGMA 150CC, GRIS",2026-02-13 00:00:00,2026-02-28 00:00:00,15.00,16
5300000792,109234002,"MOTO BDS STARK 300CC, AZUL",2026-02-13 00:00:00,2026-02-28 00:00:00,15.00,2
5300000792,109569001,"MOTO BDS SB 180CC, BLANCO",2026-02-13 00:00:00,2026-02-28 00:00:00,15.00,6
5300000792,109638001,"MOTO BDS HAWK 250CC, AZUL",2026-02-13 00:00:00,2026-02-28 00:00:00,15.00,11
5300000792,109783001,"MOTO BDS RHINO 200CC, AZUL",2026-02-13 00:00:00,2026-02-28 00:00:00,15.00,1
5300000793,108664001,"MOTO ISLO RABBIT 150CC, BLANCO",2026-02-16 00:00:00,2026-02-24 00:00:00,8.00,8
5300000793,108669001,"MOTO CARABELA HUNTER 125CC, ROJO",2026-02-16 00:00:00,2026-02-24 00:00:00,8.00,10
5300000793,108675001,"MOTO CARABELA DIRT 3 250CC, ROJO",2026-02-16 00:00:00,2026-02-24 00:00:00,8.00,3
5300000793,109571001,"MOTO CARABELA KRONOS 200CC, TITANIO",2026-02-16 00:00:00,2026-02-24 00:00:00,8.00,14
5300000793,109764001,"MOTO CARABELA INDY 250CC, NEGRO",2026-02-16 00:00:00,2026-02-24 00:00:00,8.00,10
5300000794,108664001,"MOTO ISLO RABBIT 150CC, BLANCO",2026-02-16 00:00:00,2026-02-19 00:00:00,3.00,4
5300000794,108668001,"MOTO CARABELA HUNTER 110CC, BLANCO",2026-02-16 00:00:00,2026-02-19 00:00:00,3.00,3
5300000794,108669001,"MOTO CARABELA HUNTER 125CC, ROJO",2026-02-16 00:00:00,2026-02-18 00:00:00,2.00,13
5300000794,108675001,"MOTO CARABELA DIRT 3 250CC, ROJO",2026-02-16 00:00:00,2026-02-19 00:00:00,3.00,5
5300000794,109571001,"MOTO CARABELA KRONOS 200CC, TITANIO",2026-02-16 00:00:00,2026-02-19 00:00:00,3.00,14
5300000794,109764001,"MOTO CARABELA INDY 250CC, NEGRO",2026-02-16 00:00:00,2026-02-19 00:00:00,3.00,6
5300000795,108664001,"MOTO ISLO RABBIT 150CC, BLANCO",2026-02-16 00:00:00,2026-02-18 00:00:00,2.00,5
5300000795,108668001,"MOTO CARABELA HUNTER 110CC, BLANCO",2026-02-16 00:00:00,2026-02-18 00:00:00,2.00,15
5300000795,108669001,"MOTO CARABELA HUNTER 125CC, ROJO",2026-02-16 00:00:00,2026-02-18 00:00:00,2.00,6
5300000795,108675001,"MOTO CARABELA DIRT 3 250CC, ROJO",2026-02-16 00:00:00,2026-02-18 00:00:00,2.00,4
5300000795,109571001,"MOTO CARABELA KRONOS 200CC, TITANIO",2026-02-16 00:00:00,2026-02-18 00:00:00,2.00,3
5300000795,109764001,"MOTO CARABELA INDY 250CC, NEGRO",2026-02-16 00:00:00,2026-02-18 00:00:00,2.00,2
5300000796,108664001,"MOTO ISLO RABBIT 150CC, BLANCO",2026-02-16 00:00:00,2026-02-17 00:00:00,1.00,6
5300000796,108668001,"MOTO CARABELA HUNTER 110CC, BLANCO",2026-02-16 00:00:00,2026-02-17 00:00:00,1.00,2
5300000796,108669001,"MOTO CARABELA HUNTER 125CC, ROJO",2026-02-16 00:00:00,2026-02-17 00:00:00,1.00,12
5300000796,108675001,"MOTO CARABELA DIRT 3 250CC, ROJO",2026-02-16 00:00:00,2026-02-17 00:00:00,1.00,8
5300000796,109571001,"MOTO CARABELA KRONOS 200CC, TITANIO",2026-02-16 00:00:00,2026-02-17 00:00:00,1.00,9
5300000796,109764001,"MOTO CARABELA INDY 250CC, NEGRO",2026-02-16 00:00:00,2026-02-17 00:00:00,1.00,8
5300000797,108637001,"MOTO VELOCI SYRIUS RS SPORT 20, AMARILLO",2026-02-16 00:00:00,2026-02-25 00:00:00,9.00,3
5300000797,108638001,"MOTO VELOCI RAZZER GTR 220CC, ROJO",2026-02-16 00:00:00,2026-02-25 00:00:00,9.00,24
5300000797,108639001,"MOTO VELOCI REVENGE DYNAMIK  220CC, GRIS",2026-02-16 00:00:00,2026-02-25 00:00:00,9.00,5
5300000797,109583001,"MOTO VELOCI DEUS EVO SPORT 150CC, GRIS",2026-02-16 00:00:00,2026-02-25 00:00:00,9.00,4
5300000797,109585001,"MOTO VELOCI SNAKE GT TRAIL 250CC, GRIS",2026-02-16 00:00:00,2026-02-25 00:00:00,9.00,3
5300000797,109586001,"MOTO VELOCI BREAKSTORM SPORT 330CC, GRIS",2026-02-16 00:00:00,2026-02-25 00:00:00,9.00,4
5300000797,109587001,"MOTO VELOCI RAZZER HYPER SPORT 330, ROJO",2026-02-16 00:00:00,2026-02-25 00:00:00,9.00,6
5300000798,108634001,"MOTO VELOCI BOXTER RT3 200CC, NEGRO",2026-02-16 00:00:00,2026-02-24 00:00:00,8.00,12
5300000798,108635002,"MOTO VELOCI DYNAMIK PRO 200CC, NEGRO",2026-02-16 00:00:00,2026-02-24 00:00:00,8.00,24
5300000798,108638001,"MOTO VELOCI RAZZER GTR 220CC, ROJO",2026-02-16 00:00:00,2026-02-24 00:00:00,8.00,5
5300000798,109583001,"MOTO VELOCI DEUS EVO SPORT 150CC, GRIS",2026-02-16 00:00:00,2026-02-24 00:00:00,8.00,2
5300000798,109585001,"MOTO VELOCI SNAKE GT TRAIL 250CC, GRIS",2026-02-16 00:00:00,2026-02-24 00:00:00,8.00,6
5300000798,109586001,"MOTO VELOCI BREAKSTORM SPORT 330CC, GRIS",2026-02-16 00:00:00,2026-02-24 00:00:00,8.00,2
5300000798,109587001,"MOTO VELOCI RAZZER HYPER SPORT 330, ROJO",2026-02-16 00:00:00,2026-02-24 00:00:00,8.00,5
5300000799,108635002,"MOTO VELOCI DYNAMIK PRO 200CC, NEGRO",2026-02-16 00:00:00,2026-02-23 00:00:00,7.00,18
5300000799,108638001,"MOTO VELOCI RAZZER GTR 220CC, ROJO",2026-02-16 00:00:00,2026-02-23 00:00:00,7.00,2
5300000799,108639001,"MOTO VELOCI REVENGE DYNAMIK  220CC, GRIS",2026-02-16 00:00:00,2026-02-23 00:00:00,7.00,5
5300000799,109583001,"MOTO VELOCI DEUS EVO SPORT 150CC, GRIS",2026-02-16 00:00:00,2026-02-23 00:00:00,7.00,2
5300000799,109584001,"MOTO VELOCI RUBAK EVO TRAIL 220CC, VERDE",2026-02-16 00:00:00,2026-02-23 00:00:00,7.00,4
5300000799,109585001,"MOTO VELOCI SNAKE GT TRAIL 250CC, GRIS",2026-02-16 00:00:00,2026-02-23 00:00:00,7.00,5
5300000799,109587001,"MOTO VELOCI RAZZER HYPER SPORT 330, ROJO",2026-02-16 00:00:00,2026-02-23 00:00:00,7.00,6
5300000799,109588001,"MOTO VELOCI XEVERUS EVO PRO 330CC, ROJO",2026-02-16 00:00:00,2026-02-23 00:00:00,7.00,2
5300000799,109588002,"MOTO VELOCI XEVERUS EVO PRO 330CC, GRIS",2026-02-16 00:00:00,2026-02-23 00:00:00,7.00,4
5300000800,108634001,"MOTO VELOCI BOXTER RT3 200CC, NEGRO",2026-02-16 00:00:00,2026-03-07 00:00:00,19.00,10
5300000800,108635002,"MOTO VELOCI DYNAMIK PRO 200CC, NEGRO",2026-02-16 00:00:00,2026-03-07 00:00:00,19.00,5
5300000800,108638001,"MOTO VELOCI RAZZER GTR 220CC, ROJO",2026-02-16 00:00:00,2026-03-07 00:00:00,19.00,8
5300000800,109582001,"MOTO VELOCI ATRIO  EVO SPORT 200CC, ROJO",2026-02-16 00:00:00,2026-03-07 00:00:00,19.00,5
5300000800,109585001,"MOTO VELOCI SNAKE GT TRAIL 250CC, GRIS",2026-02-16 00:00:00,2026-03-07 00:00:00,19.00,7
5300000800,109586001,"MOTO VELOCI BREAKSTORM SPORT 330CC, GRIS",2026-02-16 00:00:00,2026-03-07 00:00:00,19.00,4
5300000800,109587001,"MOTO VELOCI RAZZER HYPER SPORT 330, ROJO",2026-02-16 00:00:00,2026-03-07 00:00:00,19.00,5
5300000800,109588001,"MOTO VELOCI XEVERUS EVO PRO 330CC, ROJO",2026-02-16 00:00:00,2026-03-07 00:00:00,19.00,4
5300000800,109588002,"MOTO VELOCI XEVERUS EVO PRO 330CC, GRIS",2026-02-16 00:00:00,2026-03-07 00:00:00,19.00,4
5300000801,108652001,"MOTO DINAMO ADVENTURE ELITE 150CC, ROJO",2026-02-18 00:00:00,2026-02-19 00:00:00,3.50,2
5300000801,108652002,"MOTO DINAMO ADVENTURE ELITE 150C, BLANCO",2026-02-18 00:00:00,2026-02-19 00:00:00,3.00,8
5300000801,108655002,"MOTO DINAMO CUSTOM 150CC, AZUL",2026-02-18 00:00:00,2026-02-19 00:00:00,2.00,2
5300000801,108690001,"MOTO DINAMO SCORPIO 200CC, ROJO",2026-02-18 00:00:00,2026-02-20 00:00:00,4.50,4
5300000801,108690002,"MOTO DINAMO SCORPIO 200CC, BLANCO",2026-02-18 00:00:00,2026-02-19 00:00:00,1.00,1
5300000801,108690003,"MOTO DINAMO SCORPIO 200CC, NEGRO",2026-02-18 00:00:00,2026-02-20 00:00:00,4.40,5
5300000801,108691001,"MOTO DINAMO U5 150CC, ROJO",2026-02-18 00:00:00,2026-02-19 00:00:00,3.00,3
5300000801,109118001,"MOTO DINAMO U2 150CC, ROJO",2026-02-18 00:00:00,2026-02-19 00:00:00,4.25,4
5300000801,109118002,"MOTO DINAMO U2 150CC, AZUL",2026-02-18 00:00:00,2026-02-19 00:00:00,3.50,2
5300000801,109137001,"MOTO DINAMO ALIEN-R 175 CC, ROJO",2026-02-18 00:00:00,2026-02-23 00:00:00,5.00,1
5300000801,109137003,"MOTO DINAMO ALIEN-R 175 CC, GRIS",2026-02-18 00:00:00,2026-02-19 00:00:00,1.50,2
5300000801,109137004,"MOTO DINAMO ALIEN-R 175 CC, VERDE",2026-02-18 00:00:00,2026-02-21 00:00:00,4.50,2
5300000801,109523002,"MOTO DINAMO SPEED FIRE SPDF 250CC, AZUL",2026-02-18 00:00:00,2026-02-23 00:00:00,5.00,1
4500585111,108669001,"MOTO CARABELA HUNTER 125CC, ROJO",2026-02-25 00:00:00,2026-02-25 00:00:00,0.00,-1
4500585113,108637001,"MOTO VELOCI SYRIUS RS SPORT 20, AMARILLO",2026-02-25 00:00:00,2026-02-25 00:00:00,0.00,-1
5300000802,108721001,"MOTO BDS SAETA 150CC, AZUL",2026-02-25 00:00:00,2026-03-05 00:00:00,8.00,5
5300000802,108726001,"MOTO BDS STARK 250CC, ROJO",2026-02-25 00:00:00,2026-03-05 00:00:00,8.00,3
5300000802,108813001,"MOTO BDS HAWK 200CC, NEGRO",2026-02-25 00:00:00,2026-03-05 00:00:00,8.00,6
5300000802,109234002,"MOTO BDS STARK 300CC, AZUL",2026-02-25 00:00:00,2026-03-05 00:00:00,8.00,4
5300000802,109569001,"MOTO BDS SB 180CC, BLANCO",2026-02-25 00:00:00,2026-03-05 00:00:00,8.00,4
5300000802,109569002,"MOTO BDS SB 180CC, NEGRO",2026-02-25 00:00:00,2026-03-05 00:00:00,8.00,2
5300000802,109783001,"MOTO BDS RHINO 200CC, AZUL",2026-02-25 00:00:00,2026-03-05 00:00:00,8.00,6
5300000802,109870001,"MOTO BDS THUNDER 190CC, NEGRO",2026-02-25 00:00:00,2026-03-05 00:00:00,8.00,8
5300000803,108721001,"MOTO BDS SAETA 150CC, AZUL",2026-02-25 00:00:00,2026-03-07 00:00:00,10.00,5
5300000803,108813001,"MOTO BDS HAWK 200CC, NEGRO",2026-02-25 00:00:00,2026-03-07 00:00:00,10.00,10
5300000803,109233001,"MOTO BDS MAGMA 150CC, ROJO",2026-02-25 00:00:00,2026-03-07 00:00:00,10.00,2
5300000803,109870001,"MOTO BDS THUNDER 190CC, NEGRO",2026-02-25 00:00:00,2026-03-07 00:00:00,10.00,8
5300000804,109040001,"MOTO BDS CASTORO 180CC, AZUL",2026-02-25 00:00:00,2026-03-10 00:00:00,13.00,15
5300000804,109040003,"MOTO BDS CASTORO 180CC, AMARILLO",2026-02-25 00:00:00,2026-03-10 00:00:00,13.00,14
5300000804,109783001,"MOTO BDS RHINO 200CC, AZUL",2026-02-25 00:00:00,2026-03-10 00:00:00,13.00,1
5300000804,109870001,"MOTO BDS THUNDER 190CC, NEGRO",2026-02-25 00:00:00,2026-03-10 00:00:00,13.00,14
5300000805,108813001,"MOTO BDS HAWK 200CC, NEGRO",2026-02-25 00:00:00,2026-03-10 00:00:00,13.00,29
5300000805,109234002,"MOTO BDS STARK 300CC, AZUL",2026-02-25 00:00:00,2026-03-10 00:00:00,13.00,1
5300000805,109638001,"MOTO BDS HAWK 250CC, AZUL",2026-02-25 00:00:00,2026-03-10 00:00:00,13.00,13
5300000806,109233003,"MOTO BDS MAGMA 150CC, AZUL",2026-02-25 00:00:00,2026-03-24 00:00:00,27.00,9
5300000806,109233004,"MOTO BDS MAGMA 150CC, GRIS",2026-02-25 00:00:00,2026-03-24 00:00:00,27.00,8
5300000806,109569001,"MOTO BDS SB 180CC, BLANCO",2026-02-25 00:00:00,2026-03-24 00:00:00,27.00,13
5300000806,109870001,"MOTO BDS THUNDER 190CC, NEGRO",2026-02-25 00:00:00,2026-03-24 00:00:00,27.00,15
5300000807,109040001,"MOTO BDS CASTORO 180CC, AZUL",2026-02-25 00:00:00,2026-03-19 00:00:00,22.00,32
5300000807,109040003,"MOTO BDS CASTORO 180CC, AMARILLO",2026-02-25 00:00:00,2026-03-19 00:00:00,22.00,6
5300000807,109783001,"MOTO BDS RHINO 200CC, AZUL",2026-02-25 00:00:00,2026-03-19 00:00:00,22.00,1
5300000807,109870001,"MOTO BDS THUNDER 190CC, NEGRO",2026-02-25 00:00:00,2026-03-19 00:00:00,22.00,5
5300000808,109040001,"MOTO BDS CASTORO 180CC, AZUL",2026-02-25 00:00:00,2026-03-19 00:00:00,22.00,12
5300000808,109040003,"MOTO BDS CASTORO 180CC, AMARILLO",2026-02-25 00:00:00,2026-03-19 00:00:00,22.00,12
5300000808,109233004,"MOTO BDS MAGMA 150CC, GRIS",2026-02-25 00:00:00,2026-03-19 00:00:00,22.00,12
5300000808,109569001,"MOTO BDS SB 180CC, BLANCO",2026-02-25 00:00:00,2026-03-19 00:00:00,22.00,9
5300000809,109040001,"MOTO BDS CASTORO 180CC, AZUL",2026-02-25 00:00:00,2026-03-25 00:00:00,28.00,18
5300000809,109040003,"MOTO BDS CASTORO 180CC, AMARILLO",2026-02-25 00:00:00,2026-03-25 00:00:00,28.00,18
5300000809,109870001,"MOTO BDS THUNDER 190CC, NEGRO",2026-02-25 00:00:00,2026-03-25 00:00:00,28.00,9
5300000810,108813001,"MOTO BDS HAWK 200CC, NEGRO",2026-02-25 00:00:00,2026-03-06 00:00:00,9.00,15
5300000810,109031001,"MOTO BDS HAWK GT 250CC, AZUL",2026-02-25 00:00:00,2026-03-06 00:00:00,9.00,4
5300000810,109040001,"MOTO BDS CASTORO 180CC, AZUL",2026-02-25 00:00:00,2026-03-06 00:00:00,9.00,5
5300000810,109040003,"MOTO BDS CASTORO 180CC, AMARILLO",2026-02-25 00:00:00,2026-03-06 00:00:00,9.00,5
5300000810,109638001,"MOTO BDS HAWK 250CC, AZUL",2026-02-25 00:00:00,2026-03-06 00:00:00,9.00,11
5300000810,109783001,"MOTO BDS RHINO 200CC, AZUL",2026-02-25 00:00:00,2026-03-06 00:00:00,9.00,2
5300000811,108691001,"MOTO DINAMO U5 150CC, ROJO",2026-02-26 00:00:00,2026-02-26 00:00:00,0.00,1
5300000812,108652001,"MOTO DINAMO ADVENTURE ELITE 150CC, ROJO",2026-02-26 00:00:00,2026-03-02 00:00:00,4.00,4
5300000812,108652002,"MOTO DINAMO ADVENTURE ELITE 150C, BLANCO",2026-02-26 00:00:00,2026-02-26 00:00:00,0.67,3
5300000812,108655002,"MOTO DINAMO CUSTOM 150CC, AZUL",2026-02-26 00:00:00,2026-03-02 00:00:00,4.00,1
5300000812,108690001,"MOTO DINAMO SCORPIO 200CC, ROJO",2026-02-26 00:00:00,2026-02-26 00:00:00,0.00,3
5300000812,108690002,"MOTO DINAMO SCORPIO 200CC, BLANCO",2026-02-26 00:00:00,2026-02-27 00:00:00,2.50,2
5300000812,108690003,"MOTO DINAMO SCORPIO 200CC, NEGRO",2026-02-26 00:00:00,2026-02-26 00:00:00,1.67,3
5300000812,108691001,"MOTO DINAMO U5 150CC, ROJO",2026-02-26 00:00:00,2026-02-26 00:00:00,1.00,4
5300000812,108691002,"MOTO DINAMO U5 150CC, AZUL",2026-02-26 00:00:00,2026-02-26 00:00:00,0.00,2
5300000812,109118001,"MOTO DINAMO U2 150CC, ROJO",2026-02-26 00:00:00,2026-02-27 00:00:00,1.00,1
5300000812,109118002,"MOTO DINAMO U2 150CC, AZUL",2026-02-26 00:00:00,2026-02-26 00:00:00,1.50,4
5300000812,109118003,"MOTO DINAMO U2 150CC, PLATA",2026-02-26 00:00:00,2026-03-02 00:00:00,4.00,1
5300000812,109119003,"MOTO DINAMO METRO 125CC, PLATA",2026-02-26 00:00:00,2026-02-26 00:00:00,0.00,2
5300000812,109137001,"MOTO DINAMO ALIEN-R 175 CC, ROJO",2026-02-26 00:00:00,2026-02-26 00:00:00,0.00,1
5300000812,109137002,"MOTO DINAMO ALIEN-R 175 CC, BLANCO",2026-02-26 00:00:00,2026-03-02 00:00:00,4.00,1
5300000812,109137003,"MOTO DINAMO ALIEN-R 175 CC, GRIS",2026-02-26 00:00:00,2026-02-27 00:00:00,3.00,2
5300000812,109137004,"MOTO DINAMO ALIEN-R 175 CC, VERDE",2026-02-26 00:00:00,2026-02-26 00:00:00,1.33,3
5300000812,109138002,"MOTO DINAMO XTREME RLX 200CC, GRIS",2026-02-26 00:00:00,2026-03-03 00:00:00,5.00,1
5300000812,109523002,"MOTO DINAMO SPEED FIRE SPDF 250CC, AZUL",2026-02-26 00:00:00,2026-02-26 00:00:00,0.00,1
5300000812,109523003,"MOTO DINAMO SPEED FIRE SPDF 250, NARANJA",2026-02-26 00:00:00,2026-02-26 00:00:00,0.00,2
5300000813,108637001,"MOTO VELOCI SYRIUS RS SPORT 20, AMARILLO",2026-02-27 00:00:00,2026-03-05 00:00:00,6.00,2
5300000813,108638001,"MOTO VELOCI RAZZER GTR 220CC, ROJO",2026-02-27 00:00:00,2026-03-05 00:00:00,6.00,14
5300000813,108639001,"MOTO VELOCI REVENGE DYNAMIK  220CC, GRIS",2026-02-27 00:00:00,2026-03-05 00:00:00,6.00,18
5300000813,108957001,"MOTOCARRO VELOCI COVALT 300CC, ROJO",2026-02-27 00:00:00,2026-03-05 00:00:00,6.00,2
5300000814,108634001,"MOTO VELOCI BOXTER RT3 200CC, NEGRO",2026-02-27 00:00:00,2026-03-14 00:00:00,15.00,20
5300000814,108639001,"MOTO VELOCI REVENGE DYNAMIK  220CC, GRIS",2026-02-27 00:00:00,2026-03-14 00:00:00,15.00,10
5300000814,108957002,"MOTOCARRO VELOCI COVALT 300CC, BLANCO",2026-02-27 00:00:00,2026-03-14 00:00:00,15.00,1
5300000814,109583001,"MOTO VELOCI DEUS EVO SPORT 150CC, GRIS",2026-02-27 00:00:00,2026-03-14 00:00:00,15.00,4
5300000814,109585001,"MOTO VELOCI SNAKE GT TRAIL 250CC, GRIS",2026-02-27 00:00:00,2026-03-14 00:00:00,15.00,4
5300000814,109588002,"MOTO VELOCI XEVERUS EVO PRO 330CC, GRIS",2026-02-27 00:00:00,2026-03-14 00:00:00,15.00,4
5300000815,108634001,"MOTO VELOCI BOXTER RT3 200CC, NEGRO",2026-02-27 00:00:00,2026-03-19 00:00:00,20.00,12
5300000815,108635002,"MOTO VELOCI DYNAMIK PRO 200CC, NEGRO",2026-02-27 00:00:00,2026-03-19 00:00:00,20.00,12
5300000815,108638001,"MOTO VELOCI RAZZER GTR 220CC, ROJO",2026-02-27 00:00:00,2026-03-19 00:00:00,20.00,12
5300000815,108639001,"MOTO VELOCI REVENGE DYNAMIK  220CC, GRIS",2026-02-27 00:00:00,2026-03-19 00:00:00,20.00,12
5300000815,109583001,"MOTO VELOCI DEUS EVO SPORT 150CC, GRIS",2026-02-27 00:00:00,2026-03-19 00:00:00,20.00,6
5300000816,108635002,"MOTO VELOCI DYNAMIK PRO 200CC, NEGRO",2026-02-27 00:00:00,2026-03-04 00:00:00,5.00,10
5300000816,108639001,"MOTO VELOCI REVENGE DYNAMIK  220CC, GRIS",2026-02-27 00:00:00,2026-03-04 00:00:00,5.00,14
5300000816,109582001,"MOTO VELOCI ATRIO  EVO SPORT 200CC, ROJO",2026-02-27 00:00:00,2026-03-04 00:00:00,5.00,16
5300000816,109587001,"MOTO VELOCI RAZZER HYPER SPORT 330, ROJO",2026-02-27 00:00:00,2026-03-04 00:00:00,5.00,6
5300000816,109588001,"MOTO VELOCI XEVERUS EVO PRO 330CC, ROJO",2026-02-27 00:00:00,2026-03-04 00:00:00,5.00,6
5300000817,108637001,"MOTO VELOCI SYRIUS RS SPORT 20, AMARILLO",2026-02-27 00:00:00,2026-03-05 00:00:00,6.00,10
5300000817,108638001,"MOTO VELOCI RAZZER GTR 220CC, ROJO",2026-02-27 00:00:00,2026-03-05 00:00:00,6.00,20
5300000817,108639001,"MOTO VELOCI REVENGE DYNAMIK  220CC, GRIS",2026-02-27 00:00:00,2026-03-05 00:00:00,6.00,10
5300000817,109584001,"MOTO VELOCI RUBAK EVO TRAIL 220CC, VERDE",2026-02-27 00:00:00,2026-03-05 00:00:00,6.00,10
5300000818,108635002,"MOTO VELOCI DYNAMIK PRO 200CC, NEGRO",2026-02-27 00:00:00,2026-03-09 00:00:00,10.00,16
5300000818,108638001,"MOTO VELOCI RAZZER GTR 220CC, ROJO",2026-02-27 00:00:00,2026-03-09 00:00:00,10.00,22
5300000818,108639001,"MOTO VELOCI REVENGE DYNAMIK  220CC, GRIS",2026-02-27 00:00:00,2026-03-09 00:00:00,10.00,12
5300000819,108638001,"MOTO VELOCI RAZZER GTR 220CC, ROJO",2026-02-27 00:00:00,2026-03-12 00:00:00,13.00,20
5300000819,108639001,"MOTO VELOCI REVENGE DYNAMIK  220CC, GRIS",2026-02-27 00:00:00,2026-03-12 00:00:00,13.00,11
5300000819,109585001,"MOTO VELOCI SNAKE GT TRAIL 250CC, GRIS",2026-02-27 00:00:00,2026-03-12 00:00:00,13.00,15
5300000820,108637001,"MOTO VELOCI SYRIUS RS SPORT 20, AMARILLO",2026-02-27 00:00:00,2026-03-06 00:00:00,7.00,8
5300000820,108638001,"MOTO VELOCI RAZZER GTR 220CC, ROJO",2026-02-27 00:00:00,2026-03-06 00:00:00,7.00,10
5300000820,108639001,"MOTO VELOCI REVENGE DYNAMIK  220CC, GRIS",2026-02-27 00:00:00,2026-03-06 00:00:00,7.00,12
5300000820,109582001,"MOTO VELOCI ATRIO  EVO SPORT 200CC, ROJO",2026-02-27 00:00:00,2026-03-06 00:00:00,7.00,12
5300000820,109588002,"MOTO VELOCI XEVERUS EVO PRO 330CC, GRIS",2026-02-27 00:00:00,2026-03-06 00:00:00,7.00,8
5300000821,108634001,"MOTO VELOCI BOXTER RT3 200CC, NEGRO",2026-02-27 00:00:00,2026-03-13 00:00:00,14.00,12
5300000821,108637001,"MOTO VELOCI SYRIUS RS SPORT 20, AMARILLO",2026-02-27 00:00:00,2026-03-13 00:00:00,14.00,2
5300000821,108638001,"MOTO VELOCI RAZZER GTR 220CC, ROJO",2026-02-27 00:00:00,2026-03-13 00:00:00,14.00,22
5300000821,108639001,"MOTO VELOCI REVENGE DYNAMIK  220CC, GRIS",2026-02-27 00:00:00,2026-03-13 00:00:00,14.00,4
5300000821,109582001,"MOTO VELOCI ATRIO  EVO SPORT 200CC, ROJO",2026-02-27 00:00:00,2026-03-13 00:00:00,14.00,6
5300000821,109588002,"MOTO VELOCI XEVERUS EVO PRO 330CC, GRIS",2026-02-27 00:00:00,2026-03-13 00:00:00,14.00,4
5300000822,108634001,"MOTO VELOCI BOXTER RT3 200CC, NEGRO",2026-02-27 00:00:00,2026-03-17 00:00:00,18.00,6
5300000822,108635001,"MOTO VELOCI DYNAMIK PRO 200CC, GRIS",2026-02-27 00:00:00,2026-03-17 00:00:00,18.00,2
5300000822,108637001,"MOTO VELOCI SYRIUS RS SPORT 20, AMARILLO",2026-02-27 00:00:00,2026-03-17 00:00:00,18.00,2
5300000822,108638001,"MOTO VELOCI RAZZER GTR 220CC, ROJO",2026-02-27 00:00:00,2026-03-17 00:00:00,18.00,12
5300000822,108639001,"MOTO VELOCI REVENGE DYNAMIK  220CC, GRIS",2026-02-27 00:00:00,2026-03-17 00:00:00,18.00,4
5300000822,109584001,"MOTO VELOCI RUBAK EVO TRAIL 220CC, VERDE",2026-02-27 00:00:00,2026-03-17 00:00:00,18.00,2
5300000822,109585001,"MOTO VELOCI SNAKE GT TRAIL 250CC, GRIS",2026-02-27 00:00:00,2026-03-17 00:00:00,18.00,2
5300000822,109587001,"MOTO VELOCI RAZZER HYPER SPORT 330, ROJO",2026-02-27 00:00:00,2026-03-17 00:00:00,18.00,10
5300000822,109588001,"MOTO VELOCI XEVERUS EVO PRO 330CC, ROJO",2026-02-27 00:00:00,2026-03-17 00:00:00,18.00,2
5300000822,109588002,"MOTO VELOCI XEVERUS EVO PRO 330CC, GRIS",2026-02-27 00:00:00,2026-03-17 00:00:00,18.00,6
5300000823,108634001,"MOTO VELOCI BOXTER RT3 200CC, NEGRO",2026-02-27 00:00:00,2026-03-13 00:00:00,14.00,12
5300000823,108637001,"MOTO VELOCI SYRIUS RS SPORT 20, AMARILLO",2026-02-27 00:00:00,2026-03-13 00:00:00,14.00,4
5300000823,108639001,"MOTO VELOCI REVENGE DYNAMIK  220CC, GRIS",2026-02-27 00:00:00,2026-03-13 00:00:00,14.00,12
5300000823,109582001,"MOTO VELOCI ATRIO  EVO SPORT 200CC, ROJO",2026-02-27 00:00:00,2026-03-13 00:00:00,14.00,4
5300000823,109583001,"MOTO VELOCI DEUS EVO SPORT 150CC, GRIS",2026-02-27 00:00:00,2026-03-13 00:00:00,14.00,4
5300000823,109584001,"MOTO VELOCI RUBAK EVO TRAIL 220CC, VERDE",2026-02-27 00:00:00,2026-03-13 00:00:00,14.00,2
5300000823,109585001,"MOTO VELOCI SNAKE GT TRAIL 250CC, GRIS",2026-02-27 00:00:00,2026-03-13 00:00:00,14.00,2
5300000823,109587001,"MOTO VELOCI RAZZER HYPER SPORT 330, ROJO",2026-02-27 00:00:00,2026-03-13 00:00:00,14.00,6
5300000823,109588001,"MOTO VELOCI XEVERUS EVO PRO 330CC, ROJO",2026-02-27 00:00:00,2026-03-13 00:00:00,14.00,4
5300000823,109588002,"MOTO VELOCI XEVERUS EVO PRO 330CC, GRIS",2026-02-27 00:00:00,2026-03-13 00:00:00,14.00,2
5300000824,108634001,"MOTO VELOCI BOXTER RT3 200CC, NEGRO",2026-02-27 00:00:00,2026-03-18 00:00:00,19.00,6
5300000824,108635001,"MOTO VELOCI DYNAMIK PRO 200CC, GRIS",2026-02-27 00:00:00,2026-03-18 00:00:00,19.00,4
5300000824,108637001,"MOTO VELOCI SYRIUS RS SPORT 20, AMARILLO",2026-02-27 00:00:00,2026-03-18 00:00:00,19.00,3
5300000824,108638001,"MOTO VELOCI RAZZER GTR 220CC, ROJO",2026-02-27 00:00:00,2026-03-18 00:00:00,19.00,12
5300000824,108639001,"MOTO VELOCI REVENGE DYNAMIK  220CC, GRIS",2026-02-27 00:00:00,2026-03-18 00:00:00,19.00,18
5300000824,109584001,"MOTO VELOCI RUBAK EVO TRAIL 220CC, VERDE",2026-02-27 00:00:00,2026-03-18 00:00:00,19.00,3
5300000824,109587001,"MOTO VELOCI RAZZER HYPER SPORT 330, ROJO",2026-02-27 00:00:00,2026-03-18 00:00:00,19.00,4
5300000825,108813001,"MOTO BDS HAWK 200CC, NEGRO",2026-03-02 00:00:00,2026-03-12 00:00:00,10.00,7
5300000825,109040001,"MOTO BDS CASTORO 180CC, AZUL",2026-03-02 00:00:00,2026-03-12 00:00:00,10.00,7
5300000825,109040003,"MOTO BDS CASTORO 180CC, AMARILLO",2026-03-02 00:00:00,2026-03-12 00:00:00,10.00,11
5300000825,109783001,"MOTO BDS RHINO 200CC, AZUL",2026-03-02 00:00:00,2026-03-12 00:00:00,10.00,2
5300000825,109870001,"MOTO BDS THUNDER 190CC, NEGRO",2026-03-02 00:00:00,2026-03-12 00:00:00,10.00,15
5300000826,108726001,"MOTO BDS STARK 250CC, ROJO",2026-03-02 00:00:00,2026-03-12 00:00:00,10.00,7
5300000826,108726002,"MOTO BDS STARK 250CC, GRIS",2026-03-02 00:00:00,2026-03-12 00:00:00,10.00,4
5300000826,109233002,"MOTO BDS MAGMA 150CC, NEGRO",2026-03-02 00:00:00,2026-03-12 00:00:00,10.00,2
5300000826,109234001,"MOTO BDS STARK 300CC, ROJO",2026-03-02 00:00:00,2026-03-12 00:00:00,10.00,3
5300000826,109234002,"MOTO BDS STARK 300CC, AZUL",2026-03-02 00:00:00,2026-03-12 00:00:00,10.00,3
5300000826,109569001,"MOTO BDS SB 180CC, BLANCO",2026-03-02 00:00:00,2026-03-12 00:00:00,10.00,2
5300000826,109569002,"MOTO BDS SB 180CC, NEGRO",2026-03-02 00:00:00,2026-03-12 00:00:00,10.00,7
5300000826,109638001,"MOTO BDS HAWK 250CC, AZUL",2026-03-02 00:00:00,2026-03-12 00:00:00,10.00,8
5300000826,109870001,"MOTO BDS THUNDER 190CC, NEGRO",2026-03-02 00:00:00,2026-03-12 00:00:00,10.00,6
5300000827,108721001,"MOTO BDS SAETA 150CC, AZUL",2026-03-02 00:00:00,2026-03-20 00:00:00,18.00,8
5300000827,108726002,"MOTO BDS STARK 250CC, GRIS",2026-03-02 00:00:00,2026-03-20 00:00:00,18.00,4
5300000827,108813001,"MOTO BDS HAWK 200CC, NEGRO",2026-03-02 00:00:00,2026-03-20 00:00:00,18.00,9
5300000827,109233003,"MOTO BDS MAGMA 150CC, AZUL",2026-03-02 00:00:00,2026-03-20 00:00:00,18.00,3
5300000827,109234001,"MOTO BDS STARK 300CC, ROJO",2026-03-02 00:00:00,2026-03-20 00:00:00,18.00,3
5300000827,109234002,"MOTO BDS STARK 300CC, AZUL",2026-03-02 00:00:00,2026-03-20 00:00:00,18.00,2
5300000827,109569002,"MOTO BDS SB 180CC, NEGRO",2026-03-02 00:00:00,2026-03-20 00:00:00,18.00,4
5300000827,109870001,"MOTO BDS THUNDER 190CC, NEGRO",2026-03-02 00:00:00,2026-03-20 00:00:00,18.00,11
5300000828,108721001,"MOTO BDS SAETA 150CC, AZUL",2026-03-02 00:00:00,2026-03-15 00:00:00,13.00,10
5300000828,108726001,"MOTO BDS STARK 250CC, ROJO",2026-03-02 00:00:00,2026-03-15 00:00:00,13.00,6
5300000828,109233002,"MOTO BDS MAGMA 150CC, NEGRO",2026-03-02 00:00:00,2026-03-15 00:00:00,13.00,3
5300000828,109233003,"MOTO BDS MAGMA 150CC, AZUL",2026-03-02 00:00:00,2026-03-15 00:00:00,13.00,5
5300000828,109233004,"MOTO BDS MAGMA 150CC, GRIS",2026-03-02 00:00:00,2026-03-15 00:00:00,13.00,6
5300000828,109638001,"MOTO BDS HAWK 250CC, AZUL",2026-03-02 00:00:00,2026-03-15 00:00:00,13.00,10
5300000828,109783001,"MOTO BDS RHINO 200CC, AZUL",2026-03-02 00:00:00,2026-03-15 00:00:00,13.00,2
5300000829,108726002,"MOTO BDS STARK 250CC, GRIS",2026-03-02 00:00:00,2026-03-19 00:00:00,17.00,7
5300000829,109031001,"MOTO BDS HAWK GT 250CC, AZUL",2026-03-02 00:00:00,2026-03-19 00:00:00,17.00,6
5300000829,109233001,"MOTO BDS MAGMA 150CC, ROJO",2026-03-02 00:00:00,2026-03-19 00:00:00,17.00,1
5300000829,109233003,"MOTO BDS MAGMA 150CC, AZUL",2026-03-02 00:00:00,2026-03-19 00:00:00,17.00,5
5300000829,109234001,"MOTO BDS STARK 300CC, ROJO",2026-03-02 00:00:00,2026-03-19 00:00:00,17.00,8
5300000829,109234002,"MOTO BDS STARK 300CC, AZUL",2026-03-02 00:00:00,2026-03-19 00:00:00,17.00,3
5300000829,109638001,"MOTO BDS HAWK 250CC, AZUL",2026-03-02 00:00:00,2026-03-19 00:00:00,17.00,10
5300000829,109783001,"MOTO BDS RHINO 200CC, AZUL",2026-03-02 00:00:00,2026-03-19 00:00:00,17.00,2
5300000830,108662001,"MOTO ISLO FREEDOM 150CC, TITANIO",2026-03-05 00:00:00,2026-03-12 00:00:00,7.00,4
5300000830,108664001,"MOTO ISLO RABBIT 150CC, BLANCO",2026-03-05 00:00:00,2026-03-12 00:00:00,7.00,3
5300000830,108668001,"MOTO CARABELA HUNTER 110CC, BLANCO",2026-03-05 00:00:00,2026-03-12 00:00:00,7.00,3
5300000830,108669001,"MOTO CARABELA HUNTER 125CC, ROJO",2026-03-05 00:00:00,2026-03-12 00:00:00,7.00,13
5300000830,108675001,"MOTO CARABELA DIRT 3 250CC, ROJO",2026-03-05 00:00:00,2026-03-12 00:00:00,7.00,16
5300000830,108812002,"MOTO CARABELA ROUTE R SONORA 200CC, AZUL",2026-03-05 00:00:00,2026-03-12 00:00:00,7.00,2
5300000830,109571001,"MOTO CARABELA KRONOS 200CC, TITANIO",2026-03-05 00:00:00,2026-03-12 00:00:00,7.00,4
5300000831,108674001,"MOTO ISLO MUTANT 250CC, ROJO",2026-03-05 00:00:00,2026-03-17 00:00:00,12.00,14
5300000831,108675001,"MOTO CARABELA DIRT 3 250CC, ROJO",2026-03-05 00:00:00,2026-03-17 00:00:00,12.00,15
5300000831,108808001,"MOTO CARABELA R250Z, ROJO",2026-03-05 00:00:00,2026-03-17 00:00:00,12.00,8
5300000831,109571001,"MOTO CARABELA KRONOS 200CC, TITANIO",2026-03-05 00:00:00,2026-03-17 00:00:00,12.00,8
5300000832,108662001,"MOTO ISLO FREEDOM 150CC, TITANIO",2026-03-05 00:00:00,2026-03-14 00:00:00,9.00,4
5300000832,108663001,"MOTO CARABELA BAT 150CC, BLANCO",2026-03-05 00:00:00,2026-03-14 00:00:00,9.00,2
5300000832,108663002,"MOTO CARABELA BAT 150CC, NEGRO",2026-03-05 00:00:00,2026-03-14 00:00:00,9.00,2
5300000832,108668001,"MOTO CARABELA HUNTER 110CC, BLANCO",2026-03-05 00:00:00,2026-03-14 00:00:00,9.00,8
5300000832,108669001,"MOTO CARABELA HUNTER 125CC, ROJO",2026-03-05 00:00:00,2026-03-14 00:00:00,9.00,7
5300000832,108674001,"MOTO ISLO MUTANT 250CC, ROJO",2026-03-05 00:00:00,2026-03-14 00:00:00,9.00,4
5300000832,108675001,"MOTO CARABELA DIRT 3 250CC, ROJO",2026-03-05 00:00:00,2026-03-14 00:00:00,9.00,4
5300000832,108808001,"MOTO CARABELA R250Z, ROJO",2026-03-05 00:00:00,2026-03-13 00:00:00,8.50,8
5300000832,109571001,"MOTO CARABELA KRONOS 200CC, TITANIO",2026-03-05 00:00:00,2026-03-14 00:00:00,9.00,6
5300000833,108668001,"MOTO CARABELA HUNTER 110CC, BLANCO",2026-03-05 00:00:00,2026-03-18 00:00:00,13.00,8
5300000833,108669001,"MOTO CARABELA HUNTER 125CC, ROJO",2026-03-05 00:00:00,2026-03-18 00:00:00,13.00,9
5300000833,108674001,"MOTO ISLO MUTANT 250CC, ROJO",2026-03-05 00:00:00,2026-03-18 00:00:00,13.00,4
5300000833,108675001,"MOTO CARABELA DIRT 3 250CC, ROJO",2026-03-05 00:00:00,2026-03-18 00:00:00,13.00,4
5300000833,108808001,"MOTO CARABELA R250Z, ROJO",2026-03-05 00:00:00,2026-03-18 00:00:00,13.00,15
5300000833,109571001,"MOTO CARABELA KRONOS 200CC, TITANIO",2026-03-05 00:00:00,2026-03-18 00:00:00,13.00,5
5300000834,108663001,"MOTO CARABELA BAT 150CC, BLANCO",2026-03-05 00:00:00,2026-03-17 00:00:00,12.00,2
5300000834,108663002,"MOTO CARABELA BAT 150CC, NEGRO",2026-03-05 00:00:00,2026-03-17 00:00:00,12.00,1
5300000834,108668001,"MOTO CARABELA HUNTER 110CC, BLANCO",2026-03-05 00:00:00,2026-03-17 00:00:00,12.00,6
5300000834,108669001,"MOTO CARABELA HUNTER 125CC, ROJO",2026-03-05 00:00:00,2026-03-17 00:00:00,12.00,6
5300000834,108674001,"MOTO ISLO MUTANT 250CC, ROJO",2026-03-05 00:00:00,2026-03-17 00:00:00,12.00,12
5300000834,108675001,"MOTO CARABELA DIRT 3 250CC, ROJO",2026-03-05 00:00:00,2026-03-17 00:00:00,12.00,6
5300000834,108808001,"MOTO CARABELA R250Z, ROJO",2026-03-05 00:00:00,2026-03-17 00:00:00,12.00,6
5300000834,108812002,"MOTO CARABELA ROUTE R SONORA 200CC, AZUL",2026-03-05 00:00:00,2026-03-17 00:00:00,12.00,4
5300000834,109571001,"MOTO CARABELA KRONOS 200CC, TITANIO",2026-03-05 00:00:00,2026-03-17 00:00:00,12.00,2
5300000835,108668001,"MOTO CARABELA HUNTER 110CC, BLANCO",2026-03-05 00:00:00,2026-03-17 00:00:00,12.00,6
5300000835,108669001,"MOTO CARABELA HUNTER 125CC, ROJO",2026-03-05 00:00:00,2026-03-17 00:00:00,12.00,8
5300000835,108674001,"MOTO ISLO MUTANT 250CC, ROJO",2026-03-05 00:00:00,2026-03-17 00:00:00,12.00,5
5300000835,108675001,"MOTO CARABELA DIRT 3 250CC, ROJO",2026-03-05 00:00:00,2026-03-17 00:00:00,12.00,10
5300000835,108808001,"MOTO CARABELA R250Z, ROJO",2026-03-05 00:00:00,2026-03-17 00:00:00,12.00,8
5300000835,108812002,"MOTO CARABELA ROUTE R SONORA 200CC, AZUL",2026-03-05 00:00:00,2026-03-17 00:00:00,12.00,4
5300000835,109571001,"MOTO CARABELA KRONOS 200CC, TITANIO",2026-03-05 00:00:00,2026-03-17 00:00:00,12.00,4
5300000836,108663001,"MOTO CARABELA BAT 150CC, BLANCO",2026-03-05 00:00:00,2026-03-19 00:00:00,14.00,1
5300000836,108663002,"MOTO CARABELA BAT 150CC, NEGRO",2026-03-05 00:00:00,2026-03-19 00:00:00,14.00,1
5300000836,108668001,"MOTO CARABELA HUNTER 110CC, BLANCO",2026-03-05 00:00:00,2026-03-19 00:00:00,14.00,6
5300000836,108669001,"MOTO CARABELA HUNTER 125CC, ROJO",2026-03-05 00:00:00,2026-03-19 00:00:00,14.00,5
5300000836,108674001,"MOTO ISLO MUTANT 250CC, ROJO",2026-03-05 00:00:00,2026-03-19 00:00:00,14.00,4
5300000836,108675001,"MOTO CARABELA DIRT 3 250CC, ROJO",2026-03-05 00:00:00,2026-03-19 00:00:00,14.00,10
5300000836,108808001,"MOTO CARABELA R250Z, ROJO",2026-03-05 00:00:00,2026-03-19 00:00:00,14.00,10
5300000836,108812002,"MOTO CARABELA ROUTE R SONORA 200CC, AZUL",2026-03-05 00:00:00,2026-03-19 00:00:00,14.00,4
5300000836,109571001,"MOTO CARABELA KRONOS 200CC, TITANIO",2026-03-05 00:00:00,2026-03-19 00:00:00,14.00,4
5300000837,108668001,"MOTO CARABELA HUNTER 110CC, BLANCO",2026-03-05 00:00:00,2026-03-16 00:00:00,11.00,3
5300000837,108669001,"MOTO CARABELA HUNTER 125CC, ROJO",2026-03-05 00:00:00,2026-03-16 00:00:00,11.00,10
5300000837,108674001,"MOTO ISLO MUTANT 250CC, ROJO",2026-03-05 00:00:00,2026-03-16 00:00:00,11.00,10
5300000837,108675001,"MOTO CARABELA DIRT 3 250CC, ROJO",2026-03-05 00:00:00,2026-03-16 00:00:00,11.00,10
5300000837,108808001,"MOTO CARABELA R250Z, ROJO",2026-03-05 00:00:00,2026-03-16 00:00:00,11.00,10
5300000837,108812002,"MOTO CARABELA ROUTE R SONORA 200CC, AZUL",2026-03-05 00:00:00,2026-03-16 00:00:00,11.00,2
5300000838,108668001,"MOTO CARABELA HUNTER 110CC, BLANCO",2026-03-05 00:00:00,2026-03-21 00:00:00,16.00,4
5300000838,108669001,"MOTO CARABELA HUNTER 125CC, ROJO",2026-03-05 00:00:00,2026-03-21 00:00:00,16.00,10
5300000838,108675001,"MOTO CARABELA DIRT 3 250CC, ROJO",2026-03-05 00:00:00,2026-03-21 00:00:00,16.00,12
5300000838,108808001,"MOTO CARABELA R250Z, ROJO",2026-03-05 00:00:00,2026-05-04 00:00:00,60.00,10
5300000838,108812002,"MOTO CARABELA ROUTE R SONORA 200CC, AZUL",2026-03-05 00:00:00,2026-03-21 00:00:00,16.00,5
5300000838,109571001,"MOTO CARABELA KRONOS 200CC, TITANIO",2026-03-05 00:00:00,2026-03-21 00:00:00,16.00,1
5300000839,108663001,"MOTO CARABELA BAT 150CC, BLANCO",2026-03-05 00:00:00,2026-03-23 00:00:00,18.00,1
5300000839,108663002,"MOTO CARABELA BAT 150CC, NEGRO",2026-03-05 00:00:00,2026-03-23 00:00:00,18.00,7
5300000839,108668001,"MOTO CARABELA HUNTER 110CC, BLANCO",2026-03-05 00:00:00,2026-03-23 00:00:00,18.00,3
5300000839,108669001,"MOTO CARABELA HUNTER 125CC, ROJO",2026-03-05 00:00:00,2026-03-23 00:00:00,18.00,6
5300000839,108674001,"MOTO ISLO MUTANT 250CC, ROJO",2026-03-05 00:00:00,2026-03-23 00:00:00,18.00,2
5300000839,108675001,"MOTO CARABELA DIRT 3 250CC, ROJO",2026-03-05 00:00:00,2026-03-23 00:00:00,18.00,12
5300000839,108808001,"MOTO CARABELA R250Z, ROJO",2026-03-05 00:00:00,2026-03-19 00:00:00,14.00,7
5300000839,108812002,"MOTO CARABELA ROUTE R SONORA 200CC, AZUL",2026-03-05 00:00:00,2026-03-23 00:00:00,18.00,4
5300000839,109590002,"MOTO CARABELA KRONOS 200CC, AZUL",2026-03-05 00:00:00,2026-03-23 00:00:00,18.00,3
5300000840,108637001,"MOTO VELOCI SYRIUS RS SPORT 20, AMARILLO",2026-03-05 00:00:00,2026-03-09 00:00:00,4.00,8
5300000840,108638001,"MOTO VELOCI RAZZER GTR 220CC, ROJO",2026-03-05 00:00:00,2026-03-09 00:00:00,4.00,4
5300000840,108639001,"MOTO VELOCI REVENGE DYNAMIK  220CC, GRIS",2026-03-05 00:00:00,2026-03-09 00:00:00,4.00,6
5300000840,108957002,"MOTOCARRO VELOCI COVALT 300CC, BLANCO",2026-03-05 00:00:00,2026-03-09 00:00:00,4.00,1
5300000840,109583001,"MOTO VELOCI DEUS EVO SPORT 150CC, GRIS",2026-03-05 00:00:00,2026-03-09 00:00:00,4.00,4
5300000840,109584001,"MOTO VELOCI RUBAK EVO TRAIL 220CC, VERDE",2026-03-05 00:00:00,2026-03-09 00:00:00,4.00,6
5300000840,109587001,"MOTO VELOCI RAZZER HYPER SPORT 330, ROJO",2026-03-05 00:00:00,2026-03-09 00:00:00,4.00,8
5300000840,109588001,"MOTO VELOCI XEVERUS EVO PRO 330CC, ROJO",2026-03-05 00:00:00,2026-03-09 00:00:00,4.00,1
5300000840,109588002,"MOTO VELOCI XEVERUS EVO PRO 330CC, GRIS",2026-03-05 00:00:00,2026-03-09 00:00:00,4.00,4
4500588893,109764001,"MOTO CARABELA INDY 250CC, NEGRO",2026-03-06 00:00:00,2026-03-09 00:00:00,3.00,-1
5300000841,108652001,"MOTO DINAMO ADVENTURE ELITE 150CC, ROJO",2026-03-06 00:00:00,2026-03-10 00:00:00,4.00,1
5300000841,108690001,"MOTO DINAMO SCORPIO 200CC, ROJO",2026-03-06 00:00:00,2026-03-10 00:00:00,4.00,1
5300000841,108690003,"MOTO DINAMO SCORPIO 200CC, NEGRO",2026-03-06 00:00:00,2026-03-07 00:00:00,2.50,2
5300000841,108691002,"MOTO DINAMO U5 150CC, AZUL",2026-03-06 00:00:00,2026-03-07 00:00:00,2.50,2
5300000841,108691003,"MOTO DINAMO U5 150CC, GRIS",2026-03-06 00:00:00,2026-03-10 00:00:00,4.00,1
5300000841,109118001,"MOTO DINAMO U2 150CC, ROJO",2026-03-06 00:00:00,2026-03-07 00:00:00,2.50,2
5300000841,109118002,"MOTO DINAMO U2 150CC, AZUL",2026-03-06 00:00:00,2026-03-07 00:00:00,2.50,2
5300000841,109118003,"MOTO DINAMO U2 150CC, PLATA",2026-03-06 00:00:00,2026-03-07 00:00:00,1.00,1
5300000841,109137002,"MOTO DINAMO ALIEN-R 175 CC, BLANCO",2026-03-06 00:00:00,2026-03-07 00:00:00,1.00,2
5300000841,109137003,"MOTO DINAMO ALIEN-R 175 CC, GRIS",2026-03-06 00:00:00,2026-03-07 00:00:00,2.50,2
5300000842,108637001,"MOTO VELOCI SYRIUS RS SPORT 20, AMARILLO",2026-03-10 00:00:00,2026-03-23 00:00:00,13.00,6
5300000842,108638001,"MOTO VELOCI RAZZER GTR 220CC, ROJO",2026-03-10 00:00:00,2026-03-23 00:00:00,13.00,8
5300000842,109582001,"MOTO VELOCI ATRIO  EVO SPORT 200CC, ROJO",2026-03-10 00:00:00,2026-03-23 00:00:00,13.00,6
5300000842,109583001,"MOTO VELOCI DEUS EVO SPORT 150CC, GRIS",2026-03-10 00:00:00,2026-03-23 00:00:00,13.00,4
5300000842,109584001,"MOTO VELOCI RUBAK EVO TRAIL 220CC, VERDE",2026-03-10 00:00:00,2026-03-23 00:00:00,13.00,10
5300000842,109585001,"MOTO VELOCI SNAKE GT TRAIL 250CC, GRIS",2026-03-10 00:00:00,2026-03-23 00:00:00,13.00,2
5300000842,109587001,"MOTO VELOCI RAZZER HYPER SPORT 330, ROJO",2026-03-10 00:00:00,2026-03-23 00:00:00,13.00,8
5300000842,109588001,"MOTO VELOCI XEVERUS EVO PRO 330CC, ROJO",2026-03-10 00:00:00,2026-03-23 00:00:00,13.00,4
5300000842,109588002,"MOTO VELOCI XEVERUS EVO PRO 330CC, GRIS",2026-03-10 00:00:00,2026-03-23 00:00:00,13.00,4
5300000843,108637001,"MOTO VELOCI SYRIUS RS SPORT 20, AMARILLO",2026-03-10 00:00:00,2026-03-25 00:00:00,15.00,6
5300000843,108638001,"MOTO VELOCI RAZZER GTR 220CC, ROJO",2026-03-10 00:00:00,2026-03-25 00:00:00,15.00,8
5300000843,109582001,"MOTO VELOCI ATRIO  EVO SPORT 200CC, ROJO",2026-03-10 00:00:00,2026-03-25 00:00:00,15.00,6
5300000843,109583001,"MOTO VELOCI DEUS EVO SPORT 150CC, GRIS",2026-03-10 00:00:00,2026-03-25 00:00:00,15.00,2
5300000843,109584001,"MOTO VELOCI RUBAK EVO TRAIL 220CC, VERDE",2026-03-10 00:00:00,2026-03-25 00:00:00,15.00,10
5300000843,109585001,"MOTO VELOCI SNAKE GT TRAIL 250CC, GRIS",2026-03-10 00:00:00,2026-03-25 00:00:00,15.00,2
5300000843,109587001,"MOTO VELOCI RAZZER HYPER SPORT 330, ROJO",2026-03-10 00:00:00,2026-03-25 00:00:00,15.00,8
5300000843,109588001,"MOTO VELOCI XEVERUS EVO PRO 330CC, ROJO",2026-03-10 00:00:00,2026-03-25 00:00:00,15.00,3
5300000843,109588002,"MOTO VELOCI XEVERUS EVO PRO 330CC, GRIS",2026-03-10 00:00:00,2026-03-25 00:00:00,15.00,4
5300000844,108637001,"MOTO VELOCI SYRIUS RS SPORT 20, AMARILLO",2026-03-10 00:00:00,2026-03-27 00:00:00,17.00,8
5300000844,108639001,"MOTO VELOCI REVENGE DYNAMIK  220CC, GRIS",2026-03-10 00:00:00,2026-03-27 00:00:00,17.00,6
5300000844,109582001,"MOTO VELOCI ATRIO  EVO SPORT 200CC, ROJO",2026-03-10 00:00:00,2026-03-27 00:00:00,17.00,10
5300000844,109583001,"MOTO VELOCI DEUS EVO SPORT 150CC, GRIS",2026-03-10 00:00:00,2026-03-27 00:00:00,17.00,6
5300000844,109584001,"MOTO VELOCI RUBAK EVO TRAIL 220CC, VERDE",2026-03-10 00:00:00,2026-03-27 00:00:00,17.00,8
5300000844,109587001,"MOTO VELOCI RAZZER HYPER SPORT 330, ROJO",2026-03-10 00:00:00,2026-03-27 00:00:00,17.00,8
5300000844,109588001,"MOTO VELOCI XEVERUS EVO PRO 330CC, ROJO",2026-03-10 00:00:00,2026-03-27 00:00:00,17.00,4
5300000844,109588002,"MOTO VELOCI XEVERUS EVO PRO 330CC, GRIS",2026-03-10 00:00:00,2026-03-27 00:00:00,17.00,4
5300000845,108637001,"MOTO VELOCI SYRIUS RS SPORT 20, AMARILLO",2026-03-10 00:00:00,2026-03-24 00:00:00,14.00,6
5300000845,109582001,"MOTO VELOCI ATRIO  EVO SPORT 200CC, ROJO",2026-03-10 00:00:00,2026-03-24 00:00:00,14.00,10
5300000845,109583001,"MOTO VELOCI DEUS EVO SPORT 150CC, GRIS",2026-03-10 00:00:00,2026-03-24 00:00:00,14.00,4
5300000845,109584001,"MOTO VELOCI RUBAK EVO TRAIL 220CC, VERDE",2026-03-10 00:00:00,2026-03-24 00:00:00,14.00,8
5300000845,109585001,"MOTO VELOCI SNAKE GT TRAIL 250CC, GRIS",2026-03-10 00:00:00,2026-03-24 00:00:00,14.00,6
5300000845,109587001,"MOTO VELOCI RAZZER HYPER SPORT 330, ROJO",2026-03-10 00:00:00,2026-03-24 00:00:00,14.00,10
5300000845,109588001,"MOTO VELOCI XEVERUS EVO PRO 330CC, ROJO",2026-03-10 00:00:00,2026-03-24 00:00:00,14.00,6
5300000845,109588002,"MOTO VELOCI XEVERUS EVO PRO 330CC, GRIS",2026-03-10 00:00:00,2026-03-24 00:00:00,14.00,4
5300000846,108635002,"MOTO VELOCI DYNAMIK PRO 200CC, NEGRO",2026-03-10 00:00:00,2026-03-24 00:00:00,14.00,20
5300000846,108639001,"MOTO VELOCI REVENGE DYNAMIK  220CC, GRIS",2026-03-10 00:00:00,2026-03-24 00:00:00,14.00,14
5300000846,109582001,"MOTO VELOCI ATRIO  EVO SPORT 200CC, ROJO",2026-03-10 00:00:00,2026-03-24 00:00:00,14.00,14
5300000846,109931001,"MOTO VELOCI THYRON EVO SPORT 200C, VERDE",2026-03-10 00:00:00,2026-03-24 00:00:00,14.00,8
5300000847,108638001,"MOTO VELOCI RAZZER GTR 220CC, ROJO",2026-03-10 00:00:00,2026-03-24 00:00:00,14.00,16
5300000847,109586001,"MOTO VELOCI BREAKSTORM SPORT 330CC, GRIS",2026-03-10 00:00:00,2026-03-24 00:00:00,14.00,8
5300000847,109587001,"MOTO VELOCI RAZZER HYPER SPORT 330, ROJO",2026-03-10 00:00:00,2026-03-24 00:00:00,14.00,12
5300000847,109931001,"MOTO VELOCI THYRON EVO SPORT 200C, VERDE",2026-03-10 00:00:00,2026-03-24 00:00:00,14.00,10
5300000848,108652001,"MOTO DINAMO ADVENTURE ELITE 150CC, ROJO",2026-03-10 00:00:00,2026-03-10 00:00:00,1.67,3
5300000848,108652002,"MOTO DINAMO ADVENTURE ELITE 150C, BLANCO",2026-03-10 00:00:00,2026-03-12 00:00:00,4.00,4
5300000848,108655002,"MOTO DINAMO CUSTOM 150CC, AZUL",2026-03-10 00:00:00,2026-03-16 00:00:00,6.00,1
5300000848,108690001,"MOTO DINAMO SCORPIO 200CC, ROJO",2026-03-10 00:00:00,2026-03-12 00:00:00,2.00,2
5300000848,108690002,"MOTO DINAMO SCORPIO 200CC, BLANCO",2026-03-10 00:00:00,2026-03-10 00:00:00,0.00,1
5300000848,108690003,"MOTO DINAMO SCORPIO 200CC, NEGRO",2026-03-10 00:00:00,2026-03-12 00:00:00,4.60,5
5300000848,108691001,"MOTO DINAMO U5 150CC, ROJO",2026-03-10 00:00:00,2026-03-11 00:00:00,1.00,1
5300000848,108691002,"MOTO DINAMO U5 150CC, AZUL",2026-03-10 00:00:00,2026-03-10 00:00:00,2.67,3
5300000848,108691003,"MOTO DINAMO U5 150CC, GRIS",2026-03-10 00:00:00,2026-03-12 00:00:00,2.00,1
5300000848,109118001,"MOTO DINAMO U2 150CC, ROJO",2026-03-10 00:00:00,2026-03-12 00:00:00,4.00,2
5300000848,109118002,"MOTO DINAMO U2 150CC, AZUL",2026-03-10 00:00:00,2026-03-16 00:00:00,6.00,2
5300000848,109137001,"MOTO DINAMO ALIEN-R 175 CC, ROJO",2026-03-10 00:00:00,2026-03-12 00:00:00,4.00,2
5300000848,109137002,"MOTO DINAMO ALIEN-R 175 CC, BLANCO",2026-03-10 00:00:00,2026-03-13 00:00:00,4.50,2
5300000848,109137003,"MOTO DINAMO ALIEN-R 175 CC, GRIS",2026-03-10 00:00:00,2026-03-12 00:00:00,2.00,1
5300000848,109137004,"MOTO DINAMO ALIEN-R 175 CC, VERDE",2026-03-10 00:00:00,2026-03-11 00:00:00,3.33,3
5300000849,108637001,"MOTO VELOCI SYRIUS RS SPORT 20, AMARILLO",2026-03-10 00:00:00,2026-03-24 00:00:00,14.00,8
5300000849,108639001,"MOTO VELOCI REVENGE DYNAMIK  220CC, GRIS",2026-03-10 00:00:00,2026-03-24 00:00:00,14.00,16
5300000849,109583001,"MOTO VELOCI DEUS EVO SPORT 150CC, GRIS",2026-03-10 00:00:00,2026-03-24 00:00:00,14.00,12
5300000849,109584001,"MOTO VELOCI RUBAK EVO TRAIL 220CC, VERDE",2026-03-10 00:00:00,2026-03-24 00:00:00,14.00,12
5300000849,109588001,"MOTO VELOCI XEVERUS EVO PRO 330CC, ROJO",2026-03-10 00:00:00,2026-03-24 00:00:00,14.00,6
5300000850,108635002,"MOTO VELOCI DYNAMIK PRO 200CC, NEGRO",2026-03-10 00:00:00,2026-03-26 00:00:00,16.00,8
5300000850,108638001,"MOTO VELOCI RAZZER GTR 220CC, ROJO",2026-03-10 00:00:00,2026-03-26 00:00:00,16.00,6
5300000850,109585001,"MOTO VELOCI SNAKE GT TRAIL 250CC, GRIS",2026-03-10 00:00:00,2026-03-26 00:00:00,16.00,6
5300000850,109587001,"MOTO VELOCI RAZZER HYPER SPORT 330, ROJO",2026-03-10 00:00:00,2026-03-26 00:00:00,16.00,10
5300000850,109588001,"MOTO VELOCI XEVERUS EVO PRO 330CC, ROJO",2026-03-10 00:00:00,2026-03-26 00:00:00,16.00,6
5300000850,109931001,"MOTO VELOCI THYRON EVO SPORT 200C, VERDE",2026-03-10 00:00:00,2026-03-26 00:00:00,16.00,12
5300000851,108635001,"MOTO VELOCI DYNAMIK PRO 200CC, GRIS",2026-03-10 00:00:00,2026-03-24 00:00:00,14.00,5
5300000851,108637001,"MOTO VELOCI SYRIUS RS SPORT 20, AMARILLO",2026-03-10 00:00:00,2026-03-24 00:00:00,14.00,3
5300000851,108638001,"MOTO VELOCI RAZZER GTR 220CC, ROJO",2026-03-10 00:00:00,2026-03-24 00:00:00,14.00,6
5300000851,108639001,"MOTO VELOCI REVENGE DYNAMIK  220CC, GRIS",2026-03-10 00:00:00,2026-03-24 00:00:00,14.00,6
5300000851,109582001,"MOTO VELOCI ATRIO  EVO SPORT 200CC, ROJO",2026-03-10 00:00:00,2026-03-24 00:00:00,14.00,6
5300000851,109586001,"MOTO VELOCI BREAKSTORM SPORT 330CC, GRIS",2026-03-10 00:00:00,2026-03-24 00:00:00,14.00,4
5300000851,109587001,"MOTO VELOCI RAZZER HYPER SPORT 330, ROJO",2026-03-10 00:00:00,2026-03-24 00:00:00,14.00,10
5300000851,109588002,"MOTO VELOCI XEVERUS EVO PRO 330CC, GRIS",2026-03-10 00:00:00,2026-03-24 00:00:00,14.00,4
5300000851,109931001,"MOTO VELOCI THYRON EVO SPORT 200C, VERDE",2026-03-10 00:00:00,2026-03-24 00:00:00,14.00,6
4500591866,109581001,"MOTO VELOCI BEAST KX4 HYPER 200CC, ROJO",2026-03-13 00:00:00,2026-03-13 00:00:00,0.00,-1
5300000852,109783001,"MOTO BDS RHINO 200CC, AZUL",2026-03-13 00:00:00,2026-04-04 00:00:00,22.00,1
4500593604,108663001,"MOTO CARABELA BAT 150CC, BLANCO",2026-03-17 00:00:00,2026-03-17 00:00:00,0.00,-1
4500593604,109571001,"MOTO CARABELA KRONOS 200CC, TITANIO",2026-03-17 00:00:00,2026-03-17 00:00:00,0.00,-1
4500594710,108663002,"MOTO CARABELA BAT 150CC, NEGRO",2026-03-19 00:00:00,2026-03-20 00:00:00,1.00,-1
5300000853,108652001,"MOTO DINAMO ADVENTURE ELITE 150CC, ROJO",2026-03-19 00:00:00,2026-03-23 00:00:00,4.00,4
5300000853,108652002,"MOTO DINAMO ADVENTURE ELITE 150C, BLANCO",2026-03-19 00:00:00,2026-03-23 00:00:00,5.00,2
5300000853,108690001,"MOTO DINAMO SCORPIO 200CC, ROJO",2026-03-19 00:00:00,2026-03-23 00:00:00,4.00,1
5300000853,108690002,"MOTO DINAMO SCORPIO 200CC, BLANCO",2026-03-19 00:00:00,2026-03-23 00:00:00,4.00,1
5300000853,108690003,"MOTO DINAMO SCORPIO 200CC, NEGRO",2026-03-19 00:00:00,2026-03-23 00:00:00,4.50,4
5300000853,108691001,"MOTO DINAMO U5 150CC, ROJO",2026-03-19 00:00:00,2026-03-23 00:00:00,4.00,3
5300000853,108691002,"MOTO DINAMO U5 150CC, AZUL",2026-03-19 00:00:00,2026-03-23 00:00:00,4.00,1
5300000853,108691003,"MOTO DINAMO U5 150CC, GRIS",2026-03-19 00:00:00,2026-03-23 00:00:00,4.00,1
5300000853,109118001,"MOTO DINAMO U2 150CC, ROJO",2026-03-19 00:00:00,2026-03-23 00:00:00,4.00,3
5300000853,109118002,"MOTO DINAMO U2 150CC, AZUL",2026-03-19 00:00:00,2026-03-23 00:00:00,4.00,3
5300000853,109118003,"MOTO DINAMO U2 150CC, PLATA",2026-03-19 00:00:00,2026-03-23 00:00:00,4.00,2
5300000853,109137001,"MOTO DINAMO ALIEN-R 175 CC, ROJO",2026-03-19 00:00:00,2026-03-21 00:00:00,3.33,3
5300000853,109137002,"MOTO DINAMO ALIEN-R 175 CC, BLANCO",2026-03-19 00:00:00,2026-03-19 00:00:00,2.67,3
5300000853,109137003,"MOTO DINAMO ALIEN-R 175 CC, GRIS",2026-03-19 00:00:00,2026-03-21 00:00:00,2.00,1
5300000853,109137004,"MOTO DINAMO ALIEN-R 175 CC, VERDE",2026-03-19 00:00:00,2026-03-19 00:00:00,2.00,2
5300000853,109523002,"MOTO DINAMO SPEED FIRE SPDF 250CC, AZUL",2026-03-19 00:00:00,2026-03-19 00:00:00,0.00,1
5300000853,109523003,"MOTO DINAMO SPEED FIRE SPDF 250, NARANJA",2026-03-19 00:00:00,2026-03-23 00:00:00,4.00,1
5300000854,109040001,"MOTO BDS CASTORO 180CC, AZUL",2026-03-19 00:00:00,2026-03-27 00:00:00,8.00,22
5300000854,109040003,"MOTO BDS CASTORO 180CC, AMARILLO",2026-03-19 00:00:00,2026-03-27 00:00:00,8.00,22
5300000855,109040001,"MOTO BDS CASTORO 180CC, AZUL",2026-03-19 00:00:00,2026-03-27 00:00:00,8.00,22
5300000855,109040003,"MOTO BDS CASTORO 180CC, AMARILLO",2026-03-19 00:00:00,2026-03-27 00:00:00,8.00,22
5300000856,108635002,"MOTO VELOCI DYNAMIK PRO 200CC, NEGRO",2026-03-21 00:00:00,2026-04-01 00:00:00,11.00,6
5300000856,109587001,"MOTO VELOCI RAZZER HYPER SPORT 330, ROJO",2026-03-21 00:00:00,2026-04-01 00:00:00,11.00,28
5300000856,109588001,"MOTO VELOCI XEVERUS EVO PRO 330CC, ROJO",2026-03-21 00:00:00,2026-04-01 00:00:00,11.00,14
5300000857,108635002,"MOTO VELOCI DYNAMIK PRO 200CC, NEGRO",2026-03-21 00:00:00,2026-04-02 00:00:00,12.00,10
5300000857,108638001,"MOTO VELOCI RAZZER GTR 220CC, ROJO",2026-03-21 00:00:00,2026-04-02 00:00:00,12.00,20
5300000857,109584001,"MOTO VELOCI RUBAK EVO TRAIL 220CC, VERDE",2026-03-21 00:00:00,2026-04-02 00:00:00,12.00,10
5300000857,109586001,"MOTO VELOCI BREAKSTORM SPORT 330CC, GRIS",2026-03-21 00:00:00,2026-04-02 00:00:00,12.00,12
5300000858,108635002,"MOTO VELOCI DYNAMIK PRO 200CC, NEGRO",2026-03-21 00:00:00,2026-04-03 00:00:00,13.00,12
5300000858,108637001,"MOTO VELOCI SYRIUS RS SPORT 20, AMARILLO",2026-03-21 00:00:00,2026-04-03 00:00:00,13.00,8
5300000858,108638001,"MOTO VELOCI RAZZER GTR 220CC, ROJO",2026-03-21 00:00:00,2026-04-03 00:00:00,13.00,8
5300000858,108639001,"MOTO VELOCI REVENGE DYNAMIK  220CC, GRIS",2026-03-21 00:00:00,2026-04-03 00:00:00,13.00,8
5300000858,109587001,"MOTO VELOCI RAZZER HYPER SPORT 330, ROJO",2026-03-21 00:00:00,2026-04-03 00:00:00,13.00,8
5300000858,109588001,"MOTO VELOCI XEVERUS EVO PRO 330CC, ROJO",2026-03-21 00:00:00,2026-04-03 00:00:00,13.00,8
5300000859,108635002,"MOTO VELOCI DYNAMIK PRO 200CC, NEGRO",2026-03-21 00:00:00,2026-04-03 00:00:00,13.00,6
5300000859,108637001,"MOTO VELOCI SYRIUS RS SPORT 20, AMARILLO",2026-03-21 00:00:00,2026-04-03 00:00:00,13.00,6
5300000859,108638001,"MOTO VELOCI RAZZER GTR 220CC, ROJO",2026-03-21 00:00:00,2026-04-03 00:00:00,13.00,8
5300000859,108639001,"MOTO VELOCI REVENGE DYNAMIK  220CC, GRIS",2026-03-21 00:00:00,2026-04-03 00:00:00,13.00,10
5300000859,109586001,"MOTO VELOCI BREAKSTORM SPORT 330CC, GRIS",2026-03-21 00:00:00,2026-04-03 00:00:00,13.00,6
5300000859,109587001,"MOTO VELOCI RAZZER HYPER SPORT 330, ROJO",2026-03-21 00:00:00,2026-04-03 00:00:00,13.00,6
5300000859,109588001,"MOTO VELOCI XEVERUS EVO PRO 330CC, ROJO",2026-03-21 00:00:00,2026-04-03 00:00:00,13.00,6
4500596338,108812002,"MOTO CARABELA ROUTE R SONORA 200CC, AZUL",2026-03-23 00:00:00,2026-03-24 00:00:00,1.00,-1
5300000860,108635002,"MOTO VELOCI DYNAMIK PRO 200CC, NEGRO",2026-03-23 00:00:00,2026-04-02 00:00:00,10.00,8
5300000860,108637001,"MOTO VELOCI SYRIUS RS SPORT 20, AMARILLO",2026-03-23 00:00:00,2026-04-02 00:00:00,10.00,8
5300000860,108638001,"MOTO VELOCI RAZZER GTR 220CC, ROJO",2026-03-23 00:00:00,2026-04-02 00:00:00,10.00,20
5300000860,109584001,"MOTO VELOCI RUBAK EVO TRAIL 220CC, VERDE",2026-03-23 00:00:00,2026-04-02 00:00:00,10.00,12
5300000860,109588001,"MOTO VELOCI XEVERUS EVO PRO 330CC, ROJO",2026-03-23 00:00:00,2026-04-02 00:00:00,10.00,6
5300000861,108635002,"MOTO VELOCI DYNAMIK PRO 200CC, NEGRO",2026-03-23 00:00:00,2026-04-02 00:00:00,10.00,6
5300000861,108637001,"MOTO VELOCI SYRIUS RS SPORT 20, AMARILLO",2026-03-23 00:00:00,2026-04-02 00:00:00,10.00,6
5300000861,108638001,"MOTO VELOCI RAZZER GTR 220CC, ROJO",2026-03-23 00:00:00,2026-04-02 00:00:00,10.00,14
5300000861,108639001,"MOTO VELOCI REVENGE DYNAMIK  220CC, GRIS",2026-03-23 00:00:00,2026-04-02 00:00:00,10.00,10
5300000861,109586001,"MOTO VELOCI BREAKSTORM SPORT 330CC, GRIS",2026-03-23 00:00:00,2026-04-02 00:00:00,10.00,4
5300000861,109588001,"MOTO VELOCI XEVERUS EVO PRO 330CC, ROJO",2026-03-23 00:00:00,2026-04-02 00:00:00,10.00,8
5300000862,108635002,"MOTO VELOCI DYNAMIK PRO 200CC, NEGRO",2026-03-23 00:00:00,2026-04-01 00:00:00,9.00,2
5300000862,108638001,"MOTO VELOCI RAZZER GTR 220CC, ROJO",2026-03-23 00:00:00,2026-04-01 00:00:00,9.00,8
5300000862,108639001,"MOTO VELOCI REVENGE DYNAMIK  220CC, GRIS",2026-03-23 00:00:00,2026-04-01 00:00:00,9.00,6
5300000862,109586001,"MOTO VELOCI BREAKSTORM SPORT 330CC, GRIS",2026-03-23 00:00:00,2026-04-01 00:00:00,9.00,4
5300000862,109587001,"MOTO VELOCI RAZZER HYPER SPORT 330, ROJO",2026-03-23 00:00:00,2026-04-01 00:00:00,9.00,10
5300000862,109588001,"MOTO VELOCI XEVERUS EVO PRO 330CC, ROJO",2026-03-23 00:00:00,2026-04-01 00:00:00,9.00,16
5300000863,108637001,"MOTO VELOCI SYRIUS RS SPORT 20, AMARILLO",2026-03-23 00:00:00,2026-04-04 00:00:00,12.00,10
5300000863,108638001,"MOTO VELOCI RAZZER GTR 220CC, ROJO",2026-03-23 00:00:00,2026-04-04 00:00:00,12.00,8
5300000863,108639001,"MOTO VELOCI REVENGE DYNAMIK  220CC, GRIS",2026-03-23 00:00:00,2026-04-04 00:00:00,12.00,6
5300000863,109584001,"MOTO VELOCI RUBAK EVO TRAIL 220CC, VERDE",2026-03-23 00:00:00,2026-04-04 00:00:00,12.00,12
5300000863,109587001,"MOTO VELOCI RAZZER HYPER SPORT 330, ROJO",2026-03-23 00:00:00,2026-04-04 00:00:00,12.00,10
5300000863,109588001,"MOTO VELOCI XEVERUS EVO PRO 330CC, ROJO",2026-03-23 00:00:00,2026-04-04 00:00:00,12.00,6
5300000864,108637001,"MOTO VELOCI SYRIUS RS SPORT 20, AMARILLO",2026-03-23 00:00:00,2026-04-02 00:00:00,10.00,12
5300000864,108638001,"MOTO VELOCI RAZZER GTR 220CC, ROJO",2026-03-23 00:00:00,2026-04-02 00:00:00,10.00,8
5300000864,108639001,"MOTO VELOCI REVENGE DYNAMIK  220CC, GRIS",2026-03-23 00:00:00,2026-04-02 00:00:00,10.00,6
5300000864,109584001,"MOTO VELOCI RUBAK EVO TRAIL 220CC, VERDE",2026-03-23 00:00:00,2026-04-02 00:00:00,10.00,8
5300000864,109586001,"MOTO VELOCI BREAKSTORM SPORT 330CC, GRIS",2026-03-23 00:00:00,2026-04-02 00:00:00,10.00,4
5300000864,109587001,"MOTO VELOCI RAZZER HYPER SPORT 330, ROJO",2026-03-23 00:00:00,2026-04-02 00:00:00,10.00,6
5300000864,109588001,"MOTO VELOCI XEVERUS EVO PRO 330CC, ROJO",2026-03-23 00:00:00,2026-04-02 00:00:00,10.00,8
5300000865,108637001,"MOTO VELOCI SYRIUS RS SPORT 20, AMARILLO",2026-03-23 00:00:00,2026-04-02 00:00:00,10.00,6
5300000865,108638001,"MOTO VELOCI RAZZER GTR 220CC, ROJO",2026-03-23 00:00:00,2026-04-02 00:00:00,10.00,10
5300000865,109584001,"MOTO VELOCI RUBAK EVO TRAIL 220CC, VERDE",2026-03-23 00:00:00,2026-04-02 00:00:00,10.00,8
5300000865,109586001,"MOTO VELOCI BREAKSTORM SPORT 330CC, GRIS",2026-03-23 00:00:00,2026-04-02 00:00:00,10.00,6
5300000865,109587001,"MOTO VELOCI RAZZER HYPER SPORT 330, ROJO",2026-03-23 00:00:00,2026-04-02 00:00:00,10.00,6
5300000865,109588001,"MOTO VELOCI XEVERUS EVO PRO 330CC, ROJO",2026-03-23 00:00:00,2026-04-02 00:00:00,10.00,6
5300000866,108637001,"MOTO VELOCI SYRIUS RS SPORT 20, AMARILLO",2026-03-23 00:00:00,2026-04-06 00:00:00,14.00,12
5300000866,108639001,"MOTO VELOCI REVENGE DYNAMIK  220CC, GRIS",2026-03-23 00:00:00,2026-04-06 00:00:00,14.00,4
5300000866,109584001,"MOTO VELOCI RUBAK EVO TRAIL 220CC, VERDE",2026-03-23 00:00:00,2026-04-06 00:00:00,14.00,16
5300000866,109587001,"MOTO VELOCI RAZZER HYPER SPORT 330, ROJO",2026-03-23 00:00:00,2026-04-06 00:00:00,14.00,12
5300000866,109588001,"MOTO VELOCI XEVERUS EVO PRO 330CC, ROJO",2026-03-23 00:00:00,2026-04-06 00:00:00,14.00,8
5300000867,108652001,"MOTO DINAMO ADVENTURE ELITE 150CC, ROJO",2026-03-25 00:00:00,2026-03-30 00:00:00,5.00,1
5300000867,108655001,"MOTO DINAMO CUSTOM 150CC, ROJO",2026-03-25 00:00:00,2026-03-25 00:00:00,1.00,2
5300000867,108655003,"MOTO DINAMO CUSTOM 150CC, NEGRO",2026-03-25 00:00:00,2026-03-28 00:00:00,3.00,1
5300000867,108690001,"MOTO DINAMO SCORPIO 200CC, ROJO",2026-03-25 00:00:00,2026-03-30 00:00:00,5.00,1
5300000867,108690003,"MOTO DINAMO SCORPIO 200CC, NEGRO",2026-03-25 00:00:00,2026-03-27 00:00:00,3.50,2
5300000867,108691002,"MOTO DINAMO U5 150CC, AZUL",2026-03-25 00:00:00,2026-03-28 00:00:00,4.00,2
5300000867,108691003,"MOTO DINAMO U5 150CC, GRIS",2026-03-25 00:00:00,2026-03-30 00:00:00,5.00,1
5300000867,109118001,"MOTO DINAMO U2 150CC, ROJO",2026-03-25 00:00:00,2026-03-30 00:00:00,5.00,1
5300000867,109118002,"MOTO DINAMO U2 150CC, AZUL",2026-03-25 00:00:00,2026-03-25 00:00:00,0.00,1
5300000867,109118003,"MOTO DINAMO U2 150CC, PLATA",2026-03-25 00:00:00,2026-03-27 00:00:00,3.75,4
5300000867,109137001,"MOTO DINAMO ALIEN-R 175 CC, ROJO",2026-03-25 00:00:00,2026-03-30 00:00:00,5.00,1
5300000867,109523001,"MOTO DINAMO SPEED FIRE SPDF 250CC, ROJO",2026-03-25 00:00:00,2026-03-27 00:00:00,2.00,2
5300000867,109523002,"MOTO DINAMO SPEED FIRE SPDF 250CC, AZUL",2026-03-25 00:00:00,2026-03-27 00:00:00,2.00,1
5300000868,108726001,"MOTO BDS STARK 250CC, ROJO",2026-03-26 00:00:00,2026-04-03 00:00:00,8.00,7
5300000868,108726002,"MOTO BDS STARK 250CC, GRIS",2026-03-26 00:00:00,2026-04-03 00:00:00,8.00,1
5300000868,108813001,"MOTO BDS HAWK 200CC, NEGRO",2026-03-26 00:00:00,2026-04-03 00:00:00,8.00,13
5300000868,109031001,"MOTO BDS HAWK GT 250CC, AZUL",2026-03-26 00:00:00,2026-04-03 00:00:00,8.00,1
5300000868,109040003,"MOTO BDS CASTORO 180CC, AMARILLO",2026-03-26 00:00:00,2026-04-03 00:00:00,8.00,3
5300000868,109233001,"MOTO BDS MAGMA 150CC, ROJO",2026-03-26 00:00:00,2026-04-03 00:00:00,8.00,1
5300000868,109233003,"MOTO BDS MAGMA 150CC, AZUL",2026-03-26 00:00:00,2026-04-03 00:00:00,8.00,1
5300000868,109233004,"MOTO BDS MAGMA 150CC, GRIS",2026-03-26 00:00:00,2026-04-03 00:00:00,8.00,2
5300000868,109234001,"MOTO BDS STARK 300CC, ROJO",2026-03-26 00:00:00,2026-04-03 00:00:00,8.00,1
5300000868,109638001,"MOTO BDS HAWK 250CC, AZUL",2026-03-26 00:00:00,2026-04-03 00:00:00,8.00,10
5300000868,109783001,"MOTO BDS RHINO 200CC, AZUL",2026-03-26 00:00:00,2026-04-03 00:00:00,8.00,2
5300000869,108726001,"MOTO BDS STARK 250CC, ROJO",2026-03-26 00:00:00,2026-04-08 00:00:00,13.00,7
5300000869,108726002,"MOTO BDS STARK 250CC, GRIS",2026-03-26 00:00:00,2026-04-08 00:00:00,13.00,1
5300000869,108813001,"MOTO BDS HAWK 200CC, NEGRO",2026-03-26 00:00:00,2026-04-08 00:00:00,13.00,12
5300000869,109031001,"MOTO BDS HAWK GT 250CC, AZUL",2026-03-26 00:00:00,2026-04-08 00:00:00,13.00,1
5300000869,109040003,"MOTO BDS CASTORO 180CC, AMARILLO",2026-03-26 00:00:00,2026-04-08 00:00:00,13.00,2
5300000869,109233001,"MOTO BDS MAGMA 150CC, ROJO",2026-03-26 00:00:00,2026-04-08 00:00:00,13.00,1
5300000869,109233002,"MOTO BDS MAGMA 150CC, NEGRO",2026-03-26 00:00:00,2026-04-08 00:00:00,13.00,1
5300000869,109233003,"MOTO BDS MAGMA 150CC, AZUL",2026-03-26 00:00:00,2026-04-08 00:00:00,13.00,1
5300000869,109233004,"MOTO BDS MAGMA 150CC, GRIS",2026-03-26 00:00:00,2026-04-08 00:00:00,13.00,2
5300000869,109234001,"MOTO BDS STARK 300CC, ROJO",2026-03-26 00:00:00,2026-04-08 00:00:00,13.00,2
5300000869,109234002,"MOTO BDS STARK 300CC, AZUL",2026-03-26 00:00:00,2026-04-08 00:00:00,13.00,2
5300000869,109638001,"MOTO BDS HAWK 250CC, AZUL",2026-03-26 00:00:00,2026-04-08 00:00:00,13.00,10
5300000869,109783001,"MOTO BDS RHINO 200CC, AZUL",2026-03-26 00:00:00,2026-04-08 00:00:00,13.00,1
5300000870,108726001,"MOTO BDS STARK 250CC, ROJO",2026-03-26 00:00:00,2026-04-10 00:00:00,15.00,6
5300000870,108726002,"MOTO BDS STARK 250CC, GRIS",2026-03-26 00:00:00,2026-04-10 00:00:00,15.00,1
5300000870,108813001,"MOTO BDS HAWK 200CC, NEGRO",2026-03-26 00:00:00,2026-04-10 00:00:00,15.00,12
5300000870,109031001,"MOTO BDS HAWK GT 250CC, AZUL",2026-03-26 00:00:00,2026-04-10 00:00:00,15.00,1
5300000870,109040003,"MOTO BDS CASTORO 180CC, AMARILLO",2026-03-26 00:00:00,2026-04-10 00:00:00,15.00,3
5300000870,109233001,"MOTO BDS MAGMA 150CC, ROJO",2026-03-26 00:00:00,2026-04-10 00:00:00,15.00,2
5300000870,109233002,"MOTO BDS MAGMA 150CC, NEGRO",2026-03-26 00:00:00,2026-04-10 00:00:00,15.00,1
5300000870,109233003,"MOTO BDS MAGMA 150CC, AZUL",2026-03-26 00:00:00,2026-04-10 00:00:00,15.00,1
5300000870,109233004,"MOTO BDS MAGMA 150CC, GRIS",2026-03-26 00:00:00,2026-04-10 00:00:00,15.00,2
5300000870,109234001,"MOTO BDS STARK 300CC, ROJO",2026-03-26 00:00:00,2026-04-10 00:00:00,15.00,2
5300000870,109234002,"MOTO BDS STARK 300CC, AZUL",2026-03-26 00:00:00,2026-04-10 00:00:00,15.00,1
5300000870,109638001,"MOTO BDS HAWK 250CC, AZUL",2026-03-26 00:00:00,2026-04-10 00:00:00,15.00,10
5300000870,109783001,"MOTO BDS RHINO 200CC, AZUL",2026-03-26 00:00:00,2026-04-10 00:00:00,15.00,1
5300000871,108721001,"MOTO BDS SAETA 150CC, AZUL",2026-03-26 00:00:00,2026-04-03 00:00:00,8.00,5
5300000871,108813001,"MOTO BDS HAWK 200CC, NEGRO",2026-03-26 00:00:00,2026-04-03 00:00:00,8.00,20
5300000871,109569001,"MOTO BDS SB 180CC, BLANCO",2026-03-26 00:00:00,2026-04-03 00:00:00,8.00,4
5300000871,109870001,"MOTO BDS THUNDER 190CC, NEGRO",2026-03-26 00:00:00,2026-04-03 00:00:00,8.00,15
5300000872,109040003,"MOTO BDS CASTORO 180CC, AMARILLO",2026-03-26 00:00:00,2026-04-07 00:00:00,12.00,12
5300000872,109233002,"MOTO BDS MAGMA 150CC, NEGRO",2026-03-26 00:00:00,2026-04-07 00:00:00,12.00,2
5300000872,109569001,"MOTO BDS SB 180CC, BLANCO",2026-03-26 00:00:00,2026-04-07 00:00:00,12.00,15
5300000872,109870001,"MOTO BDS THUNDER 190CC, NEGRO",2026-03-26 00:00:00,2026-04-07 00:00:00,12.00,15
5300000873,108726001,"MOTO BDS STARK 250CC, ROJO",2026-03-26 00:00:00,2026-04-10 00:00:00,15.00,8
5300000873,108813001,"MOTO BDS HAWK 200CC, NEGRO",2026-03-26 00:00:00,2026-04-10 00:00:00,15.00,14
5300000873,109040003,"MOTO BDS CASTORO 180CC, AMARILLO",2026-03-26 00:00:00,2026-04-10 00:00:00,15.00,6
5300000873,109233004,"MOTO BDS MAGMA 150CC, GRIS",2026-03-26 00:00:00,2026-04-10 00:00:00,15.00,10
5300000873,109569001,"MOTO BDS SB 180CC, BLANCO",2026-03-26 00:00:00,2026-04-10 00:00:00,15.00,6
5300000874,108726001,"MOTO BDS STARK 250CC, ROJO",2026-03-26 00:00:00,2026-04-13 00:00:00,18.00,2
5300000874,108813001,"MOTO BDS HAWK 200CC, NEGRO",2026-03-26 00:00:00,2026-04-13 00:00:00,18.00,8
5300000874,109040001,"MOTO BDS CASTORO 180CC, AZUL",2026-03-26 00:00:00,2026-04-13 00:00:00,18.00,10
5300000874,109233004,"MOTO BDS MAGMA 150CC, GRIS",2026-03-26 00:00:00,2026-04-13 00:00:00,18.00,2
5300000874,109569001,"MOTO BDS SB 180CC, BLANCO",2026-03-26 00:00:00,2026-04-13 00:00:00,18.00,1
5300000874,109638001,"MOTO BDS HAWK 250CC, AZUL",2026-03-26 00:00:00,2026-04-13 00:00:00,18.00,9
5300000874,109870001,"MOTO BDS THUNDER 190CC, NEGRO",2026-03-26 00:00:00,2026-04-13 00:00:00,18.00,12
5300000875,108813001,"MOTO BDS HAWK 200CC, NEGRO",2026-03-26 00:00:00,2026-04-03 00:00:00,8.00,10
5300000875,109040001,"MOTO BDS CASTORO 180CC, AZUL",2026-03-26 00:00:00,2026-04-03 00:00:00,8.00,14
5300000875,109233001,"MOTO BDS MAGMA 150CC, ROJO",2026-03-26 00:00:00,2026-04-03 00:00:00,8.00,5
5300000875,109638001,"MOTO BDS HAWK 250CC, AZUL",2026-03-26 00:00:00,2026-04-03 00:00:00,8.00,15
5300000876,109040001,"MOTO BDS CASTORO 180CC, AZUL",2026-03-26 00:00:00,2026-04-03 00:00:00,8.00,20
5300000876,109040003,"MOTO BDS CASTORO 180CC, AMARILLO",2026-03-26 00:00:00,2026-04-03 00:00:00,8.00,12
5300000876,109233003,"MOTO BDS MAGMA 150CC, AZUL",2026-03-26 00:00:00,2026-04-03 00:00:00,8.00,3
5300000876,109569001,"MOTO BDS SB 180CC, BLANCO",2026-03-26 00:00:00,2026-04-03 00:00:00,8.00,8
5300000876,109783001,"MOTO BDS RHINO 200CC, AZUL",2026-03-26 00:00:00,2026-04-03 00:00:00,8.00,1
5300000877,108726002,"MOTO BDS STARK 250CC, GRIS",2026-03-26 00:00:00,2026-04-07 00:00:00,12.00,12
5300000877,109031001,"MOTO BDS HAWK GT 250CC, AZUL",2026-03-26 00:00:00,2026-04-07 00:00:00,12.00,10
5300000877,109040003,"MOTO BDS CASTORO 180CC, AMARILLO",2026-03-26 00:00:00,2026-04-07 00:00:00,12.00,20
5300000877,109233003,"MOTO BDS MAGMA 150CC, AZUL",2026-03-26 00:00:00,2026-04-07 00:00:00,12.00,1
5300000877,109783001,"MOTO BDS RHINO 200CC, AZUL",2026-03-26 00:00:00,2026-04-07 00:00:00,12.00,1
5300000878,108726002,"MOTO BDS STARK 250CC, GRIS",2026-03-26 00:00:00,2026-04-09 00:00:00,14.00,1
5300000878,109040003,"MOTO BDS CASTORO 180CC, AMARILLO",2026-03-26 00:00:00,2026-04-09 00:00:00,14.00,8
5300000878,109233004,"MOTO BDS MAGMA 150CC, GRIS",2026-03-26 00:00:00,2026-04-09 00:00:00,14.00,12
5300000878,109234001,"MOTO BDS STARK 300CC, ROJO",2026-03-26 00:00:00,2026-04-09 00:00:00,14.00,4
5300000878,109870001,"MOTO BDS THUNDER 190CC, NEGRO",2026-03-26 00:00:00,2026-04-09 00:00:00,14.00,20
5300000879,109040001,"MOTO BDS CASTORO 180CC, AZUL",2026-03-26 00:00:00,2026-04-11 00:00:00,16.00,20
5300000879,109638001,"MOTO BDS HAWK 250CC, AZUL",2026-03-26 00:00:00,2026-04-11 00:00:00,16.00,12
5300000879,109783001,"MOTO BDS RHINO 200CC, AZUL",2026-03-26 00:00:00,2026-04-11 00:00:00,16.00,1
5300000879,109870001,"MOTO BDS THUNDER 190CC, NEGRO",2026-03-26 00:00:00,2026-04-11 00:00:00,16.00,11
5300000880,109040003,"MOTO BDS CASTORO 180CC, AMARILLO",2026-03-26 00:00:00,2026-04-14 00:00:00,19.00,44
5300000881,109040001,"MOTO BDS CASTORO 180CC, AZUL",2026-03-26 00:00:00,2026-04-18 00:00:00,23.00,12
5300000881,109040003,"MOTO BDS CASTORO 180CC, AMARILLO",2026-03-26 00:00:00,2026-04-18 00:00:00,23.00,8
5300000881,109233002,"MOTO BDS MAGMA 150CC, NEGRO",2026-03-26 00:00:00,2026-04-18 00:00:00,23.00,5
5300000881,109233004,"MOTO BDS MAGMA 150CC, GRIS",2026-03-26 00:00:00,2026-04-18 00:00:00,23.00,15
5300000881,109783001,"MOTO BDS RHINO 200CC, AZUL",2026-03-26 00:00:00,2026-04-18 00:00:00,23.00,1
5300000881,109870001,"MOTO BDS THUNDER 190CC, NEGRO",2026-03-26 00:00:00,2026-04-18 00:00:00,23.00,3
5300000882,109040003,"MOTO BDS CASTORO 180CC, AMARILLO",2026-03-26 00:00:00,2026-04-22 00:00:00,27.00,43
5300000882,109783001,"MOTO BDS RHINO 200CC, AZUL",2026-03-26 00:00:00,2026-04-22 00:00:00,27.00,1
5300000883,108721001,"MOTO BDS SAETA 150CC, AZUL",2026-03-26 00:00:00,2026-04-06 00:00:00,11.00,3
5300000883,108726001,"MOTO BDS STARK 250CC, ROJO",2026-03-26 00:00:00,2026-04-06 00:00:00,11.00,1
5300000883,108726002,"MOTO BDS STARK 250CC, GRIS",2026-03-26 00:00:00,2026-04-06 00:00:00,11.00,2
5300000883,108813001,"MOTO BDS HAWK 200CC, NEGRO",2026-03-26 00:00:00,2026-04-06 00:00:00,11.00,9
5300000883,109040001,"MOTO BDS CASTORO 180CC, AZUL",2026-03-26 00:00:00,2026-04-06 00:00:00,11.00,3
5300000883,109040003,"MOTO BDS CASTORO 180CC, AMARILLO",2026-03-26 00:00:00,2026-04-06 00:00:00,11.00,2
5300000883,109234001,"MOTO BDS STARK 300CC, ROJO",2026-03-26 00:00:00,2026-04-06 00:00:00,11.00,2
5300000883,109234002,"MOTO BDS STARK 300CC, AZUL",2026-03-26 00:00:00,2026-04-06 00:00:00,11.00,2
5300000883,109638001,"MOTO BDS HAWK 250CC, AZUL",2026-03-26 00:00:00,2026-04-06 00:00:00,11.00,4
5300000883,109783001,"MOTO BDS RHINO 200CC, AZUL",2026-03-26 00:00:00,2026-04-06 00:00:00,11.00,4
5300000883,109870001,"MOTO BDS THUNDER 190CC, NEGRO",2026-03-26 00:00:00,2026-04-06 00:00:00,11.00,4
5300000884,108721001,"MOTO BDS SAETA 150CC, AZUL",2026-03-26 00:00:00,2026-04-08 00:00:00,13.00,2
5300000884,108726001,"MOTO BDS STARK 250CC, ROJO",2026-03-26 00:00:00,2026-04-08 00:00:00,13.00,1
5300000884,108726002,"MOTO BDS STARK 250CC, GRIS",2026-03-26 00:00:00,2026-04-08 00:00:00,13.00,3
5300000884,108813001,"MOTO BDS HAWK 200CC, NEGRO",2026-03-26 00:00:00,2026-04-08 00:00:00,13.00,9
5300000884,109040001,"MOTO BDS CASTORO 180CC, AZUL",2026-03-26 00:00:00,2026-04-08 00:00:00,13.00,2
5300000884,109040003,"MOTO BDS CASTORO 180CC, AMARILLO",2026-03-26 00:00:00,2026-04-08 00:00:00,13.00,2
5300000884,109234001,"MOTO BDS STARK 300CC, ROJO",2026-03-26 00:00:00,2026-04-08 00:00:00,13.00,2
5300000884,109234002,"MOTO BDS STARK 300CC, AZUL",2026-03-26 00:00:00,2026-04-08 00:00:00,13.00,3
5300000884,109638001,"MOTO BDS HAWK 250CC, AZUL",2026-03-26 00:00:00,2026-04-08 00:00:00,13.00,4
5300000884,109783001,"MOTO BDS RHINO 200CC, AZUL",2026-03-26 00:00:00,2026-04-08 00:00:00,13.00,4
5300000884,109870001,"MOTO BDS THUNDER 190CC, NEGRO",2026-03-26 00:00:00,2026-04-08 00:00:00,13.00,4
5300000885,108726001,"MOTO BDS STARK 250CC, ROJO",2026-03-26 00:00:00,2026-04-08 00:00:00,13.00,4
5300000885,108726002,"MOTO BDS STARK 250CC, GRIS",2026-03-26 00:00:00,2026-04-08 00:00:00,13.00,5
5300000885,108813001,"MOTO BDS HAWK 200CC, NEGRO",2026-03-26 00:00:00,2026-04-08 00:00:00,13.00,7
5300000885,109040001,"MOTO BDS CASTORO 180CC, AZUL",2026-03-26 00:00:00,2026-04-08 00:00:00,13.00,4
5300000885,109040003,"MOTO BDS CASTORO 180CC, AMARILLO",2026-03-26 00:00:00,2026-04-08 00:00:00,13.00,7
5300000885,109638001,"MOTO BDS HAWK 250CC, AZUL",2026-03-26 00:00:00,2026-04-08 00:00:00,13.00,8
5300000885,109783001,"MOTO BDS RHINO 200CC, AZUL",2026-03-26 00:00:00,2026-04-08 00:00:00,13.00,2
5300000885,109870001,"MOTO BDS THUNDER 190CC, NEGRO",2026-03-26 00:00:00,2026-04-08 00:00:00,13.00,5
5300000886,108726001,"MOTO BDS STARK 250CC, ROJO",2026-03-26 00:00:00,2026-04-08 00:00:00,13.00,9
5300000886,108726002,"MOTO BDS STARK 250CC, GRIS",2026-03-26 00:00:00,2026-04-08 00:00:00,13.00,10
5300000886,108813001,"MOTO BDS HAWK 200CC, NEGRO",2026-03-26 00:00:00,2026-04-08 00:00:00,13.00,10
5300000886,109638001,"MOTO BDS HAWK 250CC, AZUL",2026-03-26 00:00:00,2026-04-08 00:00:00,13.00,5
5300000886,109783001,"MOTO BDS RHINO 200CC, AZUL",2026-03-26 00:00:00,2026-04-08 00:00:00,13.00,5
5300000887,108721001,"MOTO BDS SAETA 150CC, AZUL",2026-03-30 00:00:00,2026-04-10 00:00:00,11.00,7
5300000887,108726002,"MOTO BDS STARK 250CC, GRIS",2026-03-30 00:00:00,2026-04-10 00:00:00,11.00,2
5300000887,108813001,"MOTO BDS HAWK 200CC, NEGRO",2026-03-30 00:00:00,2026-04-10 00:00:00,11.00,10
5300000887,109040001,"MOTO BDS CASTORO 180CC, AZUL",2026-03-30 00:00:00,2026-04-10 00:00:00,11.00,10
5300000887,109234002,"MOTO BDS STARK 300CC, AZUL",2026-03-30 00:00:00,2026-04-10 00:00:00,11.00,5
5300000887,109638001,"MOTO BDS HAWK 250CC, AZUL",2026-03-30 00:00:00,2026-04-10 00:00:00,11.00,10
5300000888,108726001,"MOTO BDS STARK 250CC, ROJO",2026-03-30 00:00:00,2026-04-11 00:00:00,12.00,4
5300000888,108726002,"MOTO BDS STARK 250CC, GRIS",2026-03-30 00:00:00,2026-04-11 00:00:00,12.00,5
5300000888,108813001,"MOTO BDS HAWK 200CC, NEGRO",2026-03-30 00:00:00,2026-04-11 00:00:00,12.00,10
5300000888,109031001,"MOTO BDS HAWK GT 250CC, AZUL",2026-03-30 00:00:00,2026-04-11 00:00:00,12.00,5
5300000888,109233001,"MOTO BDS MAGMA 150CC, ROJO",2026-03-30 00:00:00,2026-04-11 00:00:00,12.00,3
5300000888,109233003,"MOTO BDS MAGMA 150CC, AZUL",2026-03-30 00:00:00,2026-04-11 00:00:00,12.00,2
5300000888,109870001,"MOTO BDS THUNDER 190CC, NEGRO",2026-03-30 00:00:00,2026-04-11 00:00:00,12.00,15
5300000889,109040001,"MOTO BDS CASTORO 180CC, AZUL",2026-03-30 00:00:00,2026-04-16 00:00:00,17.00,12
5300000889,109040003,"MOTO BDS CASTORO 180CC, AMARILLO",2026-03-30 00:00:00,2026-04-16 00:00:00,17.00,12
5300000889,109233002,"MOTO BDS MAGMA 150CC, NEGRO",2026-03-30 00:00:00,2026-04-16 00:00:00,17.00,3
5300000889,109234001,"MOTO BDS STARK 300CC, ROJO",2026-03-30 00:00:00,2026-04-16 00:00:00,17.00,2
5300000889,109638001,"MOTO BDS HAWK 250CC, AZUL",2026-03-30 00:00:00,2026-04-16 00:00:00,17.00,15
5300000890,109040001,"MOTO BDS CASTORO 180CC, AZUL",2026-03-30 00:00:00,2026-04-22 00:00:00,23.00,20
5300000890,109040003,"MOTO BDS CASTORO 180CC, AMARILLO",2026-03-30 00:00:00,2026-04-22 00:00:00,23.00,10
5300000890,109233004,"MOTO BDS MAGMA 150CC, GRIS",2026-03-30 00:00:00,2026-04-22 00:00:00,23.00,10
5300000890,109569001,"MOTO BDS SB 180CC, BLANCO",2026-03-30 00:00:00,2026-04-22 00:00:00,23.00,4
5300000891,109040001,"MOTO BDS CASTORO 180CC, AZUL",2026-03-30 00:00:00,2026-04-23 00:00:00,24.00,18
5300000891,109040003,"MOTO BDS CASTORO 180CC, AMARILLO",2026-03-30 00:00:00,2026-04-23 00:00:00,24.00,26
5300000892,108721001,"MOTO BDS SAETA 150CC, AZUL",2026-03-30 00:00:00,2026-04-10 00:00:00,11.00,10
5300000892,108726001,"MOTO BDS STARK 250CC, ROJO",2026-03-30 00:00:00,2026-04-10 00:00:00,11.00,4
5300000892,108726002,"MOTO BDS STARK 250CC, GRIS",2026-03-30 00:00:00,2026-04-10 00:00:00,11.00,4
5300000892,108813001,"MOTO BDS HAWK 200CC, NEGRO",2026-03-30 00:00:00,2026-04-10 00:00:00,11.00,8
5300000892,109040001,"MOTO BDS CASTORO 180CC, AZUL",2026-03-30 00:00:00,2026-04-10 00:00:00,11.00,5
5300000892,109040003,"MOTO BDS CASTORO 180CC, AMARILLO",2026-03-30 00:00:00,2026-04-10 00:00:00,11.00,7
5300000892,109638001,"MOTO BDS HAWK 250CC, AZUL",2026-03-30 00:00:00,2026-04-10 00:00:00,11.00,6
5300000893,108813001,"MOTO BDS HAWK 200CC, NEGRO",2026-03-30 00:00:00,2026-04-14 00:00:00,15.00,10
5300000893,109040001,"MOTO BDS CASTORO 180CC, AZUL",2026-03-30 00:00:00,2026-04-14 00:00:00,15.00,8
5300000893,109040003,"MOTO BDS CASTORO 180CC, AMARILLO",2026-03-30 00:00:00,2026-04-14 00:00:00,15.00,10
5300000893,109233004,"MOTO BDS MAGMA 150CC, GRIS",2026-03-30 00:00:00,2026-04-14 00:00:00,15.00,2
5300000893,109234002,"MOTO BDS STARK 300CC, AZUL",2026-03-30 00:00:00,2026-04-14 00:00:00,15.00,3
5300000893,109569001,"MOTO BDS SB 180CC, BLANCO",2026-03-30 00:00:00,2026-04-14 00:00:00,15.00,3
5300000893,109638001,"MOTO BDS HAWK 250CC, AZUL",2026-03-30 00:00:00,2026-04-14 00:00:00,15.00,5
5300000893,109783001,"MOTO BDS RHINO 200CC, AZUL",2026-03-30 00:00:00,2026-04-14 00:00:00,15.00,2
5300000894,108726001,"MOTO BDS STARK 250CC, ROJO",2026-03-30 00:00:00,2026-04-13 00:00:00,14.00,3
5300000894,108726002,"MOTO BDS STARK 250CC, GRIS",2026-03-30 00:00:00,2026-04-13 00:00:00,14.00,5
5300000894,108813001,"MOTO BDS HAWK 200CC, NEGRO",2026-03-30 00:00:00,2026-04-13 00:00:00,14.00,11
5300000894,109040003,"MOTO BDS CASTORO 180CC, AMARILLO",2026-03-30 00:00:00,2026-04-13 00:00:00,14.00,5
5300000894,109233001,"MOTO BDS MAGMA 150CC, ROJO",2026-03-30 00:00:00,2026-04-13 00:00:00,14.00,1
5300000894,109233002,"MOTO BDS MAGMA 150CC, NEGRO",2026-03-30 00:00:00,2026-04-13 00:00:00,14.00,1
5300000894,109233004,"MOTO BDS MAGMA 150CC, GRIS",2026-03-30 00:00:00,2026-04-13 00:00:00,14.00,1
5300000894,109234001,"MOTO BDS STARK 300CC, ROJO",2026-03-30 00:00:00,2026-04-13 00:00:00,14.00,5
5300000894,109234002,"MOTO BDS STARK 300CC, AZUL",2026-03-30 00:00:00,2026-04-13 00:00:00,14.00,7
5300000894,109638001,"MOTO BDS HAWK 250CC, AZUL",2026-03-30 00:00:00,2026-04-13 00:00:00,14.00,5
5300000895,108726001,"MOTO BDS STARK 250CC, ROJO",2026-03-30 00:00:00,2026-04-18 00:00:00,19.00,3
5300000895,108726002,"MOTO BDS STARK 250CC, GRIS",2026-03-30 00:00:00,2026-04-18 00:00:00,19.00,5
5300000895,108813001,"MOTO BDS HAWK 200CC, NEGRO",2026-03-30 00:00:00,2026-04-18 00:00:00,19.00,10
5300000895,109040001,"MOTO BDS CASTORO 180CC, AZUL",2026-03-30 00:00:00,2026-04-18 00:00:00,19.00,5
5300000895,109233001,"MOTO BDS MAGMA 150CC, ROJO",2026-03-30 00:00:00,2026-04-18 00:00:00,19.00,2
5300000895,109234001,"MOTO BDS STARK 300CC, ROJO",2026-03-30 00:00:00,2026-04-18 00:00:00,19.00,5
5300000895,109234002,"MOTO BDS STARK 300CC, AZUL",2026-03-30 00:00:00,2026-04-18 00:00:00,19.00,7
5300000895,109638001,"MOTO BDS HAWK 250CC, AZUL",2026-03-30 00:00:00,2026-04-18 00:00:00,19.00,5
5300000895,109783001,"MOTO BDS RHINO 200CC, AZUL",2026-03-30 00:00:00,2026-04-18 00:00:00,19.00,1
5300000896,108726001,"MOTO BDS STARK 250CC, ROJO",2026-03-30 00:00:00,2026-04-20 00:00:00,21.00,7
5300000896,108726002,"MOTO BDS STARK 250CC, GRIS",2026-03-30 00:00:00,2026-04-20 00:00:00,21.00,1
5300000896,108813001,"MOTO BDS HAWK 200CC, NEGRO",2026-03-30 00:00:00,2026-04-20 00:00:00,21.00,11
5300000896,109031001,"MOTO BDS HAWK GT 250CC, AZUL",2026-03-30 00:00:00,2026-04-20 00:00:00,21.00,1
5300000896,109040001,"MOTO BDS CASTORO 180CC, AZUL",2026-03-30 00:00:00,2026-04-20 00:00:00,21.00,5
5300000896,109233001,"MOTO BDS MAGMA 150CC, ROJO",2026-03-30 00:00:00,2026-04-20 00:00:00,21.00,1
5300000896,109233002,"MOTO BDS MAGMA 150CC, NEGRO",2026-03-30 00:00:00,2026-04-20 00:00:00,21.00,1
5300000896,109233003,"MOTO BDS MAGMA 150CC, AZUL",2026-03-30 00:00:00,2026-04-20 00:00:00,21.00,1
5300000896,109233004,"MOTO BDS MAGMA 150CC, GRIS",2026-03-30 00:00:00,2026-04-20 00:00:00,21.00,2
5300000896,109234001,"MOTO BDS STARK 300CC, ROJO",2026-03-30 00:00:00,2026-04-20 00:00:00,21.00,2
5300000896,109234002,"MOTO BDS STARK 300CC, AZUL",2026-03-30 00:00:00,2026-04-20 00:00:00,21.00,2
5300000896,109638001,"MOTO BDS HAWK 250CC, AZUL",2026-03-30 00:00:00,2026-04-20 00:00:00,21.00,10
5300000897,108721001,"MOTO BDS SAETA 150CC, AZUL",2026-03-30 00:00:00,2026-04-13 00:00:00,14.00,4
5300000897,108726001,"MOTO BDS STARK 250CC, ROJO",2026-03-30 00:00:00,2026-04-13 00:00:00,14.00,3
5300000897,108726002,"MOTO BDS STARK 250CC, GRIS",2026-03-30 00:00:00,2026-04-13 00:00:00,14.00,3
5300000897,108813001,"MOTO BDS HAWK 200CC, NEGRO",2026-03-30 00:00:00,2026-04-13 00:00:00,14.00,6
5300000897,109040001,"MOTO BDS CASTORO 180CC, AZUL",2026-03-30 00:00:00,2026-04-13 00:00:00,14.00,2
5300000897,109040003,"MOTO BDS CASTORO 180CC, AMARILLO",2026-03-30 00:00:00,2026-04-13 00:00:00,14.00,2
5300000897,109234001,"MOTO BDS STARK 300CC, ROJO",2026-03-30 00:00:00,2026-04-13 00:00:00,14.00,8
5300000897,109234002,"MOTO BDS STARK 300CC, AZUL",2026-03-30 00:00:00,2026-04-13 00:00:00,14.00,8
5300000897,109638001,"MOTO BDS HAWK 250CC, AZUL",2026-03-30 00:00:00,2026-04-13 00:00:00,14.00,6
5300000897,109783001,"MOTO BDS RHINO 200CC, AZUL",2026-03-30 00:00:00,2026-04-13 00:00:00,14.00,1
5300000898,108662001,"MOTO ISLO FREEDOM 150CC, TITANIO",2026-03-30 00:00:00,2026-05-02 00:00:00,33.00,4
5300000898,108664001,"MOTO ISLO RABBIT 150CC, BLANCO",2026-03-30 00:00:00,2026-05-02 00:00:00,33.00,4
5300000898,108668001,"MOTO CARABELA HUNTER 110CC, BLANCO",2026-03-30 00:00:00,2026-05-02 00:00:00,33.00,6
5300000898,108669001,"MOTO CARABELA HUNTER 125CC, ROJO",2026-03-30 00:00:00,2026-05-02 00:00:00,33.00,8
5300000898,108808001,"MOTO CARABELA R250Z, ROJO",2026-03-30 00:00:00,2026-05-02 00:00:00,33.00,3
5300000898,109591001,"MOTO CARABELA DAKOTA ADV 320CC, AMARILLO",2026-03-30 00:00:00,2026-05-02 00:00:00,33.00,10
5300000898,109764001,"MOTO CARABELA INDY 250CC, NEGRO",2026-03-30 00:00:00,2026-05-02 00:00:00,33.00,10
5300000899,108663002,"MOTO CARABELA BAT 150CC, NEGRO",2026-03-30 00:00:00,2026-04-24 00:00:00,25.00,2
5300000899,108664001,"MOTO ISLO RABBIT 150CC, BLANCO",2026-03-30 00:00:00,2026-04-24 00:00:00,25.00,4
5300000899,108668001,"MOTO CARABELA HUNTER 110CC, BLANCO",2026-03-30 00:00:00,2026-04-24 00:00:00,25.00,3
5300000899,108669001,"MOTO CARABELA HUNTER 125CC, ROJO",2026-03-30 00:00:00,2026-04-24 00:00:00,25.00,4
5300000899,108808001,"MOTO CARABELA R250Z, ROJO",2026-03-30 00:00:00,2026-04-24 00:00:00,25.00,2
5300000899,109571001,"MOTO CARABELA KRONOS 200CC, TITANIO",2026-03-30 00:00:00,2026-04-24 00:00:00,25.00,5
5300000899,109590002,"MOTO CARABELA KRONOS 200CC, AZUL",2026-03-30 00:00:00,2026-04-24 00:00:00,25.00,5
5300000899,109591001,"MOTO CARABELA DAKOTA ADV 320CC, AMARILLO",2026-03-30 00:00:00,2026-04-24 00:00:00,25.00,10
5300000899,109764001,"MOTO CARABELA INDY 250CC, NEGRO",2026-03-30 00:00:00,2026-04-24 00:00:00,25.00,10
5300000900,108668001,"MOTO CARABELA HUNTER 110CC, BLANCO",2026-03-30 00:00:00,2026-04-21 00:00:00,22.00,4
5300000900,108669001,"MOTO CARABELA HUNTER 125CC, ROJO",2026-03-30 00:00:00,2026-04-21 00:00:00,22.00,4
5300000900,108808001,"MOTO CARABELA R250Z, ROJO",2026-03-30 00:00:00,2026-04-21 00:00:00,22.00,2
5300000900,109571001,"MOTO CARABELA KRONOS 200CC, TITANIO",2026-03-30 00:00:00,2026-04-21 00:00:00,22.00,13
5300000900,109591001,"MOTO CARABELA DAKOTA ADV 320CC, AMARILLO",2026-03-30 00:00:00,2026-04-21 00:00:00,22.00,10
5300000900,109764001,"MOTO CARABELA INDY 250CC, NEGRO",2026-03-30 00:00:00,2026-04-21 00:00:00,22.00,12
5300000901,108668001,"MOTO CARABELA HUNTER 110CC, BLANCO",2026-03-31 00:00:00,2026-04-24 00:00:00,24.00,3
5300000901,108669001,"MOTO CARABELA HUNTER 125CC, ROJO",2026-03-31 00:00:00,2026-04-24 00:00:00,24.00,4
5300000901,108674001,"MOTO ISLO MUTANT 250CC, ROJO",2026-03-31 00:00:00,2026-04-24 00:00:00,24.00,10
5300000901,108808001,"MOTO CARABELA R250Z, ROJO",2026-03-31 00:00:00,2026-04-24 00:00:00,24.00,10
5300000901,109571001,"MOTO CARABELA KRONOS 200CC, TITANIO",2026-03-31 00:00:00,2026-04-24 00:00:00,24.00,8
5300000901,109591001,"MOTO CARABELA DAKOTA ADV 320CC, AMARILLO",2026-03-31 00:00:00,2026-04-24 00:00:00,24.00,10
5300000902,108668001,"MOTO CARABELA HUNTER 110CC, BLANCO",2026-03-31 00:00:00,2026-04-20 00:00:00,20.00,5
5300000902,108669001,"MOTO CARABELA HUNTER 125CC, ROJO",2026-03-31 00:00:00,2026-04-20 00:00:00,20.00,10
5300000902,108674001,"MOTO ISLO MUTANT 250CC, ROJO",2026-03-31 00:00:00,2026-04-20 00:00:00,20.00,5
5300000902,108808001,"MOTO CARABELA R250Z, ROJO",2026-03-31 00:00:00,2026-04-20 00:00:00,20.00,5
5300000902,109571001,"MOTO CARABELA KRONOS 200CC, TITANIO",2026-03-31 00:00:00,2026-04-20 00:00:00,20.00,10
5300000902,109591001,"MOTO CARABELA DAKOTA ADV 320CC, AMARILLO",2026-03-31 00:00:00,2026-04-20 00:00:00,20.00,10
5300000903,108668001,"MOTO CARABELA HUNTER 110CC, BLANCO",2026-03-31 00:00:00,2026-04-13 00:00:00,13.00,8
5300000903,108669001,"MOTO CARABELA HUNTER 125CC, ROJO",2026-03-31 00:00:00,2026-04-13 00:00:00,13.00,10
5300000903,108674001,"MOTO ISLO MUTANT 250CC, ROJO",2026-03-31 00:00:00,2026-04-13 00:00:00,13.00,7
5300000903,108808001,"MOTO CARABELA R250Z, ROJO",2026-03-31 00:00:00,2026-04-13 00:00:00,13.00,10
5300000903,109591001,"MOTO CARABELA DAKOTA ADV 320CC, AMARILLO",2026-03-31 00:00:00,2026-04-13 00:00:00,13.00,10
5300000904,108668001,"MOTO CARABELA HUNTER 110CC, BLANCO",2026-03-31 00:00:00,2026-04-10 00:00:00,10.00,4
5300000904,108669001,"MOTO CARABELA HUNTER 125CC, ROJO",2026-03-31 00:00:00,2026-04-10 00:00:00,10.00,4
5300000904,108674001,"MOTO ISLO MUTANT 250CC, ROJO",2026-03-31 00:00:00,2026-04-10 00:00:00,10.00,4
5300000904,108808001,"MOTO CARABELA R250Z, ROJO",2026-03-31 00:00:00,2026-04-10 00:00:00,10.00,4
5300000904,109591001,"MOTO CARABELA DAKOTA ADV 320CC, AMARILLO",2026-03-31 00:00:00,2026-04-10 00:00:00,10.00,10
5300000905,108668001,"MOTO CARABELA HUNTER 110CC, BLANCO",2026-03-31 00:00:00,2026-04-23 00:00:00,23.00,5
5300000905,108669001,"MOTO CARABELA HUNTER 125CC, ROJO",2026-03-31 00:00:00,2026-04-23 00:00:00,23.00,2
5300000905,108674001,"MOTO ISLO MUTANT 250CC, ROJO",2026-03-31 00:00:00,2026-04-23 00:00:00,23.00,12
5300000905,108808001,"MOTO CARABELA R250Z, ROJO",2026-03-31 00:00:00,2026-04-23 00:00:00,23.00,8
5300000905,109590002,"MOTO CARABELA KRONOS 200CC, AZUL",2026-03-31 00:00:00,2026-04-23 00:00:00,23.00,10
5300000905,109591001,"MOTO CARABELA DAKOTA ADV 320CC, AMARILLO",2026-03-31 00:00:00,2026-04-23 00:00:00,23.00,6
5300000905,109764001,"MOTO CARABELA INDY 250CC, NEGRO",2026-03-31 00:00:00,2026-04-23 00:00:00,23.00,2
5300000906,108662001,"MOTO ISLO FREEDOM 150CC, TITANIO",2026-03-31 00:00:00,2026-04-18 00:00:00,18.00,4
5300000906,108664001,"MOTO ISLO RABBIT 150CC, BLANCO",2026-03-31 00:00:00,2026-04-18 00:00:00,18.00,2
5300000906,108665002,"MOTO CARABELA COYOTE 150CC, TITANIO",2026-03-31 00:00:00,2026-04-18 00:00:00,18.00,5
5300000906,108668001,"MOTO CARABELA HUNTER 110CC, BLANCO",2026-03-31 00:00:00,2026-04-18 00:00:00,18.00,4
5300000906,108669001,"MOTO CARABELA HUNTER 125CC, ROJO",2026-03-31 00:00:00,2026-04-18 00:00:00,18.00,13
5300000906,108674001,"MOTO ISLO MUTANT 250CC, ROJO",2026-03-31 00:00:00,2026-04-18 00:00:00,18.00,5
5300000906,108808001,"MOTO CARABELA R250Z, ROJO",2026-03-31 00:00:00,2026-04-18 00:00:00,18.00,4
5300000906,109591001,"MOTO CARABELA DAKOTA ADV 320CC, AMARILLO",2026-03-31 00:00:00,2026-04-18 00:00:00,18.00,8
5300000907,108662001,"MOTO ISLO FREEDOM 150CC, TITANIO",2026-03-31 00:00:00,2026-04-20 00:00:00,20.00,6
5300000907,108665002,"MOTO CARABELA COYOTE 150CC, TITANIO",2026-03-31 00:00:00,2026-04-20 00:00:00,20.00,2
5300000907,108668001,"MOTO CARABELA HUNTER 110CC, BLANCO",2026-03-31 00:00:00,2026-04-20 00:00:00,20.00,4
5300000907,108669001,"MOTO CARABELA HUNTER 125CC, ROJO",2026-03-31 00:00:00,2026-04-20 00:00:00,20.00,10
5300000907,108674001,"MOTO ISLO MUTANT 250CC, ROJO",2026-03-31 00:00:00,2026-04-20 00:00:00,20.00,6
5300000907,108808001,"MOTO CARABELA R250Z, ROJO",2026-03-31 00:00:00,2026-04-20 00:00:00,20.00,4
5300000907,109571001,"MOTO CARABELA KRONOS 200CC, TITANIO",2026-03-31 00:00:00,2026-04-20 00:00:00,20.00,5
5300000907,109591001,"MOTO CARABELA DAKOTA ADV 320CC, AMARILLO",2026-03-31 00:00:00,2026-04-20 00:00:00,20.00,8
5300000908,108668001,"MOTO CARABELA HUNTER 110CC, BLANCO",2026-03-31 00:00:00,2026-04-22 00:00:00,22.00,4
5300000908,108669001,"MOTO CARABELA HUNTER 125CC, ROJO",2026-03-31 00:00:00,2026-04-22 00:00:00,22.00,10
5300000908,108674001,"MOTO ISLO MUTANT 250CC, ROJO",2026-03-31 00:00:00,2026-04-22 00:00:00,22.00,5
5300000908,108808001,"MOTO CARABELA R250Z, ROJO",2026-03-31 00:00:00,2026-04-22 00:00:00,22.00,6
5300000908,109571001,"MOTO CARABELA KRONOS 200CC, TITANIO",2026-03-31 00:00:00,2026-04-22 00:00:00,22.00,12
5300000908,109591001,"MOTO CARABELA DAKOTA ADV 320CC, AMARILLO",2026-03-31 00:00:00,2026-04-22 00:00:00,22.00,8
5300000909,108668001,"MOTO CARABELA HUNTER 110CC, BLANCO",2026-03-31 00:00:00,2026-04-27 00:00:00,27.00,5
5300000909,108669001,"MOTO CARABELA HUNTER 125CC, ROJO",2026-03-31 00:00:00,2026-04-27 00:00:00,27.00,10
5300000909,108674001,"MOTO ISLO MUTANT 250CC, ROJO",2026-03-31 00:00:00,2026-04-27 00:00:00,27.00,6
5300000909,108808001,"MOTO CARABELA R250Z, ROJO",2026-03-31 00:00:00,2026-04-27 00:00:00,27.00,6
5300000909,109590002,"MOTO CARABELA KRONOS 200CC, AZUL",2026-03-31 00:00:00,2026-04-27 00:00:00,27.00,10
5300000909,109591001,"MOTO CARABELA DAKOTA ADV 320CC, AMARILLO",2026-03-31 00:00:00,2026-04-27 00:00:00,27.00,8
5300000910,108663002,"MOTO CARABELA BAT 150CC, NEGRO",2026-03-31 00:00:00,2026-04-24 00:00:00,24.00,8
5300000910,108668001,"MOTO CARABELA HUNTER 110CC, BLANCO",2026-03-31 00:00:00,2026-04-24 00:00:00,24.00,4
5300000910,108669001,"MOTO CARABELA HUNTER 125CC, ROJO",2026-03-31 00:00:00,2026-04-24 00:00:00,24.00,3
5300000910,108808001,"MOTO CARABELA R250Z, ROJO",2026-03-31 00:00:00,2026-04-24 00:00:00,24.00,10
5300000910,109590002,"MOTO CARABELA KRONOS 200CC, AZUL",2026-03-31 00:00:00,2026-04-24 00:00:00,24.00,14
5300000910,109591001,"MOTO CARABELA DAKOTA ADV 320CC, AMARILLO",2026-03-31 00:00:00,2026-04-24 00:00:00,24.00,6
5300000911,108662001,"MOTO ISLO FREEDOM 150CC, TITANIO",2026-03-31 00:00:00,2026-04-24 00:00:00,24.00,4
5300000911,108663001,"MOTO CARABELA BAT 150CC, BLANCO",2026-03-31 00:00:00,2026-04-24 00:00:00,24.00,3
5300000911,108663002,"MOTO CARABELA BAT 150CC, NEGRO",2026-03-31 00:00:00,2026-04-24 00:00:00,24.00,6
5300000911,108668001,"MOTO CARABELA HUNTER 110CC, BLANCO",2026-03-31 00:00:00,2026-04-24 00:00:00,24.00,6
5300000911,108669001,"MOTO CARABELA HUNTER 125CC, ROJO",2026-03-31 00:00:00,2026-04-24 00:00:00,24.00,6
5300000911,108674001,"MOTO ISLO MUTANT 250CC, ROJO",2026-03-31 00:00:00,2026-04-24 00:00:00,24.00,6
5300000911,108808001,"MOTO CARABELA R250Z, ROJO",2026-03-31 00:00:00,2026-04-24 00:00:00,24.00,6
5300000911,109571001,"MOTO CARABELA KRONOS 200CC, TITANIO",2026-03-31 00:00:00,2026-04-24 00:00:00,24.00,6
5300000911,109590002,"MOTO CARABELA KRONOS 200CC, AZUL",2026-03-31 00:00:00,2026-04-24 00:00:00,24.00,6
5300000911,109591001,"MOTO CARABELA DAKOTA ADV 320CC, AMARILLO",2026-03-31 00:00:00,2026-04-24 00:00:00,24.00,5
5300000912,108663002,"MOTO CARABELA BAT 150CC, NEGRO",2026-03-31 00:00:00,2026-04-23 00:00:00,23.00,4
5300000912,108669001,"MOTO CARABELA HUNTER 125CC, ROJO",2026-03-31 00:00:00,2026-04-23 00:00:00,23.00,7
5300000912,108674001,"MOTO ISLO MUTANT 250CC, ROJO",2026-03-31 00:00:00,2026-04-23 00:00:00,23.00,5
5300000912,108808001,"MOTO CARABELA R250Z, ROJO",2026-03-31 00:00:00,2026-04-23 00:00:00,23.00,5
5300000912,109571001,"MOTO CARABELA KRONOS 200CC, TITANIO",2026-03-31 00:00:00,2026-04-23 00:00:00,23.00,18
5300000912,109591001,"MOTO CARABELA DAKOTA ADV 320CC, AMARILLO",2026-03-31 00:00:00,2026-04-23 00:00:00,23.00,2
5300000912,109764001,"MOTO CARABELA INDY 250CC, NEGRO",2026-03-31 00:00:00,2026-04-23 00:00:00,23.00,4
5300000913,108637001,"MOTO VELOCI SYRIUS RS SPORT 20, AMARILLO",2026-03-31 00:00:00,2026-04-30 00:00:00,30.00,8
5300000913,109581001,"MOTO VELOCI BEAST KX4 HYPER 200CC, ROJO",2026-03-31 00:00:00,2026-04-30 00:00:00,30.00,4
5300000913,109586001,"MOTO VELOCI BREAKSTORM SPORT 330CC, GRIS",2026-03-31 00:00:00,2026-04-30 00:00:00,30.00,14
5300000913,109587001,"MOTO VELOCI RAZZER HYPER SPORT 330, ROJO",2026-03-31 00:00:00,2026-04-30 00:00:00,30.00,10
5300000913,109588005,"MOTO VELOCI XEVERUS EVO PRO 330CC, NEGRO",2026-03-31 00:00:00,2026-04-30 00:00:00,30.00,12
5300000914,108637001,"MOTO VELOCI SYRIUS RS SPORT 20, AMARILLO",2026-03-31 00:00:00,2026-04-14 00:00:00,14.00,10
5300000914,109581001,"MOTO VELOCI BEAST KX4 HYPER 200CC, ROJO",2026-03-31 00:00:00,2026-04-14 00:00:00,14.00,2
5300000914,109587001,"MOTO VELOCI RAZZER HYPER SPORT 330, ROJO",2026-03-31 00:00:00,2026-04-14 00:00:00,14.00,10
5300000914,109588005,"MOTO VELOCI XEVERUS EVO PRO 330CC, NEGRO",2026-03-31 00:00:00,2026-04-14 00:00:00,14.00,14
5300000914,109970001,"MOTO VELOCI BOXTER RT3 220CC, NEGRO",2026-03-31 00:00:00,2026-04-14 00:00:00,14.00,16
5300000915,108635002,"MOTO VELOCI DYNAMIK PRO 200CC, NEGRO",2026-03-31 00:00:00,2026-04-29 00:00:00,29.00,14
5300000915,109581001,"MOTO VELOCI BEAST KX4 HYPER 200CC, ROJO",2026-03-31 00:00:00,2026-04-29 00:00:00,29.00,4
5300000915,109587001,"MOTO VELOCI RAZZER HYPER SPORT 330, ROJO",2026-03-31 00:00:00,2026-04-29 00:00:00,29.00,8
5300000915,109588005,"MOTO VELOCI XEVERUS EVO PRO 330CC, NEGRO",2026-03-31 00:00:00,2026-04-29 00:00:00,29.00,4
5300000915,109932001,"MOTO VELOCI NOVAK EVO SPORT 150CC, VERDE",2026-03-31 00:00:00,2026-04-29 00:00:00,29.00,16
5300000915,109970001,"MOTO VELOCI BOXTER RT3 220CC, NEGRO",2026-03-31 00:00:00,2026-04-29 00:00:00,29.00,6
5300000916,108635002,"MOTO VELOCI DYNAMIK PRO 200CC, NEGRO",2026-03-31 00:00:00,2026-04-30 00:00:00,30.00,20
5300000916,108637001,"MOTO VELOCI SYRIUS RS SPORT 20, AMARILLO",2026-03-31 00:00:00,2026-04-30 00:00:00,30.00,4
5300000916,109587001,"MOTO VELOCI RAZZER HYPER SPORT 330, ROJO",2026-03-31 00:00:00,2026-04-30 00:00:00,30.00,4
5300000916,109588005,"MOTO VELOCI XEVERUS EVO PRO 330CC, NEGRO",2026-03-31 00:00:00,2026-04-30 00:00:00,30.00,14
5300000916,109932001,"MOTO VELOCI NOVAK EVO SPORT 150CC, VERDE",2026-03-31 00:00:00,2026-04-30 00:00:00,30.00,14
5300000917,108635002,"MOTO VELOCI DYNAMIK PRO 200CC, NEGRO",2026-03-31 00:00:00,2026-04-18 00:00:00,18.00,20
5300000917,108638001,"MOTO VELOCI RAZZER GTR 220CC, ROJO",2026-03-31 00:00:00,2026-04-18 00:00:00,18.00,30
5300000917,109584001,"MOTO VELOCI RUBAK EVO TRAIL 220CC, VERDE",2026-03-31 00:00:00,2026-04-18 00:00:00,18.00,2
5300000918,108635002,"MOTO VELOCI DYNAMIK PRO 200CC, NEGRO",2026-03-31 00:00:00,2026-05-05 00:00:00,35.00,18
5300000918,108638001,"MOTO VELOCI RAZZER GTR 220CC, ROJO",2026-03-31 00:00:00,2026-05-05 00:00:00,35.00,30
5300000918,109584001,"MOTO VELOCI RUBAK EVO TRAIL 220CC, VERDE",2026-03-31 00:00:00,2026-05-05 00:00:00,35.00,4
5300000919,108638001,"MOTO VELOCI RAZZER GTR 220CC, ROJO",2026-03-31 00:00:00,2026-04-23 00:00:00,23.00,28
5300000919,109584001,"MOTO VELOCI RUBAK EVO TRAIL 220CC, VERDE",2026-03-31 00:00:00,2026-04-23 00:00:00,23.00,18
5300000919,109585001,"MOTO VELOCI SNAKE GT TRAIL 250CC, GRIS",2026-03-31 00:00:00,2026-04-23 00:00:00,23.00,4
5300000920,108638001,"MOTO VELOCI RAZZER GTR 220CC, ROJO",2026-03-31 00:00:00,2026-04-25 00:00:00,25.00,3
5300000920,109582001,"MOTO VELOCI ATRIO  EVO SPORT 200CC, ROJO",2026-03-31 00:00:00,2026-04-25 00:00:00,25.00,16
5300000920,109584001,"MOTO VELOCI RUBAK EVO TRAIL 220CC, VERDE",2026-03-31 00:00:00,2026-04-25 00:00:00,25.00,8
5300000920,109585001,"MOTO VELOCI SNAKE GT TRAIL 250CC, GRIS",2026-03-31 00:00:00,2026-04-25 00:00:00,25.00,25
5300000921,108638001,"MOTO VELOCI RAZZER GTR 220CC, ROJO",2026-03-31 00:00:00,2026-04-28 00:00:00,28.00,2
5300000921,108639001,"MOTO VELOCI REVENGE DYNAMIK  220CC, GRIS",2026-03-31 00:00:00,2026-04-28 00:00:00,28.00,20
5300000921,109583001,"MOTO VELOCI DEUS EVO SPORT 150CC, GRIS",2026-03-31 00:00:00,2026-04-28 00:00:00,28.00,8
5300000921,109585001,"MOTO VELOCI SNAKE GT TRAIL 250CC, GRIS",2026-03-31 00:00:00,2026-04-28 00:00:00,28.00,4
5300000921,109931001,"MOTO VELOCI THYRON EVO SPORT 200C, VERDE",2026-03-31 00:00:00,2026-04-28 00:00:00,28.00,10
5300000921,109932001,"MOTO VELOCI NOVAK EVO SPORT 150CC, VERDE",2026-03-31 00:00:00,2026-04-28 00:00:00,28.00,6
5300000922,108639001,"MOTO VELOCI REVENGE DYNAMIK  220CC, GRIS",2026-03-31 00:00:00,2026-04-28 00:00:00,28.00,14
5300000922,109583001,"MOTO VELOCI DEUS EVO SPORT 150CC, GRIS",2026-03-31 00:00:00,2026-04-28 00:00:00,28.00,14
5300000922,109931001,"MOTO VELOCI THYRON EVO SPORT 200C, VERDE",2026-03-31 00:00:00,2026-04-28 00:00:00,28.00,18
5300000922,109932001,"MOTO VELOCI NOVAK EVO SPORT 150CC, VERDE",2026-03-31 00:00:00,2026-04-28 00:00:00,28.00,4
5300000923,108637001,"MOTO VELOCI SYRIUS RS SPORT 20, AMARILLO",2026-03-31 00:00:00,2026-04-16 00:00:00,16.00,10
5300000923,108638001,"MOTO VELOCI RAZZER GTR 220CC, ROJO",2026-03-31 00:00:00,2026-04-16 00:00:00,16.00,16
5300000923,109581001,"MOTO VELOCI BEAST KX4 HYPER 200CC, ROJO",2026-03-31 00:00:00,2026-04-16 00:00:00,16.00,2
5300000923,109586001,"MOTO VELOCI BREAKSTORM SPORT 330CC, GRIS",2026-03-31 00:00:00,2026-04-16 00:00:00,16.00,4
5300000923,109587001,"MOTO VELOCI RAZZER HYPER SPORT 330, ROJO",2026-03-31 00:00:00,2026-04-16 00:00:00,16.00,10
5300000923,109932001,"MOTO VELOCI NOVAK EVO SPORT 150CC, VERDE",2026-03-31 00:00:00,2026-04-16 00:00:00,16.00,8
5300000924,108635002,"MOTO VELOCI DYNAMIK PRO 200CC, NEGRO",2026-03-31 00:00:00,2026-04-17 00:00:00,17.00,16
5300000924,108957002,"MOTOCARRO VELOCI COVALT 300CC, BLANCO",2026-03-31 00:00:00,2026-04-17 00:00:00,17.00,1
5300000924,109584001,"MOTO VELOCI RUBAK EVO TRAIL 220CC, VERDE",2026-03-31 00:00:00,2026-04-17 00:00:00,17.00,16
5300000924,109970001,"MOTO VELOCI BOXTER RT3 220CC, NEGRO",2026-03-31 00:00:00,2026-04-17 00:00:00,17.00,18
5300000925,108638001,"MOTO VELOCI RAZZER GTR 220CC, ROJO",2026-03-31 00:00:00,2026-04-24 00:00:00,24.00,8
5300000925,109582001,"MOTO VELOCI ATRIO  EVO SPORT 200CC, ROJO",2026-03-31 00:00:00,2026-04-24 00:00:00,24.00,8
5300000925,109583001,"MOTO VELOCI DEUS EVO SPORT 150CC, GRIS",2026-03-31 00:00:00,2026-04-24 00:00:00,24.00,8
5300000925,109585001,"MOTO VELOCI SNAKE GT TRAIL 250CC, GRIS",2026-03-31 00:00:00,2026-04-24 00:00:00,24.00,14
5300000925,109931001,"MOTO VELOCI THYRON EVO SPORT 200C, VERDE",2026-03-31 00:00:00,2026-04-24 00:00:00,24.00,12
5300000926,109582001,"MOTO VELOCI ATRIO  EVO SPORT 200CC, ROJO",2026-03-31 00:00:00,2026-04-21 00:00:00,21.00,12
5300000926,109583001,"MOTO VELOCI DEUS EVO SPORT 150CC, GRIS",2026-03-31 00:00:00,2026-04-21 00:00:00,21.00,12
5300000926,109585001,"MOTO VELOCI SNAKE GT TRAIL 250CC, GRIS",2026-03-31 00:00:00,2026-04-21 00:00:00,21.00,8
5300000926,109587001,"MOTO VELOCI RAZZER HYPER SPORT 330, ROJO",2026-03-31 00:00:00,2026-04-21 00:00:00,21.00,10
5300000926,109931001,"MOTO VELOCI THYRON EVO SPORT 200C, VERDE",2026-03-31 00:00:00,2026-04-21 00:00:00,21.00,10
5300000927,108635002,"MOTO VELOCI DYNAMIK PRO 200CC, NEGRO",2026-03-31 00:00:00,2026-04-15 00:00:00,15.00,4
5300000927,108638001,"MOTO VELOCI RAZZER GTR 220CC, ROJO",2026-03-31 00:00:00,2026-04-15 00:00:00,15.00,12
5300000927,109585001,"MOTO VELOCI SNAKE GT TRAIL 250CC, GRIS",2026-03-31 00:00:00,2026-04-15 00:00:00,15.00,4
5300000927,109587001,"MOTO VELOCI RAZZER HYPER SPORT 330, ROJO",2026-03-31 00:00:00,2026-04-15 00:00:00,15.00,6
5300000927,109588005,"MOTO VELOCI XEVERUS EVO PRO 330CC, NEGRO",2026-03-31 00:00:00,2026-04-15 00:00:00,15.00,8
5300000927,109931001,"MOTO VELOCI THYRON EVO SPORT 200C, VERDE",2026-03-31 00:00:00,2026-04-15 00:00:00,15.00,6
5300000927,109932001,"MOTO VELOCI NOVAK EVO SPORT 150CC, VERDE",2026-03-31 00:00:00,2026-04-15 00:00:00,15.00,10
5300000928,108637001,"MOTO VELOCI SYRIUS RS SPORT 20, AMARILLO",2026-03-31 00:00:00,2026-05-02 00:00:00,32.00,2
5300000928,108638001,"MOTO VELOCI RAZZER GTR 220CC, ROJO",2026-03-31 00:00:00,2026-05-02 00:00:00,32.00,6
5300000928,109581001,"MOTO VELOCI BEAST KX4 HYPER 200CC, ROJO",2026-03-31 00:00:00,2026-05-02 00:00:00,32.00,2
5300000928,109585001,"MOTO VELOCI SNAKE GT TRAIL 250CC, GRIS",2026-03-31 00:00:00,2026-05-02 00:00:00,32.00,8
5300000928,109587001,"MOTO VELOCI RAZZER HYPER SPORT 330, ROJO",2026-03-31 00:00:00,2026-05-02 00:00:00,32.00,8
5300000928,109588005,"MOTO VELOCI XEVERUS EVO PRO 330CC, NEGRO",2026-03-31 00:00:00,2026-05-02 00:00:00,32.00,4
5300000928,109931001,"MOTO VELOCI THYRON EVO SPORT 200C, VERDE",2026-03-31 00:00:00,2026-05-02 00:00:00,32.00,8
5300000928,109932001,"MOTO VELOCI NOVAK EVO SPORT 150CC, VERDE",2026-03-31 00:00:00,2026-05-02 00:00:00,32.00,4
5300000928,110000001,"MOTO VELOCI RUBAK EVO SPORT 220, NARANJA",2026-03-31 00:00:00,2026-05-02 00:00:00,32.00,6
5300000929,108637001,"MOTO VELOCI SYRIUS RS SPORT 20, AMARILLO",2026-03-31 00:00:00,2026-04-30 00:00:00,30.00,4
5300000929,108638001,"MOTO VELOCI RAZZER GTR 220CC, ROJO",2026-03-31 00:00:00,2026-04-30 00:00:00,30.00,3
5300000929,109581001,"MOTO VELOCI BEAST KX4 HYPER 200CC, ROJO",2026-03-31 00:00:00,2026-04-30 00:00:00,30.00,2
5300000929,109585001,"MOTO VELOCI SNAKE GT TRAIL 250CC, GRIS",2026-03-31 00:00:00,2026-04-30 00:00:00,30.00,3
5300000929,109931001,"MOTO VELOCI THYRON EVO SPORT 200C, VERDE",2026-03-31 00:00:00,2026-04-30 00:00:00,30.00,10
5300000929,109932001,"MOTO VELOCI NOVAK EVO SPORT 150CC, VERDE",2026-03-31 00:00:00,2026-04-30 00:00:00,30.00,14
5300000929,109970001,"MOTO VELOCI BOXTER RT3 220CC, NEGRO",2026-03-31 00:00:00,2026-04-30 00:00:00,30.00,10
5300000929,110000001,"MOTO VELOCI RUBAK EVO SPORT 220, NARANJA",2026-03-31 00:00:00,2026-04-30 00:00:00,30.00,8
5300000930,108637001,"MOTO VELOCI SYRIUS RS SPORT 20, AMARILLO",2026-03-31 00:00:00,2026-04-18 00:00:00,18.00,4
5300000930,109581001,"MOTO VELOCI BEAST KX4 HYPER 200CC, ROJO",2026-03-31 00:00:00,2026-04-18 00:00:00,18.00,4
5300000930,109582001,"MOTO VELOCI ATRIO  EVO SPORT 200CC, ROJO",2026-03-31 00:00:00,2026-04-18 00:00:00,18.00,4
5300000930,109584001,"MOTO VELOCI RUBAK EVO TRAIL 220CC, VERDE",2026-03-31 00:00:00,2026-04-18 00:00:00,18.00,4
5300000930,109586001,"MOTO VELOCI BREAKSTORM SPORT 330CC, GRIS",2026-03-31 00:00:00,2026-04-18 00:00:00,18.00,2
5300000930,109587001,"MOTO VELOCI RAZZER HYPER SPORT 330, ROJO",2026-03-31 00:00:00,2026-04-18 00:00:00,18.00,8
5300000930,109588005,"MOTO VELOCI XEVERUS EVO PRO 330CC, NEGRO",2026-03-31 00:00:00,2026-04-18 00:00:00,18.00,6
5300000930,109931001,"MOTO VELOCI THYRON EVO SPORT 200C, VERDE",2026-03-31 00:00:00,2026-04-18 00:00:00,18.00,2
5300000930,109932001,"MOTO VELOCI NOVAK EVO SPORT 150CC, VERDE",2026-03-31 00:00:00,2026-04-18 00:00:00,18.00,6
5300000930,109970001,"MOTO VELOCI BOXTER RT3 220CC, NEGRO",2026-03-31 00:00:00,2026-04-18 00:00:00,18.00,6
5300000930,110000001,"MOTO VELOCI RUBAK EVO SPORT 220, NARANJA",2026-03-31 00:00:00,2026-04-18 00:00:00,18.00,8
5300000931,108637001,"MOTO VELOCI SYRIUS RS SPORT 20, AMARILLO",2026-03-31 00:00:00,2026-04-21 00:00:00,21.00,4
5300000931,108638001,"MOTO VELOCI RAZZER GTR 220CC, ROJO",2026-03-31 00:00:00,2026-04-21 00:00:00,21.00,4
5300000931,109584001,"MOTO VELOCI RUBAK EVO TRAIL 220CC, VERDE",2026-03-31 00:00:00,2026-04-21 00:00:00,21.00,6
5300000931,109585001,"MOTO VELOCI SNAKE GT TRAIL 250CC, GRIS",2026-03-31 00:00:00,2026-04-21 00:00:00,21.00,6
5300000931,109587001,"MOTO VELOCI RAZZER HYPER SPORT 330, ROJO",2026-03-31 00:00:00,2026-04-21 00:00:00,21.00,8
5300000931,109588005,"MOTO VELOCI XEVERUS EVO PRO 330CC, NEGRO",2026-03-31 00:00:00,2026-04-21 00:00:00,21.00,6
5300000931,109932001,"MOTO VELOCI NOVAK EVO SPORT 150CC, VERDE",2026-03-31 00:00:00,2026-04-21 00:00:00,21.00,8
5300000931,109970001,"MOTO VELOCI BOXTER RT3 220CC, NEGRO",2026-03-31 00:00:00,2026-04-21 00:00:00,21.00,8
5300000931,110000001,"MOTO VELOCI RUBAK EVO SPORT 220, NARANJA",2026-03-31 00:00:00,2026-04-21 00:00:00,21.00,4
5300000932,108638001,"MOTO VELOCI RAZZER GTR 220CC, ROJO",2026-03-31 00:00:00,2026-04-15 00:00:00,15.00,16
5300000932,109581001,"MOTO VELOCI BEAST KX4 HYPER 200CC, ROJO",2026-03-31 00:00:00,2026-04-15 00:00:00,15.00,6
5300000932,109586001,"MOTO VELOCI BREAKSTORM SPORT 330CC, GRIS",2026-03-31 00:00:00,2026-04-15 00:00:00,15.00,6
5300000932,109587001,"MOTO VELOCI RAZZER HYPER SPORT 330, ROJO",2026-03-31 00:00:00,2026-04-15 00:00:00,15.00,2
5300000932,109932001,"MOTO VELOCI NOVAK EVO SPORT 150CC, VERDE",2026-03-31 00:00:00,2026-04-15 00:00:00,15.00,18
5300000933,108635002,"MOTO VELOCI DYNAMIK PRO 200CC, NEGRO",2026-03-31 00:00:00,2026-04-15 00:00:00,15.00,12
5300000933,108637001,"MOTO VELOCI SYRIUS RS SPORT 20, AMARILLO",2026-03-31 00:00:00,2026-04-15 00:00:00,15.00,10
5300000933,109584001,"MOTO VELOCI RUBAK EVO TRAIL 220CC, VERDE",2026-03-31 00:00:00,2026-04-15 00:00:00,15.00,10
5300000933,109587001,"MOTO VELOCI RAZZER HYPER SPORT 330, ROJO",2026-03-31 00:00:00,2026-04-15 00:00:00,15.00,8
5300000933,109588005,"MOTO VELOCI XEVERUS EVO PRO 330CC, NEGRO",2026-03-31 00:00:00,2026-04-15 00:00:00,15.00,14
5300000934,109582001,"MOTO VELOCI ATRIO  EVO SPORT 200CC, ROJO",2026-03-31 00:00:00,2026-04-27 00:00:00,27.00,8
5300000934,109584001,"MOTO VELOCI RUBAK EVO TRAIL 220CC, VERDE",2026-03-31 00:00:00,2026-04-27 00:00:00,27.00,4
5300000934,109585001,"MOTO VELOCI SNAKE GT TRAIL 250CC, GRIS",2026-03-31 00:00:00,2026-04-27 00:00:00,27.00,8
5300000934,109931001,"MOTO VELOCI THYRON EVO SPORT 200C, VERDE",2026-03-31 00:00:00,2026-04-27 00:00:00,27.00,20
5300000934,109970001,"MOTO VELOCI BOXTER RT3 220CC, NEGRO",2026-03-31 00:00:00,2026-04-27 00:00:00,27.00,12
5300000935,108638001,"MOTO VELOCI RAZZER GTR 220CC, ROJO",2026-03-31 00:00:00,2026-04-27 00:00:00,27.00,2
5300000935,108639001,"MOTO VELOCI REVENGE DYNAMIK  220CC, GRIS",2026-03-31 00:00:00,2026-04-27 00:00:00,27.00,24
5300000935,109583001,"MOTO VELOCI DEUS EVO SPORT 150CC, GRIS",2026-03-31 00:00:00,2026-04-27 00:00:00,27.00,12
5300000935,109970001,"MOTO VELOCI BOXTER RT3 220CC, NEGRO",2026-03-31 00:00:00,2026-04-27 00:00:00,27.00,14
5300000936,108652001,"MOTO DINAMO ADVENTURE ELITE 150CC, ROJO",2026-04-02 00:00:00,2026-04-03 00:00:00,2.50,2
5300000936,108652002,"MOTO DINAMO ADVENTURE ELITE 150C, BLANCO",2026-04-02 00:00:00,2026-04-02 00:00:00,1.67,3
5300000936,108690001,"MOTO DINAMO SCORPIO 200CC, ROJO",2026-04-02 00:00:00,2026-04-02 00:00:00,0.50,2
5300000936,108690002,"MOTO DINAMO SCORPIO 200CC, BLANCO",2026-04-02 00:00:00,2026-04-02 00:00:00,2.00,2
5300000936,108690003,"MOTO DINAMO SCORPIO 200CC, NEGRO",2026-04-02 00:00:00,2026-04-02 00:00:00,0.50,2
5300000936,108691001,"MOTO DINAMO U5 150CC, ROJO",2026-04-02 00:00:00,2026-04-03 00:00:00,2.00,3
5300000936,108691002,"MOTO DINAMO U5 150CC, AZUL",2026-04-02 00:00:00,2026-04-06 00:00:00,4.00,1
5300000936,108691003,"MOTO DINAMO U5 150CC, GRIS",2026-04-02 00:00:00,2026-04-03 00:00:00,3.00,2
5300000936,109118001,"MOTO DINAMO U2 150CC, ROJO",2026-04-02 00:00:00,2026-04-02 00:00:00,3.00,4
5300000936,109118002,"MOTO DINAMO U2 150CC, AZUL",2026-04-02 00:00:00,2026-04-02 00:00:00,2.00,2
5300000936,109118003,"MOTO DINAMO U2 150CC, PLATA",2026-04-02 00:00:00,2026-04-02 00:00:00,3.00,3
5300000936,109137001,"MOTO DINAMO ALIEN-R 175 CC, ROJO",2026-04-02 00:00:00,2026-04-03 00:00:00,2.50,2
5300000936,109137002,"MOTO DINAMO ALIEN-R 175 CC, BLANCO",2026-04-02 00:00:00,2026-04-06 00:00:00,4.00,1
5300000937,108721001,"MOTO BDS SAETA 150CC, AZUL",2026-04-07 00:00:00,2026-04-21 00:00:00,14.00,5
5300000937,108726002,"MOTO BDS STARK 250CC, GRIS",2026-04-07 00:00:00,2026-04-21 00:00:00,14.00,3
5300000937,108813001,"MOTO BDS HAWK 200CC, NEGRO",2026-04-07 00:00:00,2026-04-21 00:00:00,14.00,3
5300000937,109040001,"MOTO BDS CASTORO 180CC, AZUL",2026-04-07 00:00:00,2026-04-21 00:00:00,14.00,3
5300000937,109040003,"MOTO BDS CASTORO 180CC, AMARILLO",2026-04-07 00:00:00,2026-04-21 00:00:00,14.00,3
5300000937,109233001,"MOTO BDS MAGMA 150CC, ROJO",2026-04-07 00:00:00,2026-04-21 00:00:00,14.00,1
5300000937,109233002,"MOTO BDS MAGMA 150CC, NEGRO",2026-04-07 00:00:00,2026-04-21 00:00:00,14.00,1
5300000937,109233003,"MOTO BDS MAGMA 150CC, AZUL",2026-04-07 00:00:00,2026-04-21 00:00:00,14.00,1
5300000937,109233004,"MOTO BDS MAGMA 150CC, GRIS",2026-04-07 00:00:00,2026-04-21 00:00:00,14.00,1
5300000937,109234002,"MOTO BDS STARK 300CC, AZUL",2026-04-07 00:00:00,2026-04-21 00:00:00,14.00,5
5300000937,109870001,"MOTO BDS THUNDER 190CC, NEGRO",2026-04-07 00:00:00,2026-04-21 00:00:00,14.00,18
5300000938,108721001,"MOTO BDS SAETA 150CC, AZUL",2026-04-07 00:00:00,2026-04-20 00:00:00,13.00,6
5300000938,108726001,"MOTO BDS STARK 250CC, ROJO",2026-04-07 00:00:00,2026-04-20 00:00:00,13.00,3
5300000938,108726002,"MOTO BDS STARK 250CC, GRIS",2026-04-07 00:00:00,2026-04-20 00:00:00,13.00,5
5300000938,109040003,"MOTO BDS CASTORO 180CC, AMARILLO",2026-04-07 00:00:00,2026-04-20 00:00:00,13.00,6
5300000938,109233002,"MOTO BDS MAGMA 150CC, NEGRO",2026-04-07 00:00:00,2026-04-20 00:00:00,13.00,3
5300000938,109233003,"MOTO BDS MAGMA 150CC, AZUL",2026-04-07 00:00:00,2026-04-20 00:00:00,13.00,3
5300000938,109638001,"MOTO BDS HAWK 250CC, AZUL",2026-04-07 00:00:00,2026-04-20 00:00:00,13.00,6
5300000938,109870001,"MOTO BDS THUNDER 190CC, NEGRO",2026-04-07 00:00:00,2026-04-20 00:00:00,13.00,12
5300000939,108813001,"MOTO BDS HAWK 200CC, NEGRO",2026-04-07 00:00:00,2026-04-15 00:00:00,8.00,21
5300000939,109233002,"MOTO BDS MAGMA 150CC, NEGRO",2026-04-07 00:00:00,2026-04-15 00:00:00,8.00,3
5300000939,109638001,"MOTO BDS HAWK 250CC, AZUL",2026-04-07 00:00:00,2026-04-15 00:00:00,8.00,20
5300000940,108721001,"MOTO BDS SAETA 150CC, AZUL",2026-04-07 00:00:00,2026-04-17 00:00:00,10.00,5
5300000940,108726001,"MOTO BDS STARK 250CC, ROJO",2026-04-07 00:00:00,2026-04-17 00:00:00,10.00,10
5300000940,108813001,"MOTO BDS HAWK 200CC, NEGRO",2026-04-07 00:00:00,2026-04-17 00:00:00,10.00,7
5300000940,109233002,"MOTO BDS MAGMA 150CC, NEGRO",2026-04-07 00:00:00,2026-04-17 00:00:00,10.00,11
5300000940,109233003,"MOTO BDS MAGMA 150CC, AZUL",2026-04-07 00:00:00,2026-04-17 00:00:00,10.00,11
5300000941,108639001,"MOTO VELOCI REVENGE DYNAMIK  220CC, GRIS",2026-04-07 00:00:00,2026-04-27 00:00:00,20.00,46
5300000942,108652001,"MOTO DINAMO ADVENTURE ELITE 150CC, ROJO",2026-04-07 00:00:00,2026-04-07 00:00:00,0.00,2
5300000942,108655002,"MOTO DINAMO CUSTOM 150CC, AZUL",2026-04-07 00:00:00,2026-05-08 00:00:00,31.00,1
5300000942,108690003,"MOTO DINAMO SCORPIO 200CC, NEGRO",2026-04-07 00:00:00,2026-04-09 00:00:00,2.50,2
5300000942,108691001,"MOTO DINAMO U5 150CC, ROJO",2026-04-07 00:00:00,2026-04-09 00:00:00,2.00,1
5300000942,108691002,"MOTO DINAMO U5 150CC, AZUL",2026-04-07 00:00:00,2026-04-09 00:00:00,3.00,2
5300000942,108691003,"MOTO DINAMO U5 150CC, GRIS",2026-04-07 00:00:00,2026-04-07 00:00:00,1.33,3
5300000942,109118001,"MOTO DINAMO U2 150CC, ROJO",2026-04-07 00:00:00,2026-04-09 00:00:00,2.00,1
5300000942,109137001,"MOTO DINAMO ALIEN-R 175 CC, ROJO",2026-04-07 00:00:00,2026-04-07 00:00:00,1.00,2
5300000942,109137002,"MOTO DINAMO ALIEN-R 175 CC, BLANCO",2026-04-07 00:00:00,2026-04-07 00:00:00,1.50,4
5300000942,109137003,"MOTO DINAMO ALIEN-R 175 CC, GRIS",2026-04-07 00:00:00,2026-04-11 00:00:00,5.00,2
5300000942,109137004,"MOTO DINAMO ALIEN-R 175 CC, VERDE",2026-04-07 00:00:00,2026-04-13 00:00:00,6.00,1
5300000942,109138001,"MOTO DINAMO XTREME RLX 200CC, ROJO",2026-04-07 00:00:00,2026-04-09 00:00:00,2.00,1
5300000943,108638001,"MOTO VELOCI RAZZER GTR 220CC, ROJO",2026-04-07 00:00:00,2026-04-29 00:00:00,22.00,8
5300000943,109582001,"MOTO VELOCI ATRIO  EVO SPORT 200CC, ROJO",2026-04-07 00:00:00,2026-04-29 00:00:00,22.00,12
5300000943,109584001,"MOTO VELOCI RUBAK EVO TRAIL 220CC, VERDE",2026-04-07 00:00:00,2026-04-29 00:00:00,22.00,8
5300000943,109585001,"MOTO VELOCI SNAKE GT TRAIL 250CC, GRIS",2026-04-07 00:00:00,2026-04-29 00:00:00,22.00,8
5300000943,109931001,"MOTO VELOCI THYRON EVO SPORT 200C, VERDE",2026-04-07 00:00:00,2026-04-29 00:00:00,22.00,8
5300000943,110000001,"MOTO VELOCI RUBAK EVO SPORT 220, NARANJA",2026-04-07 00:00:00,2026-04-29 00:00:00,22.00,10
5300000944,108638001,"MOTO VELOCI RAZZER GTR 220CC, ROJO",2026-04-07 00:00:00,2026-05-04 00:00:00,27.00,20
5300000944,109587001,"MOTO VELOCI RAZZER HYPER SPORT 330, ROJO",2026-04-07 00:00:00,2026-05-04 00:00:00,27.00,6
5300000944,109588005,"MOTO VELOCI XEVERUS EVO PRO 330CC, NEGRO",2026-04-07 00:00:00,2026-05-04 00:00:00,27.00,12
5300000944,110000001,"MOTO VELOCI RUBAK EVO SPORT 220, NARANJA",2026-04-07 00:00:00,2026-05-04 00:00:00,27.00,10
5300000945,108638001,"MOTO VELOCI RAZZER GTR 220CC, ROJO",2026-04-09 00:00:00,2026-04-16 00:00:00,7.00,13
5300000945,109586001,"MOTO VELOCI BREAKSTORM SPORT 330CC, GRIS",2026-04-09 00:00:00,2026-04-16 00:00:00,7.00,4
5300000945,109587001,"MOTO VELOCI RAZZER HYPER SPORT 330, ROJO",2026-04-09 00:00:00,2026-04-16 00:00:00,7.00,5
5300000945,109588005,"MOTO VELOCI XEVERUS EVO PRO 330CC, NEGRO",2026-04-09 00:00:00,2026-04-16 00:00:00,7.00,12
5300000945,109931001,"MOTO VELOCI THYRON EVO SPORT 200C, VERDE",2026-04-09 00:00:00,2026-04-16 00:00:00,7.00,4
5300000945,110000001,"MOTO VELOCI RUBAK EVO SPORT 220, NARANJA",2026-04-09 00:00:00,2026-04-16 00:00:00,7.00,10
5300000946,108635002,"MOTO VELOCI DYNAMIK PRO 200CC, NEGRO",2026-04-09 00:00:00,2026-04-15 00:00:00,6.00,7
5300000946,108638001,"MOTO VELOCI RAZZER GTR 220CC, ROJO",2026-04-09 00:00:00,2026-04-15 00:00:00,6.00,10
5300000946,109582001,"MOTO VELOCI ATRIO  EVO SPORT 200CC, ROJO",2026-04-09 00:00:00,2026-04-15 00:00:00,6.00,7
5300000946,109587001,"MOTO VELOCI RAZZER HYPER SPORT 330, ROJO",2026-04-09 00:00:00,2026-04-15 00:00:00,6.00,6
5300000946,109588005,"MOTO VELOCI XEVERUS EVO PRO 330CC, NEGRO",2026-04-09 00:00:00,2026-04-15 00:00:00,6.00,8
5300000946,109931001,"MOTO VELOCI THYRON EVO SPORT 200C, VERDE",2026-04-09 00:00:00,2026-04-15 00:00:00,6.00,4
5300000946,110000001,"MOTO VELOCI RUBAK EVO SPORT 220, NARANJA",2026-04-09 00:00:00,2026-04-15 00:00:00,6.00,10
5300000947,108635002,"MOTO VELOCI DYNAMIK PRO 200CC, NEGRO",2026-04-09 00:00:00,2026-04-24 00:00:00,15.00,8
5300000947,108638001,"MOTO VELOCI RAZZER GTR 220CC, ROJO",2026-04-09 00:00:00,2026-04-24 00:00:00,15.00,14
5300000947,109582001,"MOTO VELOCI ATRIO  EVO SPORT 200CC, ROJO",2026-04-09 00:00:00,2026-04-24 00:00:00,15.00,4
5300000947,109587001,"MOTO VELOCI RAZZER HYPER SPORT 330, ROJO",2026-04-09 00:00:00,2026-04-24 00:00:00,15.00,4
5300000947,109588005,"MOTO VELOCI XEVERUS EVO PRO 330CC, NEGRO",2026-04-09 00:00:00,2026-04-24 00:00:00,15.00,12
5300000947,110000001,"MOTO VELOCI RUBAK EVO SPORT 220, NARANJA",2026-04-09 00:00:00,2026-04-24 00:00:00,15.00,10
5300000948,108635002,"MOTO VELOCI DYNAMIK PRO 200CC, NEGRO",2026-04-09 00:00:00,2026-05-02 00:00:00,23.00,4
5300000948,108638001,"MOTO VELOCI RAZZER GTR 220CC, ROJO",2026-04-09 00:00:00,2026-05-02 00:00:00,23.00,4
5300000948,108639001,"MOTO VELOCI REVENGE DYNAMIK  220CC, GRIS",2026-04-09 00:00:00,2026-05-02 00:00:00,23.00,12
5300000948,109581001,"MOTO VELOCI BEAST KX4 HYPER 200CC, ROJO",2026-04-09 00:00:00,2026-05-02 00:00:00,23.00,2
5300000948,109582001,"MOTO VELOCI ATRIO  EVO SPORT 200CC, ROJO",2026-04-09 00:00:00,2026-05-02 00:00:00,23.00,4
5300000948,109585001,"MOTO VELOCI SNAKE GT TRAIL 250CC, GRIS",2026-04-09 00:00:00,2026-05-02 00:00:00,23.00,4
5300000948,109587001,"MOTO VELOCI RAZZER HYPER SPORT 330, ROJO",2026-04-09 00:00:00,2026-05-02 00:00:00,23.00,4
5300000948,109588005,"MOTO VELOCI XEVERUS EVO PRO 330CC, NEGRO",2026-04-09 00:00:00,2026-05-02 00:00:00,23.00,8
5300000948,110000001,"MOTO VELOCI RUBAK EVO SPORT 220, NARANJA",2026-04-09 00:00:00,2026-05-02 00:00:00,23.00,8
5300000949,108637001,"MOTO VELOCI SYRIUS RS SPORT 20, AMARILLO",2026-04-09 00:00:00,2026-05-01 00:00:00,22.00,4
5300000949,108638001,"MOTO VELOCI RAZZER GTR 220CC, ROJO",2026-04-09 00:00:00,2026-05-01 00:00:00,22.00,16
5300000949,109582001,"MOTO VELOCI ATRIO  EVO SPORT 200CC, ROJO",2026-04-09 00:00:00,2026-05-01 00:00:00,22.00,2
5300000949,109585001,"MOTO VELOCI SNAKE GT TRAIL 250CC, GRIS",2026-04-09 00:00:00,2026-05-01 00:00:00,22.00,8
5300000949,109586001,"MOTO VELOCI BREAKSTORM SPORT 330CC, GRIS",2026-04-09 00:00:00,2026-05-01 00:00:00,22.00,2
5300000949,109588005,"MOTO VELOCI XEVERUS EVO PRO 330CC, NEGRO",2026-04-09 00:00:00,2026-05-01 00:00:00,22.00,6
5300000949,110000001,"MOTO VELOCI RUBAK EVO SPORT 220, NARANJA",2026-04-09 00:00:00,2026-05-01 00:00:00,22.00,12
5300000950,108652001,"MOTO DINAMO ADVENTURE ELITE 150CC, ROJO",2026-04-15 00:00:00,2026-04-17 00:00:00,2.00,1
5300000950,108652002,"MOTO DINAMO ADVENTURE ELITE 150C, BLANCO",2026-04-15 00:00:00,2026-04-17 00:00:00,2.00,1
5300000950,108655002,"MOTO DINAMO CUSTOM 150CC, AZUL",2026-04-15 00:00:00,2026-04-20 00:00:00,5.00,1
5300000950,108690001,"MOTO DINAMO SCORPIO 200CC, ROJO",2026-04-15 00:00:00,2026-04-17 00:00:00,2.50,2
5300000950,108690002,"MOTO DINAMO SCORPIO 200CC, BLANCO",2026-04-15 00:00:00,2026-04-18 00:00:00,3.00,2
5300000950,108690003,"MOTO DINAMO SCORPIO 200CC, NEGRO",2026-04-15 00:00:00,2026-04-17 00:00:00,2.50,2
5300000950,108691001,"MOTO DINAMO U5 150CC, ROJO",2026-04-15 00:00:00,2026-04-18 00:00:00,3.00,1
5300000950,109118001,"MOTO DINAMO U2 150CC, ROJO",2026-04-15 00:00:00,2026-04-22 00:00:00,7.00,1
5300000950,109118002,"MOTO DINAMO U2 150CC, AZUL",2026-04-15 00:00:00,2026-04-18 00:00:00,3.00,1
5300000950,109137001,"MOTO DINAMO ALIEN-R 175 CC, ROJO",2026-04-15 00:00:00,2026-04-17 00:00:00,2.00,2
5300000950,109137002,"MOTO DINAMO ALIEN-R 175 CC, BLANCO",2026-04-15 00:00:00,2026-04-17 00:00:00,3.25,4
5300000950,109137003,"MOTO DINAMO ALIEN-R 175 CC, GRIS",2026-04-15 00:00:00,2026-04-15 00:00:00,1.80,5
5300000950,109137004,"MOTO DINAMO ALIEN-R 175 CC, VERDE",2026-04-15 00:00:00,2026-04-17 00:00:00,2.50,2
5300000950,109523002,"MOTO DINAMO SPEED FIRE SPDF 250CC, AZUL",2026-04-15 00:00:00,2026-04-20 00:00:00,5.00,1
5300000953,108813001,"MOTO BDS HAWK 200CC, NEGRO",2026-04-22 00:00:00,2026-05-01 00:00:00,9.00,6
5300000953,109040001,"MOTO BDS CASTORO 180CC, AZUL",2026-04-22 00:00:00,2026-05-01 00:00:00,9.00,5
5300000953,109040003,"MOTO BDS CASTORO 180CC, AMARILLO",2026-04-22 00:00:00,2026-05-01 00:00:00,9.00,5
5300000953,109233002,"MOTO BDS MAGMA 150CC, NEGRO",2026-04-22 00:00:00,2026-05-01 00:00:00,9.00,1
5300000953,109569001,"MOTO BDS SB 180CC, BLANCO",2026-04-22 00:00:00,2026-05-01 00:00:00,9.00,3
5300000953,109638001,"MOTO BDS HAWK 250CC, AZUL",2026-04-22 00:00:00,2026-05-01 00:00:00,9.00,7
5300000953,109783001,"MOTO BDS RHINO 200CC, AZUL",2026-04-22 00:00:00,2026-05-01 00:00:00,9.00,2
5300000953,109870001,"MOTO BDS THUNDER 190CC, NEGRO",2026-04-22 00:00:00,2026-05-01 00:00:00,9.00,12
5300000954,108721001,"MOTO BDS SAETA 150CC, AZUL",2026-04-22 00:00:00,2026-06-05 00:00:00,44.00,2
5300000954,108813001,"MOTO BDS HAWK 200CC, NEGRO",2026-04-22 00:00:00,2026-06-05 00:00:00,44.00,4
5300000954,109040001,"MOTO BDS CASTORO 180CC, AZUL",2026-04-22 00:00:00,2026-06-05 00:00:00,44.00,5
5300000954,109040003,"MOTO BDS CASTORO 180CC, AMARILLO",2026-04-22 00:00:00,2026-06-05 00:00:00,44.00,5
5300000954,109233002,"MOTO BDS MAGMA 150CC, NEGRO",2026-04-22 00:00:00,2026-06-05 00:00:00,44.00,2
5300000954,109233003,"MOTO BDS MAGMA 150CC, AZUL",2026-04-22 00:00:00,2026-06-05 00:00:00,44.00,3
5300000954,109569001,"MOTO BDS SB 180CC, BLANCO",2026-04-22 00:00:00,2026-06-05 00:00:00,44.00,2
5300000954,109638001,"MOTO BDS HAWK 250CC, AZUL",2026-04-22 00:00:00,2026-06-05 00:00:00,44.00,7
5300000954,109783001,"MOTO BDS RHINO 200CC, AZUL",2026-04-22 00:00:00,2026-06-05 00:00:00,44.00,8
5300000955,108726001,"MOTO BDS STARK 250CC, ROJO",2026-04-22 00:00:00,2026-05-30 00:00:00,38.00,5
5300000955,108813001,"MOTO BDS HAWK 200CC, NEGRO",2026-04-22 00:00:00,2026-05-30 00:00:00,38.00,3
5300000955,109040001,"MOTO BDS CASTORO 180CC, AZUL",2026-04-22 00:00:00,2026-05-30 00:00:00,38.00,5
5300000955,109040003,"MOTO BDS CASTORO 180CC, AMARILLO",2026-04-22 00:00:00,2026-05-30 00:00:00,38.00,4
5300000955,109233004,"MOTO BDS MAGMA 150CC, GRIS",2026-04-22 00:00:00,2026-05-30 00:00:00,38.00,2
5300000955,109234001,"MOTO BDS STARK 300CC, ROJO",2026-04-22 00:00:00,2026-05-30 00:00:00,38.00,5
5300000955,109234002,"MOTO BDS STARK 300CC, AZUL",2026-04-22 00:00:00,2026-05-30 00:00:00,38.00,4
5300000955,109569002,"MOTO BDS SB 180CC, NEGRO",2026-04-22 00:00:00,2026-05-30 00:00:00,38.00,5
5300000955,109638001,"MOTO BDS HAWK 250CC, AZUL",2026-04-22 00:00:00,2026-05-30 00:00:00,38.00,7
5300000955,109783001,"MOTO BDS RHINO 200CC, AZUL",2026-04-22 00:00:00,2026-05-30 00:00:00,38.00,2
5300000956,108721001,"MOTO BDS SAETA 150CC, AZUL",2026-04-22 00:00:00,2026-05-07 00:00:00,15.00,4
5300000956,108726001,"MOTO BDS STARK 250CC, ROJO",2026-04-22 00:00:00,2026-05-07 00:00:00,15.00,2
5300000956,108813001,"MOTO BDS HAWK 200CC, NEGRO",2026-04-22 00:00:00,2026-05-07 00:00:00,15.00,10
5300000956,109233002,"MOTO BDS MAGMA 150CC, NEGRO",2026-04-22 00:00:00,2026-05-07 00:00:00,15.00,2
5300000956,109234001,"MOTO BDS STARK 300CC, ROJO",2026-04-22 00:00:00,2026-05-07 00:00:00,15.00,3
5300000956,109234002,"MOTO BDS STARK 300CC, AZUL",2026-04-22 00:00:00,2026-05-07 00:00:00,15.00,1
5300000956,109569002,"MOTO BDS SB 180CC, NEGRO",2026-04-22 00:00:00,2026-05-07 00:00:00,15.00,2
5300000956,109638001,"MOTO BDS HAWK 250CC, AZUL",2026-04-22 00:00:00,2026-05-07 00:00:00,15.00,2
5300000956,109783001,"MOTO BDS RHINO 200CC, AZUL",2026-04-22 00:00:00,2026-05-07 00:00:00,15.00,7
5300000957,108726001,"MOTO BDS STARK 250CC, ROJO",2026-04-22 00:00:00,2026-06-03 00:00:00,42.00,4
5300000957,108726002,"MOTO BDS STARK 250CC, GRIS",2026-04-22 00:00:00,2026-06-03 00:00:00,42.00,6
5300000957,108813001,"MOTO BDS HAWK 200CC, NEGRO",2026-04-22 00:00:00,2026-06-03 00:00:00,42.00,7
5300000957,109040001,"MOTO BDS CASTORO 180CC, AZUL",2026-04-22 00:00:00,2026-06-03 00:00:00,42.00,2
5300000957,109040003,"MOTO BDS CASTORO 180CC, AMARILLO",2026-04-22 00:00:00,2026-06-03 00:00:00,42.00,2
5300000957,109233001,"MOTO BDS MAGMA 150CC, ROJO",2026-04-22 00:00:00,2026-06-03 00:00:00,42.00,4
5300000957,109233002,"MOTO BDS MAGMA 150CC, NEGRO",2026-04-22 00:00:00,2026-06-03 00:00:00,42.00,2
5300000957,109233003,"MOTO BDS MAGMA 150CC, AZUL",2026-04-22 00:00:00,2026-06-03 00:00:00,42.00,2
5300000957,109234001,"MOTO BDS STARK 300CC, ROJO",2026-04-22 00:00:00,2026-06-03 00:00:00,42.00,4
5300000957,109234002,"MOTO BDS STARK 300CC, AZUL",2026-04-22 00:00:00,2026-06-03 00:00:00,42.00,4
5300000957,109638001,"MOTO BDS HAWK 250CC, AZUL",2026-04-22 00:00:00,2026-06-03 00:00:00,42.00,3
5300000957,109783001,"MOTO BDS RHINO 200CC, AZUL",2026-04-22 00:00:00,2026-06-03 00:00:00,42.00,2
5300000958,108652001,"MOTO DINAMO ADVENTURE ELITE 150CC, ROJO",2026-04-22 00:00:00,2026-04-27 00:00:00,5.00,4
5300000958,108652002,"MOTO DINAMO ADVENTURE ELITE 150C, BLANCO",2026-04-22 00:00:00,2026-04-24 00:00:00,2.50,2
5300000958,108690001,"MOTO DINAMO SCORPIO 200CC, ROJO",2026-04-22 00:00:00,2026-04-24 00:00:00,3.33,3
5300000958,108690002,"MOTO DINAMO SCORPIO 200CC, BLANCO",2026-04-22 00:00:00,2026-04-27 00:00:00,5.00,2
5300000958,108690003,"MOTO DINAMO SCORPIO 200CC, NEGRO",2026-04-22 00:00:00,2026-04-27 00:00:00,5.00,4
5300000958,108691001,"MOTO DINAMO U5 150CC, ROJO",2026-04-22 00:00:00,2026-04-27 00:00:00,5.00,2
5300000958,108691002,"MOTO DINAMO U5 150CC, AZUL",2026-04-22 00:00:00,2026-04-27 00:00:00,5.00,2
5300000958,109118001,"MOTO DINAMO U2 150CC, ROJO",2026-04-22 00:00:00,2026-04-22 00:00:00,0.00,1
5300000958,109118002,"MOTO DINAMO U2 150CC, AZUL",2026-04-22 00:00:00,2026-04-24 00:00:00,2.00,1
5300000958,109118003,"MOTO DINAMO U2 150CC, PLATA",2026-04-22 00:00:00,2026-04-27 00:00:00,5.00,2
5300000958,109137001,"MOTO DINAMO ALIEN-R 175 CC, ROJO",2026-04-22 00:00:00,2026-04-24 00:00:00,4.25,4
5300000958,109137002,"MOTO DINAMO ALIEN-R 175 CC, BLANCO",2026-04-22 00:00:00,2026-04-22 00:00:00,3.33,3
5300000958,109137003,"MOTO DINAMO ALIEN-R 175 CC, GRIS",2026-04-22 00:00:00,2026-04-22 00:00:00,0.00,1
5300000958,109523001,"MOTO DINAMO SPEED FIRE SPDF 250CC, ROJO",2026-04-22 00:00:00,2026-04-24 00:00:00,3.50,2
5300000958,109523002,"MOTO DINAMO SPEED FIRE SPDF 250CC, AZUL",2026-04-22 00:00:00,2026-04-22 00:00:00,2.50,2
4500611632,109234002,"MOTO BDS STARK 300CC, AZUL",2026-04-24 00:00:00,2026-04-27 00:00:00,3.00,-1
5300000962,108721001,"MOTO BDS SAETA 150CC, AZUL",2026-04-24 00:00:00,2026-05-18 00:00:00,24.00,10
5300000962,108813001,"MOTO BDS HAWK 200CC, NEGRO",2026-04-24 00:00:00,2026-05-18 00:00:00,24.00,10
5300000962,109040001,"MOTO BDS CASTORO 180CC, AZUL",2026-04-24 00:00:00,2026-05-18 00:00:00,24.00,10
5300000962,109569002,"MOTO BDS SB 180CC, NEGRO",2026-04-24 00:00:00,2026-05-18 00:00:00,24.00,8
5300000962,109783001,"MOTO BDS RHINO 200CC, AZUL",2026-04-24 00:00:00,2026-05-18 00:00:00,24.00,1
5300000962,109870001,"MOTO BDS THUNDER 190CC, NEGRO",2026-04-24 00:00:00,2026-05-18 00:00:00,24.00,4
5300000963,108721001,"MOTO BDS SAETA 150CC, AZUL",2026-04-24 00:00:00,2026-05-06 00:00:00,12.00,10
5300000963,108726001,"MOTO BDS STARK 250CC, ROJO",2026-04-24 00:00:00,2026-05-06 00:00:00,12.00,10
5300000963,108813001,"MOTO BDS HAWK 200CC, NEGRO",2026-04-24 00:00:00,2026-05-06 00:00:00,12.00,10
5300000963,109040001,"MOTO BDS CASTORO 180CC, AZUL",2026-04-24 00:00:00,2026-05-06 00:00:00,12.00,10
5300000963,109234002,"MOTO BDS STARK 300CC, AZUL",2026-04-24 00:00:00,2026-05-06 00:00:00,12.00,2
5300000963,109783001,"MOTO BDS RHINO 200CC, AZUL",2026-04-24 00:00:00,2026-05-06 00:00:00,12.00,1
5300000964,108721001,"MOTO BDS SAETA 150CC, AZUL",2026-04-24 00:00:00,2026-05-06 00:00:00,12.00,5
5300000964,108726002,"MOTO BDS STARK 250CC, GRIS",2026-04-24 00:00:00,2026-05-06 00:00:00,12.00,18
5300000964,109031001,"MOTO BDS HAWK GT 250CC, AZUL",2026-04-24 00:00:00,2026-05-06 00:00:00,12.00,2
5300000964,109040003,"MOTO BDS CASTORO 180CC, AMARILLO",2026-04-24 00:00:00,2026-05-06 00:00:00,12.00,8
5300000964,109233003,"MOTO BDS MAGMA 150CC, AZUL",2026-04-24 00:00:00,2026-05-06 00:00:00,12.00,9
5300000965,108726001,"MOTO BDS STARK 250CC, ROJO",2026-04-24 00:00:00,2026-06-03 00:00:00,40.00,5
5300000965,108813001,"MOTO BDS HAWK 200CC, NEGRO",2026-04-24 00:00:00,2026-06-03 00:00:00,40.00,21
5300000965,109040001,"MOTO BDS CASTORO 180CC, AZUL",2026-04-24 00:00:00,2026-06-03 00:00:00,40.00,6
5300000965,109040003,"MOTO BDS CASTORO 180CC, AMARILLO",2026-04-24 00:00:00,2026-06-03 00:00:00,40.00,6
5300000965,109783001,"MOTO BDS RHINO 200CC, AZUL",2026-04-24 00:00:00,2026-06-03 00:00:00,40.00,2
5300000966,108726001,"MOTO BDS STARK 250CC, ROJO",2026-04-24 00:00:00,2026-06-08 00:00:00,45.00,5
5300000966,108813001,"MOTO BDS HAWK 200CC, NEGRO",2026-04-24 00:00:00,2026-06-08 00:00:00,45.00,15
5300000966,109040001,"MOTO BDS CASTORO 180CC, AZUL",2026-04-24 00:00:00,2026-06-08 00:00:00,45.00,10
5300000966,109040003,"MOTO BDS CASTORO 180CC, AMARILLO",2026-04-24 00:00:00,2026-06-08 00:00:00,45.00,4
5300000966,109233003,"MOTO BDS MAGMA 150CC, AZUL",2026-04-24 00:00:00,2026-06-08 00:00:00,45.00,5
5300000966,109569002,"MOTO BDS SB 180CC, NEGRO",2026-04-24 00:00:00,2026-06-08 00:00:00,45.00,5
5300000967,108721001,"MOTO BDS SAETA 150CC, AZUL",2026-04-24 00:00:00,2026-06-04 00:00:00,41.00,2
5300000967,108726001,"MOTO BDS STARK 250CC, ROJO",2026-04-24 00:00:00,2026-06-04 00:00:00,41.00,8
5300000967,108726002,"MOTO BDS STARK 250CC, GRIS",2026-04-24 00:00:00,2026-06-04 00:00:00,41.00,5
5300000967,108813001,"MOTO BDS HAWK 200CC, NEGRO",2026-04-24 00:00:00,2026-06-04 00:00:00,41.00,5
5300000967,109040001,"MOTO BDS CASTORO 180CC, AZUL",2026-04-24 00:00:00,2026-06-04 00:00:00,41.00,8
5300000967,109233003,"MOTO BDS MAGMA 150CC, AZUL",2026-04-24 00:00:00,2026-06-04 00:00:00,41.00,3
5300000967,109569002,"MOTO BDS SB 180CC, NEGRO",2026-04-24 00:00:00,2026-06-04 00:00:00,41.00,5
5300000967,109638001,"MOTO BDS HAWK 250CC, AZUL",2026-04-24 00:00:00,2026-06-04 00:00:00,41.00,3
5300000967,109783001,"MOTO BDS RHINO 200CC, AZUL",2026-04-24 00:00:00,2026-06-04 00:00:00,41.00,2
5300000968,108726001,"MOTO BDS STARK 250CC, ROJO",2026-04-24 00:00:00,2026-05-20 00:00:00,26.00,11
5300000968,108813001,"MOTO BDS HAWK 200CC, NEGRO",2026-04-24 00:00:00,2026-05-20 00:00:00,26.00,20
5300000968,109040001,"MOTO BDS CASTORO 180CC, AZUL",2026-04-24 00:00:00,2026-05-20 00:00:00,26.00,5
5300000968,109233003,"MOTO BDS MAGMA 150CC, AZUL",2026-04-24 00:00:00,2026-05-20 00:00:00,26.00,3
5300000968,109234002,"MOTO BDS STARK 300CC, AZUL",2026-04-24 00:00:00,2026-05-20 00:00:00,26.00,5
5300000969,108726002,"MOTO BDS STARK 250CC, GRIS",2026-04-24 00:00:00,2026-05-04 00:00:00,10.00,4
5300000969,108813001,"MOTO BDS HAWK 200CC, NEGRO",2026-04-24 00:00:00,2026-05-04 00:00:00,10.00,20
5300000969,109040001,"MOTO BDS CASTORO 180CC, AZUL",2026-04-24 00:00:00,2026-05-04 00:00:00,10.00,20
5300000970,108813001,"MOTO BDS HAWK 200CC, NEGRO",2026-04-24 00:00:00,2026-05-06 00:00:00,12.00,17
5300000970,109040001,"MOTO BDS CASTORO 180CC, AZUL",2026-04-24 00:00:00,2026-05-06 00:00:00,12.00,5
5300000970,109040003,"MOTO BDS CASTORO 180CC, AMARILLO",2026-04-24 00:00:00,2026-05-06 00:00:00,12.00,20
5300000970,109783001,"MOTO BDS RHINO 200CC, AZUL",2026-04-24 00:00:00,2026-05-06 00:00:00,12.00,1
5300000971,108726002,"MOTO BDS STARK 250CC, GRIS",2026-04-24 00:00:00,2026-05-07 00:00:00,13.00,11
5300000971,109233001,"MOTO BDS MAGMA 150CC, ROJO",2026-04-24 00:00:00,2026-05-07 00:00:00,13.00,16
5300000971,109233003,"MOTO BDS MAGMA 150CC, AZUL",2026-04-24 00:00:00,2026-05-07 00:00:00,13.00,10
5300000971,109569002,"MOTO BDS SB 180CC, NEGRO",2026-04-24 00:00:00,2026-05-07 00:00:00,13.00,5
5300000971,109783001,"MOTO BDS RHINO 200CC, AZUL",2026-04-24 00:00:00,2026-05-07 00:00:00,13.00,1
5300000972,109040001,"MOTO BDS CASTORO 180CC, AZUL",2026-04-24 00:00:00,2026-05-12 00:00:00,18.00,22
5300000972,109233004,"MOTO BDS MAGMA 150CC, GRIS",2026-04-24 00:00:00,2026-05-12 00:00:00,18.00,22
5300000973,108813001,"MOTO BDS HAWK 200CC, NEGRO",2026-04-24 00:00:00,2026-05-13 00:00:00,19.00,20
5300000973,109040003,"MOTO BDS CASTORO 180CC, AMARILLO",2026-04-24 00:00:00,2026-05-13 00:00:00,19.00,20
5300000973,109233001,"MOTO BDS MAGMA 150CC, ROJO",2026-04-24 00:00:00,2026-05-13 00:00:00,19.00,4
5300000974,108813001,"MOTO BDS HAWK 200CC, NEGRO",2026-04-24 00:00:00,2026-05-25 00:00:00,31.00,30
5300000974,109040001,"MOTO BDS CASTORO 180CC, AZUL",2026-04-24 00:00:00,2026-05-25 00:00:00,31.00,14
5300000975,108813001,"MOTO BDS HAWK 200CC, NEGRO",2026-04-24 00:00:00,2026-05-20 00:00:00,26.00,3
5300000975,109040001,"MOTO BDS CASTORO 180CC, AZUL",2026-04-24 00:00:00,2026-05-20 00:00:00,26.00,14
5300000975,109040003,"MOTO BDS CASTORO 180CC, AMARILLO",2026-04-24 00:00:00,2026-05-20 00:00:00,26.00,25
5300000975,109783001,"MOTO BDS RHINO 200CC, AZUL",2026-04-24 00:00:00,2026-05-20 00:00:00,26.00,1
5300000976,108813001,"MOTO BDS HAWK 200CC, NEGRO",2026-04-24 00:00:00,2026-06-03 00:00:00,40.00,30
5300000976,109040003,"MOTO BDS CASTORO 180CC, AMARILLO",2026-04-24 00:00:00,2026-06-03 00:00:00,40.00,14
5300000977,108652001,"MOTO DINAMO ADVENTURE ELITE 150CC, ROJO",2026-04-28 00:00:00,2026-04-29 00:00:00,1.00,1
5300000977,108655002,"MOTO DINAMO CUSTOM 150CC, AZUL",2026-04-28 00:00:00,2026-04-30 00:00:00,2.00,1
5300000977,108690001,"MOTO DINAMO SCORPIO 200CC, ROJO",2026-04-28 00:00:00,2026-04-28 00:00:00,1.50,4
5300000977,108690002,"MOTO DINAMO SCORPIO 200CC, BLANCO",2026-04-28 00:00:00,2026-04-29 00:00:00,1.50,2
5300000977,108690003,"MOTO DINAMO SCORPIO 200CC, NEGRO",2026-04-28 00:00:00,2026-04-30 00:00:00,2.00,1
5300000977,108691001,"MOTO DINAMO U5 150CC, ROJO",2026-04-28 00:00:00,2026-04-30 00:00:00,2.00,1
5300000977,108691003,"MOTO DINAMO U5 150CC, GRIS",2026-04-28 00:00:00,2026-04-29 00:00:00,1.00,1
5300000977,109118002,"MOTO DINAMO U2 150CC, AZUL",2026-04-28 00:00:00,2026-04-29 00:00:00,1.50,2
5300000977,109137001,"MOTO DINAMO ALIEN-R 175 CC, ROJO",2026-04-28 00:00:00,2026-04-29 00:00:00,1.50,2
5300000977,109137003,"MOTO DINAMO ALIEN-R 175 CC, GRIS",2026-04-28 00:00:00,2026-04-30 00:00:00,2.00,3
5300000977,109137004,"MOTO DINAMO ALIEN-R 175 CC, VERDE",2026-04-28 00:00:00,2026-04-28 00:00:00,1.25,4
5300000977,109523001,"MOTO DINAMO SPEED FIRE SPDF 250CC, ROJO",2026-04-28 00:00:00,2026-04-30 00:00:00,2.00,1
5300000977,109523002,"MOTO DINAMO SPEED FIRE SPDF 250CC, AZUL",2026-04-28 00:00:00,2026-04-29 00:00:00,1.50,2
5300000977,109523003,"MOTO DINAMO SPEED FIRE SPDF 250, NARANJA",2026-04-28 00:00:00,2026-04-29 00:00:00,1.00,1
5300000978,108690001,"MOTO DINAMO SCORPIO 200CC, ROJO",2026-05-01 00:00:00,2026-05-04 00:00:00,3.00,2
5300000978,108690002,"MOTO DINAMO SCORPIO 200CC, BLANCO",2026-05-01 00:00:00,2026-05-01 00:00:00,0.00,1
5300000978,108690003,"MOTO DINAMO SCORPIO 200CC, NEGRO",2026-05-01 00:00:00,2026-05-01 00:00:00,1.50,2
5300000978,108691001,"MOTO DINAMO U5 150CC, ROJO",2026-05-01 00:00:00,2026-05-04 00:00:00,3.00,1
5300000978,108691002,"MOTO DINAMO U5 150CC, AZUL",2026-05-01 00:00:00,2026-05-04 00:00:00,3.00,1
5300000978,109118001,"MOTO DINAMO U2 150CC, ROJO",2026-05-01 00:00:00,2026-05-01 00:00:00,1.50,2
5300000978,109118002,"MOTO DINAMO U2 150CC, AZUL",2026-05-01 00:00:00,2026-05-01 00:00:00,1.50,2
5300000978,109118003,"MOTO DINAMO U2 150CC, PLATA",2026-05-01 00:00:00,2026-05-01 00:00:00,0.00,1
5300000978,109137001,"MOTO DINAMO ALIEN-R 175 CC, ROJO",2026-05-01 00:00:00,2026-05-04 00:00:00,3.00,2
5300000978,109137002,"MOTO DINAMO ALIEN-R 175 CC, BLANCO",2026-05-01 00:00:00,2026-05-04 00:00:00,3.00,2
5300000978,109137003,"MOTO DINAMO ALIEN-R 175 CC, GRIS",2026-05-01 00:00:00,2026-05-04 00:00:00,3.00,2
5300000978,109137004,"MOTO DINAMO ALIEN-R 175 CC, VERDE",2026-05-01 00:00:00,2026-05-04 00:00:00,3.00,3
5300000978,109138002,"MOTO DINAMO XTREME RLX 200CC, GRIS",2026-05-01 00:00:00,2026-05-04 00:00:00,3.00,1
5300000978,109523002,"MOTO DINAMO SPEED FIRE SPDF 250CC, AZUL",2026-05-01 00:00:00,2026-05-04 00:00:00,3.00,1
4500615392,109764001,"MOTO CARABELA INDY 250CC, NEGRO",2026-05-02 00:00:00,2026-05-02 00:00:00,0.00,-1
4500615822,108668001,"MOTO CARABELA HUNTER 110CC, BLANCO",2026-05-04 00:00:00,2026-05-04 00:00:00,0.00,-2
4500615822,108674001,"MOTO ISLO MUTANT 250CC, ROJO",2026-05-04 00:00:00,2026-05-04 00:00:00,0.00,-2
4500615822,108808001,"MOTO CARABELA R250Z, ROJO",2026-05-04 00:00:00,2026-05-04 00:00:00,0.00,-1
5300000979,109581001,"MOTO VELOCI BEAST KX4 HYPER 200CC, ROJO",2026-05-04 00:00:00,2026-05-18 00:00:00,14.00,4
5300000979,109584001,"MOTO VELOCI RUBAK EVO TRAIL 220CC, VERDE",2026-05-04 00:00:00,2026-05-18 00:00:00,14.00,12
5300000979,109585001,"MOTO VELOCI SNAKE GT TRAIL 250CC, GRIS",2026-05-04 00:00:00,2026-05-18 00:00:00,14.00,10
5300000979,109587001,"MOTO VELOCI RAZZER HYPER SPORT 330, ROJO",2026-05-04 00:00:00,2026-05-18 00:00:00,14.00,8
5300000979,110000001,"MOTO VELOCI RUBAK EVO SPORT 220, NARANJA",2026-05-04 00:00:00,2026-05-18 00:00:00,14.00,20
5300000980,109581001,"MOTO VELOCI BEAST KX4 HYPER 200CC, ROJO",2026-05-04 00:00:00,2026-05-30 00:00:00,26.00,4
5300000980,109582001,"MOTO VELOCI ATRIO  EVO SPORT 200CC, ROJO",2026-05-04 00:00:00,2026-05-30 00:00:00,26.00,4
5300000980,109584001,"MOTO VELOCI RUBAK EVO TRAIL 220CC, VERDE",2026-05-04 00:00:00,2026-05-30 00:00:00,26.00,8
5300000980,109585001,"MOTO VELOCI SNAKE GT TRAIL 250CC, GRIS",2026-05-04 00:00:00,2026-05-30 00:00:00,26.00,8
5300000980,109587001,"MOTO VELOCI RAZZER HYPER SPORT 330, ROJO",2026-05-04 00:00:00,2026-05-30 00:00:00,26.00,8
5300000980,109588001,"MOTO VELOCI XEVERUS EVO PRO 330CC, ROJO",2026-05-04 00:00:00,2026-05-30 00:00:00,26.00,12
5300000980,109931001,"MOTO VELOCI THYRON EVO SPORT 200C, VERDE",2026-05-04 00:00:00,2026-05-30 00:00:00,26.00,4
5300000981,108638001,"MOTO VELOCI RAZZER GTR 220CC, ROJO",2026-05-04 00:00:00,2026-05-14 00:00:00,10.00,18
5300000981,109581001,"MOTO VELOCI BEAST KX4 HYPER 200CC, ROJO",2026-05-04 00:00:00,2026-05-14 00:00:00,10.00,2
5300000981,109584001,"MOTO VELOCI RUBAK EVO TRAIL 220CC, VERDE",2026-05-04 00:00:00,2026-05-14 00:00:00,10.00,6
5300000981,109585001,"MOTO VELOCI SNAKE GT TRAIL 250CC, GRIS",2026-05-04 00:00:00,2026-05-14 00:00:00,10.00,10
5300000981,109586001,"MOTO VELOCI BREAKSTORM SPORT 330CC, GRIS",2026-05-04 00:00:00,2026-05-14 00:00:00,10.00,6
5300000981,109932001,"MOTO VELOCI NOVAK EVO SPORT 150CC, VERDE",2026-05-04 00:00:00,2026-05-14 00:00:00,10.00,6
5300000982,108637001,"MOTO VELOCI SYRIUS RS SPORT 20, AMARILLO",2026-05-04 00:00:00,2026-05-15 00:00:00,11.00,4
5300000982,108638001,"MOTO VELOCI RAZZER GTR 220CC, ROJO",2026-05-04 00:00:00,2026-05-15 00:00:00,11.00,16
5300000982,109585001,"MOTO VELOCI SNAKE GT TRAIL 250CC, GRIS",2026-05-04 00:00:00,2026-05-15 00:00:00,11.00,6
5300000982,109586001,"MOTO VELOCI BREAKSTORM SPORT 330CC, GRIS",2026-05-04 00:00:00,2026-05-15 00:00:00,11.00,6
5300000982,109587001,"MOTO VELOCI RAZZER HYPER SPORT 330, ROJO",2026-05-04 00:00:00,2026-05-15 00:00:00,11.00,8
5300000982,109932001,"MOTO VELOCI NOVAK EVO SPORT 150CC, VERDE",2026-05-04 00:00:00,2026-05-15 00:00:00,11.00,4
5300000982,110000001,"MOTO VELOCI RUBAK EVO SPORT 220, NARANJA",2026-05-04 00:00:00,2026-05-15 00:00:00,11.00,6
5300000983,108638001,"MOTO VELOCI RAZZER GTR 220CC, ROJO",2026-05-04 00:00:00,2026-05-18 00:00:00,14.00,20
5300000983,108957002,"MOTOCARRO VELOCI COVALT 300CC, BLANCO",2026-05-04 00:00:00,2026-05-18 00:00:00,14.00,2
5300000983,109585001,"MOTO VELOCI SNAKE GT TRAIL 250CC, GRIS",2026-05-04 00:00:00,2026-05-18 00:00:00,14.00,4
5300000983,109588001,"MOTO VELOCI XEVERUS EVO PRO 330CC, ROJO",2026-05-04 00:00:00,2026-05-18 00:00:00,14.00,4
5300000983,110000001,"MOTO VELOCI RUBAK EVO SPORT 220, NARANJA",2026-05-04 00:00:00,2026-05-18 00:00:00,14.00,10
5300000984,108638001,"MOTO VELOCI RAZZER GTR 220CC, ROJO",2026-05-04 00:00:00,2026-06-01 00:00:00,28.00,16
5300000984,109581001,"MOTO VELOCI BEAST KX4 HYPER 200CC, ROJO",2026-05-04 00:00:00,2026-06-01 00:00:00,28.00,2
5300000984,109585001,"MOTO VELOCI SNAKE GT TRAIL 250CC, GRIS",2026-05-04 00:00:00,2026-06-01 00:00:00,28.00,8
5300000984,109588001,"MOTO VELOCI XEVERUS EVO PRO 330CC, ROJO",2026-05-04 00:00:00,2026-06-01 00:00:00,28.00,4
5300000984,109931001,"MOTO VELOCI THYRON EVO SPORT 200C, VERDE",2026-05-04 00:00:00,2026-06-01 00:00:00,28.00,6
5300000984,109932001,"MOTO VELOCI NOVAK EVO SPORT 150CC, VERDE",2026-05-04 00:00:00,2026-06-01 00:00:00,28.00,6
5300000984,110000001,"MOTO VELOCI RUBAK EVO SPORT 220, NARANJA",2026-05-04 00:00:00,2026-06-01 00:00:00,28.00,4
5300000985,110117,PROMOCIONALES VELOCI MOTORS,2026-05-04 00:00:00,2026-06-03 00:00:00,30.00,40
5300000985,108637001,"MOTO VELOCI SYRIUS RS SPORT 20, AMARILLO",2026-05-04 00:00:00,2026-06-03 00:00:00,30.00,6
5300000985,108638001,"MOTO VELOCI RAZZER GTR 220CC, ROJO",2026-05-04 00:00:00,2026-06-03 00:00:00,30.00,14
5300000985,109581001,"MOTO VELOCI BEAST KX4 HYPER 200CC, ROJO",2026-05-04 00:00:00,2026-06-03 00:00:00,30.00,2
5300000985,109582001,"MOTO VELOCI ATRIO  EVO SPORT 200CC, ROJO",2026-05-04 00:00:00,2026-06-03 00:00:00,30.00,14
5300000985,109587001,"MOTO VELOCI RAZZER HYPER SPORT 330, ROJO",2026-05-04 00:00:00,2026-06-03 00:00:00,30.00,8
5300000985,109931001,"MOTO VELOCI THYRON EVO SPORT 200C, VERDE",2026-05-04 00:00:00,2026-06-03 00:00:00,30.00,6
5300000986,108638001,"MOTO VELOCI RAZZER GTR 220CC, ROJO",2026-05-04 00:00:00,2026-05-19 00:00:00,15.00,6
5300000986,109581001,"MOTO VELOCI BEAST KX4 HYPER 200CC, ROJO",2026-05-04 00:00:00,2026-05-19 00:00:00,15.00,6
5300000986,109584001,"MOTO VELOCI RUBAK EVO TRAIL 220CC, VERDE",2026-05-04 00:00:00,2026-05-19 00:00:00,15.00,8
5300000986,109585001,"MOTO VELOCI SNAKE GT TRAIL 250CC, GRIS",2026-05-04 00:00:00,2026-05-19 00:00:00,15.00,10
5300000986,109588001,"MOTO VELOCI XEVERUS EVO PRO 330CC, ROJO",2026-05-04 00:00:00,2026-05-19 00:00:00,15.00,10
5300000986,110000001,"MOTO VELOCI RUBAK EVO SPORT 220, NARANJA",2026-05-04 00:00:00,2026-05-19 00:00:00,15.00,8
5300000987,109584001,"MOTO VELOCI RUBAK EVO TRAIL 220CC, VERDE",2026-05-04 00:00:00,2026-05-14 00:00:00,10.00,8
5300000987,109585001,"MOTO VELOCI SNAKE GT TRAIL 250CC, GRIS",2026-05-04 00:00:00,2026-05-14 00:00:00,10.00,14
5300000987,109587001,"MOTO VELOCI RAZZER HYPER SPORT 330, ROJO",2026-05-04 00:00:00,2026-05-14 00:00:00,10.00,10
5300000987,109588001,"MOTO VELOCI XEVERUS EVO PRO 330CC, ROJO",2026-05-04 00:00:00,2026-05-14 00:00:00,10.00,10
5300000987,110000001,"MOTO VELOCI RUBAK EVO SPORT 220, NARANJA",2026-05-04 00:00:00,2026-05-14 00:00:00,10.00,10
5300000988,109581001,"MOTO VELOCI BEAST KX4 HYPER 200CC, ROJO",2026-05-04 00:00:00,2026-05-19 00:00:00,15.00,4
5300000988,109584001,"MOTO VELOCI RUBAK EVO TRAIL 220CC, VERDE",2026-05-04 00:00:00,2026-05-19 00:00:00,15.00,10
5300000988,109585001,"MOTO VELOCI SNAKE GT TRAIL 250CC, GRIS",2026-05-04 00:00:00,2026-05-19 00:00:00,15.00,14
5300000988,109588001,"MOTO VELOCI XEVERUS EVO PRO 330CC, ROJO",2026-05-04 00:00:00,2026-05-19 00:00:00,15.00,10
5300000988,110000001,"MOTO VELOCI RUBAK EVO SPORT 220, NARANJA",2026-05-04 00:00:00,2026-05-19 00:00:00,15.00,14
5300000989,110117,PROMOCIONALES VELOCI MOTORS,2026-05-04 00:00:00,2026-06-06 00:00:00,33.00,50
5300000989,109582001,"MOTO VELOCI ATRIO  EVO SPORT 200CC, ROJO",2026-05-04 00:00:00,2026-06-06 00:00:00,33.00,10
5300000989,109584001,"MOTO VELOCI RUBAK EVO TRAIL 220CC, VERDE",2026-05-04 00:00:00,2026-06-06 00:00:00,33.00,8
5300000989,109585001,"MOTO VELOCI SNAKE GT TRAIL 250CC, GRIS",2026-05-04 00:00:00,2026-06-06 00:00:00,33.00,12
5300000989,109588001,"MOTO VELOCI XEVERUS EVO PRO 330CC, ROJO",2026-05-04 00:00:00,2026-06-06 00:00:00,33.00,10
5300000989,109931001,"MOTO VELOCI THYRON EVO SPORT 200C, VERDE",2026-05-04 00:00:00,2026-06-06 00:00:00,33.00,10
5300000990,108637001,"MOTO VELOCI SYRIUS RS SPORT 20, AMARILLO",2026-05-04 00:00:00,2026-05-20 00:00:00,16.00,10
5300000990,108638001,"MOTO VELOCI RAZZER GTR 220CC, ROJO",2026-05-04 00:00:00,2026-05-20 00:00:00,16.00,2
5300000990,109584001,"MOTO VELOCI RUBAK EVO TRAIL 220CC, VERDE",2026-05-04 00:00:00,2026-05-20 00:00:00,16.00,8
5300000990,109585001,"MOTO VELOCI SNAKE GT TRAIL 250CC, GRIS",2026-05-04 00:00:00,2026-05-20 00:00:00,16.00,2
5300000990,109588001,"MOTO VELOCI XEVERUS EVO PRO 330CC, ROJO",2026-05-04 00:00:00,2026-05-20 00:00:00,16.00,16
5300000990,109932001,"MOTO VELOCI NOVAK EVO SPORT 150CC, VERDE",2026-05-04 00:00:00,2026-05-20 00:00:00,16.00,4
5300000990,110000001,"MOTO VELOCI RUBAK EVO SPORT 220, NARANJA",2026-05-04 00:00:00,2026-05-20 00:00:00,16.00,14
5300000991,108638001,"MOTO VELOCI RAZZER GTR 220CC, ROJO",2026-05-04 00:00:00,2026-06-01 00:00:00,28.00,6
5300000991,109581001,"MOTO VELOCI BEAST KX4 HYPER 200CC, ROJO",2026-05-04 00:00:00,2026-06-01 00:00:00,28.00,2
5300000991,109584001,"MOTO VELOCI RUBAK EVO TRAIL 220CC, VERDE",2026-05-04 00:00:00,2026-06-01 00:00:00,28.00,6
5300000991,109585001,"MOTO VELOCI SNAKE GT TRAIL 250CC, GRIS",2026-05-04 00:00:00,2026-06-01 00:00:00,28.00,6
5300000991,109931001,"MOTO VELOCI THYRON EVO SPORT 200C, VERDE",2026-05-04 00:00:00,2026-06-01 00:00:00,28.00,12
5300000991,109932001,"MOTO VELOCI NOVAK EVO SPORT 150CC, VERDE",2026-05-04 00:00:00,2026-06-01 00:00:00,28.00,12
5300000991,110000001,"MOTO VELOCI RUBAK EVO SPORT 220, NARANJA",2026-05-04 00:00:00,2026-06-01 00:00:00,28.00,8
5300000992,110117,PROMOCIONALES VELOCI MOTORS,2026-05-04 00:00:00,2026-06-02 00:00:00,29.00,48
5300000992,108635002,"MOTO VELOCI DYNAMIK PRO 200CC, NEGRO",2026-05-04 00:00:00,2026-06-02 00:00:00,29.00,6
5300000992,108637001,"MOTO VELOCI SYRIUS RS SPORT 20, AMARILLO",2026-05-04 00:00:00,2026-06-02 00:00:00,29.00,8
5300000992,108638001,"MOTO VELOCI RAZZER GTR 220CC, ROJO",2026-05-04 00:00:00,2026-06-02 00:00:00,29.00,8
5300000992,109581001,"MOTO VELOCI BEAST KX4 HYPER 200CC, ROJO",2026-05-04 00:00:00,2026-06-02 00:00:00,29.00,2
5300000992,109582001,"MOTO VELOCI ATRIO  EVO SPORT 200CC, ROJO",2026-05-04 00:00:00,2026-06-02 00:00:00,29.00,6
5300000992,109584001,"MOTO VELOCI RUBAK EVO TRAIL 220CC, VERDE",2026-05-04 00:00:00,2026-06-02 00:00:00,29.00,6
5300000992,109585001,"MOTO VELOCI SNAKE GT TRAIL 250CC, GRIS",2026-05-04 00:00:00,2026-06-02 00:00:00,29.00,4
5300000992,109587001,"MOTO VELOCI RAZZER HYPER SPORT 330, ROJO",2026-05-04 00:00:00,2026-06-02 00:00:00,29.00,4
5300000992,109588001,"MOTO VELOCI XEVERUS EVO PRO 330CC, ROJO",2026-05-04 00:00:00,2026-06-02 00:00:00,29.00,4
5300000992,110000001,"MOTO VELOCI RUBAK EVO SPORT 220, NARANJA",2026-05-04 00:00:00,2026-06-02 00:00:00,29.00,6
4500616704,108813001,"MOTO BDS HAWK 200CC, NEGRO",2026-05-05 00:00:00,2026-05-07 00:00:00,2.00,-1
5300000993,108662001,"MOTO ISLO FREEDOM 150CC, TITANIO",2026-05-05 00:00:00,2026-05-09 00:00:00,4.00,2
5300000993,108664001,"MOTO ISLO RABBIT 150CC, BLANCO",2026-05-05 00:00:00,2026-05-09 00:00:00,4.00,4
5300000993,108665001,"MOTO CARABELA COYOTE 150CC, AZUL",2026-05-05 00:00:00,2026-05-09 00:00:00,4.00,6
5300000993,108668001,"MOTO CARABELA HUNTER 110CC, BLANCO",2026-05-05 00:00:00,2026-05-09 00:00:00,4.00,5
5300000993,108674001,"MOTO ISLO MUTANT 250CC, ROJO",2026-05-05 00:00:00,2026-05-09 00:00:00,4.00,10
5300000993,108808001,"MOTO CARABELA R250Z, ROJO",2026-05-05 00:00:00,2026-05-09 00:00:00,4.00,18
5300000994,108662001,"MOTO ISLO FREEDOM 150CC, TITANIO",2026-05-05 00:00:00,2026-05-13 00:00:00,8.00,3
5300000994,108668001,"MOTO CARABELA HUNTER 110CC, BLANCO",2026-05-05 00:00:00,2026-05-13 00:00:00,8.00,10
5300000994,108669001,"MOTO CARABELA HUNTER 125CC, ROJO",2026-05-05 00:00:00,2026-05-13 00:00:00,8.00,18
5300000994,108674001,"MOTO ISLO MUTANT 250CC, ROJO",2026-05-05 00:00:00,2026-05-13 00:00:00,8.00,8
5300000994,108808001,"MOTO CARABELA R250Z, ROJO",2026-05-05 00:00:00,2026-05-13 00:00:00,8.00,6
5300000995,108669001,"MOTO CARABELA HUNTER 125CC, ROJO",2026-05-05 00:00:00,2026-05-11 00:00:00,6.00,10
5300000995,108674001,"MOTO ISLO MUTANT 250CC, ROJO",2026-05-05 00:00:00,2026-05-11 00:00:00,6.00,11
5300000995,108812001,"MOTO CARABELA ROUTE R SONORA 20, NARANJA",2026-05-05 00:00:00,2026-05-11 00:00:00,6.00,12
5300000995,108812002,"MOTO CARABELA ROUTE R SONORA 200CC, AZUL",2026-05-05 00:00:00,2026-05-11 00:00:00,6.00,12
5300000996,108674001,"MOTO ISLO MUTANT 250CC, ROJO",2026-05-05 00:00:00,2026-05-15 00:00:00,10.00,4
5300000996,109571001,"MOTO CARABELA KRONOS 200CC, TITANIO",2026-05-05 00:00:00,2026-05-15 00:00:00,10.00,36
5300000996,109591001,"MOTO CARABELA DAKOTA ADV 320CC, AMARILLO",2026-05-05 00:00:00,2026-05-15 00:00:00,10.00,5
5300000997,109590002,"MOTO CARABELA KRONOS 200CC, AZUL",2026-05-05 00:00:00,2026-05-23 00:00:00,18.00,6
5300000997,109591001,"MOTO CARABELA DAKOTA ADV 320CC, AMARILLO",2026-05-05 00:00:00,2026-05-23 00:00:00,18.00,32
5300000998,108675001,"MOTO CARABELA DIRT 3 250CC, ROJO",2026-05-05 00:00:00,2026-05-22 00:00:00,17.00,15
5300000998,108808001,"MOTO CARABELA R250Z, ROJO",2026-05-05 00:00:00,2026-05-22 00:00:00,17.00,10
5300000998,109571001,"MOTO CARABELA KRONOS 200CC, TITANIO",2026-05-05 00:00:00,2026-05-22 00:00:00,17.00,10
5300000998,109591001,"MOTO CARABELA DAKOTA ADV 320CC, AMARILLO",2026-05-05 00:00:00,2026-05-22 00:00:00,17.00,10
5300000999,109764001,"MOTO CARABELA INDY 250CC, NEGRO",2026-05-05 00:00:00,2026-05-30 00:00:00,25.00,36
5300001000,108662001,"MOTO ISLO FREEDOM 150CC, TITANIO",2026-05-05 00:00:00,2026-05-14 00:00:00,9.00,5
5300001000,108664001,"MOTO ISLO RABBIT 150CC, BLANCO",2026-05-05 00:00:00,2026-05-14 00:00:00,9.00,8
5300001000,108669001,"MOTO CARABELA HUNTER 125CC, ROJO",2026-05-05 00:00:00,2026-05-14 00:00:00,9.00,4
5300001000,108674001,"MOTO ISLO MUTANT 250CC, ROJO",2026-05-05 00:00:00,2026-05-14 00:00:00,9.00,12
5300001000,108808001,"MOTO CARABELA R250Z, ROJO",2026-05-05 00:00:00,2026-05-14 00:00:00,9.00,14
5300001000,108812001,"MOTO CARABELA ROUTE R SONORA 20, NARANJA",2026-05-05 00:00:00,2026-05-14 00:00:00,9.00,2
5300001001,109590002,"MOTO CARABELA KRONOS 200CC, AZUL",2026-05-05 00:00:00,2026-06-03 00:00:00,29.00,4
5300001001,109591001,"MOTO CARABELA DAKOTA ADV 320CC, AMARILLO",2026-05-05 00:00:00,2026-06-03 00:00:00,29.00,14
5300001001,109764001,"MOTO CARABELA INDY 250CC, NEGRO",2026-05-05 00:00:00,2026-06-03 00:00:00,29.00,8
5300001001,110081001,"MOTO CARABELA ROUTE R SONORA 175CC, AZUL",2026-05-05 00:00:00,2026-06-03 00:00:00,29.00,8
5300001001,110081002,"MOTO CARABELA ROUTE R SONORA 17, NARANJA",2026-05-05 00:00:00,2026-06-03 00:00:00,29.00,6
5300001002,108664001,"MOTO ISLO RABBIT 150CC, BLANCO",2026-05-05 00:00:00,2026-05-18 00:00:00,13.00,2
5300001002,108668001,"MOTO CARABELA HUNTER 110CC, BLANCO",2026-05-05 00:00:00,2026-05-18 00:00:00,13.00,10
5300001002,108669001,"MOTO CARABELA HUNTER 125CC, ROJO",2026-05-05 00:00:00,2026-05-18 00:00:00,13.00,14
5300001002,108674001,"MOTO ISLO MUTANT 250CC, ROJO",2026-05-05 00:00:00,2026-05-18 00:00:00,13.00,4
5300001002,108675001,"MOTO CARABELA DIRT 3 250CC, ROJO",2026-05-05 00:00:00,2026-05-18 00:00:00,13.00,3
5300001002,108808001,"MOTO CARABELA R250Z, ROJO",2026-05-05 00:00:00,2026-05-18 00:00:00,13.00,3
5300001002,109571001,"MOTO CARABELA KRONOS 200CC, TITANIO",2026-05-05 00:00:00,2026-05-18 00:00:00,13.00,5
5300001002,109591001,"MOTO CARABELA DAKOTA ADV 320CC, AMARILLO",2026-05-05 00:00:00,2026-05-18 00:00:00,13.00,3
5300001003,108662001,"MOTO ISLO FREEDOM 150CC, TITANIO",2026-05-05 00:00:00,2026-05-14 00:00:00,9.00,5
5300001003,108664001,"MOTO ISLO RABBIT 150CC, BLANCO",2026-05-05 00:00:00,2026-05-14 00:00:00,9.00,7
5300001003,108665001,"MOTO CARABELA COYOTE 150CC, AZUL",2026-05-05 00:00:00,2026-05-14 00:00:00,9.00,4
5300001003,108668001,"MOTO CARABELA HUNTER 110CC, BLANCO",2026-05-05 00:00:00,2026-05-14 00:00:00,9.00,19
5300001003,108808001,"MOTO CARABELA R250Z, ROJO",2026-05-05 00:00:00,2026-05-14 00:00:00,9.00,10
5300001004,108664001,"MOTO ISLO RABBIT 150CC, BLANCO",2026-05-05 00:00:00,2026-05-14 00:00:00,9.00,2
5300001004,108669001,"MOTO CARABELA HUNTER 125CC, ROJO",2026-05-05 00:00:00,2026-05-14 00:00:00,9.00,16
5300001004,108674001,"MOTO ISLO MUTANT 250CC, ROJO",2026-05-05 00:00:00,2026-05-14 00:00:00,9.00,7
5300001004,108812001,"MOTO CARABELA ROUTE R SONORA 20, NARANJA",2026-05-05 00:00:00,2026-05-14 00:00:00,9.00,12
5300001004,108812002,"MOTO CARABELA ROUTE R SONORA 200CC, AZUL",2026-05-05 00:00:00,2026-05-14 00:00:00,9.00,8
5300001005,108669001,"MOTO CARABELA HUNTER 125CC, ROJO",2026-05-05 00:00:00,2026-05-18 00:00:00,13.00,34
5300001005,108674001,"MOTO ISLO MUTANT 250CC, ROJO",2026-05-05 00:00:00,2026-05-18 00:00:00,13.00,10
5300001006,108669001,"MOTO CARABELA HUNTER 125CC, ROJO",2026-05-05 00:00:00,2026-05-21 00:00:00,16.00,26
5300001006,109571001,"MOTO CARABELA KRONOS 200CC, TITANIO",2026-05-05 00:00:00,2026-05-21 00:00:00,16.00,19
5300001007,109590002,"MOTO CARABELA KRONOS 200CC, AZUL",2026-05-05 00:00:00,2026-05-21 00:00:00,16.00,44
5300001007,109591001,"MOTO CARABELA DAKOTA ADV 320CC, AMARILLO",2026-05-05 00:00:00,2026-05-21 00:00:00,16.00,1
5300001008,109590002,"MOTO CARABELA KRONOS 200CC, AZUL",2026-05-05 00:00:00,2026-06-03 00:00:00,29.00,6
5300001008,109591001,"MOTO CARABELA DAKOTA ADV 320CC, AMARILLO",2026-05-05 00:00:00,2026-06-03 00:00:00,29.00,11
5300001008,109764001,"MOTO CARABELA INDY 250CC, NEGRO",2026-05-05 00:00:00,2026-06-03 00:00:00,29.00,28
5300001009,108668001,"MOTO CARABELA HUNTER 110CC, BLANCO",2026-05-05 00:00:00,2026-05-13 00:00:00,8.00,2
5300001009,108669001,"MOTO CARABELA HUNTER 125CC, ROJO",2026-05-05 00:00:00,2026-05-13 00:00:00,8.00,6
5300001009,108674001,"MOTO ISLO MUTANT 250CC, ROJO",2026-05-05 00:00:00,2026-05-13 00:00:00,8.00,17
5300001009,108675001,"MOTO CARABELA DIRT 3 250CC, ROJO",2026-05-05 00:00:00,2026-05-13 00:00:00,8.00,2
5300001009,108808001,"MOTO CARABELA R250Z, ROJO",2026-05-05 00:00:00,2026-05-13 00:00:00,8.00,4
5300001009,109571001,"MOTO CARABELA KRONOS 200CC, TITANIO",2026-05-05 00:00:00,2026-05-13 00:00:00,8.00,10
5300001009,109591001,"MOTO CARABELA DAKOTA ADV 320CC, AMARILLO",2026-05-05 00:00:00,2026-05-13 00:00:00,8.00,4
5300001010,108662001,"MOTO ISLO FREEDOM 150CC, TITANIO",2026-05-05 00:00:00,2026-05-13 00:00:00,8.00,5
5300001010,108668001,"MOTO CARABELA HUNTER 110CC, BLANCO",2026-05-05 00:00:00,2026-05-13 00:00:00,8.00,9
5300001010,108669001,"MOTO CARABELA HUNTER 125CC, ROJO",2026-05-05 00:00:00,2026-05-13 00:00:00,8.00,12
5300001010,108674001,"MOTO ISLO MUTANT 250CC, ROJO",2026-05-05 00:00:00,2026-05-13 00:00:00,8.00,1
5300001010,108812001,"MOTO CARABELA ROUTE R SONORA 20, NARANJA",2026-05-05 00:00:00,2026-05-13 00:00:00,8.00,10
5300001010,108812002,"MOTO CARABELA ROUTE R SONORA 200CC, AZUL",2026-05-05 00:00:00,2026-05-13 00:00:00,8.00,8
5300001011,109590002,"MOTO CARABELA KRONOS 200CC, AZUL",2026-05-05 00:00:00,2026-06-05 00:00:00,31.00,26
5300001011,109591001,"MOTO CARABELA DAKOTA ADV 320CC, AMARILLO",2026-05-05 00:00:00,2026-06-05 00:00:00,31.00,8
5300001011,109764001,"MOTO CARABELA INDY 250CC, NEGRO",2026-05-05 00:00:00,2026-06-05 00:00:00,31.00,9
5300001011,110081001,"MOTO CARABELA ROUTE R SONORA 175CC, AZUL",2026-05-05 00:00:00,2026-06-05 00:00:00,31.00,2
5300001012,108662001,"MOTO ISLO FREEDOM 150CC, TITANIO",2026-05-05 00:00:00,2026-05-16 00:00:00,11.00,12
5300001012,108664001,"MOTO ISLO RABBIT 150CC, BLANCO",2026-05-05 00:00:00,2026-05-16 00:00:00,11.00,3
5300001012,108665001,"MOTO CARABELA COYOTE 150CC, AZUL",2026-05-05 00:00:00,2026-05-16 00:00:00,11.00,3
5300001012,108808001,"MOTO CARABELA R250Z, ROJO",2026-05-05 00:00:00,2026-05-16 00:00:00,11.00,26
5300001013,108664001,"MOTO ISLO RABBIT 150CC, BLANCO",2026-05-05 00:00:00,2026-05-23 00:00:00,18.00,4
5300001013,108669001,"MOTO CARABELA HUNTER 125CC, ROJO",2026-05-05 00:00:00,2026-05-23 00:00:00,18.00,26
5300001013,108674001,"MOTO ISLO MUTANT 250CC, ROJO",2026-05-05 00:00:00,2026-05-23 00:00:00,18.00,13
5300001013,110081002,"MOTO CARABELA ROUTE R SONORA 17, NARANJA",2026-05-05 00:00:00,2026-05-23 00:00:00,18.00,2
5300001014,108664001,"MOTO ISLO RABBIT 150CC, BLANCO",2026-05-05 00:00:00,2026-05-23 00:00:00,18.00,3
5300001014,108674001,"MOTO ISLO MUTANT 250CC, ROJO",2026-05-05 00:00:00,2026-05-23 00:00:00,18.00,10
5300001014,109571001,"MOTO CARABELA KRONOS 200CC, TITANIO",2026-05-05 00:00:00,2026-05-23 00:00:00,18.00,10
5300001014,110081002,"MOTO CARABELA ROUTE R SONORA 17, NARANJA",2026-05-05 00:00:00,2026-05-23 00:00:00,18.00,22
5300001015,108674001,"MOTO ISLO MUTANT 250CC, ROJO",2026-05-05 00:00:00,2026-05-20 00:00:00,15.00,11
5300001015,109571001,"MOTO CARABELA KRONOS 200CC, TITANIO",2026-05-05 00:00:00,2026-05-20 00:00:00,15.00,34
5300001016,109590002,"MOTO CARABELA KRONOS 200CC, AZUL",2026-05-05 00:00:00,2026-05-27 00:00:00,22.00,45
5300001017,109571001,"MOTO CARABELA KRONOS 200CC, TITANIO",2026-05-05 00:00:00,2026-06-08 00:00:00,34.00,5
5300001017,109591001,"MOTO CARABELA DAKOTA ADV 320CC, AMARILLO",2026-05-05 00:00:00,2026-06-08 00:00:00,34.00,21
5300001017,109764001,"MOTO CARABELA INDY 250CC, NEGRO",2026-05-05 00:00:00,2026-06-08 00:00:00,34.00,19
5300001018,108690001,"MOTO DINAMO SCORPIO 200CC, ROJO",2026-05-07 00:00:00,2026-05-07 00:00:00,0.00,1
5300001018,108691001,"MOTO DINAMO U5 150CC, ROJO",2026-05-07 00:00:00,2026-05-12 00:00:00,5.00,1
5300001018,109137001,"MOTO DINAMO ALIEN-R 175 CC, ROJO",2026-05-07 00:00:00,2026-05-07 00:00:00,0.00,1
5300001018,109137002,"MOTO DINAMO ALIEN-R 175 CC, BLANCO",2026-05-07 00:00:00,2026-05-07 00:00:00,1.00,2
5300001018,109137004,"MOTO DINAMO ALIEN-R 175 CC, VERDE",2026-05-07 00:00:00,2026-05-12 00:00:00,5.00,1
4500618294,108808001,"MOTO CARABELA R250Z, ROJO",2026-05-08 00:00:00,2026-05-08 00:00:00,0.00,-1
5300001019,109990004,"MOTO BAJAJ PULSAR N 125CC, CITRUS",2026-05-08 00:00:00,2026-05-16 00:00:00,8.00,4
5300001019,109991001,"MOTO BAJAJ PULSAL N 250CC, NEGRO",2026-05-08 00:00:00,2026-05-16 00:00:00,8.00,9
5300001019,109991003,"MOTO BAJAJ PULSAL N 250CC, AMARILLO",2026-05-08 00:00:00,2026-05-16 00:00:00,8.00,6
5300001019,109997001,"MOTO BAJAJ PULSAR N 125CC CARB, ROJO",2026-05-08 00:00:00,2026-05-16 00:00:00,8.00,8
5300001019,109997002,"MOTO BAJAJ PULSAR N 125CC CARB, PURPURA",2026-05-08 00:00:00,2026-05-16 00:00:00,8.00,5
5300001019,109997003,"MOTO BAJAJ PULSAR N 125CC CARB, CITRUS",2026-05-08 00:00:00,2026-05-16 00:00:00,8.00,6
5300001020,109990004,"MOTO BAJAJ PULSAR N 125CC, CITRUS",2026-05-08 00:00:00,2026-05-18 00:00:00,10.00,5
5300001020,109997001,"MOTO BAJAJ PULSAR N 125CC CARB, ROJO",2026-05-08 00:00:00,2026-05-18 00:00:00,10.00,7
5300001020,109997002,"MOTO BAJAJ PULSAR N 125CC CARB, PURPURA",2026-05-08 00:00:00,2026-05-18 00:00:00,10.00,6
5300001020,109997003,"MOTO BAJAJ PULSAR N 125CC CARB, CITRUS",2026-05-08 00:00:00,2026-05-18 00:00:00,10.00,5
5300001020,110080002,"MOTO BAJAJ PULSAR N 250CC UG, NEGRO",2026-05-08 00:00:00,2026-05-18 00:00:00,10.00,8
5300001020,110080003,"MOTO BAJAJ PULSAR N 250CC UG, AMARILLO",2026-05-08 00:00:00,2026-05-18 00:00:00,10.00,7
5300001021,109969003,"MOTO BAJAJ PULSAR N 160CC, PERLA",2026-05-08 00:00:00,2026-05-25 00:00:00,17.00,8
5300001021,109990004,"MOTO BAJAJ PULSAR N 125CC, CITRUS",2026-05-08 00:00:00,2026-05-25 00:00:00,17.00,5
5300001021,109997001,"MOTO BAJAJ PULSAR N 125CC CARB, ROJO",2026-05-08 00:00:00,2026-05-25 00:00:00,17.00,7
5300001021,109997002,"MOTO BAJAJ PULSAR N 125CC CARB, PURPURA",2026-05-08 00:00:00,2026-05-25 00:00:00,17.00,6
5300001021,109997003,"MOTO BAJAJ PULSAR N 125CC CARB, CITRUS",2026-05-08 00:00:00,2026-05-25 00:00:00,17.00,5
5300001021,110080003,"MOTO BAJAJ PULSAR N 250CC UG, AMARILLO",2026-05-08 00:00:00,2026-05-25 00:00:00,17.00,7
5300001022,108652001,"MOTO DINAMO ADVENTURE ELITE 150CC, ROJO",2026-05-13 00:00:00,2026-05-14 00:00:00,1.00,1
5300001022,108652002,"MOTO DINAMO ADVENTURE ELITE 150C, BLANCO",2026-05-13 00:00:00,2026-05-13 00:00:00,6.50,2
5300001022,108690001,"MOTO DINAMO SCORPIO 200CC, ROJO",2026-05-13 00:00:00,2026-05-26 00:00:00,13.00,1
5300001022,108691002,"MOTO DINAMO U5 150CC, AZUL",2026-05-13 00:00:00,2026-05-26 00:00:00,13.00,1
5300001022,109118001,"MOTO DINAMO U2 150CC, ROJO",2026-05-13 00:00:00,2026-05-15 00:00:00,2.00,1
5300001022,109118003,"MOTO DINAMO U2 150CC, PLATA",2026-05-13 00:00:00,2026-05-26 00:00:00,13.00,1
5300001022,109137002,"MOTO DINAMO ALIEN-R 175 CC, BLANCO",2026-05-13 00:00:00,2026-05-13 00:00:00,0.00,2
5300001022,109137004,"MOTO DINAMO ALIEN-R 175 CC, VERDE",2026-05-13 00:00:00,2026-05-14 00:00:00,1.00,2
5300001022,109523002,"MOTO DINAMO SPEED FIRE SPDF 250CC, AZUL",2026-05-13 00:00:00,2026-05-26 00:00:00,13.00,1
4500623409,108808001,"MOTO CARABELA R250Z, ROJO",2026-05-18 00:00:00,2026-05-18 00:00:00,0.00,-1
4500624257,110080002,"MOTO BAJAJ PULSAR N 250CC UG, NEGRO",2026-05-19 00:00:00,2026-05-19 00:00:00,0.00,-1
4500624276,110080003,"MOTO BAJAJ PULSAR N 250CC UG, AMARILLO",2026-05-19 00:00:00,2026-05-19 00:00:00,0.00,-1
5300001023,109969003,"MOTO BAJAJ PULSAR N 160CC, PERLA",2026-05-19 00:00:00,2026-05-25 00:00:00,6.00,30
5300001023,109997001,"MOTO BAJAJ PULSAR N 125CC CARB, ROJO",2026-05-19 00:00:00,2026-05-25 00:00:00,6.00,3
5300001023,109997002,"MOTO BAJAJ PULSAR N 125CC CARB, PURPURA",2026-05-19 00:00:00,2026-05-25 00:00:00,6.00,3
5300001023,109997003,"MOTO BAJAJ PULSAR N 125CC CARB, CITRUS",2026-05-19 00:00:00,2026-05-25 00:00:00,6.00,2
4500625978,109571001,"MOTO CARABELA KRONOS 200CC, TITANIO",2026-05-22 00:00:00,2026-05-22 00:00:00,0.00,-1
5300001024,108652002,"MOTO DINAMO ADVENTURE ELITE 150C, BLANCO",2026-05-26 00:00:00,2026-05-26 00:00:00,0.00,1
5300001024,108690001,"MOTO DINAMO SCORPIO 200CC, ROJO",2026-05-26 00:00:00,2026-05-26 00:00:00,0.00,1
5300001024,108691003,"MOTO DINAMO U5 150CC, GRIS",2026-05-26 00:00:00,2026-06-03 00:00:00,8.00,1
5300001024,109118003,"MOTO DINAMO U2 150CC, PLATA",2026-05-26 00:00:00,2026-05-29 00:00:00,3.00,1
5300001024,109137001,"MOTO DINAMO ALIEN-R 175 CC, ROJO",2026-05-26 00:00:00,2026-05-29 00:00:00,3.00,1
5300001024,109137004,"MOTO DINAMO ALIEN-R 175 CC, VERDE",2026-05-26 00:00:00,2026-05-29 00:00:00,3.00,1
5300001024,109138001,"MOTO DINAMO XTREME RLX 200CC, ROJO",2026-05-26 00:00:00,2026-05-26 00:00:00,0.00,1
5300001024,109523003,"MOTO DINAMO SPEED FIRE SPDF 250, NARANJA",2026-05-26 00:00:00,2026-05-29 00:00:00,3.00,1
5300001025,109969003,"MOTO BAJAJ PULSAR N 160CC, PERLA",2026-05-28 00:00:00,2026-06-13 00:00:00,16.00,8
5300001025,109969004,"MOTO BAJAJ PULSAR N 160CC, AZUL",2026-05-28 00:00:00,2026-06-13 00:00:00,16.00,5
5300001025,109990003,"MOTO BAJAJ PULSAR N 125CC, PURPURA",2026-05-28 00:00:00,2026-06-13 00:00:00,16.00,5
5300001025,109997001,"MOTO BAJAJ PULSAR N 125CC CARB, ROJO",2026-05-28 00:00:00,2026-06-13 00:00:00,16.00,5
5300001025,109997002,"MOTO BAJAJ PULSAR N 125CC CARB, PURPURA",2026-05-28 00:00:00,2026-06-13 00:00:00,16.00,2
5300001025,110080001,"MOTO BAJAJ PULSAR N 250CC UG, AZUL",2026-05-28 00:00:00,2026-06-13 00:00:00,16.00,12
5300001025,110080003,"MOTO BAJAJ PULSAR N 250CC UG, AMARILLO",2026-05-28 00:00:00,2026-06-13 00:00:00,16.00,1
5300001026,109969003,"MOTO BAJAJ PULSAR N 160CC, PERLA",2026-05-28 00:00:00,2026-06-12 00:00:00,15.00,6
5300001026,109969004,"MOTO BAJAJ PULSAR N 160CC, AZUL",2026-05-28 00:00:00,2026-06-12 00:00:00,15.00,7
5300001026,109990003,"MOTO BAJAJ PULSAR N 125CC, PURPURA",2026-05-28 00:00:00,2026-06-12 00:00:00,15.00,8
5300001026,109997001,"MOTO BAJAJ PULSAR N 125CC CARB, ROJO",2026-05-28 00:00:00,2026-06-12 00:00:00,15.00,2
5300001026,109997003,"MOTO BAJAJ PULSAR N 125CC CARB, CITRUS",2026-05-28 00:00:00,2026-06-12 00:00:00,15.00,2
5300001026,110080001,"MOTO BAJAJ PULSAR N 250CC UG, AZUL",2026-05-28 00:00:00,2026-06-12 00:00:00,15.00,10
5300001026,110080002,"MOTO BAJAJ PULSAR N 250CC UG, NEGRO",2026-05-28 00:00:00,2026-06-12 00:00:00,15.00,1
5300001026,110080003,"MOTO BAJAJ PULSAR N 250CC UG, AMARILLO",2026-05-28 00:00:00,2026-06-12 00:00:00,15.00,2
5300001027,109969003,"MOTO BAJAJ PULSAR N 160CC, PERLA",2026-05-28 00:00:00,2026-06-16 00:00:00,19.00,7
5300001027,109969004,"MOTO BAJAJ PULSAR N 160CC, AZUL",2026-05-28 00:00:00,2026-06-16 00:00:00,19.00,4
5300001027,109990002,"MOTO BAJAJ PULSAR N 125CC, ROJO",2026-05-28 00:00:00,2026-06-16 00:00:00,19.00,2
5300001027,109990003,"MOTO BAJAJ PULSAR N 125CC, PURPURA",2026-05-28 00:00:00,2026-06-16 00:00:00,19.00,1
5300001027,109997001,"MOTO BAJAJ PULSAR N 125CC CARB, ROJO",2026-05-28 00:00:00,2026-06-16 00:00:00,19.00,4
5300001027,109997002,"MOTO BAJAJ PULSAR N 125CC CARB, PURPURA",2026-05-28 00:00:00,2026-06-16 00:00:00,19.00,5
5300001027,109997003,"MOTO BAJAJ PULSAR N 125CC CARB, CITRUS",2026-05-28 00:00:00,2026-06-16 00:00:00,19.00,5
5300001027,110080001,"MOTO BAJAJ PULSAR N 250CC UG, AZUL",2026-05-28 00:00:00,2026-06-16 00:00:00,19.00,10
5300001028,109969003,"MOTO BAJAJ PULSAR N 160CC, PERLA",2026-05-28 00:00:00,2026-06-14 00:00:00,17.00,6
5300001028,109969004,"MOTO BAJAJ PULSAR N 160CC, AZUL",2026-05-28 00:00:00,2026-06-14 00:00:00,17.00,5
5300001028,109997001,"MOTO BAJAJ PULSAR N 125CC CARB, ROJO",2026-05-28 00:00:00,2026-06-14 00:00:00,17.00,8
5300001028,109997003,"MOTO BAJAJ PULSAR N 125CC CARB, CITRUS",2026-05-28 00:00:00,2026-06-14 00:00:00,17.00,3
5300001028,110080001,"MOTO BAJAJ PULSAR N 250CC UG, AZUL",2026-05-28 00:00:00,2026-06-14 00:00:00,17.00,12
5300001028,110080002,"MOTO BAJAJ PULSAR N 250CC UG, NEGRO",2026-05-28 00:00:00,2026-06-14 00:00:00,17.00,1
5300001029,109969003,"MOTO BAJAJ PULSAR N 160CC, PERLA",2026-05-28 00:00:00,2026-06-19 00:00:00,22.00,7
5300001029,109969004,"MOTO BAJAJ PULSAR N 160CC, AZUL",2026-05-28 00:00:00,2026-06-19 00:00:00,22.00,5
5300001029,109990002,"MOTO BAJAJ PULSAR N 125CC, ROJO",2026-05-28 00:00:00,2026-06-19 00:00:00,22.00,1
5300001029,109990003,"MOTO BAJAJ PULSAR N 125CC, PURPURA",2026-05-28 00:00:00,2026-06-19 00:00:00,22.00,1
5300001029,109997001,"MOTO BAJAJ PULSAR N 125CC CARB, ROJO",2026-05-28 00:00:00,2026-06-19 00:00:00,22.00,7
5300001029,109997002,"MOTO BAJAJ PULSAR N 125CC CARB, PURPURA",2026-05-28 00:00:00,2026-06-19 00:00:00,22.00,3
5300001029,109997003,"MOTO BAJAJ PULSAR N 125CC CARB, CITRUS",2026-05-28 00:00:00,2026-06-19 00:00:00,22.00,3
5300001029,110080001,"MOTO BAJAJ PULSAR N 250CC UG, AZUL",2026-05-28 00:00:00,2026-06-19 00:00:00,22.00,11
5300001030,109969003,"MOTO BAJAJ PULSAR N 160CC, PERLA",2026-05-28 00:00:00,2026-06-16 00:00:00,19.00,7
5300001030,109969004,"MOTO BAJAJ PULSAR N 160CC, AZUL",2026-05-28 00:00:00,2026-06-16 00:00:00,19.00,4
5300001030,109990002,"MOTO BAJAJ PULSAR N 125CC, ROJO",2026-05-28 00:00:00,2026-06-16 00:00:00,19.00,2
5300001030,109990003,"MOTO BAJAJ PULSAR N 125CC, PURPURA",2026-05-28 00:00:00,2026-06-16 00:00:00,19.00,1
5300001030,109997001,"MOTO BAJAJ PULSAR N 125CC CARB, ROJO",2026-05-28 00:00:00,2026-06-16 00:00:00,19.00,5
5300001030,109997002,"MOTO BAJAJ PULSAR N 125CC CARB, PURPURA",2026-05-28 00:00:00,2026-06-16 00:00:00,19.00,5
5300001030,109997003,"MOTO BAJAJ PULSAR N 125CC CARB, CITRUS",2026-05-28 00:00:00,2026-06-16 00:00:00,19.00,4
5300001030,110080001,"MOTO BAJAJ PULSAR N 250CC UG, AZUL",2026-05-28 00:00:00,2026-06-16 00:00:00,19.00,10
5300001031,109969003,"MOTO BAJAJ PULSAR N 160CC, PERLA",2026-05-28 00:00:00,2026-06-19 00:00:00,22.00,7
5300001031,109969004,"MOTO BAJAJ PULSAR N 160CC, AZUL",2026-05-28 00:00:00,2026-06-19 00:00:00,22.00,5
5300001031,109990003,"MOTO BAJAJ PULSAR N 125CC, PURPURA",2026-05-28 00:00:00,2026-06-19 00:00:00,22.00,1
5300001031,109997001,"MOTO BAJAJ PULSAR N 125CC CARB, ROJO",2026-05-28 00:00:00,2026-06-19 00:00:00,22.00,4
5300001031,109997002,"MOTO BAJAJ PULSAR N 125CC CARB, PURPURA",2026-05-28 00:00:00,2026-06-19 00:00:00,22.00,4
5300001031,109997003,"MOTO BAJAJ PULSAR N 125CC CARB, CITRUS",2026-05-28 00:00:00,2026-06-19 00:00:00,22.00,4
5300001031,110080001,"MOTO BAJAJ PULSAR N 250CC UG, AZUL",2026-05-28 00:00:00,2026-06-19 00:00:00,22.00,11
4300000626,110117,PROMOCIONALES VELOCI MOTORS,2026-06-02 00:00:00,2026-06-03 00:00:00,1.00,42
4300000627,110117,PROMOCIONALES VELOCI MOTORS,2026-06-02 00:00:00,2026-06-03 00:00:00,1.00,36
4300000628,110117,PROMOCIONALES VELOCI MOTORS,2026-06-02 00:00:00,2026-06-10 00:00:00,8.00,46
4300000629,110117,PROMOCIONALES VELOCI MOTORS,2026-06-02 00:00:00,2026-06-03 00:00:00,1.00,40
4300000630,110117,PROMOCIONALES VELOCI MOTORS,2026-06-02 00:00:00,2026-06-03 00:00:00,1.00,36
4300000631,110117,PROMOCIONALES VELOCI MOTORS,2026-06-02 00:00:00,2026-06-03 00:00:00,1.00,38
4300000632,110117,PROMOCIONALES VELOCI MOTORS,2026-06-02 00:00:00,2026-06-10 00:00:00,8.00,50
4300000633,110117,PROMOCIONALES VELOCI MOTORS,2026-06-02 00:00:00,2026-06-09 00:00:00,7.00,56
4300000634,110117,PROMOCIONALES VELOCI MOTORS,2026-06-02 00:00:00,2026-06-09 00:00:00,7.00,42
4300000635,110117,PROMOCIONALES VELOCI MOTORS,2026-06-02 00:00:00,2026-06-09 00:00:00,7.00,48
4300000636,110117,PROMOCIONALES VELOCI MOTORS,2026-06-02 00:00:00,2026-06-09 00:00:00,7.00,42
4500631927,109582001,"MOTO VELOCI ATRIO  EVO SPORT 200CC, ROJO",2026-06-02 00:00:00,2026-06-08 00:00:00,6.00,-2
5300001032,108726001,"MOTO BDS STARK 250CC, ROJO",2026-06-02 00:00:00,2026-06-23 00:00:00,21.00,2
5300001032,108813001,"MOTO BDS HAWK 200CC, NEGRO",2026-06-02 00:00:00,2026-06-23 00:00:00,21.00,10
5300001032,109233001,"MOTO BDS MAGMA 150CC, ROJO",2026-06-02 00:00:00,2026-06-23 00:00:00,21.00,1
5300001032,109233002,"MOTO BDS MAGMA 150CC, NEGRO",2026-06-02 00:00:00,2026-06-23 00:00:00,21.00,2
5300001032,109234002,"MOTO BDS STARK 300CC, AZUL",2026-06-02 00:00:00,2026-06-23 00:00:00,21.00,4
5300001032,109638001,"MOTO BDS HAWK 250CC, AZUL",2026-06-02 00:00:00,2026-06-23 00:00:00,21.00,3
5300001032,109870001,"MOTO BDS THUNDER 190CC, NEGRO",2026-06-02 00:00:00,2026-06-23 00:00:00,21.00,22
5300001033,108813001,"MOTO BDS HAWK 200CC, NEGRO",2026-06-02 00:00:00,2026-06-16 00:00:00,14.00,9
5300001033,109569001,"MOTO BDS SB 180CC, BLANCO",2026-06-02 00:00:00,2026-06-16 00:00:00,14.00,5
5300001033,109783001,"MOTO BDS RHINO 200CC, AZUL",2026-06-02 00:00:00,2026-06-16 00:00:00,14.00,5
5300001033,109870001,"MOTO BDS THUNDER 190CC, NEGRO",2026-06-02 00:00:00,2026-06-16 00:00:00,14.00,20
5300001034,108721001,"MOTO BDS SAETA 150CC, AZUL",2026-06-02 00:00:00,2026-06-19 00:00:00,17.00,5
5300001034,108813001,"MOTO BDS HAWK 200CC, NEGRO",2026-06-02 00:00:00,2026-06-19 00:00:00,17.00,11
5300001034,109783001,"MOTO BDS RHINO 200CC, AZUL",2026-06-02 00:00:00,2026-06-19 00:00:00,17.00,3
5300001034,109870001,"MOTO BDS THUNDER 190CC, NEGRO",2026-06-02 00:00:00,2026-06-19 00:00:00,17.00,22
5300001035,109040001,"MOTO BDS CASTORO 180CC, AZUL",2026-06-02 00:00:00,2026-06-23 00:00:00,21.00,10
5300001035,109040003,"MOTO BDS CASTORO 180CC, AMARILLO",2026-06-02 00:00:00,2026-06-23 00:00:00,21.00,4
5300001035,109233003,"MOTO BDS MAGMA 150CC, AZUL",2026-06-02 00:00:00,2026-06-23 00:00:00,21.00,6
5300001035,109234001,"MOTO BDS STARK 300CC, ROJO",2026-06-02 00:00:00,2026-06-23 00:00:00,21.00,5
5300001035,109569002,"MOTO BDS SB 180CC, NEGRO",2026-06-02 00:00:00,2026-06-23 00:00:00,21.00,1
5300001035,109783001,"MOTO BDS RHINO 200CC, AZUL",2026-06-02 00:00:00,2026-06-23 00:00:00,21.00,4
5300001035,109870001,"MOTO BDS THUNDER 190CC, NEGRO",2026-06-02 00:00:00,2026-06-23 00:00:00,21.00,10
5300001036,108721001,"MOTO BDS SAETA 150CC, AZUL",2026-06-02 00:00:00,2026-06-22 00:00:00,20.00,2
5300001036,108813001,"MOTO BDS HAWK 200CC, NEGRO",2026-06-02 00:00:00,2026-06-22 00:00:00,20.00,8
5300001036,109040003,"MOTO BDS CASTORO 180CC, AMARILLO",2026-06-02 00:00:00,2026-06-22 00:00:00,20.00,4
5300001036,109233004,"MOTO BDS MAGMA 150CC, GRIS",2026-06-02 00:00:00,2026-06-22 00:00:00,20.00,3
5300001036,109569001,"MOTO BDS SB 180CC, BLANCO",2026-06-02 00:00:00,2026-06-22 00:00:00,20.00,2
5300001036,109638001,"MOTO BDS HAWK 250CC, AZUL",2026-06-02 00:00:00,2026-06-22 00:00:00,20.00,7
5300001036,109783001,"MOTO BDS RHINO 200CC, AZUL",2026-06-02 00:00:00,2026-06-22 00:00:00,20.00,1
5300001036,109870001,"MOTO BDS THUNDER 190CC, NEGRO",2026-06-02 00:00:00,2026-06-22 00:00:00,20.00,16
5300001037,108721001,"MOTO BDS SAETA 150CC, AZUL",2026-06-02 00:00:00,2026-06-23 00:00:00,21.00,2
5300001037,108813001,"MOTO BDS HAWK 200CC, NEGRO",2026-06-02 00:00:00,2026-06-23 00:00:00,21.00,7
5300001037,109040003,"MOTO BDS CASTORO 180CC, AMARILLO",2026-06-02 00:00:00,2026-06-23 00:00:00,21.00,4
5300001037,109233004,"MOTO BDS MAGMA 150CC, GRIS",2026-06-02 00:00:00,2026-06-23 00:00:00,21.00,2
5300001037,109569001,"MOTO BDS SB 180CC, BLANCO",2026-06-02 00:00:00,2026-06-23 00:00:00,21.00,3
5300001037,109638001,"MOTO BDS HAWK 250CC, AZUL",2026-06-02 00:00:00,2026-06-23 00:00:00,21.00,8
5300001037,109783001,"MOTO BDS RHINO 200CC, AZUL",2026-06-02 00:00:00,2026-06-23 00:00:00,21.00,1
5300001037,109870001,"MOTO BDS THUNDER 190CC, NEGRO",2026-06-02 00:00:00,2026-06-23 00:00:00,21.00,16
5300001038,108721001,"MOTO BDS SAETA 150CC, AZUL",2026-06-02 00:00:00,2026-06-26 00:00:00,24.00,1
5300001038,108813001,"MOTO BDS HAWK 200CC, NEGRO",2026-06-02 00:00:00,2026-06-26 00:00:00,24.00,9
5300001038,109040003,"MOTO BDS CASTORO 180CC, AMARILLO",2026-06-02 00:00:00,2026-06-26 00:00:00,24.00,4
5300001038,109233004,"MOTO BDS MAGMA 150CC, GRIS",2026-06-02 00:00:00,2026-06-26 00:00:00,24.00,2
5300001038,109569001,"MOTO BDS SB 180CC, BLANCO",2026-06-02 00:00:00,2026-06-26 00:00:00,24.00,2
5300001038,109638001,"MOTO BDS HAWK 250CC, AZUL",2026-06-02 00:00:00,2026-06-26 00:00:00,24.00,4
5300001038,109783001,"MOTO BDS RHINO 200CC, AZUL",2026-06-02 00:00:00,2026-06-26 00:00:00,24.00,2
5300001038,109870001,"MOTO BDS THUNDER 190CC, NEGRO",2026-06-02 00:00:00,2026-06-26 00:00:00,24.00,17
5300001039,108652001,"MOTO DINAMO ADVENTURE ELITE 150CC, ROJO",2026-06-03 00:00:00,2026-06-03 00:00:00,0.00,1
5300001039,108690001,"MOTO DINAMO SCORPIO 200CC, ROJO",2026-06-03 00:00:00,2026-06-08 00:00:00,5.00,1
5300001039,108691001,"MOTO DINAMO U5 150CC, ROJO",2026-06-03 00:00:00,2026-06-08 00:00:00,5.00,1
5300001039,109118001,"MOTO DINAMO U2 150CC, ROJO",2026-06-03 00:00:00,2026-06-08 00:00:00,5.00,3
5300001039,109118002,"MOTO DINAMO U2 150CC, AZUL",2026-06-03 00:00:00,2026-06-08 00:00:00,5.00,1
5300001039,109118003,"MOTO DINAMO U2 150CC, PLATA",2026-06-03 00:00:00,2026-06-08 00:00:00,5.00,1
5300001039,109137003,"MOTO DINAMO ALIEN-R 175 CC, GRIS",2026-06-03 00:00:00,2026-06-05 00:00:00,2.00,1
5300001039,109138001,"MOTO DINAMO XTREME RLX 200CC, ROJO",2026-06-03 00:00:00,2026-06-03 00:00:00,1.00,2
5300001040,109031001,"MOTO BDS HAWK GT 250CC, AZUL",2026-06-04 00:00:00,2026-06-15 00:00:00,11.00,4
5300001040,109040001,"MOTO BDS CASTORO 180CC, AZUL",2026-06-04 00:00:00,2026-06-15 00:00:00,11.00,19
5300001040,109233002,"MOTO BDS MAGMA 150CC, NEGRO",2026-06-04 00:00:00,2026-06-15 00:00:00,11.00,4
5300001040,109233003,"MOTO BDS MAGMA 150CC, AZUL",2026-06-04 00:00:00,2026-06-15 00:00:00,11.00,13
5300001040,109783001,"MOTO BDS RHINO 200CC, AZUL",2026-06-04 00:00:00,2026-06-15 00:00:00,11.00,4
5300001041,109040003,"MOTO BDS CASTORO 180CC, AMARILLO",2026-06-04 00:00:00,2026-06-17 00:00:00,13.00,44
5300001042,109040001,"MOTO BDS CASTORO 180CC, AZUL",2026-06-04 00:00:00,2026-06-17 00:00:00,13.00,44
5300001043,108813001,"MOTO BDS HAWK 200CC, NEGRO",2026-06-04 00:00:00,2026-06-23 00:00:00,19.00,6
5300001043,109040001,"MOTO BDS CASTORO 180CC, AZUL",2026-06-04 00:00:00,2026-06-23 00:00:00,19.00,38
5300001044,109040003,"MOTO BDS CASTORO 180CC, AMARILLO",2026-06-04 00:00:00,2026-06-25 00:00:00,21.00,44
5300001045,109040003,"MOTO BDS CASTORO 180CC, AMARILLO",2026-06-04 00:00:00,2026-06-29 00:00:00,25.00,44
5300001046,109040001,"MOTO BDS CASTORO 180CC, AZUL",2026-06-04 00:00:00,2026-07-04 00:00:00,30.00,27
5300001046,109040003,"MOTO BDS CASTORO 180CC, AMARILLO",2026-06-04 00:00:00,2026-07-04 00:00:00,30.00,17
5300001048,108813001,"MOTO BDS HAWK 200CC, NEGRO",2026-06-04 00:00:00,2026-06-24 00:00:00,20.00,23
5300001048,109233001,"MOTO BDS MAGMA 150CC, ROJO",2026-06-04 00:00:00,2026-06-24 00:00:00,20.00,15
5300001048,109870001,"MOTO BDS THUNDER 190CC, NEGRO",2026-06-04 00:00:00,2026-06-24 00:00:00,20.00,6
5300001049,108813001,"MOTO BDS HAWK 200CC, NEGRO",2026-06-04 00:00:00,2026-06-20 00:00:00,16.00,14
5300001049,109870001,"MOTO BDS THUNDER 190CC, NEGRO",2026-06-04 00:00:00,2026-06-20 00:00:00,16.00,30
5300001050,109040001,"MOTO BDS CASTORO 180CC, AZUL",2026-06-04 00:00:00,2026-07-03 00:00:00,29.00,26
5300001050,109870001,"MOTO BDS THUNDER 190CC, NEGRO",2026-06-04 00:00:00,2026-07-03 00:00:00,29.00,18
5300001051,108669001,"MOTO CARABELA HUNTER 125CC, ROJO",2026-06-04 00:00:00,2026-07-04 00:00:00,30.00,4
5300001051,108674001,"MOTO ISLO MUTANT 250CC, ROJO",2026-06-04 00:00:00,2026-07-04 00:00:00,30.00,17
5300001051,108808001,"MOTO CARABELA R250Z, ROJO",2026-06-04 00:00:00,2026-07-04 00:00:00,30.00,9
5300001051,109591001,"MOTO CARABELA DAKOTA ADV 320CC, AMARILLO",2026-06-04 00:00:00,2026-07-04 00:00:00,30.00,1
5300001051,109764001,"MOTO CARABELA INDY 250CC, NEGRO",2026-06-04 00:00:00,2026-07-04 00:00:00,30.00,14
5300001052,108668001,"MOTO CARABELA HUNTER 110CC, BLANCO",2026-06-04 00:00:00,2026-06-29 00:00:00,25.00,2
5300001052,108669001,"MOTO CARABELA HUNTER 125CC, ROJO",2026-06-04 00:00:00,2026-06-29 00:00:00,25.00,2
5300001052,108674001,"MOTO ISLO MUTANT 250CC, ROJO",2026-06-04 00:00:00,2026-06-29 00:00:00,25.00,15
5300001052,108808001,"MOTO CARABELA R250Z, ROJO",2026-06-04 00:00:00,2026-06-29 00:00:00,25.00,6
5300001052,109571001,"MOTO CARABELA KRONOS 200CC, TITANIO",2026-06-04 00:00:00,2026-06-29 00:00:00,25.00,8
5300001052,109591001,"MOTO CARABELA DAKOTA ADV 320CC, AMARILLO",2026-06-04 00:00:00,2026-06-29 00:00:00,25.00,6
5300001052,109764001,"MOTO CARABELA INDY 250CC, NEGRO",2026-06-04 00:00:00,2026-06-29 00:00:00,25.00,6
5300001053,108668001,"MOTO CARABELA HUNTER 110CC, BLANCO",2026-06-04 00:00:00,2026-06-27 00:00:00,23.00,10
5300001053,108669001,"MOTO CARABELA HUNTER 125CC, ROJO",2026-06-04 00:00:00,2026-06-27 00:00:00,23.00,10
5300001053,108674001,"MOTO ISLO MUTANT 250CC, ROJO",2026-06-04 00:00:00,2026-06-27 00:00:00,23.00,4
5300001053,108808001,"MOTO CARABELA R250Z, ROJO",2026-06-04 00:00:00,2026-06-27 00:00:00,23.00,6
5300001053,109571001,"MOTO CARABELA KRONOS 200CC, TITANIO",2026-06-04 00:00:00,2026-06-27 00:00:00,23.00,9
5300001053,109591001,"MOTO CARABELA DAKOTA ADV 320CC, AMARILLO",2026-06-04 00:00:00,2026-06-27 00:00:00,23.00,4
5300001053,109764001,"MOTO CARABELA INDY 250CC, NEGRO",2026-06-04 00:00:00,2026-06-27 00:00:00,23.00,2
5300001054,108669001,"MOTO CARABELA HUNTER 125CC, ROJO",2026-06-04 00:00:00,2026-06-19 00:00:00,15.00,14
5300001054,108674001,"MOTO ISLO MUTANT 250CC, ROJO",2026-06-04 00:00:00,2026-06-19 00:00:00,15.00,5
5300001054,108808001,"MOTO CARABELA R250Z, ROJO",2026-06-04 00:00:00,2026-06-19 00:00:00,15.00,20
5300001054,109764001,"MOTO CARABELA INDY 250CC, NEGRO",2026-06-04 00:00:00,2026-06-19 00:00:00,15.00,6
5300001055,108668001,"MOTO CARABELA HUNTER 110CC, BLANCO",2026-06-04 00:00:00,2026-06-27 00:00:00,23.00,10
5300001055,108674001,"MOTO ISLO MUTANT 250CC, ROJO",2026-06-04 00:00:00,2026-06-27 00:00:00,23.00,10
5300001055,108808001,"MOTO CARABELA R250Z, ROJO",2026-06-04 00:00:00,2026-06-27 00:00:00,23.00,8
5300001055,109571001,"MOTO CARABELA KRONOS 200CC, TITANIO",2026-06-04 00:00:00,2026-06-27 00:00:00,23.00,3
5300001055,109591001,"MOTO CARABELA DAKOTA ADV 320CC, AMARILLO",2026-06-04 00:00:00,2026-06-27 00:00:00,23.00,6
5300001055,109764001,"MOTO CARABELA INDY 250CC, NEGRO",2026-06-04 00:00:00,2026-06-27 00:00:00,23.00,8
5300001056,108668001,"MOTO CARABELA HUNTER 110CC, BLANCO",2026-06-04 00:00:00,2026-06-24 00:00:00,20.00,10
5300001056,108669001,"MOTO CARABELA HUNTER 125CC, ROJO",2026-06-04 00:00:00,2026-06-24 00:00:00,20.00,10
5300001056,108674001,"MOTO ISLO MUTANT 250CC, ROJO",2026-06-04 00:00:00,2026-06-24 00:00:00,20.00,9
5300001056,108808001,"MOTO CARABELA R250Z, ROJO",2026-06-04 00:00:00,2026-06-24 00:00:00,20.00,16
5300001057,108663002,"MOTO CARABELA BAT 150CC, NEGRO",2026-06-04 00:00:00,2026-06-19 00:00:00,15.00,10
5300001057,108808001,"MOTO CARABELA R250Z, ROJO",2026-06-04 00:00:00,2026-06-19 00:00:00,15.00,20
5300001057,109571001,"MOTO CARABELA KRONOS 200CC, TITANIO",2026-06-04 00:00:00,2026-06-19 00:00:00,15.00,11
5300001057,109764001,"MOTO CARABELA INDY 250CC, NEGRO",2026-06-04 00:00:00,2026-06-19 00:00:00,15.00,4
4500635000,109588002,"MOTO VELOCI XEVERUS EVO PRO 330CC, GRIS",2026-06-08 00:00:00,2026-07-20 00:00:00,42.00,-1
4500635001,109588002,"MOTO VELOCI XEVERUS EVO PRO 330CC, GRIS",2026-06-08 00:00:00,2026-07-20 00:00:00,42.00,-1
4500635002,109588002,"MOTO VELOCI XEVERUS EVO PRO 330CC, GRIS",2026-06-08 00:00:00,2026-07-20 00:00:00,42.00,-1
4500635004,109588002,"MOTO VELOCI XEVERUS EVO PRO 330CC, GRIS",2026-06-08 00:00:00,2026-07-20 00:00:00,42.00,-1
4500635005,109587001,"MOTO VELOCI RAZZER HYPER SPORT 330, ROJO",2026-06-08 00:00:00,2026-07-20 00:00:00,42.00,-1
4500635007,109587001,"MOTO VELOCI RAZZER HYPER SPORT 330, ROJO",2026-06-08 00:00:00,2026-07-20 00:00:00,42.00,-1
5300001058,110117,PROMOCIONALES VELOCI MOTORS,2026-06-08 00:00:00,2026-06-30 00:00:00,22.00,24
5300001058,109582001,"MOTO VELOCI ATRIO  EVO SPORT 200CC, ROJO",2026-06-08 00:00:00,2026-06-30 00:00:00,22.00,22
5300001058,109587001,"MOTO VELOCI RAZZER HYPER SPORT 330, ROJO",2026-06-08 00:00:00,2026-06-30 00:00:00,22.00,28
5300001058,109931001,"MOTO VELOCI THYRON EVO SPORT 200C, VERDE",2026-06-08 00:00:00,2026-06-30 00:00:00,22.00,2
5300001059,110117,PROMOCIONALES VELOCI MOTORS,2026-06-08 00:00:00,2026-06-23 00:00:00,15.00,15
5300001059,108638001,"MOTO VELOCI RAZZER GTR 220CC, ROJO",2026-06-08 00:00:00,2026-06-23 00:00:00,15.00,5
5300001059,109584001,"MOTO VELOCI RUBAK EVO TRAIL 220CC, VERDE",2026-06-08 00:00:00,2026-06-23 00:00:00,15.00,4
5300001059,109586001,"MOTO VELOCI BREAKSTORM SPORT 330CC, GRIS",2026-06-08 00:00:00,2026-06-23 00:00:00,15.00,3
5300001059,109587001,"MOTO VELOCI RAZZER HYPER SPORT 330, ROJO",2026-06-08 00:00:00,2026-06-23 00:00:00,15.00,30
5300001059,109931001,"MOTO VELOCI THYRON EVO SPORT 200C, VERDE",2026-06-08 00:00:00,2026-06-23 00:00:00,15.00,4
5300001059,109970001,"MOTO VELOCI BOXTER RT3 220CC, NEGRO",2026-06-08 00:00:00,2026-06-23 00:00:00,15.00,2
5300001060,110117,PROMOCIONALES VELOCI MOTORS,2026-06-08 00:00:00,2026-06-29 00:00:00,21.00,48
5300001060,108638001,"MOTO VELOCI RAZZER GTR 220CC, ROJO",2026-06-08 00:00:00,2026-06-29 00:00:00,21.00,6
5300001060,108639001,"MOTO VELOCI REVENGE DYNAMIK  220CC, GRIS",2026-06-08 00:00:00,2026-06-29 00:00:00,21.00,14
5300001060,109581001,"MOTO VELOCI BEAST KX4 HYPER 200CC, ROJO",2026-06-08 00:00:00,2026-06-29 00:00:00,21.00,2
5300001060,109583001,"MOTO VELOCI DEUS EVO SPORT 150CC, GRIS",2026-06-08 00:00:00,2026-06-29 00:00:00,21.00,14
5300001060,109584001,"MOTO VELOCI RUBAK EVO TRAIL 220CC, VERDE",2026-06-08 00:00:00,2026-06-29 00:00:00,21.00,6
5300001060,109970001,"MOTO VELOCI BOXTER RT3 220CC, NEGRO",2026-06-08 00:00:00,2026-06-29 00:00:00,21.00,8
5300001061,110117,PROMOCIONALES VELOCI MOTORS,2026-06-08 00:00:00,2026-07-01 00:00:00,23.00,52
5300001061,108638001,"MOTO VELOCI RAZZER GTR 220CC, ROJO",2026-06-08 00:00:00,2026-07-01 00:00:00,23.00,2
5300001061,108639001,"MOTO VELOCI REVENGE DYNAMIK  220CC, GRIS",2026-06-08 00:00:00,2026-07-01 00:00:00,23.00,12
5300001061,109582001,"MOTO VELOCI ATRIO  EVO SPORT 200CC, ROJO",2026-06-08 00:00:00,2026-07-01 00:00:00,23.00,4
5300001061,109585001,"MOTO VELOCI SNAKE GT TRAIL 250CC, GRIS",2026-06-08 00:00:00,2026-07-01 00:00:00,23.00,4
5300001061,109931001,"MOTO VELOCI THYRON EVO SPORT 200C, VERDE",2026-06-08 00:00:00,2026-07-01 00:00:00,23.00,8
5300001061,109932001,"MOTO VELOCI NOVAK EVO SPORT 150CC, VERDE",2026-06-08 00:00:00,2026-07-01 00:00:00,23.00,6
5300001061,109970001,"MOTO VELOCI BOXTER RT3 220CC, NEGRO",2026-06-08 00:00:00,2026-07-01 00:00:00,23.00,16
5300001062,110117,PROMOCIONALES VELOCI MOTORS,2026-06-08 00:00:00,2026-06-29 00:00:00,21.00,38
5300001062,108639001,"MOTO VELOCI REVENGE DYNAMIK  220CC, GRIS",2026-06-08 00:00:00,2026-06-29 00:00:00,21.00,18
5300001062,109581001,"MOTO VELOCI BEAST KX4 HYPER 200CC, ROJO",2026-06-08 00:00:00,2026-06-29 00:00:00,21.00,2
5300001062,109584001,"MOTO VELOCI RUBAK EVO TRAIL 220CC, VERDE",2026-06-08 00:00:00,2026-06-29 00:00:00,21.00,8
5300001062,109585001,"MOTO VELOCI SNAKE GT TRAIL 250CC, GRIS",2026-06-08 00:00:00,2026-06-29 00:00:00,21.00,6
5300001062,109587001,"MOTO VELOCI RAZZER HYPER SPORT 330, ROJO",2026-06-08 00:00:00,2026-06-29 00:00:00,21.00,4
5300001062,109931001,"MOTO VELOCI THYRON EVO SPORT 200C, VERDE",2026-06-08 00:00:00,2026-06-29 00:00:00,21.00,2
5300001062,109970001,"MOTO VELOCI BOXTER RT3 220CC, NEGRO",2026-06-08 00:00:00,2026-06-29 00:00:00,21.00,4
5300001063,110117,PROMOCIONALES VELOCI MOTORS,2026-06-08 00:00:00,2026-06-23 00:00:00,15.00,52
5300001063,108638001,"MOTO VELOCI RAZZER GTR 220CC, ROJO",2026-06-08 00:00:00,2026-06-23 00:00:00,15.00,20
5300001063,108639001,"MOTO VELOCI REVENGE DYNAMIK  220CC, GRIS",2026-06-08 00:00:00,2026-06-23 00:00:00,15.00,6
5300001063,109584001,"MOTO VELOCI RUBAK EVO TRAIL 220CC, VERDE",2026-06-08 00:00:00,2026-06-23 00:00:00,15.00,8
5300001063,109585001,"MOTO VELOCI SNAKE GT TRAIL 250CC, GRIS",2026-06-08 00:00:00,2026-06-23 00:00:00,15.00,4
5300001063,109932001,"MOTO VELOCI NOVAK EVO SPORT 150CC, VERDE",2026-06-08 00:00:00,2026-06-23 00:00:00,15.00,6
5300001063,109970001,"MOTO VELOCI BOXTER RT3 220CC, NEGRO",2026-06-08 00:00:00,2026-06-23 00:00:00,15.00,8
5300001064,110117,PROMOCIONALES VELOCI MOTORS,2026-06-08 00:00:00,2026-06-29 00:00:00,21.00,32
5300001064,108638001,"MOTO VELOCI RAZZER GTR 220CC, ROJO",2026-06-08 00:00:00,2026-06-29 00:00:00,21.00,8
5300001064,108639001,"MOTO VELOCI REVENGE DYNAMIK  220CC, GRIS",2026-06-08 00:00:00,2026-06-29 00:00:00,21.00,14
5300001064,109582001,"MOTO VELOCI ATRIO  EVO SPORT 200CC, ROJO",2026-06-08 00:00:00,2026-06-29 00:00:00,21.00,6
5300001064,109587001,"MOTO VELOCI RAZZER HYPER SPORT 330, ROJO",2026-06-08 00:00:00,2026-06-29 00:00:00,21.00,16
5300001064,109931001,"MOTO VELOCI THYRON EVO SPORT 200C, VERDE",2026-06-08 00:00:00,2026-06-29 00:00:00,21.00,4
5300001065,110117,PROMOCIONALES VELOCI MOTORS,2026-06-08 00:00:00,2026-06-20 00:00:00,12.00,40
5300001065,108638001,"MOTO VELOCI RAZZER GTR 220CC, ROJO",2026-06-08 00:00:00,2026-06-20 00:00:00,12.00,8
5300001065,108957002,"MOTOCARRO VELOCI COVALT 300CC, BLANCO",2026-06-08 00:00:00,2026-06-20 00:00:00,12.00,1
5300001065,109584001,"MOTO VELOCI RUBAK EVO TRAIL 220CC, VERDE",2026-06-08 00:00:00,2026-06-20 00:00:00,12.00,6
5300001065,109585001,"MOTO VELOCI SNAKE GT TRAIL 250CC, GRIS",2026-06-08 00:00:00,2026-06-20 00:00:00,12.00,6
5300001065,109586001,"MOTO VELOCI BREAKSTORM SPORT 330CC, GRIS",2026-06-08 00:00:00,2026-06-20 00:00:00,12.00,4
5300001065,109932001,"MOTO VELOCI NOVAK EVO SPORT 150CC, VERDE",2026-06-08 00:00:00,2026-06-20 00:00:00,12.00,4
5300001065,109970001,"MOTO VELOCI BOXTER RT3 220CC, NEGRO",2026-06-08 00:00:00,2026-06-20 00:00:00,12.00,16
5300001066,110117,PROMOCIONALES VELOCI MOTORS,2026-06-08 00:00:00,2026-06-25 00:00:00,17.00,38
5300001066,108638001,"MOTO VELOCI RAZZER GTR 220CC, ROJO",2026-06-08 00:00:00,2026-06-25 00:00:00,17.00,4
5300001066,108639001,"MOTO VELOCI REVENGE DYNAMIK  220CC, GRIS",2026-06-08 00:00:00,2026-06-25 00:00:00,17.00,14
5300001066,109584001,"MOTO VELOCI RUBAK EVO TRAIL 220CC, VERDE",2026-06-08 00:00:00,2026-06-25 00:00:00,17.00,12
5300001066,109585001,"MOTO VELOCI SNAKE GT TRAIL 250CC, GRIS",2026-06-08 00:00:00,2026-06-25 00:00:00,17.00,4
5300001066,109587001,"MOTO VELOCI RAZZER HYPER SPORT 330, ROJO",2026-06-08 00:00:00,2026-06-25 00:00:00,17.00,10
5300001066,109931001,"MOTO VELOCI THYRON EVO SPORT 200C, VERDE",2026-06-08 00:00:00,2026-06-25 00:00:00,17.00,4
5300001067,110117,PROMOCIONALES VELOCI MOTORS,2026-06-08 00:00:00,2026-06-29 00:00:00,21.00,12
5300001067,109587001,"MOTO VELOCI RAZZER HYPER SPORT 330, ROJO",2026-06-08 00:00:00,2026-06-29 00:00:00,21.00,30
5300001067,109931001,"MOTO VELOCI THYRON EVO SPORT 200C, VERDE",2026-06-08 00:00:00,2026-06-29 00:00:00,21.00,10
5300001067,109970001,"MOTO VELOCI BOXTER RT3 220CC, NEGRO",2026-06-08 00:00:00,2026-06-29 00:00:00,21.00,2
5300001068,110117,PROMOCIONALES VELOCI MOTORS,2026-06-08 00:00:00,2026-06-24 00:00:00,16.00,46
5300001068,108638001,"MOTO VELOCI RAZZER GTR 220CC, ROJO",2026-06-08 00:00:00,2026-06-24 00:00:00,16.00,2
5300001068,108639001,"MOTO VELOCI REVENGE DYNAMIK  220CC, GRIS",2026-06-08 00:00:00,2026-06-24 00:00:00,16.00,12
5300001068,109581001,"MOTO VELOCI BEAST KX4 HYPER 200CC, ROJO",2026-06-08 00:00:00,2026-06-24 00:00:00,16.00,2
5300001068,109584001,"MOTO VELOCI RUBAK EVO TRAIL 220CC, VERDE",2026-06-08 00:00:00,2026-06-24 00:00:00,16.00,4
5300001068,109585001,"MOTO VELOCI SNAKE GT TRAIL 250CC, GRIS",2026-06-08 00:00:00,2026-06-24 00:00:00,16.00,6
5300001068,109586001,"MOTO VELOCI BREAKSTORM SPORT 330CC, GRIS",2026-06-08 00:00:00,2026-06-24 00:00:00,16.00,2
5300001068,109931001,"MOTO VELOCI THYRON EVO SPORT 200C, VERDE",2026-06-08 00:00:00,2026-06-24 00:00:00,16.00,8
5300001068,109970001,"MOTO VELOCI BOXTER RT3 220CC, NEGRO",2026-06-08 00:00:00,2026-06-24 00:00:00,16.00,14
5300001069,108652001,"MOTO DINAMO ADVENTURE ELITE 150CC, ROJO",2026-06-09 00:00:00,2026-06-11 00:00:00,2.50,2
5300001069,108652002,"MOTO DINAMO ADVENTURE ELITE 150C, BLANCO",2026-06-09 00:00:00,2026-06-15 00:00:00,6.00,1
5300001069,108690001,"MOTO DINAMO SCORPIO 200CC, ROJO",2026-06-09 00:00:00,2026-06-09 00:00:00,0.00,1
5300001069,108691002,"MOTO DINAMO U5 150CC, AZUL",2026-06-09 00:00:00,2026-06-15 00:00:00,6.00,1
5300001069,108691003,"MOTO DINAMO U5 150CC, GRIS",2026-06-09 00:00:00,2026-06-13 00:00:00,5.00,2
5300001069,109137002,"MOTO DINAMO ALIEN-R 175 CC, BLANCO",2026-06-09 00:00:00,2026-06-12 00:00:00,3.00,1
5300001070,110129001,"MOTO VELOCI DRAKO RT 200CC, PLATA",2026-06-09 00:00:00,2026-06-09 00:00:00,0.00,1
5300001071,109969001,"MOTO BAJAJ PULSAR N 160CC, NEGRO",2026-06-11 00:00:00,2026-07-07 00:00:00,26.00,9
5300001071,109969004,"MOTO BAJAJ PULSAR N 160CC, AZUL",2026-06-11 00:00:00,2026-07-07 00:00:00,26.00,4
5300001071,109990003,"MOTO BAJAJ PULSAR N 125CC, PURPURA",2026-06-11 00:00:00,2026-07-07 00:00:00,26.00,2
5300001071,109997001,"MOTO BAJAJ PULSAR N 125CC CARB, ROJO",2026-06-11 00:00:00,2026-07-07 00:00:00,26.00,6
5300001071,109997002,"MOTO BAJAJ PULSAR N 125CC CARB, PURPURA",2026-06-11 00:00:00,2026-07-07 00:00:00,26.00,6
5300001071,109997003,"MOTO BAJAJ PULSAR N 125CC CARB, CITRUS",2026-06-11 00:00:00,2026-07-07 00:00:00,26.00,3
5300001071,110080002,"MOTO BAJAJ PULSAR N 250CC UG, NEGRO",2026-06-11 00:00:00,2026-07-07 00:00:00,26.00,8
5300001072,109969001,"MOTO BAJAJ PULSAR N 160CC, NEGRO",2026-06-11 00:00:00,2026-07-04 00:00:00,23.00,11
5300001072,109969004,"MOTO BAJAJ PULSAR N 160CC, AZUL",2026-06-11 00:00:00,2026-07-04 00:00:00,23.00,3
5300001072,109997001,"MOTO BAJAJ PULSAR N 125CC CARB, ROJO",2026-06-11 00:00:00,2026-07-04 00:00:00,23.00,8
5300001072,109997002,"MOTO BAJAJ PULSAR N 125CC CARB, PURPURA",2026-06-11 00:00:00,2026-07-04 00:00:00,23.00,4
5300001072,109997003,"MOTO BAJAJ PULSAR N 125CC CARB, CITRUS",2026-06-11 00:00:00,2026-07-04 00:00:00,23.00,6
5300001072,110080002,"MOTO BAJAJ PULSAR N 250CC UG, NEGRO",2026-06-11 00:00:00,2026-07-04 00:00:00,23.00,6
5300001073,109969001,"MOTO BAJAJ PULSAR N 160CC, NEGRO",2026-06-11 00:00:00,2026-07-04 00:00:00,23.00,14
5300001073,109969004,"MOTO BAJAJ PULSAR N 160CC, AZUL",2026-06-11 00:00:00,2026-07-04 00:00:00,23.00,4
5300001073,109997001,"MOTO BAJAJ PULSAR N 125CC CARB, ROJO",2026-06-11 00:00:00,2026-07-04 00:00:00,23.00,3
5300001073,109997002,"MOTO BAJAJ PULSAR N 125CC CARB, PURPURA",2026-06-11 00:00:00,2026-07-04 00:00:00,23.00,3
5300001073,110080002,"MOTO BAJAJ PULSAR N 250CC UG, NEGRO",2026-06-11 00:00:00,2026-07-04 00:00:00,23.00,14
4500638083,110080001,"MOTO BAJAJ PULSAR N 250CC UG, AZUL",2026-06-12 00:00:00,2026-06-13 00:00:00,1.00,-2
5300001074,110117,PROMOCIONALES VELOCI MOTORS,2026-06-15 00:00:00,2026-06-29 00:00:00,14.00,47
5300001074,108638001,"MOTO VELOCI RAZZER GTR 220CC, ROJO",2026-06-15 00:00:00,2026-06-29 00:00:00,14.00,18
5300001074,108639001,"MOTO VELOCI REVENGE DYNAMIK  220CC, GRIS",2026-06-15 00:00:00,2026-06-29 00:00:00,14.00,12
5300001074,109582001,"MOTO VELOCI ATRIO  EVO SPORT 200CC, ROJO",2026-06-15 00:00:00,2026-06-29 00:00:00,14.00,3
5300001074,109584001,"MOTO VELOCI RUBAK EVO TRAIL 220CC, VERDE",2026-06-15 00:00:00,2026-06-29 00:00:00,14.00,2
5300001074,109970001,"MOTO VELOCI BOXTER RT3 220CC, NEGRO",2026-06-15 00:00:00,2026-06-29 00:00:00,14.00,12
5300001075,110117,PROMOCIONALES VELOCI MOTORS,2026-06-15 00:00:00,2026-07-02 00:00:00,17.00,40
5300001075,108635002,"MOTO VELOCI DYNAMIK PRO 200CC, NEGRO",2026-06-15 00:00:00,2026-07-02 00:00:00,17.00,10
5300001075,108638001,"MOTO VELOCI RAZZER GTR 220CC, ROJO",2026-06-15 00:00:00,2026-07-02 00:00:00,17.00,8
5300001075,108639001,"MOTO VELOCI REVENGE DYNAMIK  220CC, GRIS",2026-06-15 00:00:00,2026-07-02 00:00:00,17.00,22
5300001075,109586001,"MOTO VELOCI BREAKSTORM SPORT 330CC, GRIS",2026-06-15 00:00:00,2026-07-02 00:00:00,17.00,4
5300001076,110117,PROMOCIONALES VELOCI MOTORS,2026-06-15 00:00:00,2026-07-02 00:00:00,17.00,40
5300001076,108635002,"MOTO VELOCI DYNAMIK PRO 200CC, NEGRO",2026-06-15 00:00:00,2026-07-02 00:00:00,17.00,8
5300001076,108638001,"MOTO VELOCI RAZZER GTR 220CC, ROJO",2026-06-15 00:00:00,2026-07-02 00:00:00,17.00,30
5300001076,108639001,"MOTO VELOCI REVENGE DYNAMIK  220CC, GRIS",2026-06-15 00:00:00,2026-07-02 00:00:00,17.00,2
5300001076,109586001,"MOTO VELOCI BREAKSTORM SPORT 330CC, GRIS",2026-06-15 00:00:00,2026-07-02 00:00:00,17.00,8
5300001077,110117,PROMOCIONALES VELOCI MOTORS,2026-06-15 00:00:00,2026-07-07 00:00:00,22.00,50
5300001077,108635002,"MOTO VELOCI DYNAMIK PRO 200CC, NEGRO",2026-06-15 00:00:00,2026-07-07 00:00:00,22.00,8
5300001077,108638001,"MOTO VELOCI RAZZER GTR 220CC, ROJO",2026-06-15 00:00:00,2026-07-07 00:00:00,22.00,14
5300001077,108639001,"MOTO VELOCI REVENGE DYNAMIK  220CC, GRIS",2026-06-15 00:00:00,2026-07-07 00:00:00,22.00,12
5300001077,109588005,"MOTO VELOCI XEVERUS EVO PRO 330CC, NEGRO",2026-06-15 00:00:00,2026-07-07 00:00:00,22.00,8
5300001077,109970001,"MOTO VELOCI BOXTER RT3 220CC, NEGRO",2026-06-15 00:00:00,2026-07-07 00:00:00,22.00,8
5300001078,110117,PROMOCIONALES VELOCI MOTORS,2026-06-15 00:00:00,2026-06-30 00:00:00,15.00,50
5300001078,108638001,"MOTO VELOCI RAZZER GTR 220CC, ROJO",2026-06-15 00:00:00,2026-06-30 00:00:00,15.00,12
5300001078,109585001,"MOTO VELOCI SNAKE GT TRAIL 250CC, GRIS",2026-06-15 00:00:00,2026-06-30 00:00:00,15.00,6
5300001078,109588001,"MOTO VELOCI XEVERUS EVO PRO 330CC, ROJO",2026-06-15 00:00:00,2026-06-30 00:00:00,15.00,4
5300001078,109588005,"MOTO VELOCI XEVERUS EVO PRO 330CC, NEGRO",2026-06-15 00:00:00,2026-06-30 00:00:00,15.00,8
5300001078,109932001,"MOTO VELOCI NOVAK EVO SPORT 150CC, VERDE",2026-06-15 00:00:00,2026-06-30 00:00:00,15.00,2
5300001078,109970001,"MOTO VELOCI BOXTER RT3 220CC, NEGRO",2026-06-15 00:00:00,2026-06-30 00:00:00,15.00,18
4500639918,110117,PROMOCIONALES VELOCI MOTORS,2026-06-16 00:00:00,2026-06-17 00:00:00,1.00,-2
5300001079,110117,PROMOCIONALES VELOCI MOTORS,2026-06-16 00:00:00,2026-07-03 00:00:00,17.00,51
5300001079,108638001,"MOTO VELOCI RAZZER GTR 220CC, ROJO",2026-06-16 00:00:00,2026-07-03 00:00:00,17.00,8
5300001079,108639001,"MOTO VELOCI REVENGE DYNAMIK  220CC, GRIS",2026-06-16 00:00:00,2026-07-03 00:00:00,17.00,12
5300001079,109584001,"MOTO VELOCI RUBAK EVO TRAIL 220CC, VERDE",2026-06-16 00:00:00,2026-07-03 00:00:00,17.00,3
5300001079,109588001,"MOTO VELOCI XEVERUS EVO PRO 330CC, ROJO",2026-06-16 00:00:00,2026-07-03 00:00:00,17.00,4
5300001079,109932001,"MOTO VELOCI NOVAK EVO SPORT 150CC, VERDE",2026-06-16 00:00:00,2026-07-03 00:00:00,17.00,6
5300001079,109970001,"MOTO VELOCI BOXTER RT3 220CC, NEGRO",2026-06-16 00:00:00,2026-07-03 00:00:00,17.00,18
5300001080,110117,PROMOCIONALES VELOCI MOTORS,2026-06-16 00:00:00,2026-07-07 00:00:00,21.00,54
5300001080,108635002,"MOTO VELOCI DYNAMIK PRO 200CC, NEGRO",2026-06-16 00:00:00,2026-07-07 00:00:00,21.00,30
5300001080,109585001,"MOTO VELOCI SNAKE GT TRAIL 250CC, GRIS",2026-06-16 00:00:00,2026-07-07 00:00:00,21.00,10
5300001080,109588001,"MOTO VELOCI XEVERUS EVO PRO 330CC, ROJO",2026-06-16 00:00:00,2026-07-07 00:00:00,21.00,4
5300001080,109588005,"MOTO VELOCI XEVERUS EVO PRO 330CC, NEGRO",2026-06-16 00:00:00,2026-07-07 00:00:00,21.00,10
5300001081,108652001,"MOTO DINAMO ADVENTURE ELITE 150CC, ROJO",2026-06-17 00:00:00,2026-06-17 00:00:00,2.50,2
5300001081,108690003,"MOTO DINAMO SCORPIO 200CC, NEGRO",2026-06-17 00:00:00,2026-06-20 00:00:00,3.00,1
5300001081,108691003,"MOTO DINAMO U5 150CC, GRIS",2026-06-17 00:00:00,2026-06-18 00:00:00,1.00,1
5300001081,109137001,"MOTO DINAMO ALIEN-R 175 CC, ROJO",2026-06-17 00:00:00,2026-06-17 00:00:00,1.25,4
5300001081,109137002,"MOTO DINAMO ALIEN-R 175 CC, BLANCO",2026-06-17 00:00:00,2026-06-17 00:00:00,1.33,3
5300001081,109137003,"MOTO DINAMO ALIEN-R 175 CC, GRIS",2026-06-17 00:00:00,2026-06-17 00:00:00,1.00,2
5300001081,109137004,"MOTO DINAMO ALIEN-R 175 CC, VERDE",2026-06-17 00:00:00,2026-06-18 00:00:00,3.67,6
5300001081,109138002,"MOTO DINAMO XTREME RLX 200CC, GRIS",2026-06-17 00:00:00,2026-06-17 00:00:00,0.00,1
5300001083,108652002,"MOTO DINAMO ADVENTURE ELITE 150C, BLANCO",2026-06-26 00:00:00,2026-06-26 00:00:00,1.50,2
5300001083,108690001,"MOTO DINAMO SCORPIO 200CC, ROJO",2026-06-26 00:00:00,2026-06-27 00:00:00,1.00,1
5300001083,108691003,"MOTO DINAMO U5 150CC, GRIS",2026-06-26 00:00:00,2026-06-27 00:00:00,2.00,2
5300001083,109137001,"MOTO DINAMO ALIEN-R 175 CC, ROJO",2026-06-26 00:00:00,2026-06-29 00:00:00,3.00,3
5300001083,109137002,"MOTO DINAMO ALIEN-R 175 CC, BLANCO",2026-06-26 00:00:00,2026-06-26 00:00:00,0.00,2
5300001083,109137004,"MOTO DINAMO ALIEN-R 175 CC, VERDE",2026-06-26 00:00:00,2026-06-26 00:00:00,0.33,3
5300001083,109236002,"MOTO DINAMO MOTO-TX 200CC, AMARILLO",2026-06-26 00:00:00,2026-06-26 00:00:00,0.00,1
5300001083,109523002,"MOTO DINAMO SPEED FIRE SPDF 250CC, AZUL",2026-06-26 00:00:00,2026-06-26 00:00:00,0.00,1
5300001084,108655001,"MOTO DINAMO CUSTOM 150CC, ROJO",2026-06-29 00:00:00,2026-07-30 00:00:00,31.00,1
5300001084,108690002,"MOTO DINAMO SCORPIO 200CC, BLANCO",2026-06-29 00:00:00,2026-07-07 00:00:00,8.00,2
5300001084,108691002,"MOTO DINAMO U5 150CC, AZUL",2026-06-29 00:00:00,2026-06-30 00:00:00,1.00,1
5300001084,109118001,"MOTO DINAMO U2 150CC, ROJO",2026-06-29 00:00:00,2026-06-29 00:00:00,0.00,1
5300001084,109137001,"MOTO DINAMO ALIEN-R 175 CC, ROJO",2026-06-29 00:00:00,2026-06-30 00:00:00,6.25,8
5300001084,109137002,"MOTO DINAMO ALIEN-R 175 CC, BLANCO",2026-06-29 00:00:00,2026-06-30 00:00:00,4.50,2
5300001084,109137004,"MOTO DINAMO ALIEN-R 175 CC, VERDE",2026-06-29 00:00:00,2026-06-30 00:00:00,5.67,3
5300001084,109523003,"MOTO DINAMO SPEED FIRE SPDF 250, NARANJA",2026-06-29 00:00:00,2026-07-05 00:00:00,6.00,1
5300001085,109969004,"MOTO BAJAJ PULSAR N 160CC, AZUL",2026-06-30 00:00:00,2026-07-14 00:00:00,14.00,10
5300001085,109997001,"MOTO BAJAJ PULSAR N 125CC CARB, ROJO",2026-06-30 00:00:00,2026-07-14 00:00:00,14.00,8
5300001085,109997002,"MOTO BAJAJ PULSAR N 125CC CARB, PURPURA",2026-06-30 00:00:00,2026-07-14 00:00:00,14.00,8
5300001085,109997003,"MOTO BAJAJ PULSAR N 125CC CARB, CITRUS",2026-06-30 00:00:00,2026-07-14 00:00:00,14.00,8
5300001085,110080002,"MOTO BAJAJ PULSAR N 250CC UG, NEGRO",2026-06-30 00:00:00,2026-07-14 00:00:00,14.00,4
5300001087,109969004,"MOTO BAJAJ PULSAR N 160CC, AZUL",2026-06-30 00:00:00,2026-07-08 00:00:00,8.00,10
5300001087,109997001,"MOTO BAJAJ PULSAR N 125CC CARB, ROJO",2026-06-30 00:00:00,2026-07-08 00:00:00,8.00,9
5300001087,109997002,"MOTO BAJAJ PULSAR N 125CC CARB, PURPURA",2026-06-30 00:00:00,2026-07-08 00:00:00,8.00,8
5300001087,109997003,"MOTO BAJAJ PULSAR N 125CC CARB, CITRUS",2026-06-30 00:00:00,2026-07-08 00:00:00,8.00,8
5300001087,110080002,"MOTO BAJAJ PULSAR N 250CC UG, NEGRO",2026-06-30 00:00:00,2026-07-08 00:00:00,8.00,3
5300001088,109997001,"MOTO BAJAJ PULSAR N 125CC CARB, ROJO",2026-06-30 00:00:00,2026-07-11 00:00:00,11.00,26
5300001088,109997002,"MOTO BAJAJ PULSAR N 125CC CARB, PURPURA",2026-06-30 00:00:00,2026-07-11 00:00:00,11.00,12
5300001089,108663002,"MOTO CARABELA BAT 150CC, NEGRO",2026-06-30 00:00:00,2026-07-17 00:00:00,17.00,3
5300001089,108669001,"MOTO CARABELA HUNTER 125CC, ROJO",2026-06-30 00:00:00,2026-07-17 00:00:00,17.00,2
5300001089,108674001,"MOTO ISLO MUTANT 250CC, ROJO",2026-06-30 00:00:00,2026-07-17 00:00:00,17.00,8
5300001089,108808001,"MOTO CARABELA R250Z, ROJO",2026-06-30 00:00:00,2026-07-17 00:00:00,17.00,20
5300001089,109764001,"MOTO CARABELA INDY 250CC, NEGRO",2026-06-30 00:00:00,2026-07-17 00:00:00,17.00,8
5300001090,108663002,"MOTO CARABELA BAT 150CC, NEGRO",2026-06-30 00:00:00,2026-07-17 00:00:00,17.00,4
5300001090,108668001,"MOTO CARABELA HUNTER 110CC, BLANCO",2026-06-30 00:00:00,2026-07-17 00:00:00,17.00,4
5300001090,108674001,"MOTO ISLO MUTANT 250CC, ROJO",2026-06-30 00:00:00,2026-07-17 00:00:00,17.00,2
5300001090,108808001,"MOTO CARABELA R250Z, ROJO",2026-06-30 00:00:00,2026-07-17 00:00:00,17.00,13
5300001090,109571001,"MOTO CARABELA KRONOS 200CC, TITANIO",2026-06-30 00:00:00,2026-07-17 00:00:00,17.00,10
5300001090,110081001,"MOTO CARABELA ROUTE R SONORA 175CC, AZUL",2026-06-30 00:00:00,2026-07-17 00:00:00,17.00,6
5300001090,110081002,"MOTO CARABELA ROUTE R SONORA 17, NARANJA",2026-06-30 00:00:00,2026-07-17 00:00:00,17.00,6
5300001091,108668001,"MOTO CARABELA HUNTER 110CC, BLANCO",2026-06-30 00:00:00,2026-07-15 00:00:00,15.00,8
5300001091,108669001,"MOTO CARABELA HUNTER 125CC, ROJO",2026-06-30 00:00:00,2026-07-15 00:00:00,15.00,6
5300001091,108674001,"MOTO ISLO MUTANT 250CC, ROJO",2026-06-30 00:00:00,2026-07-15 00:00:00,15.00,9
5300001091,108808001,"MOTO CARABELA R250Z, ROJO",2026-06-30 00:00:00,2026-07-15 00:00:00,15.00,22
5300001092,108668001,"MOTO CARABELA HUNTER 110CC, BLANCO",2026-06-30 00:00:00,2026-07-23 00:00:00,23.00,12
5300001092,108674001,"MOTO ISLO MUTANT 250CC, ROJO",2026-06-30 00:00:00,2026-07-23 00:00:00,23.00,9
5300001092,108808001,"MOTO CARABELA R250Z, ROJO",2026-06-30 00:00:00,2026-07-23 00:00:00,23.00,7
5300001092,109571001,"MOTO CARABELA KRONOS 200CC, TITANIO",2026-06-30 00:00:00,2026-07-23 00:00:00,23.00,17
5300001093,108668001,"MOTO CARABELA HUNTER 110CC, BLANCO",2026-06-30 00:00:00,2026-07-29 00:00:00,29.00,12
5300001093,108669001,"MOTO CARABELA HUNTER 125CC, ROJO",2026-06-30 00:00:00,2026-07-29 00:00:00,29.00,29
5300001093,108808001,"MOTO CARABELA R250Z, ROJO",2026-06-30 00:00:00,2026-07-29 00:00:00,29.00,2
5300001093,109764001,"MOTO CARABELA INDY 250CC, NEGRO",2026-06-30 00:00:00,2026-07-29 00:00:00,29.00,2
5300001094,108674001,"MOTO ISLO MUTANT 250CC, ROJO",2026-06-30 00:00:00,2026-07-13 00:00:00,13.00,8
5300001094,108808001,"MOTO CARABELA R250Z, ROJO",2026-06-30 00:00:00,2026-07-13 00:00:00,13.00,10
5300001094,109764001,"MOTO CARABELA INDY 250CC, NEGRO",2026-06-30 00:00:00,2026-07-13 00:00:00,13.00,9
5300001094,110081001,"MOTO CARABELA ROUTE R SONORA 175CC, AZUL",2026-06-30 00:00:00,2026-07-13 00:00:00,13.00,6
5300001094,110081002,"MOTO CARABELA ROUTE R SONORA 17, NARANJA",2026-06-30 00:00:00,2026-07-13 00:00:00,13.00,6
5300001094,110216001,"MOTO CARABELA R300Z 300CC, NEGRO",2026-06-30 00:00:00,2026-07-13 00:00:00,13.00,6
5300001095,108662001,"MOTO ISLO FREEDOM 150CC, TITANIO",2026-06-30 00:00:00,2026-07-17 00:00:00,17.00,4
5300001095,108663002,"MOTO CARABELA BAT 150CC, NEGRO",2026-06-30 00:00:00,2026-07-17 00:00:00,17.00,2
5300001095,108674001,"MOTO ISLO MUTANT 250CC, ROJO",2026-06-30 00:00:00,2026-07-17 00:00:00,17.00,3
5300001095,108808001,"MOTO CARABELA R250Z, ROJO",2026-06-30 00:00:00,2026-07-17 00:00:00,17.00,2
5300001095,109590002,"MOTO CARABELA KRONOS 200CC, AZUL",2026-06-30 00:00:00,2026-07-17 00:00:00,17.00,20
5300001095,109764001,"MOTO CARABELA INDY 250CC, NEGRO",2026-06-30 00:00:00,2026-07-17 00:00:00,17.00,3
5300001095,110081001,"MOTO CARABELA ROUTE R SONORA 175CC, AZUL",2026-06-30 00:00:00,2026-07-17 00:00:00,17.00,4
5300001095,110081002,"MOTO CARABELA ROUTE R SONORA 17, NARANJA",2026-06-30 00:00:00,2026-07-17 00:00:00,17.00,4
5300001095,110216001,"MOTO CARABELA R300Z 300CC, NEGRO",2026-06-30 00:00:00,2026-07-17 00:00:00,17.00,3
5300001096,108663002,"MOTO CARABELA BAT 150CC, NEGRO",2026-06-30 00:00:00,2026-07-21 00:00:00,21.00,2
5300001096,108669001,"MOTO CARABELA HUNTER 125CC, ROJO",2026-06-30 00:00:00,2026-07-21 00:00:00,21.00,20
5300001096,108674001,"MOTO ISLO MUTANT 250CC, ROJO",2026-06-30 00:00:00,2026-07-21 00:00:00,21.00,5
5300001096,109590002,"MOTO CARABELA KRONOS 200CC, AZUL",2026-06-30 00:00:00,2026-07-21 00:00:00,21.00,5
5300001096,109591001,"MOTO CARABELA DAKOTA ADV 320CC, AMARILLO",2026-06-30 00:00:00,2026-07-21 00:00:00,21.00,5
5300001096,110081001,"MOTO CARABELA ROUTE R SONORA 175CC, AZUL",2026-06-30 00:00:00,2026-07-21 00:00:00,21.00,4
5300001096,110081002,"MOTO CARABELA ROUTE R SONORA 17, NARANJA",2026-06-30 00:00:00,2026-07-21 00:00:00,21.00,4
5300001097,108663002,"MOTO CARABELA BAT 150CC, NEGRO",2026-06-30 00:00:00,2026-07-27 00:00:00,27.00,2
5300001097,108668001,"MOTO CARABELA HUNTER 110CC, BLANCO",2026-06-30 00:00:00,2026-07-27 00:00:00,27.00,6
5300001097,108669001,"MOTO CARABELA HUNTER 125CC, ROJO",2026-06-30 00:00:00,2026-07-27 00:00:00,27.00,20
5300001097,108808001,"MOTO CARABELA R250Z, ROJO",2026-06-30 00:00:00,2026-07-27 00:00:00,27.00,4
5300001097,109764001,"MOTO CARABELA INDY 250CC, NEGRO",2026-06-30 00:00:00,2026-07-27 00:00:00,27.00,5
5300001097,110081001,"MOTO CARABELA ROUTE R SONORA 175CC, AZUL",2026-06-30 00:00:00,2026-07-27 00:00:00,27.00,4
5300001097,110081002,"MOTO CARABELA ROUTE R SONORA 17, NARANJA",2026-06-30 00:00:00,2026-07-27 00:00:00,27.00,4
5300001098,108663002,"MOTO CARABELA BAT 150CC, NEGRO",2026-06-30 00:00:00,2026-07-20 00:00:00,20.00,2
5300001098,108669001,"MOTO CARABELA HUNTER 125CC, ROJO",2026-06-30 00:00:00,2026-07-20 00:00:00,20.00,20
5300001098,108674001,"MOTO ISLO MUTANT 250CC, ROJO",2026-06-30 00:00:00,2026-07-20 00:00:00,20.00,1
5300001098,109764001,"MOTO CARABELA INDY 250CC, NEGRO",2026-06-30 00:00:00,2026-07-20 00:00:00,20.00,6
5300001098,110081001,"MOTO CARABELA ROUTE R SONORA 175CC, AZUL",2026-06-30 00:00:00,2026-07-20 00:00:00,20.00,6
5300001098,110081002,"MOTO CARABELA ROUTE R SONORA 17, NARANJA",2026-06-30 00:00:00,2026-07-20 00:00:00,20.00,6
5300001098,110216001,"MOTO CARABELA R300Z 300CC, NEGRO",2026-06-30 00:00:00,2026-07-20 00:00:00,20.00,4
5300001099,109969004,"MOTO BAJAJ PULSAR N 160CC, AZUL",2026-06-30 00:00:00,2026-07-10 00:00:00,10.00,10
5300001099,109997001,"MOTO BAJAJ PULSAR N 125CC CARB, ROJO",2026-06-30 00:00:00,2026-07-10 00:00:00,10.00,11
5300001099,109997002,"MOTO BAJAJ PULSAR N 125CC CARB, PURPURA",2026-06-30 00:00:00,2026-07-10 00:00:00,10.00,10
5300001099,109997003,"MOTO BAJAJ PULSAR N 125CC CARB, CITRUS",2026-06-30 00:00:00,2026-07-10 00:00:00,10.00,4
5300001099,110080002,"MOTO BAJAJ PULSAR N 250CC UG, NEGRO",2026-06-30 00:00:00,2026-07-10 00:00:00,10.00,3
5300001100,110117,PROMOCIONALES VELOCI MOTORS,2026-07-06 00:00:00,2026-07-27 00:00:00,21.00,42
5300001100,108635002,"MOTO VELOCI DYNAMIK PRO 200CC, NEGRO",2026-07-06 00:00:00,2026-07-27 00:00:00,21.00,10
5300001100,108638001,"MOTO VELOCI RAZZER GTR 220CC, ROJO",2026-07-06 00:00:00,2026-07-27 00:00:00,21.00,5
5300001100,109582001,"MOTO VELOCI ATRIO  EVO SPORT 200CC, ROJO",2026-07-06 00:00:00,2026-07-27 00:00:00,21.00,6
5300001100,109583001,"MOTO VELOCI DEUS EVO SPORT 150CC, GRIS",2026-07-06 00:00:00,2026-07-27 00:00:00,21.00,6
5300001100,109584001,"MOTO VELOCI RUBAK EVO TRAIL 220CC, VERDE",2026-07-06 00:00:00,2026-07-27 00:00:00,21.00,6
5300001100,109587001,"MOTO VELOCI RAZZER HYPER SPORT 330, ROJO",2026-07-06 00:00:00,2026-07-27 00:00:00,21.00,12
5300001100,109588001,"MOTO VELOCI XEVERUS EVO PRO 330CC, ROJO",2026-07-06 00:00:00,2026-07-27 00:00:00,21.00,3
5300001100,109588002,"MOTO VELOCI XEVERUS EVO PRO 330CC, GRIS",2026-07-06 00:00:00,2026-07-27 00:00:00,21.00,2
5300001100,109931001,"MOTO VELOCI THYRON EVO SPORT 200C, VERDE",2026-07-06 00:00:00,2026-07-27 00:00:00,21.00,4
5300001101,110117,PROMOCIONALES VELOCI MOTORS,2026-07-06 00:00:00,2026-08-04 00:00:00,29.00,28
5300001101,108635002,"MOTO VELOCI DYNAMIK PRO 200CC, NEGRO",2026-07-06 00:00:00,2026-08-04 00:00:00,29.00,2
5300001101,109582001,"MOTO VELOCI ATRIO  EVO SPORT 200CC, ROJO",2026-07-06 00:00:00,2026-08-04 00:00:00,29.00,16
5300001101,109583001,"MOTO VELOCI DEUS EVO SPORT 150CC, GRIS",2026-07-06 00:00:00,2026-08-04 00:00:00,29.00,6
5300001101,109587001,"MOTO VELOCI RAZZER HYPER SPORT 330, ROJO",2026-07-06 00:00:00,2026-08-04 00:00:00,29.00,22
5300001101,109588001,"MOTO VELOCI XEVERUS EVO PRO 330CC, ROJO",2026-07-06 00:00:00,2026-08-04 00:00:00,29.00,4
5300001102,110117,PROMOCIONALES VELOCI MOTORS,2026-07-06 00:00:00,2026-07-14 00:00:00,8.00,37
5300001102,108635002,"MOTO VELOCI DYNAMIK PRO 200CC, NEGRO",2026-07-06 00:00:00,2026-07-14 00:00:00,8.00,10
5300001102,109582001,"MOTO VELOCI ATRIO  EVO SPORT 200CC, ROJO",2026-07-06 00:00:00,2026-07-14 00:00:00,8.00,5
5300001102,109583001,"MOTO VELOCI DEUS EVO SPORT 150CC, GRIS",2026-07-06 00:00:00,2026-07-14 00:00:00,8.00,8
5300001102,109587001,"MOTO VELOCI RAZZER HYPER SPORT 330, ROJO",2026-07-06 00:00:00,2026-07-14 00:00:00,8.00,16
5300001102,109588001,"MOTO VELOCI XEVERUS EVO PRO 330CC, ROJO",2026-07-06 00:00:00,2026-07-14 00:00:00,8.00,4
5300001102,109931001,"MOTO VELOCI THYRON EVO SPORT 200C, VERDE",2026-07-06 00:00:00,2026-07-14 00:00:00,8.00,6
5300001102,109970001,"MOTO VELOCI BOXTER RT3 220CC, NEGRO",2026-07-06 00:00:00,2026-07-14 00:00:00,8.00,4
5300001103,110117,PROMOCIONALES VELOCI MOTORS,2026-07-06 00:00:00,2026-07-15 00:00:00,9.00,45
5300001103,108635002,"MOTO VELOCI DYNAMIK PRO 200CC, NEGRO",2026-07-06 00:00:00,2026-07-15 00:00:00,9.00,6
5300001103,108638001,"MOTO VELOCI RAZZER GTR 220CC, ROJO",2026-07-06 00:00:00,2026-07-15 00:00:00,9.00,7
5300001103,108639001,"MOTO VELOCI REVENGE DYNAMIK  220CC, GRIS",2026-07-06 00:00:00,2026-07-15 00:00:00,9.00,2
5300001103,109584001,"MOTO VELOCI RUBAK EVO TRAIL 220CC, VERDE",2026-07-06 00:00:00,2026-07-15 00:00:00,9.00,18
5300001103,109587001,"MOTO VELOCI RAZZER HYPER SPORT 330, ROJO",2026-07-06 00:00:00,2026-07-15 00:00:00,9.00,9
5300001103,109932001,"MOTO VELOCI NOVAK EVO SPORT 150CC, VERDE",2026-07-06 00:00:00,2026-07-15 00:00:00,9.00,4
5300001103,109970001,"MOTO VELOCI BOXTER RT3 220CC, NEGRO",2026-07-06 00:00:00,2026-07-15 00:00:00,9.00,8
5300001105,110117,PROMOCIONALES VELOCI MOTORS,2026-07-06 00:00:00,2026-08-03 00:00:00,28.00,52
5300001105,108639001,"MOTO VELOCI REVENGE DYNAMIK  220CC, GRIS",2026-07-06 00:00:00,2026-08-03 00:00:00,28.00,12
5300001105,109582001,"MOTO VELOCI ATRIO  EVO SPORT 200CC, ROJO",2026-07-06 00:00:00,2026-08-03 00:00:00,28.00,10
5300001105,109583001,"MOTO VELOCI DEUS EVO SPORT 150CC, GRIS",2026-07-06 00:00:00,2026-08-03 00:00:00,28.00,12
5300001105,109931001,"MOTO VELOCI THYRON EVO SPORT 200C, VERDE",2026-07-06 00:00:00,2026-08-03 00:00:00,28.00,18
5300001109,110117,PROMOCIONALES VELOCI MOTORS,2026-07-06 00:00:00,2026-07-18 00:00:00,12.00,38
5300001109,108635002,"MOTO VELOCI DYNAMIK PRO 200CC, NEGRO",2026-07-06 00:00:00,2026-07-18 00:00:00,12.00,2
5300001109,109582001,"MOTO VELOCI ATRIO  EVO SPORT 200CC, ROJO",2026-07-06 00:00:00,2026-07-18 00:00:00,12.00,2
5300001109,109583001,"MOTO VELOCI DEUS EVO SPORT 150CC, GRIS",2026-07-06 00:00:00,2026-07-18 00:00:00,12.00,2
5300001109,109584001,"MOTO VELOCI RUBAK EVO TRAIL 220CC, VERDE",2026-07-06 00:00:00,2026-07-18 00:00:00,12.00,6
5300001109,109587001,"MOTO VELOCI RAZZER HYPER SPORT 330, ROJO",2026-07-06 00:00:00,2026-07-18 00:00:00,12.00,14
5300001109,109588001,"MOTO VELOCI XEVERUS EVO PRO 330CC, ROJO",2026-07-06 00:00:00,2026-07-18 00:00:00,12.00,6
5300001109,109588002,"MOTO VELOCI XEVERUS EVO PRO 330CC, GRIS",2026-07-06 00:00:00,2026-07-18 00:00:00,12.00,4
5300001109,109931001,"MOTO VELOCI THYRON EVO SPORT 200C, VERDE",2026-07-06 00:00:00,2026-07-18 00:00:00,12.00,4
5300001109,109932001,"MOTO VELOCI NOVAK EVO SPORT 150CC, VERDE",2026-07-06 00:00:00,2026-07-18 00:00:00,12.00,4
5300001109,109970001,"MOTO VELOCI BOXTER RT3 220CC, NEGRO",2026-07-06 00:00:00,2026-07-18 00:00:00,12.00,8
5300001110,110117,PROMOCIONALES VELOCI MOTORS,2026-07-06 00:00:00,2026-07-20 00:00:00,14.00,48
5300001110,108635002,"MOTO VELOCI DYNAMIK PRO 200CC, NEGRO",2026-07-06 00:00:00,2026-07-20 00:00:00,14.00,6
5300001110,108639001,"MOTO VELOCI REVENGE DYNAMIK  220CC, GRIS",2026-07-06 00:00:00,2026-07-20 00:00:00,14.00,4
5300001110,108957002,"MOTOCARRO VELOCI COVALT 300CC, BLANCO",2026-07-06 00:00:00,2026-07-20 00:00:00,14.00,1
5300001110,109582001,"MOTO VELOCI ATRIO  EVO SPORT 200CC, ROJO",2026-07-06 00:00:00,2026-07-20 00:00:00,14.00,4
5300001110,109584001,"MOTO VELOCI RUBAK EVO TRAIL 220CC, VERDE",2026-07-06 00:00:00,2026-07-20 00:00:00,14.00,10
5300001110,109588001,"MOTO VELOCI XEVERUS EVO PRO 330CC, ROJO",2026-07-06 00:00:00,2026-07-20 00:00:00,14.00,6
5300001110,109588002,"MOTO VELOCI XEVERUS EVO PRO 330CC, GRIS",2026-07-06 00:00:00,2026-07-20 00:00:00,14.00,2
5300001110,109931001,"MOTO VELOCI THYRON EVO SPORT 200C, VERDE",2026-07-06 00:00:00,2026-07-20 00:00:00,14.00,10
5300001110,109970001,"MOTO VELOCI BOXTER RT3 220CC, NEGRO",2026-07-06 00:00:00,2026-07-20 00:00:00,14.00,6
5300001111,110117,PROMOCIONALES VELOCI MOTORS,2026-07-06 00:00:00,2026-07-27 00:00:00,21.00,52
5300001111,108635002,"MOTO VELOCI DYNAMIK PRO 200CC, NEGRO",2026-07-06 00:00:00,2026-07-27 00:00:00,21.00,2
5300001111,108638001,"MOTO VELOCI RAZZER GTR 220CC, ROJO",2026-07-06 00:00:00,2026-07-27 00:00:00,21.00,4
5300001111,109582001,"MOTO VELOCI ATRIO  EVO SPORT 200CC, ROJO",2026-07-06 00:00:00,2026-07-27 00:00:00,21.00,4
5300001111,109583001,"MOTO VELOCI DEUS EVO SPORT 150CC, GRIS",2026-07-06 00:00:00,2026-07-27 00:00:00,21.00,4
5300001111,109584001,"MOTO VELOCI RUBAK EVO TRAIL 220CC, VERDE",2026-07-06 00:00:00,2026-07-27 00:00:00,21.00,8
5300001111,109588001,"MOTO VELOCI XEVERUS EVO PRO 330CC, ROJO",2026-07-06 00:00:00,2026-07-27 00:00:00,21.00,4
5300001111,109588002,"MOTO VELOCI XEVERUS EVO PRO 330CC, GRIS",2026-07-06 00:00:00,2026-07-27 00:00:00,21.00,6
5300001111,109931001,"MOTO VELOCI THYRON EVO SPORT 200C, VERDE",2026-07-06 00:00:00,2026-07-27 00:00:00,21.00,6
5300001111,109932001,"MOTO VELOCI NOVAK EVO SPORT 150CC, VERDE",2026-07-06 00:00:00,2026-07-27 00:00:00,21.00,10
5300001111,109970001,"MOTO VELOCI BOXTER RT3 220CC, NEGRO",2026-07-06 00:00:00,2026-07-27 00:00:00,21.00,4
5300001112,110117,PROMOCIONALES VELOCI MOTORS,2026-07-06 00:00:00,2026-08-03 00:00:00,28.00,54
5300001112,108635002,"MOTO VELOCI DYNAMIK PRO 200CC, NEGRO",2026-07-06 00:00:00,2026-08-03 00:00:00,28.00,2
5300001112,108638001,"MOTO VELOCI RAZZER GTR 220CC, ROJO",2026-07-06 00:00:00,2026-08-03 00:00:00,28.00,4
5300001112,108639001,"MOTO VELOCI REVENGE DYNAMIK  220CC, GRIS",2026-07-06 00:00:00,2026-08-03 00:00:00,28.00,10
5300001112,109582001,"MOTO VELOCI ATRIO  EVO SPORT 200CC, ROJO",2026-07-06 00:00:00,2026-08-03 00:00:00,28.00,2
5300001112,109583001,"MOTO VELOCI DEUS EVO SPORT 150CC, GRIS",2026-07-06 00:00:00,2026-08-03 00:00:00,28.00,4
5300001112,109584001,"MOTO VELOCI RUBAK EVO TRAIL 220CC, VERDE",2026-07-06 00:00:00,2026-08-03 00:00:00,28.00,4
5300001112,109588001,"MOTO VELOCI XEVERUS EVO PRO 330CC, ROJO",2026-07-06 00:00:00,2026-08-03 00:00:00,28.00,4
5300001112,109588002,"MOTO VELOCI XEVERUS EVO PRO 330CC, GRIS",2026-07-06 00:00:00,2026-08-03 00:00:00,28.00,2
5300001112,109931001,"MOTO VELOCI THYRON EVO SPORT 200C, VERDE",2026-07-06 00:00:00,2026-08-03 00:00:00,28.00,6
5300001112,109932001,"MOTO VELOCI NOVAK EVO SPORT 150CC, VERDE",2026-07-06 00:00:00,2026-08-03 00:00:00,28.00,10
5300001112,109970001,"MOTO VELOCI BOXTER RT3 220CC, NEGRO",2026-07-06 00:00:00,2026-08-03 00:00:00,28.00,6
5300001113,108813001,"MOTO BDS HAWK 200CC, NEGRO",2026-07-06 00:00:00,2026-07-24 00:00:00,18.00,2
5300001113,109040001,"MOTO BDS CASTORO 180CC, AZUL",2026-07-06 00:00:00,2026-07-24 00:00:00,18.00,1
5300001113,109638001,"MOTO BDS HAWK 250CC, AZUL",2026-07-06 00:00:00,2026-07-24 00:00:00,18.00,14
5300001113,109783001,"MOTO BDS RHINO 200CC, AZUL",2026-07-06 00:00:00,2026-07-24 00:00:00,18.00,1
5300001113,109870001,"MOTO BDS THUNDER 190CC, NEGRO",2026-07-06 00:00:00,2026-07-24 00:00:00,18.00,25
5300001114,109040001,"MOTO BDS CASTORO 180CC, AZUL",2026-07-06 00:00:00,2026-08-01 00:00:00,26.00,2
5300001114,109040003,"MOTO BDS CASTORO 180CC, AMARILLO",2026-07-06 00:00:00,2026-08-01 00:00:00,26.00,40
5300001114,109783001,"MOTO BDS RHINO 200CC, AZUL",2026-07-06 00:00:00,2026-08-01 00:00:00,26.00,1
5300001116,108721001,"MOTO BDS SAETA 150CC, AZUL",2026-07-06 00:00:00,2026-07-27 00:00:00,21.00,2
5300001116,108813001,"MOTO BDS HAWK 200CC, NEGRO",2026-07-06 00:00:00,2026-07-27 00:00:00,21.00,15
5300001116,109040001,"MOTO BDS CASTORO 180CC, AZUL",2026-07-06 00:00:00,2026-07-27 00:00:00,21.00,4
5300001116,109040003,"MOTO BDS CASTORO 180CC, AMARILLO",2026-07-06 00:00:00,2026-07-27 00:00:00,21.00,7
5300001116,109233003,"MOTO BDS MAGMA 150CC, AZUL",2026-07-06 00:00:00,2026-07-27 00:00:00,21.00,1
5300001116,109234001,"MOTO BDS STARK 300CC, ROJO",2026-07-06 00:00:00,2026-07-27 00:00:00,21.00,1
5300001116,109234002,"MOTO BDS STARK 300CC, AZUL",2026-07-06 00:00:00,2026-07-27 00:00:00,21.00,2
5300001116,109569002,"MOTO BDS SB 180CC, NEGRO",2026-07-06 00:00:00,2026-07-27 00:00:00,21.00,2
5300001116,109870001,"MOTO BDS THUNDER 190CC, NEGRO",2026-07-06 00:00:00,2026-07-27 00:00:00,21.00,5
5300001116,110244001,"MOTO BDS STARK 220CC, ROJO",2026-07-06 00:00:00,2026-07-27 00:00:00,21.00,5
5300001118,108813001,"MOTO BDS HAWK 200CC, NEGRO",2026-07-06 00:00:00,2026-07-23 00:00:00,17.00,9
5300001118,109031001,"MOTO BDS HAWK GT 250CC, AZUL",2026-07-06 00:00:00,2026-07-23 00:00:00,17.00,2
5300001118,109040003,"MOTO BDS CASTORO 180CC, AMARILLO",2026-07-06 00:00:00,2026-07-23 00:00:00,17.00,10
5300001118,109233002,"MOTO BDS MAGMA 150CC, NEGRO",2026-07-06 00:00:00,2026-07-23 00:00:00,17.00,3
5300001118,109233004,"MOTO BDS MAGMA 150CC, GRIS",2026-07-06 00:00:00,2026-07-23 00:00:00,17.00,10
5300001118,109234002,"MOTO BDS STARK 300CC, AZUL",2026-07-06 00:00:00,2026-07-23 00:00:00,17.00,4
5300001118,110244001,"MOTO BDS STARK 220CC, ROJO",2026-07-06 00:00:00,2026-07-23 00:00:00,17.00,6
5300001120,108813001,"MOTO BDS HAWK 200CC, NEGRO",2026-07-06 00:00:00,2026-07-31 00:00:00,25.00,13
5300001120,109031001,"MOTO BDS HAWK GT 250CC, AZUL",2026-07-06 00:00:00,2026-07-31 00:00:00,25.00,3
5300001120,109040003,"MOTO BDS CASTORO 180CC, AMARILLO",2026-07-06 00:00:00,2026-07-31 00:00:00,25.00,6
5300001120,109233004,"MOTO BDS MAGMA 150CC, GRIS",2026-07-06 00:00:00,2026-07-31 00:00:00,25.00,8
5300001120,109638001,"MOTO BDS HAWK 250CC, AZUL",2026-07-06 00:00:00,2026-07-31 00:00:00,25.00,5
5300001120,109870001,"MOTO BDS THUNDER 190CC, NEGRO",2026-07-06 00:00:00,2026-07-31 00:00:00,25.00,9
5300001121,108721001,"MOTO BDS SAETA 150CC, AZUL",2026-07-07 00:00:00,2026-07-24 00:00:00,17.00,2
5300001121,108813001,"MOTO BDS HAWK 200CC, NEGRO",2026-07-07 00:00:00,2026-07-24 00:00:00,17.00,15
5300001121,109040001,"MOTO BDS CASTORO 180CC, AZUL",2026-07-07 00:00:00,2026-07-24 00:00:00,17.00,4
5300001121,109040003,"MOTO BDS CASTORO 180CC, AMARILLO",2026-07-07 00:00:00,2026-07-24 00:00:00,17.00,6
5300001121,109233003,"MOTO BDS MAGMA 150CC, AZUL",2026-07-07 00:00:00,2026-07-24 00:00:00,17.00,1
5300001121,109234001,"MOTO BDS STARK 300CC, ROJO",2026-07-07 00:00:00,2026-07-24 00:00:00,17.00,1
5300001121,109234002,"MOTO BDS STARK 300CC, AZUL",2026-07-07 00:00:00,2026-07-24 00:00:00,17.00,1
5300001121,109569002,"MOTO BDS SB 180CC, NEGRO",2026-07-07 00:00:00,2026-07-24 00:00:00,17.00,2
5300001121,109783001,"MOTO BDS RHINO 200CC, AZUL",2026-07-07 00:00:00,2026-07-24 00:00:00,17.00,1
5300001121,109870001,"MOTO BDS THUNDER 190CC, NEGRO",2026-07-07 00:00:00,2026-07-24 00:00:00,17.00,6
5300001121,110244001,"MOTO BDS STARK 220CC, ROJO",2026-07-07 00:00:00,2026-07-24 00:00:00,17.00,4
5300001124,108721001,"MOTO BDS SAETA 150CC, AZUL",2026-07-07 00:00:00,2026-07-24 00:00:00,17.00,6
5300001124,108813001,"MOTO BDS HAWK 200CC, NEGRO",2026-07-07 00:00:00,2026-07-24 00:00:00,17.00,4
5300001124,109040001,"MOTO BDS CASTORO 180CC, AZUL",2026-07-07 00:00:00,2026-07-24 00:00:00,17.00,6
5300001124,109040003,"MOTO BDS CASTORO 180CC, AMARILLO",2026-07-07 00:00:00,2026-07-24 00:00:00,17.00,6
5300001124,109233001,"MOTO BDS MAGMA 150CC, ROJO",2026-07-07 00:00:00,2026-07-24 00:00:00,17.00,1
5300001124,109638001,"MOTO BDS HAWK 250CC, AZUL",2026-07-07 00:00:00,2026-07-24 00:00:00,17.00,8
5300001124,109783001,"MOTO BDS RHINO 200CC, AZUL",2026-07-07 00:00:00,2026-07-24 00:00:00,17.00,2
5300001124,109870001,"MOTO BDS THUNDER 190CC, NEGRO",2026-07-07 00:00:00,2026-07-24 00:00:00,17.00,6
5300001124,110242001,"MOTO BDS JAMBO 300CC, GRIS",2026-07-07 00:00:00,2026-07-24 00:00:00,17.00,2
5300001124,110243001,"MOTO BDS JAMBO 220CC, ARENA",2026-07-07 00:00:00,2026-07-24 00:00:00,17.00,3
5300001125,108721001,"MOTO BDS SAETA 150CC, AZUL",2026-07-07 00:00:00,2026-07-29 00:00:00,22.00,2
5300001125,108813001,"MOTO BDS HAWK 200CC, NEGRO",2026-07-07 00:00:00,2026-07-29 00:00:00,22.00,9
5300001125,109040001,"MOTO BDS CASTORO 180CC, AZUL",2026-07-07 00:00:00,2026-07-29 00:00:00,22.00,4
5300001125,109040003,"MOTO BDS CASTORO 180CC, AMARILLO",2026-07-07 00:00:00,2026-07-29 00:00:00,22.00,4
5300001125,109233003,"MOTO BDS MAGMA 150CC, AZUL",2026-07-07 00:00:00,2026-07-29 00:00:00,22.00,2
5300001125,109233004,"MOTO BDS MAGMA 150CC, GRIS",2026-07-07 00:00:00,2026-07-29 00:00:00,22.00,3
5300001125,109569002,"MOTO BDS SB 180CC, NEGRO",2026-07-07 00:00:00,2026-07-29 00:00:00,22.00,2
5300001125,109783001,"MOTO BDS RHINO 200CC, AZUL",2026-07-07 00:00:00,2026-07-29 00:00:00,22.00,3
5300001125,109870001,"MOTO BDS THUNDER 190CC, NEGRO",2026-07-07 00:00:00,2026-07-29 00:00:00,22.00,10
5300001125,110242001,"MOTO BDS JAMBO 300CC, GRIS",2026-07-07 00:00:00,2026-07-29 00:00:00,22.00,1
5300001125,110243001,"MOTO BDS JAMBO 220CC, ARENA",2026-07-07 00:00:00,2026-07-29 00:00:00,22.00,1
5300001126,108813001,"MOTO BDS HAWK 200CC, NEGRO",2026-07-07 00:00:00,2026-07-20 00:00:00,13.00,7
5300001126,109031001,"MOTO BDS HAWK GT 250CC, AZUL",2026-07-07 00:00:00,2026-07-20 00:00:00,13.00,2
5300001126,109233002,"MOTO BDS MAGMA 150CC, NEGRO",2026-07-07 00:00:00,2026-07-20 00:00:00,13.00,7
5300001126,109233003,"MOTO BDS MAGMA 150CC, AZUL",2026-07-07 00:00:00,2026-07-20 00:00:00,13.00,7
5300001126,109233004,"MOTO BDS MAGMA 150CC, GRIS",2026-07-07 00:00:00,2026-07-20 00:00:00,13.00,4
5300001126,109638001,"MOTO BDS HAWK 250CC, AZUL",2026-07-07 00:00:00,2026-07-20 00:00:00,13.00,10
5300001126,109783001,"MOTO BDS RHINO 200CC, AZUL",2026-07-07 00:00:00,2026-07-20 00:00:00,13.00,3
5300001126,110244001,"MOTO BDS STARK 220CC, ROJO",2026-07-07 00:00:00,2026-07-20 00:00:00,13.00,3
5300001127,108652001,"MOTO DINAMO ADVENTURE ELITE 150CC, ROJO",2026-07-07 00:00:00,2026-07-11 00:00:00,4.00,1
5300001127,108655003,"MOTO DINAMO CUSTOM 150CC, NEGRO",2026-07-07 00:00:00,2026-07-11 00:00:00,4.00,1
5300001127,108690001,"MOTO DINAMO SCORPIO 200CC, ROJO",2026-07-07 00:00:00,2026-07-11 00:00:00,4.00,1
5300001127,108691002,"MOTO DINAMO U5 150CC, AZUL",2026-07-07 00:00:00,2026-07-07 00:00:00,0.00,1
5300001127,108691003,"MOTO DINAMO U5 150CC, GRIS",2026-07-07 00:00:00,2026-07-12 00:00:00,5.00,1
5300001127,109137001,"MOTO DINAMO ALIEN-R 175 CC, ROJO",2026-07-07 00:00:00,2026-07-14 00:00:00,7.00,1
5300001127,109137004,"MOTO DINAMO ALIEN-R 175 CC, VERDE",2026-07-07 00:00:00,2026-07-07 00:00:00,0.00,1
5300001127,109523002,"MOTO DINAMO SPEED FIRE SPDF 250CC, AZUL",2026-07-07 00:00:00,2026-07-07 00:00:00,0.00,1
5300001127,109523003,"MOTO DINAMO SPEED FIRE SPDF 250, NARANJA",2026-07-07 00:00:00,2026-07-14 00:00:00,7.00,1
4500652084,109591001,"MOTO CARABELA DAKOTA ADV 320CC, AMARILLO",2026-07-08 00:00:00,2026-07-08 00:00:00,0.00,-1
4500653142,109997001,"MOTO BAJAJ PULSAR N 125CC CARB, ROJO",2026-07-10 00:00:00,2026-07-13 00:00:00,3.00,-4
4500653142,109997002,"MOTO BAJAJ PULSAR N 125CC CARB, PURPURA",2026-07-10 00:00:00,2026-07-13 00:00:00,3.00,-2
5300001135,108813001,"MOTO BDS HAWK 200CC, NEGRO",2026-07-16 00:00:00,2026-07-28 00:00:00,12.00,6
5300001135,109040001,"MOTO BDS CASTORO 180CC, AZUL",2026-07-16 00:00:00,2026-07-28 00:00:00,12.00,2
5300001135,109040003,"MOTO BDS CASTORO 180CC, AMARILLO",2026-07-16 00:00:00,2026-07-28 00:00:00,12.00,2
5300001135,109233001,"MOTO BDS MAGMA 150CC, ROJO",2026-07-16 00:00:00,2026-07-28 00:00:00,12.00,1
5300001135,109233002,"MOTO BDS MAGMA 150CC, NEGRO",2026-07-16 00:00:00,2026-07-28 00:00:00,12.00,1
5300001135,109233003,"MOTO BDS MAGMA 150CC, AZUL",2026-07-16 00:00:00,2026-07-28 00:00:00,12.00,1
5300001135,109233004,"MOTO BDS MAGMA 150CC, GRIS",2026-07-16 00:00:00,2026-07-28 00:00:00,12.00,1
5300001135,109234001,"MOTO BDS STARK 300CC, ROJO",2026-07-16 00:00:00,2026-07-28 00:00:00,12.00,4
5300001135,109234002,"MOTO BDS STARK 300CC, AZUL",2026-07-16 00:00:00,2026-07-28 00:00:00,12.00,4
5300001135,109638001,"MOTO BDS HAWK 250CC, AZUL",2026-07-16 00:00:00,2026-07-28 00:00:00,12.00,3
5300001135,109783001,"MOTO BDS RHINO 200CC, AZUL",2026-07-16 00:00:00,2026-07-28 00:00:00,12.00,2
5300001135,109870001,"MOTO BDS THUNDER 190CC, NEGRO",2026-07-16 00:00:00,2026-07-28 00:00:00,12.00,6
5300001135,110243001,"MOTO BDS JAMBO 220CC, ARENA",2026-07-16 00:00:00,2026-07-28 00:00:00,12.00,2
5300001135,110244001,"MOTO BDS STARK 220CC, ROJO",2026-07-16 00:00:00,2026-07-28 00:00:00,12.00,5
5300001137,109130001,"MOTO DINAMO R2-GT 250CC, ROJO",2026-07-17 00:00:00,2026-07-30 00:00:00,13.00,1
5300001137,109137001,"MOTO DINAMO ALIEN-R 175 CC, ROJO",2026-07-17 00:00:00,2026-07-17 00:00:00,0.00,2
5300001137,109137003,"MOTO DINAMO ALIEN-R 175 CC, GRIS",2026-07-17 00:00:00,2026-07-20 00:00:00,3.00,1
5300001138,110117,PROMOCIONALES VELOCI MOTORS,2026-07-21 00:00:00,2026-08-03 00:00:00,13.00,40
5300001138,108638001,"MOTO VELOCI RAZZER GTR 220CC, ROJO",2026-07-21 00:00:00,2026-08-03 00:00:00,13.00,20
5300001138,108957002,"MOTOCARRO VELOCI COVALT 300CC, BLANCO",2026-07-21 00:00:00,2026-08-03 00:00:00,13.00,1
5300001138,109581001,"MOTO VELOCI BEAST KX4 HYPER 200CC, ROJO",2026-07-21 00:00:00,2026-08-03 00:00:00,13.00,2
5300001138,109582001,"MOTO VELOCI ATRIO  EVO SPORT 200CC, ROJO",2026-07-21 00:00:00,2026-08-03 00:00:00,13.00,10
5300001138,109584001,"MOTO VELOCI RUBAK EVO TRAIL 220CC, VERDE",2026-07-21 00:00:00,2026-08-03 00:00:00,13.00,6
5300001138,110290001,"MOTO VELOCI DARK EAGLE 330CC, NEGRO",2026-07-21 00:00:00,2026-08-03 00:00:00,13.00,2
5300001138,110292001,"MOTO VELOCI HAMMER STX EVO 150CC, GRIS",2026-07-21 00:00:00,2026-08-03 00:00:00,13.00,2
5300001140,108652002,"MOTO DINAMO ADVENTURE ELITE 150C, BLANCO",2026-07-21 00:00:00,2026-07-24 00:00:00,3.00,1
5300001140,108691001,"MOTO DINAMO U5 150CC, ROJO",2026-07-21 00:00:00,2026-07-27 00:00:00,6.00,1
5300001140,109137001,"MOTO DINAMO ALIEN-R 175 CC, ROJO",2026-07-21 00:00:00,2026-07-21 00:00:00,4.00,3
5300001140,109137002,"MOTO DINAMO ALIEN-R 175 CC, BLANCO",2026-07-21 00:00:00,2026-07-27 00:00:00,6.00,1
5300001140,109137004,"MOTO DINAMO ALIEN-R 175 CC, VERDE",2026-07-21 00:00:00,2026-07-27 00:00:00,6.00,1
5300001140,109138001,"MOTO DINAMO XTREME RLX 200CC, ROJO",2026-07-21 00:00:00,2026-07-24 00:00:00,4.50,2
5300001140,109523001,"MOTO DINAMO SPEED FIRE SPDF 250CC, ROJO",2026-07-21 00:00:00,2026-07-27 00:00:00,6.00,1
5300001141,110117,PROMOCIONALES VELOCI MOTORS,2026-07-21 00:00:00,2026-07-28 00:00:00,7.00,20
5300001141,108635002,"MOTO VELOCI DYNAMIK PRO 200CC, NEGRO",2026-07-21 00:00:00,2026-07-28 00:00:00,7.00,3
5300001141,108957002,"MOTOCARRO VELOCI COVALT 300CC, BLANCO",2026-07-21 00:00:00,2026-07-28 00:00:00,7.00,1
5300001141,109584001,"MOTO VELOCI RUBAK EVO TRAIL 220CC, VERDE",2026-07-21 00:00:00,2026-07-28 00:00:00,7.00,10
5300001141,109585001,"MOTO VELOCI SNAKE GT TRAIL 250CC, GRIS",2026-07-21 00:00:00,2026-07-28 00:00:00,7.00,4
5300001141,109586001,"MOTO VELOCI BREAKSTORM SPORT 330CC, GRIS",2026-07-21 00:00:00,2026-07-28 00:00:00,7.00,10
5300001141,109587001,"MOTO VELOCI RAZZER HYPER SPORT 330, ROJO",2026-07-21 00:00:00,2026-07-28 00:00:00,7.00,8
5300001141,109970001,"MOTO VELOCI BOXTER RT3 220CC, NEGRO",2026-07-21 00:00:00,2026-07-28 00:00:00,7.00,3
5300001141,110290001,"MOTO VELOCI DARK EAGLE 330CC, NEGRO",2026-07-21 00:00:00,2026-07-28 00:00:00,7.00,2
5300001141,110292001,"MOTO VELOCI HAMMER STX EVO 150CC, GRIS",2026-07-21 00:00:00,2026-07-28 00:00:00,7.00,2
5300001142,110117,PROMOCIONALES VELOCI MOTORS,2026-07-21 00:00:00,2026-08-03 00:00:00,13.00,43
5300001142,108635002,"MOTO VELOCI DYNAMIK PRO 200CC, NEGRO",2026-07-21 00:00:00,2026-08-03 00:00:00,13.00,4
5300001142,108638001,"MOTO VELOCI RAZZER GTR 220CC, ROJO",2026-07-21 00:00:00,2026-08-03 00:00:00,13.00,11
5300001142,109581001,"MOTO VELOCI BEAST KX4 HYPER 200CC, ROJO",2026-07-21 00:00:00,2026-08-03 00:00:00,13.00,2
5300001142,109582001,"MOTO VELOCI ATRIO  EVO SPORT 200CC, ROJO",2026-07-21 00:00:00,2026-08-03 00:00:00,13.00,10
5300001142,109584001,"MOTO VELOCI RUBAK EVO TRAIL 220CC, VERDE",2026-07-21 00:00:00,2026-08-03 00:00:00,13.00,10
5300001142,109970001,"MOTO VELOCI BOXTER RT3 220CC, NEGRO",2026-07-21 00:00:00,2026-08-03 00:00:00,13.00,8
5300001142,110290001,"MOTO VELOCI DARK EAGLE 330CC, NEGRO",2026-07-21 00:00:00,2026-08-03 00:00:00,13.00,1
5300001142,110292001,"MOTO VELOCI HAMMER STX EVO 150CC, GRIS",2026-07-21 00:00:00,2026-08-03 00:00:00,13.00,6
5300001143,110117,PROMOCIONALES VELOCI MOTORS,2026-07-21 00:00:00,2026-08-03 00:00:00,13.00,31
5300001143,108638001,"MOTO VELOCI RAZZER GTR 220CC, ROJO",2026-07-21 00:00:00,2026-08-03 00:00:00,13.00,15
5300001143,108957002,"MOTOCARRO VELOCI COVALT 300CC, BLANCO",2026-07-21 00:00:00,2026-08-03 00:00:00,13.00,1
5300001143,109581001,"MOTO VELOCI BEAST KX4 HYPER 200CC, ROJO",2026-07-21 00:00:00,2026-08-03 00:00:00,13.00,3
5300001143,109584001,"MOTO VELOCI RUBAK EVO TRAIL 220CC, VERDE",2026-07-21 00:00:00,2026-08-03 00:00:00,13.00,10
5300001143,109588002,"MOTO VELOCI XEVERUS EVO PRO 330CC, GRIS",2026-07-21 00:00:00,2026-08-03 00:00:00,13.00,2
5300001143,109970001,"MOTO VELOCI BOXTER RT3 220CC, NEGRO",2026-07-21 00:00:00,2026-08-03 00:00:00,13.00,4
5300001143,110290001,"MOTO VELOCI DARK EAGLE 330CC, NEGRO",2026-07-21 00:00:00,2026-08-03 00:00:00,13.00,1
5300001143,110292001,"MOTO VELOCI HAMMER STX EVO 150CC, GRIS",2026-07-21 00:00:00,2026-08-03 00:00:00,13.00,5
5300001144,110117,PROMOCIONALES VELOCI MOTORS,2026-07-21 00:00:00,2026-07-30 00:00:00,9.00,27
5300001144,108638001,"MOTO VELOCI RAZZER GTR 220CC, ROJO",2026-07-21 00:00:00,2026-07-30 00:00:00,9.00,13
5300001144,109581001,"MOTO VELOCI BEAST KX4 HYPER 200CC, ROJO",2026-07-21 00:00:00,2026-07-30 00:00:00,9.00,5
5300001144,109582001,"MOTO VELOCI ATRIO  EVO SPORT 200CC, ROJO",2026-07-21 00:00:00,2026-07-30 00:00:00,9.00,5
5300001144,109587001,"MOTO VELOCI RAZZER HYPER SPORT 330, ROJO",2026-07-21 00:00:00,2026-07-30 00:00:00,9.00,8
5300001144,109970001,"MOTO VELOCI BOXTER RT3 220CC, NEGRO",2026-07-21 00:00:00,2026-07-30 00:00:00,9.00,9
5300001144,110290001,"MOTO VELOCI DARK EAGLE 330CC, NEGRO",2026-07-21 00:00:00,2026-07-30 00:00:00,9.00,1
5300001144,110292001,"MOTO VELOCI HAMMER STX EVO 150CC, GRIS",2026-07-21 00:00:00,2026-07-30 00:00:00,9.00,5
5300001147,108652001,"MOTO DINAMO ADVENTURE ELITE 150CC, ROJO",2026-07-29 00:00:00,2026-07-31 00:00:00,2.50,2
5300001147,108652002,"MOTO DINAMO ADVENTURE ELITE 150C, BLANCO",2026-07-29 00:00:00,2026-07-29 00:00:00,3.29,7
5300001147,108690001,"MOTO DINAMO SCORPIO 200CC, ROJO",2026-07-29 00:00:00,2026-07-31 00:00:00,3.00,3
5300001147,108690003,"MOTO DINAMO SCORPIO 200CC, NEGRO",2026-07-29 00:00:00,2026-08-03 00:00:00,5.00,1
5300001147,109118001,"MOTO DINAMO U2 150CC, ROJO",2026-07-29 00:00:00,2026-07-31 00:00:00,3.50,2
5300001147,109118002,"MOTO DINAMO U2 150CC, AZUL",2026-07-29 00:00:00,2026-08-03 00:00:00,5.00,1
5300001147,109118003,"MOTO DINAMO U2 150CC, PLATA",2026-07-29 00:00:00,2026-08-02 00:00:00,4.00,1
5300001147,109137001,"MOTO DINAMO ALIEN-R 175 CC, ROJO",2026-07-29 00:00:00,2026-07-31 00:00:00,2.00,4
5300001147,109137002,"MOTO DINAMO ALIEN-R 175 CC, BLANCO",2026-07-29 00:00:00,2026-07-31 00:00:00,2.00,2
5300001147,109137003,"MOTO DINAMO ALIEN-R 175 CC, GRIS",2026-07-29 00:00:00,2026-08-01 00:00:00,4.00,2
5300001147,109137004,"MOTO DINAMO ALIEN-R 175 CC, VERDE",2026-07-29 00:00:00,2026-07-29 00:00:00,1.60,5
5300001147,109138002,"MOTO DINAMO XTREME RLX 200CC, GRIS",2026-07-29 00:00:00,2026-07-31 00:00:00,3.50,2
5300001147,109523001,"MOTO DINAMO SPEED FIRE SPDF 250CC, ROJO",2026-07-29 00:00:00,2026-07-31 00:00:00,3.25,4
5300001147,109523003,"MOTO DINAMO SPEED FIRE SPDF 250, NARANJA",2026-07-29 00:00:00,2026-07-31 00:00:00,4.00,3
