Proveedor,Texto breve material,CEDIS MOTOS,SUCURSAL,Centro,Almacén,IMEI/SERIE,Suma de Libre utilización,Suma de Valor libre util.,Suma de Bloqueado,Suma de Valor stock bloq.,Suma de Inspecc.de calidad,Suma de Valor en insp.cal.
BAJAJ,"MOTO BAJAJ PULSAR N 125CC CARB, CITRUS",CEDIS CDMX,MACROPAY ATLIXCO MOTOS 3 SUR,1847,10,MD2C19BX7TWJ51583,1,$29567.33,0,$0,0,0
BAJAJ,"MOTO BAJAJ PULSAR N 125CC CARB, CITRUS",CEDIS CDMX,MACROPAY CHOLULA EXPLANADA RO14B,1238,10,MD2C19BX9TWJ51052,1,$29567.33,0,$0,0,0
BAJAJ,"MOTO BAJAJ PULSAR N 125CC CARB, CITRUS",CEDIS CDMX,MACROPAY CUAUTLA CAPITAN M ANZUREZ 93B,1710,10,MD2C19BX8TWJ51057,1,$29567.33,0,$0,0,0
BAJAJ,"MOTO BAJAJ PULSAR N 125CC CARB, CITRUS",CEDIS CDMX,MACROPAY HUEJOTZINGO CARLOS B ZETINA,1233,10,MD2C19BX0TWJ51053,1,$29567.33,0,$0,0,0
BAJAJ,"MOTO BAJAJ PULSAR N 125CC CARB, CITRUS",CEDIS CDMX,MACROPAY JIUTEPEC CUAUHNAHUAC,1869,10,MD2C19BX0TWJ51585,1,$29567.33,0,$0,0,0
BAJAJ,"MOTO BAJAJ PULSAR N 125CC CARB, CITRUS",CEDIS CDMX,MACROPAY PACHUCA EXPLANADA RF35,1237,10,MD2C19BX2TWJ51586,1,$29567.33,0,$0,0,0
BAJAJ,"MOTO BAJAJ PULSAR N 125CC CARB, CITRUS",CEDIS CDMX,MACROPAY TEOTIHUACAN PLAZA JUAREZ 15,1297,10,MD2C19BX9TWJ53173,1,$29567.33,0,$0,0,0
BAJAJ,"MOTO BAJAJ PULSAR N 125CC CARB, CITRUS",CEDIS CDMX,MACROPAY TEXMELUCAN CENTRO 2,1774,10,MD2C19BX2TWJ51054,1,$29567.33,0,$0,0,0
BAJAJ,"MOTO BAJAJ PULSAR N 125CC CARB, CITRUS",CEDIS CDMX,MACROPAY ZUMPANGO FEDERICO,1244,10,MD2C19BXXTWJ51058,1,$29567.33,0,$0,0,0
BAJAJ,"MOTO BAJAJ PULSAR N 125CC CARB, CITRUS",CEDIS CULIACAN,MACROPAY DURANGO CENTRO B JUAREZ,1864,10,MD2C19BX5TWH51408,1,$29567.33,0,$0,0,0
BAJAJ,"MOTO BAJAJ PULSAR N 125CC CARB, CITRUS",CEDIS CULIACAN,MACROPAY MAZATLAN PLAZA ACAYA L7E,1826,10,MD2C19BX8TWH51452,1,$29567.33,0,$0,0,0
BAJAJ,"MOTO BAJAJ PULSAR N 125CC CARB, CITRUS",CEDIS GDL,MACROPAY APATZINGAN CENTRO ANDRADE,1832,10,MD2C19BX1TWH51406,1,$29567.33,0,$0,0,0
BAJAJ,"MOTO BAJAJ PULSAR N 125CC CARB, CITRUS",CEDIS GDL,MACROPAY COLIMA CENTRO MADERO,1932,10,MD2C19BX8TWH51404,1,$29567.33,0,$0,0,0
BAJAJ,"MOTO BAJAJ PULSAR N 125CC CARB, CITRUS",CEDIS GDL,MACROPAY MANZANILLO PUNTO BAHIA L A13,1736,10,MD2C19BXXTWH51405,1,$29567.33,0,$0,0,0
BAJAJ,"MOTO BAJAJ PULSAR N 125CC CARB, CITRUS",CEDIS MID,MACROPAY ESCARCEGA J SIERRA MOTOS,1797,10,MD2C19BX1TWJ51062,1,$29567.33,0,$0,0,0
BAJAJ,"MOTO BAJAJ PULSAR N 125CC CARB, CITRUS",CEDIS MID,MACROPAY MID KUKULCAN L03,1390,10,MD2C19BXXTWJ50959,1,$29567.33,0,$0,0,0
BAJAJ,"MOTO BAJAJ PULSAR N 125CC CARB, CITRUS",CEDIS MID,MACROPAY PROGRESO MOTOS CALLE 27,1934,10,MD2C19BX6TWH51403,1,$29567.33,0,$0,0,0
BAJAJ,"MOTO BAJAJ PULSAR N 125CC CARB, CITRUS",CEDIS SALTILLO,MACROPAY CADEREYTA SORIANA LD5,1585,10,MD2C19BX1TWH51454,1,$29567.33,0,$0,0,0
BAJAJ,"MOTO BAJAJ PULSAR N 125CC CARB, CITRUS",CEDIS SALTILLO,MACROPAY ESCOBEDO MI TIENDA L16E,1525,10,MD2C19BXXTWH51453,1,$29567.33,0,$0,0,0
BAJAJ,"MOTO BAJAJ PULSAR N 125CC CARB, CITRUS",CEDIS SAN LUIS,MACROPAY FRESNILLO CENTRO,1886,10,MD2C19BX0TWH51459,1,$29567.33,0,$0,0,0
BAJAJ,"MOTO BAJAJ PULSAR N 125CC CARB, CITRUS",CEDIS SAN LUIS,MACROPAY SAN LUIS DE LA PAZ CENTRO,1855,10,MD2C19BX9TWH51458,1,$29567.33,0,$0,0,0
BAJAJ,"MOTO BAJAJ PULSAR N 125CC CARB, CITRUS",CEDIS TAB PXGL,CEDIS MACROPAY TABASCO PXGL,14,140,MD2C19BX9TWJ51066,1,$29567.33,0,$0,0,0
BAJAJ,"MOTO BAJAJ PULSAR N 125CC CARB, CITRUS",CEDIS TAB PXGL,MACROPAY JUAN RODRIGUEZ VER CENTRO,1860,10,MD2C19BX2TWJ50955,1,$29567.33,0,$0,0,0
BAJAJ,"MOTO BAJAJ PULSAR N 125CC CARB, CITRUS",CEDIS TAB PXGL,MACROPAY MACUSPANA MOTOS,1901,10,MD2C19BX0TWJ50954,1,$29567.33,0,$0,0,0
BAJAJ,"MOTO BAJAJ PULSAR N 125CC CARB, CITRUS",CEDIS TAB PXGL,MACROPAY PARAISO CENTRO,1819,10,MD2C19BX8TWH51399,1,$29567.33,0,$0,0,0
BAJAJ,"MOTO BAJAJ PULSAR N 125CC CARB, CITRUS",CEDIS TAB PXGL,MACROPAY TUX MOTOS NOVENA SUR,1875,10,MD2C19BX2TWJ51071,1,$29567.33,0,$0,0,0
BAJAJ,"MOTO BAJAJ PULSAR N 125CC CARB, CITRUS",CEDIS TAB PXGL,MACROPAY VERACRUZ CD ISLA RAUL SANDOVAL,1760,10,MD2C19BX4TWJ50956,1,$29567.33,0,$0,0,0
BAJAJ,"MOTO BAJAJ PULSAR N 125CC CARB, CITRUS",CEDIS TAB PXGL,MACROPAY VERACRUZ CD ISLA RAUL SANDOVAL,1760,10,MD2C19BX4TWJ51069,1,$29567.33,0,$0,0,0
BAJAJ,"MOTO BAJAJ PULSAR N 125CC CARB, CITRUS",CEDIS TAB PXGL,MACROPAY VERACRUZ CD ISLA RAUL SANDOVAL,1760,10,MD2C19BX8TWJ50958,1,$29567.33,0,$0,0,0
BAJAJ,"MOTO BAJAJ PULSAR N 125CC CARB, PURPURA",CEDIS CDMX,MACROPAY ATIZAPAN VILLAS HACIENDA,1866,10,MD2C19BX1TWJ54205,1,$29567.33,0,$0,0,0
BAJAJ,"MOTO BAJAJ PULSAR N 125CC CARB, PURPURA",CEDIS CDMX,MACROPAY CDMX PARQUE ALAMEDA L B21,1700,10,MD2C19BX1TWJ54236,1,$29567.33,0,$0,0,0
BAJAJ,"MOTO BAJAJ PULSAR N 125CC CARB, PURPURA",CEDIS CDMX,MACROPAY CHIMALHUACAN PLAZA L48,1301,10,MD2C19BX3TWJ54206,1,$29567.33,0,$0,0,0
BAJAJ,"MOTO BAJAJ PULSAR N 125CC CARB, PURPURA",CEDIS CDMX,MACROPAY CUAU CENTELLA L37,1302,10,MD2C19BX7TWJ54239,1,$29567.33,0,$0,0,0
BAJAJ,"MOTO BAJAJ PULSAR N 125CC CARB, PURPURA",CEDIS CDMX,MACROPAY CUAUTLA CAPITAN M ANZUREZ 93B,1710,10,MD2C19BX7TWJ54208,1,$29567.33,0,$0,0,0
BAJAJ,"MOTO BAJAJ PULSAR N 125CC CARB, PURPURA",CEDIS CDMX,MACROPAY IXMIQUILPAN PLAZA LNL29,1257,10,MD2C19BX7TWJ54242,1,$29567.33,0,$0,0,0
BAJAJ,"MOTO BAJAJ PULSAR N 125CC CARB, PURPURA",CEDIS CDMX,MACROPAY LOS REYES CENTRO TEPOZAN LC24,1783,10,MD2C19BX5TWJ54238,1,$29567.33,0,$0,0,0
BAJAJ,"MOTO BAJAJ PULSAR N 125CC CARB, PURPURA",CEDIS CDMX,MACROPAY LOS REYES CENTRO TEPOZAN LC24,1783,10,MD2C19BXXTWJ54204,1,$29567.33,0,$0,0,0
BAJAJ,"MOTO BAJAJ PULSAR N 125CC CARB, PURPURA",CEDIS CDMX,MACROPAY NAUCALPAN ING MILITARES,1790,10,MD2C19BX3TWJ51791,1,$29567.33,0,$0,0,0
BAJAJ,"MOTO BAJAJ PULSAR N 125CC CARB, PURPURA",CEDIS CDMX,MACROPAY NEZAHUALCOYOTL SORIANA L15,1406,10,MD2C19BX2TWJ51202,1,$29567.33,0,$0,0,0
BAJAJ,"MOTO BAJAJ PULSAR N 125CC CARB, PURPURA",CEDIS CDMX,MACROPAY NICOLAS ROMERO TOWNCENTER LB06,1432,10,MD2C19BX8TWJ54203,1,$29567.33,0,$0,0,0
BAJAJ,"MOTO BAJAJ PULSAR N 125CC CARB, PURPURA",CEDIS CDMX,MACROPAY ORIZABA NORTE 4 ESQ OTE 3,1881,10,MD2C19BX7TWJ54211,1,$29567.33,0,$0,0,0
BAJAJ,"MOTO BAJAJ PULSAR N 125CC CARB, PURPURA",CEDIS CDMX,MACROPAY PINOTEPA LAS FLORES L1,1456,10,MD2C19BXXTWJ54235,1,$29567.33,0,$0,0,0
BAJAJ,"MOTO BAJAJ PULSAR N 125CC CARB, PURPURA",CEDIS CDMX,MACROPAY TECAMAC MACROPLAZA LF14,1830,10,MD2C19BX9TWJ54212,1,$29567.33,0,$0,0,0
BAJAJ,"MOTO BAJAJ PULSAR N 125CC CARB, PURPURA",CEDIS CDMX,MACROPAY TOLUCA HIDALGO MOTOS,1747,10,MD2C19BX9TWJ54209,1,$29567.33,0,$0,0,0
BAJAJ,"MOTO BAJAJ PULSAR N 125CC CARB, PURPURA",CEDIS CDMX,MACROPAY TOLUCA MIGUEL HIDALGO,1725,10,MD2C19BX3TWJ54240,1,$29567.33,0,$0,0,0
BAJAJ,"MOTO BAJAJ PULSAR N 125CC CARB, PURPURA",CEDIS CDMX,MACROPAY VERACRUZ AV MATAMOROS NORTE,1721,10,MD2C19BX3TWJ51337,1,$29567.33,0,$0,0,0
BAJAJ,"MOTO BAJAJ PULSAR N 125CC CARB, PURPURA",CEDIS CDMX,MACROPAY ZIHUATANEJO CENTRO,1853,10,MD2C19BX5TWJ54210,1,$29567.33,0,$0,0,0
BAJAJ,"MOTO BAJAJ PULSAR N 125CC CARB, PURPURA",CEDIS GDL,MACROPAY MICH LAZARO CARDENAS CENTRO,1812,10,MD2C19BX8TWJ51205,1,$29567.33,0,$0,0,0
BAJAJ,"MOTO BAJAJ PULSAR N 125CC CARB, PURPURA",CEDIS GDL,MACROPAY ZAPOTLANEJO PORFIRIO DIAZ,1517,10,MD2C19BXXTWJ51206,1,$29567.33,0,$0,0,0
BAJAJ,"MOTO BAJAJ PULSAR N 125CC CARB, PURPURA",CEDIS MID,MACROPAY CHT MOTOS OTHON,1738,10,MD2C19BXXTWJ51786,1,$29567.33,0,$0,0,0
BAJAJ,"MOTO BAJAJ PULSAR N 125CC CARB, PURPURA",CEDIS MID,MACROPAY VALLADOLID MOTOS CALLE 39,1748,10,MD2C19BX4TWJ54179,1,$29567.33,0,$0,0,0
BAJAJ,"MOTO BAJAJ PULSAR N 125CC CARB, PURPURA",CEDIS SALTILLO,CIUDAD VICTORIA CENTRO,1944,10,MD2C19BX2TWJ51216,1,$29567.33,0,$0,0,0
BAJAJ,"MOTO BAJAJ PULSAR N 125CC CARB, PURPURA",CEDIS SALTILLO,MACROPAY STA CATARINA SENDERO LC08,1924,10,MD2C19BX0TWJ51215,1,$29567.33,0,$0,0,0
BAJAJ,"MOTO BAJAJ PULSAR N 125CC CARB, PURPURA",CEDIS SAN LUIS,CEDIS SAN LUIS,27,140,MD2C19BX7TWJ51177,1,$29567.33,0,$0,0,0
BAJAJ,"MOTO BAJAJ PULSAR N 125CC CARB, PURPURA",CEDIS TAB PXGL,CEDIS MACROPAY TABASCO PXGL,14,140,MD2C19BX3TWJ54271,1,$29567.33,0,$0,0,0
BAJAJ,"MOTO BAJAJ PULSAR N 125CC CARB, PURPURA",CEDIS TAB PXGL,CEDIS MACROPAY TABASCO PXGL,14,140,MD2C19BX5TWJ54174,1,$29567.33,0,$0,0,0
BAJAJ,"MOTO BAJAJ PULSAR N 125CC CARB, PURPURA",CEDIS TAB PXGL,MACROPAY EMILIANO ZAPATA CORREGIDORA,1188,10,MD2C19BX7TWJ53933,1,$29567.33,0,$0,0,0
BAJAJ,"MOTO BAJAJ PULSAR N 125CC CARB, PURPURA",CEDIS TAB PXGL,MACROPAY JUAN RODRIGUEZ VER CENTRO,1860,10,MD2C19BX1TWJ54270,1,$29567.33,0,$0,0,0
BAJAJ,"MOTO BAJAJ PULSAR N 125CC CARB, PURPURA",CEDIS TAB PXGL,MACROPAY MINATITLAN MIGUEL HID MOTOS,1827,10,MD2C19BX0TWJ53935,1,$29567.33,0,$0,0,0
BAJAJ,"MOTO BAJAJ PULSAR N 125CC CARB, ROJO",CEDIS CDMX,CENTRO LAGO DE GUADALUPE EDOMEX,1885,10,MD2C19BX5TWH52266,1,$29567.33,0,$0,0,0
BAJAJ,"MOTO BAJAJ PULSAR N 125CC CARB, ROJO",CEDIS CDMX,MACROPAY ATIZAPAN VILLAS HACIENDA,1866,10,MD2C19BXXTWH52232,1,$29567.33,0,$0,0,0
BAJAJ,"MOTO BAJAJ PULSAR N 125CC CARB, ROJO",CEDIS CDMX,MACROPAY CHIMALHUACAN PLAZA L48,1301,10,MD2C19BX1TWH52247,1,$29567.33,0,$0,0,0
BAJAJ,"MOTO BAJAJ PULSAR N 125CC CARB, ROJO",CEDIS CDMX,MACROPAY CHIMALHUACAN PLAZA L48,1301,10,MD2C19BXXTWH52120,1,$29567.33,0,$0,0,0
BAJAJ,"MOTO BAJAJ PULSAR N 125CC CARB, ROJO",CEDIS CDMX,MACROPAY CIUDAD CARDEL CENTRO,1906,10,MD2C19BX5TWH52249,1,$29567.33,0,$0,0,0
BAJAJ,"MOTO BAJAJ PULSAR N 125CC CARB, ROJO",CEDIS CDMX,MACROPAY CUAU CENTELLA L37,1302,10,MD2C19BX1TWH52118,1,$29567.33,0,$0,0,0
BAJAJ,"MOTO BAJAJ PULSAR N 125CC CARB, ROJO",CEDIS CDMX,MACROPAY CUAUTLA CAPITAN M ANZUREZ 93B,1710,10,MD2C19BX3TWH52248,1,$29567.33,0,$0,0,0
BAJAJ,"MOTO BAJAJ PULSAR N 125CC CARB, ROJO",CEDIS CDMX,MACROPAY HUAMANTLA MORELOS PTE,1769,10,MD2C19BX0TWH52241,1,$29567.33,0,$0,0,0
BAJAJ,"MOTO BAJAJ PULSAR N 125CC CARB, ROJO",CEDIS CDMX,MACROPAY HUEJOTZINGO CARLOS B ZETINA,1233,10,MD2C19BX7TWH52267,1,$29567.33,0,$0,0,0
BAJAJ,"MOTO BAJAJ PULSAR N 125CC CARB, ROJO",CEDIS CDMX,MACROPAY MIAHUATLAN BASILIO ROJAS,1393,10,MD2C19BX4TWH52243,1,$29567.33,0,$0,0,0
BAJAJ,"MOTO BAJAJ PULSAR N 125CC CARB, ROJO",CEDIS CDMX,MACROPAY NEZA CHEDRAUI ESTADIO,1458,10,MD2C19BX4TWH52940,1,$29567.33,0,$0,0,0
BAJAJ,"MOTO BAJAJ PULSAR N 125CC CARB, ROJO",CEDIS CDMX,MACROPAY PINOTEPA LAS FLORES L1,1456,10,MD2C19BXXTWH52263,1,$29567.33,0,$0,0,0
BAJAJ,"MOTO BAJAJ PULSAR N 125CC CARB, ROJO",CEDIS CDMX,MACROPAY PLAZA COACALCO CHEDRAUI L1,1611,10,MD2C19BX0TWH52238,1,$29567.33,0,$0,0,0
BAJAJ,"MOTO BAJAJ PULSAR N 125CC CARB, ROJO",CEDIS CDMX,MACROPAY TIZAYUCA HIMNO NACIONAL,1426,10,MD2C19BX3TWH52234,1,$29567.33,0,$0,0,0
BAJAJ,"MOTO BAJAJ PULSAR N 125CC CARB, ROJO",CEDIS CDMX,MACROPAY TLALNEPANTLA CENTRO,1902,10,MD2C19BX3TWH52119,1,$29567.33,0,$0,0,0
BAJAJ,"MOTO BAJAJ PULSAR N 125CC CARB, ROJO",CEDIS CDMX,MACROPAY TLALNEPANTLA MULTI ARBOLEDAS,1755,10,MD2C19BX8TWH52231,1,$29567.33,0,$0,0,0
BAJAJ,"MOTO BAJAJ PULSAR N 125CC CARB, ROJO",CEDIS CDMX,MACROPAY TLALNEPANTLA MULTI ARBOLEDAS,1755,10,MD2C19BX9TWH52268,1,$29567.33,0,$0,0,0
BAJAJ,"MOTO BAJAJ PULSAR N 125CC CARB, ROJO",CEDIS CDMX,MACROPAY TOLUCA HIDALGO MOTOS,1747,10,MD2C19BX3TWH52265,1,$29567.33,0,$0,0,0
BAJAJ,"MOTO BAJAJ PULSAR N 125CC CARB, ROJO",CEDIS CDMX,MACROPAY TOLUCA HIDALGO MOTOS,1747,10,MD2C19BX8TWH53007,1,$29567.33,0,$0,0,0
BAJAJ,"MOTO BAJAJ PULSAR N 125CC CARB, ROJO",CEDIS CDMX,MACROPAY TOLUCA MIGUEL HIDALGO,1725,10,MD2C19BX6TWH52230,1,$29567.33,0,$0,0,0
BAJAJ,"MOTO BAJAJ PULSAR N 125CC CARB, ROJO",CEDIS CDMX,MACROPAY TULANCINGO CUAHUTEMOC L6,1250,10,MD2C19BXXTWH52246,1,$29567.33,0,$0,0,0
BAJAJ,"MOTO BAJAJ PULSAR N 125CC CARB, ROJO",CEDIS CDMX,MACROPAY VER CENTRO HIDALGO,1883,10,MD2C19BX1TWH52121,1,$29567.33,0,$0,0,0
BAJAJ,"MOTO BAJAJ PULSAR N 125CC CARB, ROJO",CEDIS CDMX,MACROPAY ZIHUATANEJO CENTRO,1853,10,MD2C19BX7TWH52124,1,$29567.33,0,$0,0,0
BAJAJ,"MOTO BAJAJ PULSAR N 125CC CARB, ROJO",CEDIS CDMX,MACROPAY ZIMAPAN CORONA,1325,10,MD2C19BX0TWH52126,1,$29567.33,0,$0,0,0
BAJAJ,"MOTO BAJAJ PULSAR N 125CC CARB, ROJO",CEDIS CDMX,MACROPAY ZUMPANGO AV INSURGENTES,1813,10,MD2C19BX0TWH52269,1,$29567.33,0,$0,0,0
BAJAJ,"MOTO BAJAJ PULSAR N 125CC CARB, ROJO",CEDIS CDMX,MACROPAY ZUMPANGO FEDERICO GOMEZ,1475,10,MD2C19BXXTWH52229,1,$29567.33,0,$0,0,0
BAJAJ,"MOTO BAJAJ PULSAR N 125CC CARB, ROJO",CEDIS CULIACAN,MACROPAY LA PAZ 16 DE SEPTIEMBRE,1730,10,MD2C19BXXTWH52909,1,$29567.33,0,$0,0,0
BAJAJ,"MOTO BAJAJ PULSAR N 125CC CARB, ROJO",CEDIS CULIACAN,MACROPAY MAZATLAN CENTRO,1863,10,MD2C19BXXTWH52912,1,$29567.33,0,$0,0,0
BAJAJ,"MOTO BAJAJ PULSAR N 125CC CARB, ROJO",CEDIS GDL,MACROPAY APATZINGAN CENTRO ANDRADE,1832,10,MD2C19BX5TWH52901,1,$29567.33,0,$0,0,0
BAJAJ,"MOTO BAJAJ PULSAR N 125CC CARB, ROJO",CEDIS GDL,MACROPAY LA PIEDAD CENTRO,1804,10,MD2C19BX0TWH52904,1,$29567.33,0,$0,0,0
BAJAJ,"MOTO BAJAJ PULSAR N 125CC CARB, ROJO",CEDIS GDL,MACROPAY MANZANILLO CENTRO AV MEXICO,1763,10,MD2C19BX6TWH52907,1,$29567.33,0,$0,0,0
BAJAJ,"MOTO BAJAJ PULSAR N 125CC CARB, ROJO",CEDIS GDL,MACROPAY TEPIC CENTRO,1867,10,MD2C19BX9TWH52903,1,$29567.33,0,$0,0,0
BAJAJ,"MOTO BAJAJ PULSAR N 125CC CARB, ROJO",CEDIS MID,MACROPAY CHAMPOTON CALLE 32,1113,10,MD2C19BX5TWH52123,1,$29567.33,0,$0,0,0
BAJAJ,"MOTO BAJAJ PULSAR N 125CC CARB, ROJO",CEDIS MID,MACROPAY CUN CHEDRAUI MUNDO MAYA,1877,10,MD2C19BX0TWH52112,1,$29567.33,0,$0,0,0
BAJAJ,"MOTO BAJAJ PULSAR N 125CC CARB, ROJO",CEDIS MID,MACROPAY CUN PLAZA HEROES,1063,10,MD2C19BX7TWH52110,1,$29567.33,0,$0,0,0
BAJAJ,"MOTO BAJAJ PULSAR N 125CC CARB, ROJO",CEDIS MID,MACROPAY ESCARCEGA J SIERRA MOTOS,1797,10,MD2C19BX3TWH52105,1,$29567.33,0,$0,0,0
BAJAJ,"MOTO BAJAJ PULSAR N 125CC CARB, ROJO",CEDIS MID,MACROPAY MOTUL CALLE 26,1077,10,MD2C19BX4TWH52114,1,$29567.33,0,$0,0,0
BAJAJ,"MOTO BAJAJ PULSAR N 125CC CARB, ROJO",CEDIS MID,MACROPAY OXKUTZCAB CALLE 25,1078,10,MD2C19BX7TWH52169,1,$29567.33,0,$0,0,0
BAJAJ,"MOTO BAJAJ PULSAR N 125CC CARB, ROJO",CEDIS MID,MACROPAY UMAN CENTRO,1928,10,MD2C19BX5TWH52106,1,$29567.33,0,$0,0,0
BAJAJ,"MOTO BAJAJ PULSAR N 125CC CARB, ROJO",CEDIS MID,MACROPAY VALLADOLID MOTOS CALLE 39,1748,10,MD2C19BX9TWH52108,1,$29567.33,0,$0,0,0
BAJAJ,"MOTO BAJAJ PULSAR N 125CC CARB, ROJO",CEDIS SALTILLO,MACROPAY MATAMOROS PATIO L25C,1927,10,MD2C19BX5TWH52915,1,$29567.33,0,$0,0,0
BAJAJ,"MOTO BAJAJ PULSAR N 125CC CARB, ROJO",CEDIS SALTILLO,MACROPAY SAN PEDRO COAHUILA CENTRO,1859,10,MD2C19BX1TWH52913,1,$29567.33,0,$0,0,0
BAJAJ,"MOTO BAJAJ PULSAR N 125CC CARB, ROJO",CEDIS SAN LUIS,MACROPAY SLP CENTRO PIPILA,1788,10,MD2C19BX2TWH52919,1,$29567.33,0,$0,0,0
BAJAJ,"MOTO BAJAJ PULSAR N 125CC CARB, ROJO",CEDIS SAN LUIS,SAN LUIS POTOSI FUNDADORES,1912,10,MD2C19BX0TWH52918,1,$29567.33,0,$0,0,0
BAJAJ,"MOTO BAJAJ PULSAR N 125CC CARB, ROJO",CEDIS TAB PXGL,CEDIS MACROPAY TABASCO PXGL,14,140,MD2C19BX2TWH52127,1,$29567.33,0,$0,0,0
BAJAJ,"MOTO BAJAJ PULSAR N 125CC CARB, ROJO",CEDIS TAB PXGL,CEDIS MACROPAY TABASCO PXGL,14,140,MD2C19BXXTWH52103,1,$29567.33,0,$0,0,0
BAJAJ,"MOTO BAJAJ PULSAR N 125CC CARB, ROJO",CEDIS TAB PXGL,MACROPAY CD DEL CARMEN CALLE 22 MOTOS,1811,10,MD2C19BX4TWH52176,1,$29567.33,0,$0,0,0
BAJAJ,"MOTO BAJAJ PULSAR N 125CC CARB, ROJO",CEDIS TAB PXGL,MACROPAY COMALCALCO CHEDRAUI L 2,1211,10,MD2C19BX1TWH52930,1,$29567.33,0,$0,0,0
BAJAJ,"MOTO BAJAJ PULSAR N 125CC CARB, ROJO",CEDIS TAB PXGL,MACROPAY COMALCALCO REFORMA,1218,10,MD2C19BX1TWH52104,1,$29567.33,0,$0,0,0
BAJAJ,"MOTO BAJAJ PULSAR N 125CC CARB, ROJO",CEDIS TAB PXGL,MACROPAY COMALCALCO SANCHEZ,1099,10,MD2C19BX7TWH52172,1,$29567.33,0,$0,0,0
BAJAJ,"MOTO BAJAJ PULSAR N 125CC CARB, ROJO",CEDIS TAB PXGL,MACROPAY HUIMANGUILLO BENITO JUAREZ,1699,10,MD2C19BX5TWH52932,1,$29567.33,0,$0,0,0
BAJAJ,"MOTO BAJAJ PULSAR N 125CC CARB, ROJO",CEDIS TAB PXGL,MACROPAY MACUSPANA MIGUEL H 332,1094,10,MD2C19BX6TWH52177,1,$29567.33,0,$0,0,0
BAJAJ,"MOTO BAJAJ PULSAR N 125CC CARB, ROJO",CEDIS TAB PXGL,MACROPAY MINATITLAN MIGUEL HID MOTOS,1827,10,MD2C19BX9TWH53016,1,$29567.33,0,$0,0,0
BAJAJ,"MOTO BAJAJ PULSAR N 125CC CARB, ROJO",CEDIS TAB PXGL,MACROPAY OCOZOCOAUTLA PLAZA COITA L13,1604,10,MD2C19BX0TWH52935,1,$29567.33,0,$0,0,0
BAJAJ,"MOTO BAJAJ PULSAR N 125CC CARB, ROJO",CEDIS TAB PXGL,MACROPAY TUX MOTOS NOVENA SUR,1875,10,MD2C19BX8TWH52133,1,$29567.33,0,$0,0,0
BAJAJ,"MOTO BAJAJ PULSAR N 125CC CARB, ROJO",CEDIS TAB PXGL,MACROPAY VER SAN ANDRES MOTOS,1798,10,MD2C19BX5TWH53014,1,$29567.33,0,$0,0,0
BAJAJ,"MOTO BAJAJ PULSAR N 125CC CARB, ROJO",CEDIS TAB PXGL,MACROPAY VERACRUZ CD ISLA RAUL SANDOVAL,1760,10,MD2C19BX2TWH52130,1,$29567.33,0,$0,0,0
BAJAJ,"MOTO BAJAJ PULSAR N 125CC CARB, ROJO",CEDIS TAB PXGL,MACROPAY VERACRUZ CD ISLA RAUL SANDOVAL,1760,10,MD2C19BX6TWH52129,1,$29567.33,0,$0,0,0
BAJAJ,"MOTO BAJAJ PULSAR N 125CC, CITRUS",CEDIS CDMX,MACROPAY CDMX PLAZA TLATELOLCO L N1 18,1720,10,MD2C19BX2TWH50703,1,$32927.33,0,$0,0,0
BAJAJ,"MOTO BAJAJ PULSAR N 125CC, CITRUS",CEDIS CDMX,MACROPAY TOLUCA HIDALGO MOTOS,1747,10,MD2C19BX7TWH50700,1,$32927.33,0,$0,0,0
BAJAJ,"MOTO BAJAJ PULSAR N 125CC, CITRUS",CEDIS CDMX,MACROPAY VERACRUZ AV MATAMOROS NORTE,1721,10,MD2C19BX9TWH50701,1,$32927.33,0,$0,0,0
BAJAJ,"MOTO BAJAJ PULSAR N 125CC, CITRUS",CEDIS TAB PXGL,MACROPAY CD DEL CARMEN CALLE 22 MOTOS,1811,10,MD2C19BX4TWH50704,1,$32927.33,0,$0,0,0
BAJAJ,"MOTO BAJAJ PULSAR N 125CC, CITRUS",CEDIS TAB PXGL,MACROPAY COATZACOALCOS JUAREZ MOTOS,1796,10,MD2C19BX6TWH50705,1,$32927.33,0,$0,0,0
BAJAJ,"MOTO BAJAJ PULSAR N 125CC, PURPURA",CEDIS CDMX,MACROPAY NEZA CHEDRAUI ESTADIO,1458,10,MD2C19BX5TWL71031,1,$32927.33,0,$0,0,0
BAJAJ,"MOTO BAJAJ PULSAR N 125CC, PURPURA",CEDIS CDMX,MACROPAY PUE REFORMA,1245,10,MD2C19BX0TWL71034,1,$32927.33,0,$0,0,0
BAJAJ,"MOTO BAJAJ PULSAR N 125CC, PURPURA",CEDIS GDL,MACROPAY GDL MOTOS PASEO ALCALDE,1919,10,MD2C19BX3TWK67444,1,$32927.33,0,$0,0,0
BAJAJ,"MOTO BAJAJ PULSAR N 125CC, PURPURA",CEDIS SALTILLO,CEDIS SALTILLO,29,140,MD2C19BX6TWK67700,1,$32927.33,0,$0,0,0
BAJAJ,"MOTO BAJAJ PULSAR N 125CC, PURPURA",CEDIS SAN LUIS,MACROPAY IRAPUATO FRAGARIA LB05,1530,10,MD2C19BXXTWK67828,1,$32927.33,0,$0,0,0
BAJAJ,"MOTO BAJAJ PULSAR N 125CC, ROJO",CEDIS CULIACAN,MACROPAY GUAYMAS CENTRO 112,1882,10,MD2C19BX3TWK66004,1,$32927.33,0,$0,0,0
BAJAJ,"MOTO BAJAJ PULSAR N 125CC, ROJO",CEDIS CULIACAN,MACROPAY LOS MOCHIS CENTRO,1852,10,MD2C19BX5TWK66005,1,$32927.33,0,$0,0,0
BAJAJ,"MOTO BAJAJ PULSAR N 125CC, ROJO",CEDIS GDL,MACROPAY ZAPOPAN AV HIDALGO,1508,10,MD2C19BX7TWK66006,1,$32927.33,0,$0,0,0
BAJAJ,"MOTO BAJAJ PULSAR N 125CC, ROJO",CEDIS SALTILLO,MACROPAY TORREON CENTRO HIDALGO,1941,10,MD2C19BXXTWK66002,1,$32927.33,0,$0,0,0
BAJAJ,"MOTO BAJAJ PULSAR N 160CC, AZUL",CEDIS CDMX,MACROPAY APIZACO PLAZA  L34,1545,10,MD2B54DX1TCL87342,1,$35615.33,0,$0,0,0
BAJAJ,"MOTO BAJAJ PULSAR N 160CC, AZUL",CEDIS CDMX,MACROPAY CDMX CHEDRAUI TENAYUCA L6-7,1564,10,MD2B54DXXTCM95300,1,$35615.33,0,$0,0,0
BAJAJ,"MOTO BAJAJ PULSAR N 160CC, AZUL",CEDIS CDMX,MACROPAY CDMX PARQUE JARDIN LB05,1558,10,MD2B54DX1TCM95301,1,$35615.33,0,$0,0,0
BAJAJ,"MOTO BAJAJ PULSAR N 160CC, AZUL",CEDIS CDMX,MACROPAY CHIMALHUACAN PLAZA L48,1301,10,MD2B54DX1TCM95315,1,$35615.33,0,$0,0,0
BAJAJ,"MOTO BAJAJ PULSAR N 160CC, AZUL",CEDIS CDMX,MACROPAY CHIMALHUACAN PLAZA L48,1301,10,MD2B54DX5TCM93499,1,$35615.33,0,$0,0,0
BAJAJ,"MOTO BAJAJ PULSAR N 160CC, AZUL",CEDIS CDMX,MACROPAY NAUCALPAN ING MILITARES,1790,10,MD2B54DX8TCM95277,1,$35615.33,0,$0,0,0
BAJAJ,"MOTO BAJAJ PULSAR N 160CC, AZUL",CEDIS CDMX,MACROPAY NEZAHUALCOYOTL SORIANA L15,1406,10,MD2B54DXXTCL87341,1,$35615.33,0,$0,0,0
BAJAJ,"MOTO BAJAJ PULSAR N 160CC, AZUL",CEDIS CDMX,MACROPAY SAN G CUAUHTLA CARRETERA,1232,10,MD2B54DXXTCL87226,1,$35615.33,0,$0,0,0
BAJAJ,"MOTO BAJAJ PULSAR N 160CC, AZUL",CEDIS CDMX,MACROPAY TEXMELUCAN CENTRO 2,1774,10,MD2B54DX7TCM95304,1,$35615.33,0,$0,0,0
BAJAJ,"MOTO BAJAJ PULSAR N 160CC, AZUL",CEDIS CDMX,MACROPAY TLALNEPANTLA CENTRO,1902,10,MD2B54DX3TCM95302,1,$35615.33,0,$0,0,0
BAJAJ,"MOTO BAJAJ PULSAR N 160CC, AZUL",CEDIS CDMX,MACROPAY TLALNEPANTLA ENCUENTRO L29,1400,10,MD2B54DX3TCM95297,1,$35615.33,0,$0,0,0
BAJAJ,"MOTO BAJAJ PULSAR N 160CC, AZUL",CEDIS CDMX,MACROPAY TLALNEPANTLA ENCUENTRO L29,1400,10,MD2B54DX7TCM95299,1,$35615.33,0,$0,0,0
BAJAJ,"MOTO BAJAJ PULSAR N 160CC, AZUL",CEDIS CULIACAN,MACROPAY DURANGO CENTRO,1865,10,MD2B54DX0TCL87316,1,$35615.33,0,$0,0,0
BAJAJ,"MOTO BAJAJ PULSAR N 160CC, AZUL",CEDIS CULIACAN,MACROPAY LOS CABOS PATIO L01E,1843,10,MD2B54DX9TCL87315,1,$35615.33,0,$0,0,0
BAJAJ,"MOTO BAJAJ PULSAR N 160CC, AZUL",CEDIS GDL,MACROPAY COLIMA CENTRO MADERO,1932,10,MD2B54DX1TCK82817,1,$35615.33,0,$0,0,0
BAJAJ,"MOTO BAJAJ PULSAR N 160CC, AZUL",CEDIS GDL,MACROPAY GDL FIESTA ARBOLEDAS L1,1536,10,MD2B54DX5TCL87389,1,$35615.33,0,$0,0,0
BAJAJ,"MOTO BAJAJ PULSAR N 160CC, AZUL",CEDIS GDL,MACROPAY GDL MOTOS PASEO ALCALDE,1919,10,MD2B54DX1TCK82820,1,$35615.33,0,$0,0,0
BAJAJ,"MOTO BAJAJ PULSAR N 160CC, AZUL",CEDIS GDL,MACROPAY GDL PLAZA INDEPENDENCIA L1-5,1435,10,MD2B54DX1TCL87311,1,$35615.33,0,$0,0,0
BAJAJ,"MOTO BAJAJ PULSAR N 160CC, AZUL",CEDIS MID,MACROPAY CHT MOTOS OTHON,1738,10,MD2B54DX9TCK82774,1,$35615.33,0,$0,0,0
BAJAJ,"MOTO BAJAJ PULSAR N 160CC, AZUL",CEDIS MID,MACROPAY MID MACROPLAZA SUPER,1014,10,MD2B54DX1TCK82770,1,$35615.33,0,$0,0,0
BAJAJ,"MOTO BAJAJ PULSAR N 160CC, AZUL",CEDIS SALTILLO,CEDIS SALTILLO,29,140,MD2B54DX2TCL87317,1,$35615.33,0,$0,0,0
BAJAJ,"MOTO BAJAJ PULSAR N 160CC, AZUL",CEDIS SALTILLO,MACROPAY MTY CENTRO CUAUHTEMOC L131,1560,10,MD2B54DX5TCL87330,1,$35615.33,0,$0,0,0
BAJAJ,"MOTO BAJAJ PULSAR N 160CC, AZUL",CEDIS SAN LUIS,MACROPAY AGUASCALIENTES V ASUNCION,1857,10,MD2B54DX4TCL87335,1,$35615.33,0,$0,0,0
BAJAJ,"MOTO BAJAJ PULSAR N 160CC, AZUL",CEDIS SAN LUIS,MACROPAY FRESNILLO CENTRO,1886,10,MD2B54DX7TCL87331,1,$35615.33,0,$0,0,0
BAJAJ,"MOTO BAJAJ PULSAR N 160CC, AZUL",CEDIS SAN LUIS,MACROPAY IRAPUATO FRAGARIA LB05,1530,10,MD2B54DX2TCL87334,1,$35615.33,0,$0,0,0
BAJAJ,"MOTO BAJAJ PULSAR N 160CC, AZUL",CEDIS SAN LUIS,MACROPAY SAN LUIS DE LA PAZ CENTRO,1855,10,MD2B54DX9TCL87332,1,$35615.33,0,$0,0,0
BAJAJ,"MOTO BAJAJ PULSAR N 160CC, AZUL",CEDIS TAB PXGL,MACROPAY JUAN RODRIGUEZ VER CENTRO,1860,10,MD2B54DX1TCK82767,1,$35615.33,0,$0,0,0
BAJAJ,"MOTO BAJAJ PULSAR N 160CC, AZUL",CEDIS TAB PXGL,MACROPAY JUCHITAN 16 DE SEPTIEMBRE,1146,10,MD2B54DX3TCK82804,1,$35615.33,0,$0,0,0
BAJAJ,"MOTO BAJAJ PULSAR N 160CC, AZUL",CEDIS TAB PXGL,MACROPAY MACUSPANA MIGUEL H 332,1094,10,MD2B54DXXTCK82766,1,$35615.33,0,$0,0,0
BAJAJ,"MOTO BAJAJ PULSAR N 160CC, AZUL",CEDIS TAB PXGL,MACROPAY MACUSPANA MOTOS,1901,10,MD2B54DX6TCL87336,1,$35615.33,0,$0,0,0
BAJAJ,"MOTO BAJAJ PULSAR N 160CC, AZUL",CEDIS TAB PXGL,MACROPAY MINATITLAN MIGUEL HID MOTOS,1827,10,MD2B54DX0TCK82808,1,$35615.33,0,$0,0,0
BAJAJ,"MOTO BAJAJ PULSAR N 160CC, AZUL",CEDIS TAB PXGL,MACROPAY TEAPA GREGORIO,1124,10,MD2B54DXXTCK82802,1,$35615.33,0,$0,0,0
BAJAJ,"MOTO BAJAJ PULSAR N 160CC, NEGRO",CEDIS CDMX,MACROPAY CDMX CHEDRAUI ANFORA L20,1473,10,MD2B54DX2TCA96867,1,$35615.33,0,$0,0,0
BAJAJ,"MOTO BAJAJ PULSAR N 160CC, NEGRO",CEDIS CDMX,MACROPAY CIUDAD CARDEL CENTRO,1906,10,MD2B54DX6TCA96838,1,$35615.33,0,$0,0,0
BAJAJ,"MOTO BAJAJ PULSAR N 160CC, NEGRO",CEDIS CDMX,MACROPAY IZUCAR PLAZA L6,1555,10,MD2B54DX4TCA96837,1,$35615.33,0,$0,0,0
BAJAJ,"MOTO BAJAJ PULSAR N 160CC, NEGRO",CEDIS CDMX,MACROPAY LOS REYES CENTRO TEPOZAN LC24,1783,10,MD2B54DX6TCA96869,1,$35615.33,0,$0,0,0
BAJAJ,"MOTO BAJAJ PULSAR N 160CC, NEGRO",CEDIS CDMX,MACROPAY VER CENTRO HIDALGO,1883,10,MD2B54DX9TCA96834,1,$35615.33,0,$0,0,0
BAJAJ,"MOTO BAJAJ PULSAR N 160CC, NEGRO",CEDIS CDMX,MACROPAY VER CENTRO INDEPENDENCIA,1897,10,MD2B54DX4TCA96840,1,$35615.33,0,$0,0,0
BAJAJ,"MOTO BAJAJ PULSAR N 160CC, NEGRO",CEDIS CDMX,MACROPAY VERACRUZ AV MATAMOROS NORTE,1721,10,MD2B54DX0TCA96835,1,$35615.33,0,$0,0,0
BAJAJ,"MOTO BAJAJ PULSAR N 160CC, NEGRO",CEDIS CDMX,MACROPAY ZACATELCO INDEPENDENCIA,1201,10,MD2B54DX8TCA96839,1,$35615.33,0,$0,0,0
BAJAJ,"MOTO BAJAJ PULSAR N 160CC, NEGRO",CEDIS CDMX,MACROPAY ZUMPANGO AV INSURGENTES,1813,10,MD2B54DX6TCA96841,1,$35615.33,0,$0,0,0
BAJAJ,"MOTO BAJAJ PULSAR N 160CC, NEGRO",CEDIS TAB PXGL,MACROPAY COMALCALCO REFORMA,1218,10,MD2B54DX0TCA96849,1,$35615.33,0,$0,0,0
BAJAJ,"MOTO BAJAJ PULSAR N 160CC, NEGRO",CEDIS TAB PXGL,MACROPAY JUCHITAN 16 DE SEPTIEMBRE,1146,10,MD2B54DX1TCA96844,1,$35615.33,0,$0,0,0
BAJAJ,"MOTO BAJAJ PULSAR N 160CC, PERLA",CEDIS CDMX,MACROPAY ECATEPEC PUERTA ARAGON L 21,1726,10,MD2B54DX0TCK80993,1,$35615.33,0,$0,0,0
BAJAJ,"MOTO BAJAJ PULSAR N 160CC, PERLA",CEDIS CDMX,MACROPAY JOJUTLA CENTRO,1854,10,MD2B54DX3TCK81197,1,$35615.33,0,$0,0,0
BAJAJ,"MOTO BAJAJ PULSAR N 160CC, PERLA",CEDIS CULIACAN,MACROPAY CD OBREGON CENTRO,1891,10,MD2B54DX7TCK81042,1,$35615.33,0,$0,0,0
BAJAJ,"MOTO BAJAJ PULSAR N 160CC, PERLA",CEDIS CULIACAN,MACROPAY CULIACAN EXPLANADA L33A,1848,10,MD2B54DX7TCK81039,1,$35615.33,0,$0,0,0
BAJAJ,"MOTO BAJAJ PULSAR N 160CC, PERLA",CEDIS CULIACAN,MACROPAY DURANGO CENTRO B JUAREZ,1864,10,MD2B54DX5TCK81041,1,$35615.33,0,$0,0,0
BAJAJ,"MOTO BAJAJ PULSAR N 160CC, PERLA",CEDIS CULIACAN,MACROPAY GUAYMAS CENTRO 112,1882,10,MD2B54DX3TCK81037,1,$35615.33,0,$0,0,0
BAJAJ,"MOTO BAJAJ PULSAR N 160CC, PERLA",CEDIS GDL,MACROPAY APATZINGAN CENTRO ANDRADE,1832,10,MD2B54DX0TCK81254,1,$35615.33,0,$0,0,0
BAJAJ,"MOTO BAJAJ PULSAR N 160CC, PERLA",CEDIS GDL,MACROPAY GDL JESUS GONZALEZ ORTEGA,1520,10,MD2B54DX3TCK81006,1,$35615.33,0,$0,0,0
BAJAJ,"MOTO BAJAJ PULSAR N 160CC, PERLA",CEDIS GDL,MACROPAY GDL MOTOS PASEO ALCALDE,1919,10,MD2B54DX3TCK81250,1,$35615.33,0,$0,0,0
BAJAJ,"MOTO BAJAJ PULSAR N 160CC, PERLA",CEDIS GDL,MACROPAY MORELIA CENTRO SORIANA L 022,1712,10,MD2B54DX0TCK81044,1,$35615.33,0,$0,0,0
BAJAJ,"MOTO BAJAJ PULSAR N 160CC, PERLA",CEDIS SALTILLO,CIUDAD VICTORIA CENTRO,1944,10,MD2B54DXXTCK81035,1,$35615.33,0,$0,0,0
BAJAJ,"MOTO BAJAJ PULSAR N 160CC, PERLA",CEDIS SALTILLO,MACROPAY SABINAS CENTRO,1938,10,MD2B54DX4TCK81032,1,$35615.33,0,$0,0,0
BAJAJ,"MOTO BAJAJ PULSAR N 160CC, PERLA",CEDIS SALTILLO,MACROPAY TORREON CENTRO,1772,10,MD2B54DX4TCK81029,1,$35615.33,0,$0,0,0
BAJAJ,"MOTO BAJAJ PULSAR N 250CC UG, AZUL",CEDIS CULIACAN,MACROPAY CULIACAN EXPLANADA L33A,1848,10,MD2B97FX1TCL91720,1,$42335.33,0,$0,0,0
BAJAJ,"MOTO BAJAJ PULSAR N 250CC UG, AZUL",CEDIS CULIACAN,MACROPAY DURANGO CENTRO B JUAREZ,1864,10,MD2B97FX5TCL91719,1,$42335.33,0,$0,0,0
BAJAJ,"MOTO BAJAJ PULSAR N 250CC UG, AZUL",CEDIS CULIACAN,MACROPAY GUAYMAS CENTRO 112,1882,10,MD2B97FX8TCL91715,1,$42335.33,0,$0,0,0
BAJAJ,"MOTO BAJAJ PULSAR N 250CC UG, AZUL",CEDIS CULIACAN,MACROPAY HERMOSILLO CENTRO NORIEGA,1911,10,MD2B97FXXTCL91716,1,$42335.33,0,$0,0,0
BAJAJ,"MOTO BAJAJ PULSAR N 250CC UG, AZUL",CEDIS GDL,COLIMA PLAZA SAN FERNANDO,1947,10,MD2B97FX2TCL91712,1,$42335.33,0,$0,0,0
BAJAJ,"MOTO BAJAJ PULSAR N 250CC UG, AZUL",CEDIS GDL,MACROPAY APATZINGAN CENTRO ANDRADE,1832,10,MD2B97FX0TCL91711,1,$42335.33,0,$0,0,0
BAJAJ,"MOTO BAJAJ PULSAR N 250CC UG, AZUL",CEDIS GDL,MACROPAY APATZINGAN CENTRO ANDRADE,1832,10,MD2B97FX4TCL91744,1,$42335.33,0,$0,0,0
BAJAJ,"MOTO BAJAJ PULSAR N 250CC UG, AZUL",CEDIS GDL,MACROPAY COLIMA CENTRO MADERO,1932,10,MD2B97FXXTCL91747,1,$42335.33,0,$0,0,0
BAJAJ,"MOTO BAJAJ PULSAR N 250CC UG, AZUL",CEDIS GDL,MACROPAY GDL JUAREZ 665 CENTRO,1464,10,MD2B97FX6TCL91745,1,$42335.33,0,$0,0,0
BAJAJ,"MOTO BAJAJ PULSAR N 250CC UG, AZUL",CEDIS GDL,MACROPAY GDL MOTOS PASEO ALCALDE,1919,10,MD2B97FX2TCL91743,1,$42335.33,0,$0,0,0
BAJAJ,"MOTO BAJAJ PULSAR N 250CC UG, AZUL",CEDIS GDL,MACROPAY URUAPAN CENTRO,1816,10,MD2B97FX1TCL91748,1,$42335.33,0,$0,0,0
BAJAJ,"MOTO BAJAJ PULSAR N 250CC UG, AZUL",CEDIS GDL,MACROPAY ZAPOTLANEJO PORFIRIO DIAZ,1517,10,MD2B97FX8TCL91746,1,$42335.33,0,$0,0,0
BAJAJ,"MOTO BAJAJ PULSAR N 250CC UG, AZUL",CEDIS SALTILLO,CIUDAD VICTORIA CENTRO,1944,10,MD2B97FX9TCL91724,1,$42335.33,0,$0,0,0
BAJAJ,"MOTO BAJAJ PULSAR N 250CC UG, AZUL",CEDIS SALTILLO,MACROPAY CADEREYTA SORIANA LD5,1585,10,MD2B97FX2TCL91757,1,$42335.33,0,$0,0,0
BAJAJ,"MOTO BAJAJ PULSAR N 250CC UG, AZUL",CEDIS SALTILLO,MACROPAY MATAMOROS PATIO L25C,1927,10,MD2B97FX4TCL91727,1,$42335.33,0,$0,0,0
BAJAJ,"MOTO BAJAJ PULSAR N 250CC UG, AZUL",CEDIS SALTILLO,MACROPAY SABINAS CENTRO,1938,10,MD2B97FX2TCL91726,1,$42335.33,0,$0,0,0
BAJAJ,"MOTO BAJAJ PULSAR N 250CC UG, AZUL",CEDIS SALTILLO,MACROPAY SAN PEDRO COAHUILA CENTRO,1859,10,MD2B97FX6TCL91759,1,$42335.33,0,$0,0,0
BAJAJ,"MOTO BAJAJ PULSAR N 250CC UG, AZUL",CEDIS SALTILLO,MACROPAY TORREON CENTRO,1772,10,MD2B97FX0TCL91725,1,$42335.33,0,$0,0,0
BAJAJ,"MOTO BAJAJ PULSAR N 250CC UG, AZUL",CEDIS SALTILLO,MACROPAY TORREON CENTRO HIDALGO,1941,10,MD2B97FX4TCL91758,1,$42335.33,0,$0,0,0
BAJAJ,"MOTO BAJAJ PULSAR N 250CC UG, AZUL",CEDIS SAN LUIS,CEDIS SAN LUIS,27,140,MD2B97FX2TCL91810,1,$42335.33,0,$0,0,0
BAJAJ,"MOTO BAJAJ PULSAR N 250CC UG, AZUL",CEDIS SAN LUIS,CEDIS SAN LUIS,27,140,MD2B97FX3TCL91766,1,$42335.33,0,$0,0,0
BAJAJ,"MOTO BAJAJ PULSAR N 250CC UG, AZUL",CEDIS SAN LUIS,CEDIS SAN LUIS,27,140,MD2B97FX6TCL91762,1,$42335.33,0,$0,0,0
BAJAJ,"MOTO BAJAJ PULSAR N 250CC UG, AZUL",CEDIS SAN LUIS,CEDIS SAN LUIS,27,140,MD2B97FX6TCL91809,1,$42335.33,0,$0,0,0
BAJAJ,"MOTO BAJAJ PULSAR N 250CC UG, AZUL",CEDIS SAN LUIS,MACROPAY AGUASCALIENTES V ASUNCION,1857,10,MD2B97FXXTCL91764,1,$42335.33,0,$0,0,0
BAJAJ,"MOTO BAJAJ PULSAR N 250CC UG, AZUL",CEDIS SAN LUIS,MACROPAY FRESNILLO CENTRO,1886,10,MD2B97FX4TCL91761,1,$42335.33,0,$0,0,0
BAJAJ,"MOTO BAJAJ PULSAR N 250CC UG, AZUL",CEDIS SAN LUIS,MACROPAY SOLEDAD DE GRACIANO CENTRO,1837,10,MD2B97FX1TCL91765,1,$42335.33,0,$0,0,0
BAJAJ,"MOTO BAJAJ PULSAR N 250CC UG, AZUL",CEDIS TAB PXGL,MACROPAY PICHUCALCO ZARAGOZA,1276,10,MD2B97FX5TCL91672,1,$42335.33,0,$0,0,0
BAJAJ,"MOTO BAJAJ PULSAR N 250CC UG, NEGRO",CEDIS CDMX,MACROPAY CDMX CUAUHTEMOC LE2,1439,10,MD2B97FX4TCM96851,1,$42335.33,0,$0,0,0
BAJAJ,"MOTO BAJAJ PULSAR N 250CC UG, NEGRO",CEDIS CDMX,MACROPAY CDMX REPUBLICA DE BRASIL,1733,10,MD2B97FX8TCM96853,1,$42335.33,0,$0,0,0
BAJAJ,"MOTO BAJAJ PULSAR N 250CC UG, NEGRO",CEDIS CDMX,MACROPAY PACHUCA ZARAGOZA 100-B,1453,10,MD2B97FXXTCM96854,1,$42335.33,0,$0,0,0
BAJAJ,"MOTO BAJAJ PULSAR N 250CC UG, NEGRO",CEDIS CDMX,MACROPAY VER CENTRO HIDALGO,1883,10,MD2B97FX4TCM96848,1,$42335.33,0,$0,0,0
BAJAJ,"MOTO BAJAJ PULSAR N 250CC UG, NEGRO",CEDIS CDMX,MACROPAY VER CENTRO INDEPENDENCIA,1897,10,MD2B97FX8TCM96819,1,$42335.33,0,$0,0,0
BAJAJ,"MOTO BAJAJ PULSAR N 250CC UG, NEGRO",CEDIS CDMX,MACROPAY VERACRUZ AV MATAMOROS NORTE,1721,10,MD2B97FX8TCM96822,1,$42335.33,0,$0,0,0
BAJAJ,"MOTO BAJAJ PULSAR N 250CC UG, NEGRO",CEDIS TAB PXGL,MACROPAY CARDENAS PORTALES CENTRO,1802,10,MD2B97FX3TCM96839,1,$42335.33,0,$0,0,0
BAJAJ,"MOTO BAJAJ PULSAR N 250CC UG, NEGRO",CEDIS TAB PXGL,MACROPAY OCOZOCOAUTLA PLAZA COITA L13,1604,10,MD2B97FX1TCM96838,1,$42335.33,0,$0,0,0
BODESA,"MOTO BDS CASTORO 180CC, AMARILLO",CEDIS CDMX,ACATLAN INDEPENDENCIA,1943,10,HZ2TCALR5TZ008990,1,$21699.78,0,$0,0,0
BODESA,"MOTO BDS CASTORO 180CC, AMARILLO",CEDIS CDMX,ACATLAN INDEPENDENCIA,1943,10,HZ2TCALR7TZ008991,1,$21699.78,0,$0,0,0
BODESA,"MOTO BDS CASTORO 180CC, AMARILLO",CEDIS CDMX,CE. LOG. PXGL,21,140,HZ2TCALR0TZ008895,1,$21724.64,0,$0,0,0
BODESA,"MOTO BDS CASTORO 180CC, AMARILLO",CEDIS CDMX,CE. LOG. PXGL,21,140,HZ2TCALR1TZ008890,1,$21724.64,0,$0,0,0
BODESA,"MOTO BDS CASTORO 180CC, AMARILLO",CEDIS CDMX,CE. LOG. PXGL,21,140,HZ2TCALR1TZ008923,1,$21724.64,0,$0,0,0
BODESA,"MOTO BDS CASTORO 180CC, AMARILLO",CEDIS CDMX,CE. LOG. PXGL,21,140,HZ2TCALR1TZ008937,1,$21724.64,0,$0,0,0
BODESA,"MOTO BDS CASTORO 180CC, AMARILLO",CEDIS CDMX,CE. LOG. PXGL,21,140,HZ2TCALR1TZ013197,1,$21724.64,0,$0,0,0
BODESA,"MOTO BDS CASTORO 180CC, AMARILLO",CEDIS CDMX,CE. LOG. PXGL,21,140,HZ2TCALR2TZ008879,1,$21724.64,0,$0,0,0
BODESA,"MOTO BDS CASTORO 180CC, AMARILLO",CEDIS CDMX,CE. LOG. PXGL,21,140,HZ2TCALR2TZ008901,1,$21724.64,0,$0,0,0
BODESA,"MOTO BDS CASTORO 180CC, AMARILLO",CEDIS CDMX,CE. LOG. PXGL,21,140,HZ2TCALR2TZ008929,1,$21724.64,0,$0,0,0
BODESA,"MOTO BDS CASTORO 180CC, AMARILLO",CEDIS CDMX,CE. LOG. PXGL,21,140,HZ2TCALR2TZ013175,1,$21724.64,0,$0,0,0
BODESA,"MOTO BDS CASTORO 180CC, AMARILLO",CEDIS CDMX,CE. LOG. PXGL,21,140,HZ2TCALR3TZ008874,1,$21724.64,0,$0,0,0
BODESA,"MOTO BDS CASTORO 180CC, AMARILLO",CEDIS CDMX,CE. LOG. PXGL,21,140,HZ2TCALR3TZ008888,1,$21724.64,0,$0,0,0
BODESA,"MOTO BDS CASTORO 180CC, AMARILLO",CEDIS CDMX,CE. LOG. PXGL,21,140,HZ2TCALR3TZ008941,1,$21724.64,0,$0,0,0
BODESA,"MOTO BDS CASTORO 180CC, AMARILLO",CEDIS CDMX,CE. LOG. PXGL,21,140,HZ2TCALR4TZ008883,1,$21724.64,0,$0,0,0
BODESA,"MOTO BDS CASTORO 180CC, AMARILLO",CEDIS CDMX,CE. LOG. PXGL,21,140,HZ2TCALR4TZ008897,1,$21724.64,0,$0,0,0
BODESA,"MOTO BDS CASTORO 180CC, AMARILLO",CEDIS CDMX,CE. LOG. PXGL,21,140,HZ2TCALR4TZ008916,1,$21724.64,0,$0,0,0
BODESA,"MOTO BDS CASTORO 180CC, AMARILLO",CEDIS CDMX,CE. LOG. PXGL,21,140,HZ2TCALR4TZ013193,1,$21724.64,0,$0,0,0
BODESA,"MOTO BDS CASTORO 180CC, AMARILLO",CEDIS CDMX,CE. LOG. PXGL,21,140,HZ2TCALR5TZ008875,1,$21724.64,0,$0,0,0
BODESA,"MOTO BDS CASTORO 180CC, AMARILLO",CEDIS CDMX,CE. LOG. PXGL,21,140,HZ2TCALR5TZ008908,1,$21724.64,0,$0,0,0
BODESA,"MOTO BDS CASTORO 180CC, AMARILLO",CEDIS CDMX,CE. LOG. PXGL,21,140,HZ2TCALR6TZ008867,1,$21724.64,0,$0,0,0
BODESA,"MOTO BDS CASTORO 180CC, AMARILLO",CEDIS CDMX,CE. LOG. PXGL,21,140,HZ2TCALR6TZ008884,1,$21724.64,0,$0,0,0
BODESA,"MOTO BDS CASTORO 180CC, AMARILLO",CEDIS CDMX,CE. LOG. PXGL,21,140,HZ2TCALR6TZ008903,1,$21724.64,0,$0,0,0
BODESA,"MOTO BDS CASTORO 180CC, AMARILLO",CEDIS CDMX,CE. LOG. PXGL,21,140,HZ2TCALR6TZ008917,1,$21724.64,0,$0,0,0
BODESA,"MOTO BDS CASTORO 180CC, AMARILLO",CEDIS CDMX,CE. LOG. PXGL,21,140,HZ2TCALR7TZ008893,1,$21724.64,0,$0,0,0
BODESA,"MOTO BDS CASTORO 180CC, AMARILLO",CEDIS CDMX,CE. LOG. PXGL,21,140,HZ2TCALR8TZ008885,1,$21724.64,0,$0,0,0
BODESA,"MOTO BDS CASTORO 180CC, AMARILLO",CEDIS CDMX,CE. LOG. PXGL,21,140,HZ2TCALR8TZ008904,1,$21724.64,0,$0,0,0
BODESA,"MOTO BDS CASTORO 180CC, AMARILLO",CEDIS CDMX,CE. LOG. PXGL,21,140,HZ2TCALR8TZ008918,1,$21724.64,0,$0,0,0
BODESA,"MOTO BDS CASTORO 180CC, AMARILLO",CEDIS CDMX,CE. LOG. PXGL,21,140,HZ2TCALR8TZ008921,1,$21724.64,0,$0,0,0
BODESA,"MOTO BDS CASTORO 180CC, AMARILLO",CEDIS CDMX,CE. LOG. PXGL,21,140,HZ2TCALR9TZ008877,1,$21724.64,0,$0,0,0
BODESA,"MOTO BDS CASTORO 180CC, AMARILLO",CEDIS CDMX,CE. LOG. PXGL,21,140,HZ2TCALR9TZ008880,1,$21724.64,0,$0,0,0
BODESA,"MOTO BDS CASTORO 180CC, AMARILLO",CEDIS CDMX,CE. LOG. PXGL,21,140,HZ2TCALR9TZ008894,1,$21724.64,0,$0,0,0
BODESA,"MOTO BDS CASTORO 180CC, AMARILLO",CEDIS CDMX,CE. LOG. PXGL,21,140,HZ2TCALR9TZ008913,1,$21724.64,0,$0,0,0
BODESA,"MOTO BDS CASTORO 180CC, AMARILLO",CEDIS CDMX,CE. LOG. PXGL,21,140,HZ2TCALR9TZ008927,1,$21724.64,0,$0,0,0
BODESA,"MOTO BDS CASTORO 180CC, AMARILLO",CEDIS CDMX,CE. LOG. PXGL,21,140,HZ2TCALR9TZ013139,1,$21724.64,0,$0,0,0
BODESA,"MOTO BDS CASTORO 180CC, AMARILLO",CEDIS CDMX,CE. LOG. PXGL,21,140,HZ2TCALRXTZ008872,1,$21724.64,0,$0,0,0
BODESA,"MOTO BDS CASTORO 180CC, AMARILLO",CEDIS CDMX,CE. LOG. PXGL,21,140,HZ2TCALRXTZ008886,1,$21724.64,0,$0,0,0
BODESA,"MOTO BDS CASTORO 180CC, AMARILLO",CEDIS CDMX,CE. LOG. PXGL,21,140,HZ2TCALRXTZ008922,1,$21724.64,0,$0,0,0
BODESA,"MOTO BDS CASTORO 180CC, AMARILLO",CEDIS CDMX,CENTRO LAGO DE GUADALUPE EDOMEX,1885,10,HZ2TCALR3TZ008969,1,$21926.70,0,$0,0,0
BODESA,"MOTO BDS CASTORO 180CC, AMARILLO",CEDIS CDMX,HUATUSCO CENTRO VER,1936,10,3SABD1GD7T1000814,1,$21699.00,0,$0,0,0
BODESA,"MOTO BDS CASTORO 180CC, AMARILLO",CEDIS CDMX,IGUALA PLUS CENTRO,1940,10,HZ2TCALR5TZ012523,1,$21699.77,0,$0,0,0
BODESA,"MOTO BDS CASTORO 180CC, AMARILLO",CEDIS CDMX,IGUALA PLUS CENTRO,1940,10,HZ2TCALR6TZ012515,1,$21699.77,0,$0,0,0
BODESA,"MOTO BDS CASTORO 180CC, AMARILLO",CEDIS CDMX,MACROPAY ACAPULCO PATIO L08C,1926,10,HZ2TCALR0TZ012588,1,$21699.77,0,$0,0,0
BODESA,"MOTO BDS CASTORO 180CC, AMARILLO",CEDIS CDMX,MACROPAY ACTOPAN ESCOBEDO,1239,10,HZ2TCALR3TZ012200,1,$21699.00,0,$0,0,0
BODESA,"MOTO BDS CASTORO 180CC, AMARILLO",CEDIS CDMX,MACROPAY ACTOPAN ESCOBEDO,1239,10,HZ2TCALR3TZ012682,1,$21699.00,0,$0,0,0
BODESA,"MOTO BDS CASTORO 180CC, AMARILLO",CEDIS CDMX,MACROPAY ALAMO CENTRO,1870,10,HZ2TCALR9TZ009723,1,$21699.00,0,$0,0,0
BODESA,"MOTO BDS CASTORO 180CC, AMARILLO",CEDIS CDMX,MACROPAY AMECAMECA FRAY M VALENCIA,1717,10,HZ2TCALR2TZ015363,1,$21699.93,0,$0,0,0
BODESA,"MOTO BDS CASTORO 180CC, AMARILLO",CEDIS CDMX,MACROPAY AMECAMECA FRAY M VALENCIA,1717,10,HZ2TCALRXTZ015367,1,$21699.93,0,$0,0,0
BODESA,"MOTO BDS CASTORO 180CC, AMARILLO",CEDIS CDMX,MACROPAY AMOZOC 5 ORIENTE,1189,10,HZ2TCALR0TZ012316,1,$21699.00,0,$0,0,0
BODESA,"MOTO BDS CASTORO 180CC, AMARILLO",CEDIS CDMX,MACROPAY AMOZOC 5 ORIENTE,1189,10,HZ2TCALR4TZ012187,1,$21699.00,0,$0,0,0
BODESA,"MOTO BDS CASTORO 180CC, AMARILLO",CEDIS CDMX,MACROPAY AMOZOC PLAZA ANGELINAS L5,1178,10,HZ2TCALR5TZ012229,1,$21699.00,0,$0,0,0
BODESA,"MOTO BDS CASTORO 180CC, AMARILLO",CEDIS CDMX,MACROPAY APAN REFORMA,1366,10,HZ2TCALRXTZ006667,1,$21699.00,0,$0,0,0
BODESA,"MOTO BDS CASTORO 180CC, AMARILLO",CEDIS CDMX,MACROPAY APIZACO ANTIGUA ESTACION,1208,10,HZ2TCALR0TZ007794,1,$21699.00,0,$0,0,0
BODESA,"MOTO BDS CASTORO 180CC, AMARILLO",CEDIS CDMX,MACROPAY ATIZAPAN SORIANA VILL HACIENDA,1461,10,HZ2TCALR2TZ012561,1,$21699.77,0,$0,0,0
BODESA,"MOTO BDS CASTORO 180CC, AMARILLO",CEDIS CDMX,MACROPAY ATLACOMULCO MEGA SORIANA L8,1518,10,HZ2TCALR4TZ015364,1,$21699.77,0,$0,0,0
BODESA,"MOTO BDS CASTORO 180CC, AMARILLO",CEDIS CDMX,MACROPAY ATLIXCO MORALEDA,1275,10,HZ2TCALR9TZ015344,1,$21699.93,0,$0,0,0
BODESA,"MOTO BDS CASTORO 180CC, AMARILLO",CEDIS CDMX,MACROPAY ATLIXCO MOTOS 3 SUR,1847,10,HZ2TCALR0TZ015359,1,$21699.93,0,$0,0,0
BODESA,"MOTO BDS CASTORO 180CC, AMARILLO",CEDIS CDMX,MACROPAY BANDERILLA JUAREZ,1202,10,HZ2TCALR8TZ010331,1,$21699.00,0,$0,0,0
BODESA,"MOTO BDS CASTORO 180CC, AMARILLO",CEDIS CDMX,MACROPAY CDMX CHEDRAUI AJUSCO L34D,1800,10,HZ2TCALR1TZ008954,1,$21699.77,0,$0,0,0
BODESA,"MOTO BDS CASTORO 180CC, AMARILLO",CEDIS CDMX,MACROPAY CDMX CHEDRAUI ANFORA L20,1473,10,HZ2TCALR1TZ009697,1,$21868.06,0,$0,0,0
BODESA,"MOTO BDS CASTORO 180CC, AMARILLO",CEDIS CDMX,MACROPAY CDMX FRESKO IZTAPALAPA L1,1358,10,HZ2TCALR1TZ015290,1,$21699.93,0,$0,0,0
BODESA,"MOTO BDS CASTORO 180CC, AMARILLO",CEDIS CDMX,MACROPAY CDMX PASAJE FERRERIA L21B,1329,10,HZ2TCALR7TZ015360,1,$21699.77,0,$0,0,0
BODESA,"MOTO BDS CASTORO 180CC, AMARILLO",CEDIS CDMX,MACROPAY CDMX PLAZA LAS TORRES L G02,1741,10,3SABD1GD3T1000468,1,$21699.00,0,$0,0,0
BODESA,"MOTO BDS CASTORO 180CC, AMARILLO",CEDIS CDMX,MACROPAY CDMX PLAZA TLATELOLCO L N1 18,1720,10,HZ2TCALR6TZ012613,1,$21725.63,0,$0,0,0
BODESA,"MOTO BDS CASTORO 180CC, AMARILLO",CEDIS CDMX,MACROPAY CDMX PLAZA TLATELOLCO L N1 18,1720,10,HZ2TCALRXTZ012601,1,$21725.63,0,$0,0,0
BODESA,"MOTO BDS CASTORO 180CC, AMARILLO",CEDIS CDMX,MACROPAY CDMX SERVIPLAZA EL ROSARIO,1422,10,HZ2TCALR1TZ012275,1,$21699.00,0,$0,0,0
BODESA,"MOTO BDS CASTORO 180CC, AMARILLO",CEDIS CDMX,MACROPAY CDMX SERVIPLAZA EL ROSARIO,1422,10,HZ2TCALR4TZ010410,1,$21699.00,0,$0,0,0
BODESA,"MOTO BDS CASTORO 180CC, AMARILLO",CEDIS CDMX,MACROPAY CDMX SORIANA CALZ VIGA LI-3A-2,1350,10,HZ2TCALR6TZ015267,1,$21810.47,0,$0,0,0
BODESA,"MOTO BDS CASTORO 180CC, AMARILLO",CEDIS CDMX,MACROPAY CDMX VIA MIXHUCA L4,1315,10,HZ2TCALR6TZ015303,1,$21699.77,0,$0,0,0
BODESA,"MOTO BDS CASTORO 180CC, AMARILLO",CEDIS CDMX,MACROPAY CDMX VISTA NORTE LPB2-24,1457,10,HZ2TCALR1TZ012499,1,$21699.00,0,$0,0,0
BODESA,"MOTO BDS CASTORO 180CC, AMARILLO",CEDIS CDMX,MACROPAY CHALCO SORIANA LA CONCHITA L08,1596,10,HZ2TCALR6TZ009002,1,$21699.77,0,$0,0,0
BODESA,"MOTO BDS CASTORO 180CC, AMARILLO",CEDIS CDMX,MACROPAY CHIAUTEMPAN IGNACIO PICAZO,1469,10,3SABD1GD1T1000646,1,$21699.00,0,$0,0,0
BODESA,"MOTO BDS CASTORO 180CC, AMARILLO",CEDIS CDMX,MACROPAY CHICOLOAPAN SORIANA SAN VICENTE,1597,10,HZ2TCALR7TZ008988,1,$21699.77,0,$0,0,0
BODESA,"MOTO BDS CASTORO 180CC, AMARILLO",CEDIS CDMX,MACROPAY CHIMALHUACAN PLAZA L48,1301,10,HZ2TCALR3TZ012567,1,$21699.77,0,$0,0,0
BODESA,"MOTO BDS CASTORO 180CC, AMARILLO",CEDIS CDMX,MACROPAY CHIMALHUACAN PLAZA L48,1301,10,HZ2TCALR8TZ015366,1,$21699.77,0,$0,0,0
BODESA,"MOTO BDS CASTORO 180CC, AMARILLO",CEDIS CDMX,MACROPAY CIUDAD CARDEL CENTRO,1906,10,3SABD1GD7T1000795,1,$21699.00,0,$0,0,0
BODESA,"MOTO BDS CASTORO 180CC, AMARILLO",CEDIS CDMX,MACROPAY COACALCO COSMOPOL LE125,1407,10,HZ2TCALR0TZ012526,1,$21699.77,0,$0,0,0
BODESA,"MOTO BDS CASTORO 180CC, AMARILLO",CEDIS CDMX,MACROPAY COACALCO COSMOPOL LE125,1407,10,HZ2TCALR9TZ012508,1,$21699.77,0,$0,0,0
BODESA,"MOTO BDS CASTORO 180CC, AMARILLO",CEDIS CDMX,MACROPAY COLON HEROES DE LA REV L10,1333,10,HZ2TCALR8TZ005601,1,$21699.00,0,$0,0,0
BODESA,"MOTO BDS CASTORO 180CC, AMARILLO",CEDIS CDMX,MACROPAY COYOTEPEC P DE LA CONSTITUCION,1425,10,HZ2TCALR8TZ015304,1,$21699.77,0,$0,0,0
BODESA,"MOTO BDS CASTORO 180CC, AMARILLO",CEDIS CDMX,MACROPAY CUAU CENTRO SAN MIGUEL L15,1303,10,HZ2TCALR1TZ015354,1,$21699.77,0,$0,0,0
BODESA,"MOTO BDS CASTORO 180CC, AMARILLO",CEDIS CDMX,MACROPAY CUAU SORIANA TEPALCAPA L1,1533,10,HZ2TCALR6TZ012594,1,$21699.77,0,$0,0,0
BODESA,"MOTO BDS CASTORO 180CC, AMARILLO",CEDIS CDMX,MACROPAY CUAU SORIANA TEPALCAPA L1,1533,10,HZ2TCALRXTZ015322,1,$21699.77,0,$0,0,0
BODESA,"MOTO BDS CASTORO 180CC, AMARILLO",CEDIS CDMX,MACROPAY CUAUTITLAN SORIANA LF-5,1291,10,HZ2TCALR9TZ007809,1,$21699.00,0,$0,0,0
BODESA,"MOTO BDS CASTORO 180CC, AMARILLO",CEDIS CDMX,MACROPAY CUAUTLA CAPITAN M ANZUREZ 93B,1710,10,HZ2TCALR0TZ015345,1,$21699.77,0,$0,0,0
BODESA,"MOTO BDS CASTORO 180CC, AMARILLO",CEDIS CDMX,MACROPAY CUERNA CHEDRAUI FLORES MAGON L7,1528,10,HZ2TCALR6TZ015348,1,$21699.77,0,$0,0,0
BODESA,"MOTO BDS CASTORO 180CC, AMARILLO",CEDIS CDMX,MACROPAY ECATEPEC LAS AMERICAS L25D,1304,10,HZ2TCALR5TZ015308,1,$21926.70,0,$0,0,0
BODESA,"MOTO BDS CASTORO 180CC, AMARILLO",CEDIS CDMX,MACROPAY ECATEPEC LAS AMERICAS L25D,1304,10,HZ2TCALRXTZ015353,1,$21926.70,0,$0,0,0
BODESA,"MOTO BDS CASTORO 180CC, AMARILLO",CEDIS CDMX,MACROPAY ECATEPEC PATIO L2,1711,10,HZ2TCALR0TZ009433,1,$21703.75,0,$0,0,0
BODESA,"MOTO BDS CASTORO 180CC, AMARILLO",CEDIS CDMX,MACROPAY EMILIANO ZAPATA CHEDRAUI LD08,1479,10,HZ2TCALR8TZ015321,1,$21699.77,0,$0,0,0
BODESA,"MOTO BDS CASTORO 180CC, AMARILLO",CEDIS CDMX,MACROPAY HUAJUAPAN CENTRO,1779,10,HZ2TCALR3TZ012262,1,$21699.00,0,$0,0,0
BODESA,"MOTO BDS CASTORO 180CC, AMARILLO",CEDIS CDMX,MACROPAY HUAJUAPAN CENTRO,1779,10,HZ2TCALRXTZ012324,1,$21699.00,0,$0,0,0
BODESA,"MOTO BDS CASTORO 180CC, AMARILLO",CEDIS CDMX,MACROPAY HUAMANTLA MORELOS PTE,1769,10,HZ2TCALR8TZ015318,1,$21699.77,0,$0,0,0
BODESA,"MOTO BDS CASTORO 180CC, AMARILLO",CEDIS CDMX,MACROPAY HUEHUETOCA PLAZA CAÑADA,1873,10,HZ2TCALR0TZ015216,1,$21699.77,0,$0,0,0
BODESA,"MOTO BDS CASTORO 180CC, AMARILLO",CEDIS CDMX,MACROPAY HUEHUETOCA SORIANA L11,1404,10,HZ2TCALR7TZ012622,1,$21699.77,0,$0,0,0
BODESA,"MOTO BDS CASTORO 180CC, AMARILLO",CEDIS CDMX,MACROPAY HUEJOTZINGO CARLOS B ZETINA,1233,10,HZ2TCALR6TZ009677,1,$21699.77,0,$0,0,0
BODESA,"MOTO BDS CASTORO 180CC, AMARILLO",CEDIS CDMX,MACROPAY HUEJUTLA CARRETERA L3,1312,10,HZ2TCALR9TZ012542,1,$22032.37,0,$0,0,0
BODESA,"MOTO BDS CASTORO 180CC, AMARILLO",CEDIS CDMX,MACROPAY IXMIQUILPAN PLAZA DIAMANTE,1770,10,HZ2TCALR3TZ012486,1,$21699.77,0,$0,0,0
BODESA,"MOTO BDS CASTORO 180CC, AMARILLO",CEDIS CDMX,MACROPAY IXMIQUILPAN PLAZA LNL29,1257,10,HZ2TCALRXTZ012792,1,$21699.77,0,$0,0,0
BODESA,"MOTO BDS CASTORO 180CC, AMARILLO",CEDIS CDMX,MACROPAY IXTAPALUCA BUENAVENTURA,1900,10,HZ2TCALR4TZ008950,1,$21699.77,0,$0,0,0
BODESA,"MOTO BDS CASTORO 180CC, AMARILLO",CEDIS CDMX,MACROPAY IZUCAR PLAZA L6,1555,10,HZ2TCALR9TZ010855,1,$21699.00,0,$0,0,0
BODESA,"MOTO BDS CASTORO 180CC, AMARILLO",CEDIS CDMX,MACROPAY JIUTEPEC CUAUHNAHUAC,1869,10,HZ2TCALR3TZ010852,1,$21699.00,0,$0,0,0
BODESA,"MOTO BDS CASTORO 180CC, AMARILLO",CEDIS CDMX,MACROPAY JOJUTLA CENTRO,1854,10,HZ2TCALR2TZ012236,1,$21700.58,0,$0,0,0
BODESA,"MOTO BDS CASTORO 180CC, AMARILLO",CEDIS CDMX,MACROPAY JOJUTLA CENTRO,1854,10,HZ2TCALR8TZ010913,1,$21700.58,0,$0,0,0
BODESA,"MOTO BDS CASTORO 180CC, AMARILLO",CEDIS CDMX,MACROPAY JOJUTLA CENTRO,1854,10,HZ2TCALRXTZ009701,1,$21700.58,0,$0,0,0
BODESA,"MOTO BDS CASTORO 180CC, AMARILLO",CEDIS CDMX,MACROPAY LOS REYES CENTRO TEPOZAN LC24,1783,10,HZ2TCALR1TZ015337,1,$21699.77,0,$0,0,0
BODESA,"MOTO BDS CASTORO 180CC, AMARILLO",CEDIS CDMX,MACROPAY METEPEC LA PILITA L39,1502,10,HZ2TCALR3TZ015307,1,$22032.37,0,$0,0,0
BODESA,"MOTO BDS CASTORO 180CC, AMARILLO",CEDIS CDMX,MACROPAY MEXICALTZINGO NARCISO MENDOZA,1787,10,HZ2TCALR6TZ012210,1,$21699.00,0,$0,0,0
BODESA,"MOTO BDS CASTORO 180CC, AMARILLO",CEDIS CDMX,MACROPAY MEXICALTZINGO NARCISO MENDOZA,1787,10,HZ2TCALR6TZ012238,1,$21699.00,0,$0,0,0
BODESA,"MOTO BDS CASTORO 180CC, AMARILLO",CEDIS CDMX,MACROPAY MOR ZAPATA AV. NO REELECCIÓN,1704,10,HZ2TCALR1TZ015306,1,$21699.77,0,$0,0,0
BODESA,"MOTO BDS CASTORO 180CC, AMARILLO",CEDIS CDMX,MACROPAY NAUCALPAN MULTI SAN MATEO LE5,1294,10,HZ2TCALR8TZ015299,1,$21699.77,0,$0,0,0
BODESA,"MOTO BDS CASTORO 180CC, AMARILLO",CEDIS CDMX,MACROPAY NAUCALPAN SAN MATEO L2,1600,10,HZ2TCALR2TZ012656,1,$21736.58,0,$0,0,0
BODESA,"MOTO BDS CASTORO 180CC, AMARILLO",CEDIS CDMX,MACROPAY NAUCALPAN SAN MATEO L2,1600,10,HZ2TCALR9TZ015358,1,$21736.58,0,$0,0,0
BODESA,"MOTO BDS CASTORO 180CC, AMARILLO",CEDIS CDMX,MACROPAY NEZA CHEDRAUI ESTADIO,1458,10,HZ2TCALR9TZ015330,1,$21699.77,0,$0,0,0
BODESA,"MOTO BDS CASTORO 180CC, AMARILLO",CEDIS CDMX,MACROPAY NICOLAS ROMERO TOWNCENTER LB06,1432,10,HZ2TCALR1TZ008999,1,$21699.77,0,$0,0,0
BODESA,"MOTO BDS CASTORO 180CC, AMARILLO",CEDIS CDMX,MACROPAY NICOLAS ROMERO TOWNCENTER LB06,1432,10,HZ2TCALRXTZ009018,1,$21699.77,0,$0,0,0
BODESA,"MOTO BDS CASTORO 180CC, AMARILLO",CEDIS CDMX,MACROPAY NUEVO NECAXA 1ERO DE MAYO,1234,10,HZ2TCALR6TZ012188,1,$21699.00,0,$0,0,0
BODESA,"MOTO BDS CASTORO 180CC, AMARILLO",CEDIS CDMX,MACROPAY OAX VALERIO TRUJANO,1132,10,HZ2TCALR3TZ012603,1,$21699.77,0,$0,0,0
BODESA,"MOTO BDS CASTORO 180CC, AMARILLO",CEDIS CDMX,MACROPAY OCOTLAN  ALDANA,1128,10,HZ2TCALR7TZ006707,1,$21699.00,0,$0,0,0
BODESA,"MOTO BDS CASTORO 180CC, AMARILLO",CEDIS CDMX,MACROPAY ORIZABA NORTE 4 ESQ OTE 3,1881,10,HZ2TCALR3TZ012584,1,$21699.77,0,$0,0,0
BODESA,"MOTO BDS CASTORO 180CC, AMARILLO",CEDIS CDMX,MACROPAY PACHUCA EXPLANADA RF35,1237,10,HZ2TCALR6TZ015334,1,$22032.37,0,$0,0,0
BODESA,"MOTO BDS CASTORO 180CC, AMARILLO",CEDIS CDMX,MACROPAY PACHUCA JOSE MARIA MORELOS,1413,10,HZ2TCALR6TZ015351,1,$22032.37,0,$0,0,0
BODESA,"MOTO BDS CASTORO 180CC, AMARILLO",CEDIS CDMX,MACROPAY PAPANTLA 5 MAYO 305,1714,10,3SABD1GD5T1000469,1,$21699.00,0,$0,0,0
BODESA,"MOTO BDS CASTORO 180CC, AMARILLO",CEDIS CDMX,MACROPAY PEROTE HUMBOLDT,1190,10,HZ2TCALR2TZ012513,1,$21699.77,0,$0,0,0
BODESA,"MOTO BDS CASTORO 180CC, AMARILLO",CEDIS CDMX,MACROPAY PEROTE HUMBOLDT,1190,10,HZ2TCALR6TZ015365,1,$21699.77,0,$0,0,0
BODESA,"MOTO BDS CASTORO 180CC, AMARILLO",CEDIS CDMX,MACROPAY PIRAMIDES JUSTO SIERRA,1298,10,HZ2TCALR6TZ012529,1,$21699.77,0,$0,0,0
BODESA,"MOTO BDS CASTORO 180CC, AMARILLO",CEDIS CDMX,MACROPAY PLAZA COACALCO CHEDRAUI L1,1611,10,HZ2TCALR8TZ015349,1,$21699.77,0,$0,0,0
BODESA,"MOTO BDS CASTORO 180CC, AMARILLO",CEDIS CDMX,MACROPAY PUE 11 NORTE,1573,10,3SABD1GD0T1000671,1,$21699.38,0,$0,0,0
BODESA,"MOTO BDS CASTORO 180CC, AMARILLO",CEDIS CDMX,MACROPAY PUE 11 NORTE,1573,10,HZ2TCALR0TZ009674,1,$21699.38,0,$0,0,0
BODESA,"MOTO BDS CASTORO 180CC, AMARILLO",CEDIS CDMX,MACROPAY PUE 5 DE MAYO,1152,10,HZ2TCALR8TZ006697,1,$21699.00,0,$0,0,0
BODESA,"MOTO BDS CASTORO 180CC, AMARILLO",CEDIS CDMX,MACROPAY PUE BALCONES DEL SUR L16,1280,10,HZ2TCALR9TZ007440,1,$21699.00,0,$0,0,0
BODESA,"MOTO BDS CASTORO 180CC, AMARILLO",CEDIS CDMX,MACROPAY PUE CRUZ DEL SUR LF01,1466,10,HZ2TCALR7TZ012314,1,$21699.00,0,$0,0,0
BODESA,"MOTO BDS CASTORO 180CC, AMARILLO",CEDIS CDMX,MACROPAY PUE MOMOXPAN LB5,1289,10,HZ2TCALR6TZ005709,1,$21699.00,0,$0,0,0
BODESA,"MOTO BDS CASTORO 180CC, AMARILLO",CEDIS CDMX,MACROPAY PUE PLAZA DORADA LG,1766,10,HZ2TCALR5TZ012506,1,$21699.00,0,$0,0,0
BODESA,"MOTO BDS CASTORO 180CC, AMARILLO",CEDIS CDMX,MACROPAY PUEBLA LIBRES CENTRO,1801,10,3SABD1GD4T1000768,1,$21699.00,0,$0,0,0
BODESA,"MOTO BDS CASTORO 180CC, AMARILLO",CEDIS CDMX,MACROPAY SAN G CUAUHTLA CARRETERA,1232,10,HZ2TCALR9TZ012279,1,$21699.00,0,$0,0,0
BODESA,"MOTO BDS CASTORO 180CC, AMARILLO",CEDIS CDMX,MACROPAY SAN MARTIN PIRAMIDES 16 SEPT,1434,10,3SABD1GDXT1000502,1,$21699.77,0,$0,0,0
BODESA,"MOTO BDS CASTORO 180CC, AMARILLO",CEDIS CDMX,MACROPAY SAN PABLO DEL MONTE CENTRO,1782,10,HZ2TCALR8TZ012340,1,$21699.00,0,$0,0,0
BODESA,"MOTO BDS CASTORO 180CC, AMARILLO",CEDIS CDMX,MACROPAY TASQUILLO PLAZA JUAREZ,1320,10,HZ2TCALR5TZ010447,1,$21703.75,0,$0,0,0
BODESA,"MOTO BDS CASTORO 180CC, AMARILLO",CEDIS CDMX,MACROPAY TEHUACAN CENTRO CHEDRAUI,1835,10,HZ2TCALR3TZ012214,1,$21699.38,0,$0,0,0
BODESA,"MOTO BDS CASTORO 180CC, AMARILLO",CEDIS CDMX,MACROPAY TEHUACAN CENTRO CHEDRAUI,1835,10,HZ2TCALR5TZ012599,1,$21699.38,0,$0,0,0
BODESA,"MOTO BDS CASTORO 180CC, AMARILLO",CEDIS CDMX,MACROPAY TEHUACAN EL PASEO L1,1277,10,HZ2TCALR7TZ012331,1,$21699.00,0,$0,0,0
BODESA,"MOTO BDS CASTORO 180CC, AMARILLO",CEDIS CDMX,MACROPAY TENANCINGO CENTRO,1815,10,HZ2TCALR2TZ009708,1,$21703.75,0,$0,0,0
BODESA,"MOTO BDS CASTORO 180CC, AMARILLO",CEDIS CDMX,MACROPAY TEPATEPEC ZAPATA,1282,10,HZ2TCALR7TZ015343,1,$21699.77,0,$0,0,0
BODESA,"MOTO BDS CASTORO 180CC, AMARILLO",CEDIS CDMX,MACROPAY TEPEACA CENTRO,1785,10,3SABD1GDXT1000872,1,$21699.77,0,$0,0,0
BODESA,"MOTO BDS CASTORO 180CC, AMARILLO",CEDIS CDMX,MACROPAY TEPEAPULCO AV MORELOS,1284,10,HZ2TCALR3TZ012245,1,$21699.00,0,$0,0,0
BODESA,"MOTO BDS CASTORO 180CC, AMARILLO",CEDIS CDMX,MACROPAY TEPOTZOTLAN AV INSURGENTES,1764,10,HZ2TCALR6TZ015298,1,$21699.93,0,$0,0,0
BODESA,"MOTO BDS CASTORO 180CC, AMARILLO",CEDIS CDMX,MACROPAY TEZIUTLAN CUAUHTEMOC,1194,10,HZ2TCALR5TZ012196,1,$21699.00,0,$0,0,0
BODESA,"MOTO BDS CASTORO 180CC, AMARILLO",CEDIS CDMX,MACROPAY TEZONTEPEC ALLENDE,1258,10,HZ2TCALR6TZ012336,1,$21699.00,0,$0,0,0
BODESA,"MOTO BDS CASTORO 180CC, AMARILLO",CEDIS CDMX,MACROPAY TLACOLULA AV JUAREZ,1269,10,HZ2TCALR8TZ012550,1,$21699.77,0,$0,0,0
BODESA,"MOTO BDS CASTORO 180CC, AMARILLO",CEDIS CDMX,MACROPAY TLAHUELILPAN BENITO JUAREZ,1565,10,HZ2TCALR1TZ012549,1,$22032.37,0,$0,0,0
BODESA,"MOTO BDS CASTORO 180CC, AMARILLO",CEDIS CDMX,MACROPAY TLALNEPANTLA ENCUENTRO L29,1400,10,HZ2TCALR8TZ012676,1,$21768.89,0,$0,0,0
BODESA,"MOTO BDS CASTORO 180CC, AMARILLO",CEDIS CDMX,MACROPAY TLAX PARQUE VERTICE L14,1224,10,HZ2TCALR2TZ012205,1,$21699.00,0,$0,0,0
BODESA,"MOTO BDS CASTORO 180CC, AMARILLO",CEDIS CDMX,MACROPAY TLAXIACA NIÑOS HEROES,1292,10,HZ2TCALR1TZ012552,1,$21699.77,0,$0,0,0
BODESA,"MOTO BDS CASTORO 180CC, AMARILLO",CEDIS CDMX,MACROPAY TOLUCA GRAND PLAZA L7,1433,10,HZ2TCALR3TZ015260,1,$21926.70,0,$0,0,0
BODESA,"MOTO BDS CASTORO 180CC, AMARILLO",CEDIS CDMX,MACROPAY TUXPAN CENTRO JUAREZ,1831,10,HZ2TCALR8TZ012564,1,$21699.00,0,$0,0,0
BODESA,"MOTO BDS CASTORO 180CC, AMARILLO",CEDIS CDMX,MACROPAY TUXPAN CENTRO JUAREZ,1831,10,HZ2TCALRXTZ012257,1,$21699.00,0,$0,0,0
BODESA,"MOTO BDS CASTORO 180CC, AMARILLO",CEDIS CDMX,MACROPAY TUXPAN MERCADO,1261,10,HZ2TCALR1TZ012292,1,$21699.00,0,$0,0,0
BODESA,"MOTO BDS CASTORO 180CC, AMARILLO",CEDIS CDMX,MACROPAY TUXPAN MERCADO,1261,10,HZ2TCALR8TZ010927,1,$21699.00,0,$0,0,0
BODESA,"MOTO BDS CASTORO 180CC, AMARILLO",CEDIS CDMX,MACROPAY TUXPAN PIPILA,1260,10,3SABD1GD7T1000490,1,$21699.00,0,$0,0,0
BODESA,"MOTO BDS CASTORO 180CC, AMARILLO",CEDIS CDMX,MACROPAY VER CENTRO HIDALGO,1883,10,HZ2TCALR1TZ010848,1,$21699.51,0,$0,0,0
BODESA,"MOTO BDS CASTORO 180CC, AMARILLO",CEDIS CDMX,MACROPAY VER TANTOYUCA FCO I MADERO,1727,10,HZ2TCALRXTZ010430,1,$21699.77,0,$0,0,0
BODESA,"MOTO BDS CASTORO 180CC, AMARILLO",CEDIS CDMX,MACROPAY VERACRUZ AV MATAMOROS NORTE,1721,10,HZ2TCALR4TZ009676,1,$21700.63,0,$0,0,0
BODESA,"MOTO BDS CASTORO 180CC, AMARILLO",CEDIS CDMX,MACROPAY XALAPA JUAN DE LA LUZ,1191,10,HZ2TCALR6TZ012191,1,$21699.00,0,$0,0,0
BODESA,"MOTO BDS CASTORO 180CC, AMARILLO",CEDIS CDMX,MACROPAY XOCHIMILCO,1697,10,HZ2TCALR7TZ012538,1,$21699.77,0,$0,0,0
BODESA,"MOTO BDS CASTORO 180CC, AMARILLO",CEDIS CDMX,MACROPAY ZAACHILA CENTRO,1777,10,HZ2TCALR3TZ015355,1,$21699.77,0,$0,0,0
BODESA,"MOTO BDS CASTORO 180CC, AMARILLO",CEDIS CDMX,MACROPAY ZACATLAN CALLE 5,1166,10,HZ2TCALR5TZ009444,1,$21699.00,0,$0,0,0
BODESA,"MOTO BDS CASTORO 180CC, AMARILLO",CEDIS CDMX,MACROPAY ZACUALTIPAN CALLE OCAMPO,1396,10,HZ2TCALR3TZ012410,1,$21699.00,0,$0,0,0
BODESA,"MOTO BDS CASTORO 180CC, AMARILLO",CEDIS CDMX,MACROPAY ZIHUATANEJO CENTRO,1853,10,HZ2TCALR8TZ012547,1,$21699.77,0,$0,0,0
BODESA,"MOTO BDS CASTORO 180CC, AMARILLO",CEDIS CDMX,MACROPAY ZIMAPAN CORONA,1325,10,3SABD1GD6T1000478,1,$21829.80,0,$0,0,0
BODESA,"MOTO BDS CASTORO 180CC, AMARILLO",CEDIS CDMX,MACROPAY ZIMATLAN CENTRO,1846,10,HZ2TCALR8TZ012208,1,$21699.00,0,$0,0,0
BODESA,"MOTO BDS CASTORO 180CC, AMARILLO",CEDIS CDMX,MACROPAY ZINACANTEPEC PLAZA MÍA L15,1308,10,HZ2TCALR2TZ010874,1,$21699.00,0,$0,0,0
BODESA,"MOTO BDS CASTORO 180CC, AMARILLO",CEDIS CDMX,MACROPAY ZUMPANGO AV INSURGENTES,1813,10,HZ2TCALR1TZ009019,1,$21815.22,0,$0,0,0
BODESA,"MOTO BDS CASTORO 180CC, AMARILLO",CEDIS CDMX,MACROPAY ZUMPANGO AV INSURGENTES,1813,10,HZ2TCALR4TZ009659,1,$21815.22,0,$0,0,0
BODESA,"MOTO BDS CASTORO 180CC, AMARILLO",CEDIS CDMX,PUEBLA 18 PONIENTE,1895,10,HZ2TCALRXTZ007026,1,$21699.00,0,$0,0,0
BODESA,"MOTO BDS CASTORO 180CC, AMARILLO",CEDIS CDMX,SORIANA MERCADO CENTRAL TULTITLAN,1880,10,HZ2TCALR5TZ010397,1,$21699.93,0,$0,0,0
BODESA,"MOTO BDS CASTORO 180CC, AMARILLO",CEDIS CDMX,TECPAN DE GALEANA CENTRO,1929,10,HZ2TCALR0TZ012381,1,$21699.38,0,$0,0,0
BODESA,"MOTO BDS CASTORO 180CC, AMARILLO",CEDIS CDMX,TECPAN DE GALEANA CENTRO,1929,10,HZ2TCALR9TZ015361,1,$21699.38,0,$0,0,0
BODESA,"MOTO BDS CASTORO 180CC, AMARILLO",CEDIS CDMX,ZACAPOAXTLA CENTRO PUEBLA,1876,10,HZ2TCALR9TZ012248,1,$21699.00,0,$0,0,0
BODESA,"MOTO BDS CASTORO 180CC, AMARILLO",CEDIS CULIACAN,CEDIS CULIACAN,28,140,HZ2TCALRXTZ010461,1,$21699.00,0,$0,0,0
BODESA,"MOTO BDS CASTORO 180CC, AMARILLO",CEDIS CULIACAN,MACROPAY GUAYMAS CENTRO 112,1882,10,HZ2TCALR1TZ012664,1,$21699.00,0,$0,0,0
BODESA,"MOTO BDS CASTORO 180CC, AMARILLO",CEDIS CULIACAN,MACROPAY LA PAZ 16 DE SEPTIEMBRE,1730,10,HZ2TCALR8TZ009390,1,$21699.00,0,$0,0,0
BODESA,"MOTO BDS CASTORO 180CC, AMARILLO",CEDIS CULIACAN,MACROPAY MAZATLAN PLAZA ACAYA L7E,1826,10,HZ2TCALR1TZ005701,1,$21699.00,0,$0,0,0
BODESA,"MOTO BDS CASTORO 180CC, AMARILLO",CEDIS GDL,CEDIS MACROPAY GUADALAJARA,25,140,3SABD1GD0T1001271,1,$21699.00,0,$0,0,0
BODESA,"MOTO BDS CASTORO 180CC, AMARILLO",CEDIS GDL,CEDIS MACROPAY GUADALAJARA,25,140,3SABD1GD0T1001352,1,$21699.00,0,$0,0,0
BODESA,"MOTO BDS CASTORO 180CC, AMARILLO",CEDIS GDL,CEDIS MACROPAY GUADALAJARA,25,140,3SABD1GD3T1001216,1,$21699.00,0,$0,0,0
BODESA,"MOTO BDS CASTORO 180CC, AMARILLO",CEDIS GDL,CEDIS MACROPAY GUADALAJARA,25,140,3SABD1GD7T1001221,1,$21699.00,0,$0,0,0
BODESA,"MOTO BDS CASTORO 180CC, AMARILLO",CEDIS GDL,MACROPAY ZAMORA MICH FCO I MADERO 288,1706,10,HZ2TCALR3TZ006977,1,$21699.00,0,$0,0,0
BODESA,"MOTO BDS CASTORO 180CC, AMARILLO",CEDIS MID,MACROPAY CAMPECHE CALLE 16,1220,10,HZ2TCALR0TZ010453,1,$22399.00,0,$0,0,0
BODESA,"MOTO BDS CASTORO 180CC, AMARILLO",CEDIS MID,MACROPAY CUN CHEDRAUI MUNDO MAYA,1877,10,HZ2TCALRXTZ012758,1,$22937.36,0,$0,0,0
BODESA,"MOTO BDS CASTORO 180CC, AMARILLO",CEDIS MID,MACROPAY ESCARCEGA JUSTO SIERRA,1111,10,HZ2TCALR9TZ010449,1,$22399.00,0,$0,0,0
BODESA,"MOTO BDS CASTORO 180CC, AMARILLO",CEDIS MID,MACROPAY MID EMILIO SEIJO,1069,10,HZ2TCALR5TZ012747,1,$22399.00,0,$0,0,0
BODESA,"MOTO BDS CASTORO 180CC, AMARILLO",CEDIS MID,MACROPAY MID MOTOS CALLE 56,1100,10,HZ2TCALR3TZ010446,1,$22399.00,0,$0,0,0
BODESA,"MOTO BDS CASTORO 180CC, AMARILLO",CEDIS MID,MACROPAY TULUM ARRICE MOTOS,1844,10,HZ2TCALR3TZ009412,1,$22399.00,0,$0,0,0
BODESA,"MOTO BDS CASTORO 180CC, AMARILLO",CEDIS SAN LUIS,CD MANTE CENTRO,1888,10,HZ2TCALR6TZ009744,1,$21699.00,0,$0,0,0
BODESA,"MOTO BDS CASTORO 180CC, AMARILLO",CEDIS SAN LUIS,CD MANTE CENTRO,1888,10,HZ2TCALR6TZ012630,1,$21699.00,0,$0,0,0
BODESA,"MOTO BDS CASTORO 180CC, AMARILLO",CEDIS SAN LUIS,CEDIS SAN LUIS,27,140,HZ2TCALR7TZ010398,1,$21699.00,0,$0,0,0
BODESA,"MOTO BDS CASTORO 180CC, AMARILLO",CEDIS SAN LUIS,MACROPAY SAN LUIS DE LA PAZ CENTRO,1855,10,HZ2TCALR4TZ009452,1,$21699.00,0,$0,0,0
BODESA,"MOTO BDS CASTORO 180CC, AMARILLO",CEDIS SAN LUIS,MACROPAY SLP HIDALGO,1522,10,HZ2TCALR9TZ012637,1,$21699.00,0,$0,0,0
BODESA,"MOTO BDS CASTORO 180CC, AMARILLO",CEDIS SAN LUIS,MACROPAY TAMPICO CENTRO LOPEZ DE LARA,1775,10,HZ2TCALR8TZ012404,1,$21699.00,0,$0,0,0
BODESA,"MOTO BDS CASTORO 180CC, AMARILLO",CEDIS TAB PXGL,CEDIS MACROPAY TABASCO PXGL,14,140,3SABD1GD3T1001278,1,$22399.00,0,$0,0,0
BODESA,"MOTO BDS CASTORO 180CC, AMARILLO",CEDIS TAB PXGL,CEDIS MACROPAY TABASCO PXGL,14,140,3SABD1GD6T1001355,1,$22399.00,0,$0,0,0
BODESA,"MOTO BDS CASTORO 180CC, AMARILLO",CEDIS TAB PXGL,CEDIS MACROPAY TABASCO PXGL,14,140,3SABD1GD7T1001364,1,$22399.00,0,$0,0,0
BODESA,"MOTO BDS CASTORO 180CC, AMARILLO",CEDIS TAB PXGL,CEDIS MACROPAY TABASCO PXGL,14,140,3SABD1GD8T1001292,1,$22399.00,0,$0,0,0
BODESA,"MOTO BDS CASTORO 180CC, AMARILLO",CEDIS TAB PXGL,CEDIS MACROPAY TABASCO PXGL,14,140,3SABD1GD8T1001308,1,$22399.00,0,$0,0,0
BODESA,"MOTO BDS CASTORO 180CC, AMARILLO",CEDIS TAB PXGL,CEDIS MACROPAY TABASCO PXGL,14,140,3SABD1GD9T1001298,1,$22399.00,0,$0,0,0
BODESA,"MOTO BDS CASTORO 180CC, AMARILLO",CEDIS TAB PXGL,MACROPAY ALVARADO DE LA LLAVE,1216,10,HZ2TCALR5TZ009749,1,$22399.00,0,$0,0,0
BODESA,"MOTO BDS CASTORO 180CC, AMARILLO",CEDIS TAB PXGL,MACROPAY ARRIAGA CENTRAL SUR,1187,10,HZ2TCALR2TZ009398,1,$22399.00,0,$0,0,0
BODESA,"MOTO BDS CASTORO 180CC, AMARILLO",CEDIS TAB PXGL,MACROPAY COATZA ACAYA L20,1228,10,HZ2TCALR9TZ012671,1,$22399.00,0,$0,0,0
BODESA,"MOTO BDS CASTORO 180CC, AMARILLO",CEDIS TAB PXGL,MACROPAY COATZA MERCADO MORELOS,1803,10,HZ2TCALR0TZ012803,1,$22399.00,0,$0,0,0
BODESA,"MOTO BDS CASTORO 180CC, AMARILLO",CEDIS TAB PXGL,MACROPAY COATZACOALCOS JUAREZ MOTOS,1796,10,3SABD1GD9T1001382,1,$22399.00,0,$0,0,0
BODESA,"MOTO BDS CASTORO 180CC, AMARILLO",CEDIS TAB PXGL,MACROPAY HUIMANGUILLO AV ESCOBAR,1281,10,HZ2TCALR8TZ009745,1,$22399.00,0,$0,0,0
BODESA,"MOTO BDS CASTORO 180CC, AMARILLO",CEDIS TAB PXGL,MACROPAY JALPA JOSE MARIA,1126,10,HZ2TCALR6TZ010442,1,$22399.00,0,$0,0,0
BODESA,"MOTO BDS CASTORO 180CC, AMARILLO",CEDIS TAB PXGL,MACROPAY JUAN RODRIGUEZ VER CENTRO,1860,10,HZ2TCALR5TZ009363,1,$22399.00,0,$0,0,0
BODESA,"MOTO BDS CASTORO 180CC, AMARILLO",CEDIS TAB PXGL,MACROPAY JUCHITAN 16 DE SEPTIEMBRE,1146,10,HZ2TCALR8TZ012743,1,$22399.00,0,$0,0,0
BODESA,"MOTO BDS CASTORO 180CC, AMARILLO",CEDIS TAB PXGL,MACROPAY TUXTEPEC 20 DE NOV,1134,10,HZ2TCALR0TZ008718,1,$22399.00,0,$0,0,0
BODESA,"MOTO BDS CASTORO 180CC, AMARILLO",CEDIS TAB PXGL,MACROPAY VER SAN ANDRES MOTOS,1798,10,HZ2TCALR9TZ012783,1,$22399.00,0,$0,0,0
BODESA,"MOTO BDS CASTORO 180CC, AMARILLO",CEDIS TAB PXGL,MACROPAY VILLA LERDO DE TEJADA,1167,10,HZ2TCALR8TZ012662,1,$22399.00,0,$0,0,0
BODESA,"MOTO BDS CASTORO 180CC, AMARILLO",CEDIS TAB PXGL,MACROPAY VILLA LERDO DE TEJADA 2 316,1768,10,HZ2TCALR8TZ012645,1,$22399.00,0,$0,0,0
BODESA,"MOTO BDS CASTORO 180CC, AMARILLO",PROVEEDOR,MACROPAY MISION SOLER TIJUANA,1824,10,3SABD1GD2T1001224,1,$22879.00,0,$0,0,0
BODESA,"MOTO BDS CASTORO 180CC, AMARILLO",PROVEEDOR,MACROPAY MISION SOLER TIJUANA,1824,10,3SABD1GD8T1001163,1,$22879.00,0,$0,0,0
BODESA,"MOTO BDS CASTORO 180CC, AZUL",CEDIS CDMX,CE. LOG. PXGL,21,140,3SABD1GD1T1000940,1,$22022.01,0,$0,0,0
BODESA,"MOTO BDS CASTORO 180CC, AZUL",CEDIS CDMX,CE. LOG. PXGL,21,140,3SABD1GD6T1000948,1,$22022.01,0,$0,0,0
BODESA,"MOTO BDS CASTORO 180CC, AZUL",CEDIS CDMX,MACROPAY ACAPULCO MULTIPLAZA PALMAS L20,1751,10,HZ2TCALR4TZ009208,1,$21699.00,0,$0,0,0
BODESA,"MOTO BDS CASTORO 180CC, AZUL",CEDIS CDMX,MACROPAY ACATZINGO CENTRO,1820,10,HZ2TCALR8TZ011141,1,$21699.48,0,$0,0,0
BODESA,"MOTO BDS CASTORO 180CC, AZUL",CEDIS CDMX,MACROPAY AMECAMECA PLAZA VOLCANES,1879,10,HZ2TCALR4TZ011301,1,$21700.76,0,$0,0,0
BODESA,"MOTO BDS CASTORO 180CC, AZUL",CEDIS CDMX,MACROPAY ATLACOMULCO MEGA SORIANA L8,1518,10,HZ2TCALR1TZ010624,1,$21699.00,0,$0,0,0
BODESA,"MOTO BDS CASTORO 180CC, AZUL",CEDIS CDMX,MACROPAY ATLIXCO 3 SUR,1164,10,HZ2TCALR2TZ011703,1,$21700.76,0,$0,0,0
BODESA,"MOTO BDS CASTORO 180CC, AZUL",CEDIS CDMX,MACROPAY ATLIXCO MOTOS 3 SUR,1847,10,HZ2TCALR9TZ011617,1,$21699.48,0,$0,0,0
BODESA,"MOTO BDS CASTORO 180CC, AZUL",CEDIS CDMX,MACROPAY ATOTONILCO JUAREZ,1247,10,3SABD1GD8T1000840,1,$22086.88,0,$0,0,0
BODESA,"MOTO BDS CASTORO 180CC, AZUL",CEDIS CDMX,MACROPAY ATOTONILCO JUAREZ,1247,10,HZ2TCALR3TZ012018,1,$22086.88,0,$0,0,0
BODESA,"MOTO BDS CASTORO 180CC, AZUL",CEDIS CDMX,MACROPAY CDMX ENCUENTRO OCEANIA L SC08,1723,10,HZ2TCALR4TZ012027,1,$21700.77,0,$0,0,0
BODESA,"MOTO BDS CASTORO 180CC, AZUL",CEDIS CDMX,MACROPAY CDMX IZTAPALAPA EL SALADO L H3,1722,10,HZ2TCALR1TZ012146,1,$21795.48,0,$0,0,0
BODESA,"MOTO BDS CASTORO 180CC, AZUL",CEDIS CDMX,MACROPAY CDMX IZTAPALAPA EL SALADO L H3,1722,10,HZ2TCALR9TZ011696,1,$21795.48,0,$0,0,0
BODESA,"MOTO BDS CASTORO 180CC, AZUL",CEDIS CDMX,MACROPAY CDMX LINDAVISTA L120,1455,10,HZ2TCALR9TZ012024,1,$21700.77,0,$0,0,0
BODESA,"MOTO BDS CASTORO 180CC, AZUL",CEDIS CDMX,MACROPAY CDMX PLAZA AZCAPOTZALCO LPA12,1636,10,HZ2TCALR6TZ012000,1,$21699.44,0,$0,0,0
BODESA,"MOTO BDS CASTORO 180CC, AZUL",CEDIS CDMX,MACROPAY CDMX PLAZA EXHIBIMEX L16,1403,10,HZ2TCALR9TZ010192,1,$21699.48,0,$0,0,0
BODESA,"MOTO BDS CASTORO 180CC, AZUL",CEDIS CDMX,MACROPAY CDMX PLAZA INN L40D,1399,10,HZ2TCALR2TZ007067,1,$21703.63,0,$0,0,0
BODESA,"MOTO BDS CASTORO 180CC, AZUL",CEDIS CDMX,MACROPAY CDMX VISTA NORTE LPB2-24,1457,10,HZ2TCALR1TZ010140,1,$21699.00,0,$0,0,0
BODESA,"MOTO BDS CASTORO 180CC, AZUL",CEDIS CDMX,MACROPAY CHALCO SORIANA LA CONCHITA L08,1596,10,HZ2TCALR6TZ011672,1,$21699.45,0,$0,0,0
BODESA,"MOTO BDS CASTORO 180CC, AZUL",CEDIS CDMX,MACROPAY CHIMALHUACAN PLAZA L48,1301,10,HZ2TCALR6TZ011896,1,$21702.38,0,$0,0,0
BODESA,"MOTO BDS CASTORO 180CC, AZUL",CEDIS CDMX,MACROPAY CHOLULA SAN DIEGO L50,1599,10,3SABD1GDXT1000550,1,$21718.45,0,$0,0,0
BODESA,"MOTO BDS CASTORO 180CC, AZUL",CEDIS CDMX,MACROPAY CHOLULA SAN DIEGO L50,1599,10,HZ2TCALR6TZ011705,1,$21718.45,0,$0,0,0
BODESA,"MOTO BDS CASTORO 180CC, AZUL",CEDIS CDMX,MACROPAY CIUDAD CARDEL CENTRO,1906,10,HZ2TCALRXTZ009200,1,$21699.00,0,$0,0,0
BODESA,"MOTO BDS CASTORO 180CC, AZUL",CEDIS CDMX,MACROPAY COACALCO POWER CENTER,1362,10,HZ2TCALR1TZ011613,1,$21699.82,0,$0,0,0
BODESA,"MOTO BDS CASTORO 180CC, AZUL",CEDIS CDMX,MACROPAY CORDOBA AV 6,1139,10,HZ2TCALR6TZ011610,1,$21699.48,0,$0,0,0
BODESA,"MOTO BDS CASTORO 180CC, AZUL",CEDIS CDMX,MACROPAY CORDOBA CALLE 7,1160,10,HZ2TCALR2TZ011586,1,$21699.48,0,$0,0,0
BODESA,"MOTO BDS CASTORO 180CC, AZUL",CEDIS CDMX,MACROPAY CUAU CENTELLA L37,1302,10,HZ2TCALR2TZ011152,1,$21700.76,0,$0,0,0
BODESA,"MOTO BDS CASTORO 180CC, AZUL",CEDIS CDMX,MACROPAY CUAU CENTELLA L37,1302,10,HZ2TCALR6TZ011641,1,$21700.76,0,$0,0,0
BODESA,"MOTO BDS CASTORO 180CC, AZUL",CEDIS CDMX,MACROPAY CUAU SORIANA TEPALCAPA L1,1533,10,HZ2TCALR1TZ012003,1,$21699.48,0,$0,0,0
BODESA,"MOTO BDS CASTORO 180CC, AZUL",CEDIS CDMX,MACROPAY CUAUTITLAN SORIANA LF-5,1291,10,HZ2TCALR2TZ008817,1,$21699.00,0,$0,0,0
BODESA,"MOTO BDS CASTORO 180CC, AZUL",CEDIS CDMX,MACROPAY CUAUTLA CHEDRAUI CENTRO,1910,10,HZ2TCALR2TZ012026,1,$21699.48,0,$0,0,0
BODESA,"MOTO BDS CASTORO 180CC, AZUL",CEDIS CDMX,MACROPAY EZEQUIEL MONTES CENTRO,1903,10,HZ2TCALR8TZ007333,1,$21699.00,0,$0,0,0
BODESA,"MOTO BDS CASTORO 180CC, AZUL",CEDIS CDMX,MACROPAY GUTIERREZ ZAMORA CENTRO,1776,10,HZ2TCALR1TZ011675,1,$21887.28,0,$0,0,0
BODESA,"MOTO BDS CASTORO 180CC, AZUL",CEDIS CDMX,MACROPAY HUACHINANGO JUAREZ L 1,1219,10,HZ2TCALR7TZ010580,1,$21699.00,0,$0,0,0
BODESA,"MOTO BDS CASTORO 180CC, AZUL",CEDIS CDMX,MACROPAY HUAJUAPAN B. JUAREZ,1129,10,HZ2TCALR0TZ011344,1,$22222.85,0,$0,0,0
BODESA,"MOTO BDS CASTORO 180CC, AZUL",CEDIS CDMX,MACROPAY HUAJUAPAN CENTRO,1779,10,HZ2TCALR1TZ011272,1,$21874.20,0,$0,0,0
BODESA,"MOTO BDS CASTORO 180CC, AZUL",CEDIS CDMX,MACROPAY HUAJUAPAN CENTRO,1779,10,HZ2TCALR3TZ011189,1,$21874.20,0,$0,0,0
BODESA,"MOTO BDS CASTORO 180CC, AZUL",CEDIS CDMX,MACROPAY HUAJUAPAN CENTRO,1779,10,HZ2TCALR6TZ011297,1,$21874.20,0,$0,0,0
BODESA,"MOTO BDS CASTORO 180CC, AZUL",CEDIS CDMX,MACROPAY HUEHUETOCA PLAZA CAÑADA,1873,10,HZ2TCALR7TZ010529,1,$21699.49,0,$0,0,0
BODESA,"MOTO BDS CASTORO 180CC, AZUL",CEDIS CDMX,MACROPAY IGUALA HIDALGO CENTRO,1746,10,HZ2TCALR6TZ008674,1,$21699.57,0,$0,0,0
BODESA,"MOTO BDS CASTORO 180CC, AZUL",CEDIS CDMX,MACROPAY IXMIQUILPAN PLAZA LNL29,1257,10,HZ2TCALR6TZ011994,1,$22086.88,0,$0,0,0
BODESA,"MOTO BDS CASTORO 180CC, AZUL",CEDIS CDMX,MACROPAY IZUCAR PLAZA L6,1555,10,HZ2TCALR6TZ009257,1,$21699.00,0,$0,0,0
BODESA,"MOTO BDS CASTORO 180CC, AZUL",CEDIS CDMX,MACROPAY JOJUTLA CENTRO,1854,10,HZ2TCALR3TZ008647,1,$21699.97,0,$0,0,0
BODESA,"MOTO BDS CASTORO 180CC, AZUL",CEDIS CDMX,MACROPAY JOJUTLA CENTRO,1854,10,HZ2TCALR9TZ009270,1,$21699.97,0,$0,0,0
BODESA,"MOTO BDS CASTORO 180CC, AZUL",CEDIS CDMX,MACROPAY LERMA SORIANA CENTRO L10,1823,10,HZ2TCALR4TZ011220,1,$21703.68,0,$0,0,0
BODESA,"MOTO BDS CASTORO 180CC, AZUL",CEDIS CDMX,MACROPAY MOR PUENTE DE IXTLA,1739,10,HZ2TCALR8TZ011236,1,$21700.76,0,$0,0,0
BODESA,"MOTO BDS CASTORO 180CC, AZUL",CEDIS CDMX,MACROPAY NAOLINCO PLAZA MAYOR,1273,10,3SABD1GD9T1000569,1,$21699.00,0,$0,0,0
BODESA,"MOTO BDS CASTORO 180CC, AZUL",CEDIS CDMX,MACROPAY NICOLAS ROMERO TOWNCENTER LB06,1432,10,HZ2TCALR8TZ012015,1,$21699.48,0,$0,0,0
BODESA,"MOTO BDS CASTORO 180CC, AZUL",CEDIS CDMX,MACROPAY OAXACA AMAPOLAS,1131,10,HZ2TCALR1TZ011627,1,$21703.68,0,$0,0,0
BODESA,"MOTO BDS CASTORO 180CC, AZUL",CEDIS CDMX,MACROPAY ORIZABA NORTE 4 ESQ OTE 3,1881,10,3SABD1GD1T1000758,1,$21699.48,0,$0,0,0
BODESA,"MOTO BDS CASTORO 180CC, AZUL",CEDIS CDMX,MACROPAY ORIZABA NORTE 4 ESQ OTE 3,1881,10,HZ2TCALR4TZ011959,1,$21699.48,0,$0,0,0
BODESA,"MOTO BDS CASTORO 180CC, AZUL",CEDIS CDMX,MACROPAY PACHUCA EXPLANADA RF35,1237,10,HZ2TCALR7TZ011955,1,$22086.88,0,$0,0,0
BODESA,"MOTO BDS CASTORO 180CC, AZUL",CEDIS CDMX,MACROPAY PUE BALCONES DEL SUR L16,1280,10,HZ2TCALR9TZ010550,1,$21699.00,0,$0,0,0
BODESA,"MOTO BDS CASTORO 180CC, AZUL",CEDIS CDMX,MACROPAY PUE MOMOXPAN LB5,1289,10,3SABD1GD0T1000685,1,$21701.29,0,$0,0,0
BODESA,"MOTO BDS CASTORO 180CC, AZUL",CEDIS CDMX,MACROPAY PUE MOMOXPAN LB5,1289,10,HZ2TCALR9TZ007289,1,$21701.29,0,$0,0,0
BODESA,"MOTO BDS CASTORO 180CC, AZUL",CEDIS CDMX,MACROPAY PUE PLAZA DORADA LG,1766,10,HZ2TCALR4TZ011203,1,$21703.68,0,$0,0,0
BODESA,"MOTO BDS CASTORO 180CC, AZUL",CEDIS CDMX,MACROPAY PUE REFORMA,1245,10,HZ2TCALR3TZ012021,1,$21699.48,0,$0,0,0
BODESA,"MOTO BDS CASTORO 180CC, AZUL",CEDIS CDMX,MACROPAY PUEBLA LIBRES CENTRO,1801,10,3SABD1GD8T1000739,1,$21699.00,0,$0,0,0
BODESA,"MOTO BDS CASTORO 180CC, AZUL",CEDIS CDMX,MACROPAY PUEBLA LIBRES CENTRO,1801,10,HZ2TCALR8TZ009325,1,$21699.00,0,$0,0,0
BODESA,"MOTO BDS CASTORO 180CC, AZUL",CEDIS CDMX,MACROPAY QRO WALMART ESFERA,1447,10,3SABD1GD9T1000555,1,$21699.00,0,$0,0,0
BODESA,"MOTO BDS CASTORO 180CC, AZUL",CEDIS CDMX,MACROPAY TEHUACAN 5 SUR,1138,10,3SABD1GDXT1000547,1,$22668.04,0,$0,0,0
BODESA,"MOTO BDS CASTORO 180CC, AZUL",CEDIS CDMX,MACROPAY TENANCINGO CENTRO,1815,10,HZ2TCALR1TZ011496,1,$21703.68,0,$0,0,0
BODESA,"MOTO BDS CASTORO 180CC, AZUL",CEDIS CDMX,MACROPAY TEPATEPEC ZAPATA,1282,10,HZ2TCALR1TZ011708,1,$21772.68,0,$0,0,0
BODESA,"MOTO BDS CASTORO 180CC, AZUL",CEDIS CDMX,MACROPAY TEPEAPULCO CD SAHAGUN L1,1252,10,HZ2TCALR6TZ010165,1,$21699.00,0,$0,0,0
BODESA,"MOTO BDS CASTORO 180CC, AZUL",CEDIS CDMX,MACROPAY TEPOTZOTLAN AV INSURGENTES,1764,10,HZ2TCALR6TZ011638,1,$21699.88,0,$0,0,0
BODESA,"MOTO BDS CASTORO 180CC, AZUL",CEDIS CDMX,MACROPAY TIZAYUCA HIMNO NACIONAL,1426,10,HZ2TCALR2TZ011667,1,$21699.49,0,$0,0,0
BODESA,"MOTO BDS CASTORO 180CC, AZUL",CEDIS CDMX,MACROPAY TLACOLULA AV JUAREZ,1269,10,HZ2TCALR6TZ011199,1,$21699.48,0,$0,0,0
BODESA,"MOTO BDS CASTORO 180CC, AZUL",CEDIS CDMX,MACROPAY TLALNE MULTI VALLE DORADO L25A,1295,10,3SABD1GD6T1000836,1,$21699.49,0,$0,0,0
BODESA,"MOTO BDS CASTORO 180CC, AZUL",CEDIS CDMX,MACROPAY TOLUCA HIDALGO MOTOS,1747,10,HZ2TCALRXTZ010105,1,$21699.00,0,$0,0,0
BODESA,"MOTO BDS CASTORO 180CC, AZUL",CEDIS CDMX,MACROPAY TULANCINGO 1ERO DE MAYO,1248,10,3SABD1GD3T1000650,1,$21699.24,0,$0,0,0
BODESA,"MOTO BDS CASTORO 180CC, AZUL",CEDIS CDMX,MACROPAY TULANCINGO 1ERO DE MAYO,1248,10,HZ2TCALR7TZ011924,1,$21699.24,0,$0,0,0
BODESA,"MOTO BDS CASTORO 180CC, AZUL",CEDIS CDMX,MACROPAY TULANCINGO CUAHUTEMOC L6,1250,10,HZ2TCALR5TZ010593,1,$21699.00,0,$0,0,0
BODESA,"MOTO BDS CASTORO 180CC, AZUL",CEDIS CDMX,MACROPAY TUXPAN CENTRO JUAREZ,1831,10,HZ2TCALR8TZ010586,1,$21699.00,0,$0,0,0
BODESA,"MOTO BDS CASTORO 180CC, AZUL",CEDIS CDMX,MACROPAY TUXPAN MERCADO,1261,10,3SABD1GD0T1000752,1,$21699.00,0,$0,0,0
BODESA,"MOTO BDS CASTORO 180CC, AZUL",CEDIS CDMX,MACROPAY VER CENTRO HIDALGO,1883,10,3SABD1GD0T1000363,1,$21708.88,0,$0,0,0
BODESA,"MOTO BDS CASTORO 180CC, AZUL",CEDIS CDMX,MACROPAY VERACRUZ AV MATAMOROS NORTE,1721,10,HZ2TCALR9TZ011195,1,$21699.90,0,$0,0,0
BODESA,"MOTO BDS CASTORO 180CC, AZUL",CEDIS CDMX,MACROPAY XALAPA REVOLUCIÓN,1254,10,HZ2TCALR0TZ011196,1,$21699.48,0,$0,0,0
BODESA,"MOTO BDS CASTORO 180CC, AZUL",CEDIS CDMX,MACROPAY XOCHIMILCO,1697,10,3SABD1GD0T1000623,1,$21699.44,0,$0,0,0
BODESA,"MOTO BDS CASTORO 180CC, AZUL",CEDIS CDMX,MACROPAY ZAACHILA CENTRO,1777,10,HZ2TCALR0TZ011876,1,$21700.12,0,$0,0,0
BODESA,"MOTO BDS CASTORO 180CC, AZUL",CEDIS CDMX,MACROPAY ZAACHILA CENTRO,1777,10,HZ2TCALR7TZ011521,1,$21700.12,0,$0,0,0
BODESA,"MOTO BDS CASTORO 180CC, AZUL",CEDIS CDMX,MACROPAY ZIMAPAN CORONA,1325,10,HZ2TCALR2TZ011927,1,$21703.68,0,$0,0,0
BODESA,"MOTO BDS CASTORO 180CC, AZUL",CEDIS CDMX,MACROPAY ZIMATLAN CENTRO,1846,10,3SABD1GD6T1000707,1,$21699.88,0,$0,0,0
BODESA,"MOTO BDS CASTORO 180CC, AZUL",CEDIS CDMX,MACROPAY ZIMATLAN CENTRO,1846,10,HZ2TCALR8TZ010491,1,$21699.88,0,$0,0,0
BODESA,"MOTO BDS CASTORO 180CC, AZUL",CEDIS CDMX,MACROPAY ZINACANTEPEC PLAZA MÍA L15,1308,10,HZ2TCALR8TZ011351,1,$21699.00,0,$0,0,0
BODESA,"MOTO BDS CASTORO 180CC, AZUL",CEDIS CDMX,MACROPAY ZUMPANGO AV INSURGENTES,1813,10,HZ2TCALR4TZ011931,1,$21703.67,0,$0,0,0
BODESA,"MOTO BDS CASTORO 180CC, AZUL",CEDIS CDMX,PLAZA CHILPANCINGO,1889,10,HZ2TCALR8TZ011155,1,$21699.48,0,$0,0,0
BODESA,"MOTO BDS CASTORO 180CC, AZUL",CEDIS CDMX,PORTAL LOMAS ESTRELLA CDMX,1896,10,HZ2TCALR1TZ011983,1,$21699.48,0,$0,0,0
BODESA,"MOTO BDS CASTORO 180CC, AZUL",CEDIS CDMX,PUEBLA 18 PONIENTE,1895,10,HZ2TCALR7TZ010160,1,$21699.48,0,$0,0,0
BODESA,"MOTO BDS CASTORO 180CC, AZUL",CEDIS CULIACAN,MACROPAY CD OBREGON CENTRO,1891,10,HZ2TCALR4TZ004011,1,$21699.00,0,$0,0,0
BODESA,"MOTO BDS CASTORO 180CC, AZUL",CEDIS CULIACAN,MACROPAY CULIACAN PABELLON LCA 2,1818,10,HZ2TCALR3TZ010639,1,$21699.00,0,$0,0,0
BODESA,"MOTO BDS CASTORO 180CC, AZUL",CEDIS CULIACAN,MACROPAY CULIACAN PABELLON LCA 2,1818,10,HZ2TCALR4TZ005515,1,$21699.00,0,$0,0,0
BODESA,"MOTO BDS CASTORO 180CC, AZUL",CEDIS CULIACAN,MACROPAY DURANGO CENTRO,1865,10,HZ2TCALR8TZ011057,1,$21699.00,0,$0,0,0
BODESA,"MOTO BDS CASTORO 180CC, AZUL",CEDIS CULIACAN,MACROPAY GUAYMAS CENTRO 112,1882,10,HZ2TCALR8TZ010135,1,$21699.00,0,$0,0,0
BODESA,"MOTO BDS CASTORO 180CC, AZUL",CEDIS CULIACAN,MACROPAY LA PAZ PLAZA PASEO L35,1658,10,3SABD1GD4T1000561,1,$21699.00,0,$0,0,0
BODESA,"MOTO BDS CASTORO 180CC, AZUL",CEDIS GDL,CEDIS MACROPAY GUADALAJARA,25,140,HZ2TCALR7TZ011597,1,$21699.00,0,$0,0,0
BODESA,"MOTO BDS CASTORO 180CC, AZUL",CEDIS GDL,CEDIS MACROPAY GUADALAJARA,25,140,HZ2TCALR7TZ011664,1,$21699.00,0,$0,0,0
BODESA,"MOTO BDS CASTORO 180CC, AZUL",CEDIS GDL,CEDIS MACROPAY GUADALAJARA,25,140,HZ2TCALRXTZ011612,1,$21699.00,0,$0,0,0
BODESA,"MOTO BDS CASTORO 180CC, AZUL",CEDIS GDL,MACROPAY GDL EL FRESNO,1905,10,HZ2TCALR9TZ011651,1,$21699.00,0,$0,0,0
BODESA,"MOTO BDS CASTORO 180CC, AZUL",CEDIS GDL,MACROPAY GDL MOTOS PASEO ALCALDE,1919,10,HZ2TCALR5TZ008830,1,$21699.00,0,$0,0,0
BODESA,"MOTO BDS CASTORO 180CC, AZUL",CEDIS GDL,MACROPAY GDL MOTOS PASEO ALCALDE,1919,10,HZ2TCALR7TZ004424,1,$21699.00,0,$0,0,0
BODESA,"MOTO BDS CASTORO 180CC, AZUL",CEDIS GDL,MACROPAY GDL PASEO ALCALDE,1418,10,HZ2TCALR9TZ011701,1,$21699.00,0,$0,0,0
BODESA,"MOTO BDS CASTORO 180CC, AZUL",CEDIS GDL,MACROPAY ZAMORA MICH FCO I MADERO 288,1706,10,HZ2TCALR7TZ004486,1,$21699.00,0,$0,0,0
BODESA,"MOTO BDS CASTORO 180CC, AZUL",CEDIS MID,MACROPAY BECAL CALLE 30,1058,10,HZ2TCALR5TZ011470,1,$22399.00,0,$0,0,0
BODESA,"MOTO BDS CASTORO 180CC, AZUL",CEDIS MID,MACROPAY CALKINI CALLE 20,1056,10,HZ2TCALR0TZ007391,1,$22375.32,0,$0,0,0
BODESA,"MOTO BDS CASTORO 180CC, AZUL",CEDIS MID,MACROPAY CHT MOTOS OTHON,1738,10,HZ2TCALR4TZ012125,1,$22398.86,0,$0,0,0
BODESA,"MOTO BDS CASTORO 180CC, AZUL",CEDIS MID,MACROPAY CUN PLAZA HEROES MOTOS,1752,10,HZ2TCALR3TZ010561,1,$22937.22,0,$0,0,0
BODESA,"MOTO BDS CASTORO 180CC, AZUL",CEDIS MID,MACROPAY ESCARCEGA J SIERRA MOTOS,1797,10,HZ2TCALRXTZ007124,1,$22399.00,0,$0,0,0
BODESA,"MOTO BDS CASTORO 180CC, AZUL",CEDIS MID,MACROPAY HALACHO CALLE 20,1049,10,3SABD1GD3T1000292,1,$22399.00,0,$0,0,0
BODESA,"MOTO BDS CASTORO 180CC, AZUL",CEDIS MID,MACROPAY HOPELCHEN CALLE 22,1548,10,HZ2TCALR9TZ012136,1,$22399.00,0,$0,0,0
BODESA,"MOTO BDS CASTORO 180CC, AZUL",CEDIS MID,MACROPAY IZAMAL MOTOS,1907,10,HZ2TCALRXTZ011545,1,$22399.00,0,$0,0,0
BODESA,"MOTO BDS CASTORO 180CC, AZUL",CEDIS MID,MACROPAY KANASIN CALLE 21,1454,10,HZ2TCALR2TZ011832,1,$22399.00,0,$0,0,0
BODESA,"MOTO BDS CASTORO 180CC, AZUL",CEDIS MID,MACROPAY MID MONTEPIO,1074,10,HZ2TCALR8TZ011060,1,$22398.86,0,$0,0,0
BODESA,"MOTO BDS CASTORO 180CC, AZUL",CEDIS MID,MACROPAY MID ORIENTE,1017,10,HZ2TCALR9TZ011438,1,$22398.86,0,$0,0,0
BODESA,"MOTO BDS CASTORO 180CC, AZUL",CEDIS MID,MACROPAY MID PLAZA FIESTA,2015,10,HZ2TCALR1TZ012065,1,$22399.00,0,$0,0,0
BODESA,"MOTO BDS CASTORO 180CC, AZUL",CEDIS MID,MACROPAY OXKUTZCAB CALLE 48,1048,10,HZ2TCALR2TZ010650,1,$22399.00,0,$0,0,0
BODESA,"MOTO BDS CASTORO 180CC, AZUL",CEDIS MID,MACROPAY PUERTO MORELOS L9,1103,10,HZ2TCALR5TZ012182,1,$22399.00,0,$0,0,0
BODESA,"MOTO BDS CASTORO 180CC, AZUL",CEDIS MID,MACROPAY TEKIT CALLE 26,1391,10,HZ2TCALR9TZ012122,1,$22399.00,0,$0,0,0
BODESA,"MOTO BDS CASTORO 180CC, AZUL",CEDIS MID,MACROPAY TIZIMIN MERCADO,1053,10,HZ2TCALR3TZ010771,1,$22399.00,0,$0,0,0
BODESA,"MOTO BDS CASTORO 180CC, AZUL",CEDIS MID,MACROPAY TULUM ARRICE MOTOS,1844,10,3SABD1GDXT1000922,1,$22398.43,0,$0,0,0
BODESA,"MOTO BDS CASTORO 180CC, AZUL",CEDIS MID,MACROPAY UMAN MERCADO,1060,10,HZ2TCALR7TZ012068,1,$22398.86,0,$0,0,0
BODESA,"MOTO BDS CASTORO 180CC, AZUL",CEDIS MID,MACROPAY VALLADOLID MOTOS CALLE 39,1748,10,HZ2TCALR5TZ011758,1,$22398.89,0,$0,0,0
BODESA,"MOTO BDS CASTORO 180CC, AZUL",CEDIS SALTILLO,MACROPAY ESCOBEDO CITADINA L03A,1550,10,HZ2TCALR4TZ012044,1,$22199.00,0,$0,0,0
BODESA,"MOTO BDS CASTORO 180CC, AZUL",CEDIS SALTILLO,MACROPAY MATAMOROS CENTRO ABASOLO,1904,10,HZ2TCALRXTZ012047,1,$22199.00,0,$0,0,0
BODESA,"MOTO BDS CASTORO 180CC, AZUL",CEDIS SALTILLO,MACROPAY REYNOSA PLAZA REAL LD006,1581,10,HZ2TCALR9TZ012041,1,$22199.00,0,$0,0,0
BODESA,"MOTO BDS CASTORO 180CC, AZUL",CEDIS SALTILLO,MACROPAY SABINAS CENTRO,1938,10,HZ2TCALR5TZ010688,1,$22199.00,0,$0,0,0
BODESA,"MOTO BDS CASTORO 180CC, AZUL",CEDIS SALTILLO,MACROPAY STA CATARINA SENDERO LC08,1924,10,HZ2TCALR2TZ006338,1,$22199.00,0,$0,0,0
BODESA,"MOTO BDS CASTORO 180CC, AZUL",CEDIS SALTILLO,MACROPAY STA CATARINA SENDERO LC08,1924,10,HZ2TCALR8TZ006375,1,$22199.00,0,$0,0,0
BODESA,"MOTO BDS CASTORO 180CC, AZUL",CEDIS SALTILLO,MACROPAY TORREON CENTRO,1772,10,3SABD1GD5T1000164,1,$21949.00,0,$0,0,0
BODESA,"MOTO BDS CASTORO 180CC, AZUL",CEDIS SAN LUIS,FRESNILLO CENTRO REFORMA,1917,10,HZ2TCALR5TZ009489,1,$21699.00,0,$0,0,0
BODESA,"MOTO BDS CASTORO 180CC, AZUL",CEDIS SAN LUIS,MACROPAY CENTRO HNOS ALDAMA,1817,10,HZ2TCALR5TZ010643,1,$21699.00,0,$0,0,0
BODESA,"MOTO BDS CASTORO 180CC, AZUL",CEDIS SAN LUIS,MACROPAY FRESNILLO CENTRO,1886,10,HZ2TCALR4TZ010682,1,$21699.00,0,$0,0,0
BODESA,"MOTO BDS CASTORO 180CC, AZUL",CEDIS SAN LUIS,MACROPAY SALAMANCA PLAZA VIA ALTA L1018A,1415,10,HZ2TCALR5TZ009539,1,$21699.00,0,$0,0,0
BODESA,"MOTO BDS CASTORO 180CC, AZUL",CEDIS SAN LUIS,MACROPAY SAN FCO DEL RINCON GALERIAS,1822,10,HZ2TCALR9TZ010001,1,$21699.00,0,$0,0,0
BODESA,"MOTO BDS CASTORO 180CC, AZUL",CEDIS SAN LUIS,MACROPAY SAN LUIS DE LA PAZ CENTRO,1855,10,HZ2TCALR5TZ010027,1,$21699.00,0,$0,0,0
BODESA,"MOTO BDS CASTORO 180CC, AZUL",CEDIS SAN LUIS,MACROPAY SLP CENTRO PIPILA,1788,10,HZ2TCALR0TZ011988,1,$21699.00,0,$0,0,0
BODESA,"MOTO BDS CASTORO 180CC, AZUL",CEDIS SAN LUIS,MACROPAY SLP CENTRO PIPILA,1788,10,HZ2TCALR4TZ010049,1,$21699.00,0,$0,0,0
BODESA,"MOTO BDS CASTORO 180CC, AZUL",CEDIS SAN LUIS,MACROPAY SLP RIO VERDE CENTRO,1759,10,HZ2TCALR7TZ007078,1,$21699.00,0,$0,0,0
BODESA,"MOTO BDS CASTORO 180CC, AZUL",CEDIS SAN LUIS,MACROPAY SOLEDAD DE GRACIANO CENTRO,1837,10,HZ2TCALR1TZ010056,1,$21699.00,0,$0,0,0
BODESA,"MOTO BDS CASTORO 180CC, AZUL",CEDIS SAN LUIS,SAN LUIS POTOSI FUNDADORES,1912,10,HZ2TCALR3TZ010009,1,$21699.00,0,$0,0,0
BODESA,"MOTO BDS CASTORO 180CC, AZUL",CEDIS TAB PXGL,CEDIS MACROPAY TABASCO PXGL,14,140,3SABD1GD7T1000733,1,$22399.00,0,$0,0,0
BODESA,"MOTO BDS CASTORO 180CC, AZUL",CEDIS TAB PXGL,MACROPAY ACAYUCAN CENTRO,1789,10,HZ2TCALRXTZ010587,1,$22399.00,0,$0,0,0
BODESA,"MOTO BDS CASTORO 180CC, AZUL",CEDIS TAB PXGL,MACROPAY BERRIOZABAL CENTRAL NORTE L2,1335,10,HZ2TCALR6TZ011378,1,$22399.00,0,$0,0,0
BODESA,"MOTO BDS CASTORO 180CC, AZUL",CEDIS TAB PXGL,MACROPAY BERRIOZABAL CENTRAL NORTE L2,1335,10,HZ2TCALR7TZ011342,1,$22399.00,0,$0,0,0
BODESA,"MOTO BDS CASTORO 180CC, AZUL",CEDIS TAB PXGL,MACROPAY CARDENAS PORTALES CENTRO,1802,10,HZ2TCALR2TZ009241,1,$22399.00,0,$0,0,0
BODESA,"MOTO BDS CASTORO 180CC, AZUL",CEDIS TAB PXGL,MACROPAY COATZA MERCADO MORELOS,1803,10,HZ2TCALR6TZ011834,1,$22399.00,0,$0,0,0
BODESA,"MOTO BDS CASTORO 180CC, AZUL",CEDIS TAB PXGL,MACROPAY COATZACOALCOS JUAREZ MOTOS,1796,10,HZ2TCALR1TZ009229,1,$22399.00,0,$0,0,0
BODESA,"MOTO BDS CASTORO 180CC, AZUL",CEDIS TAB PXGL,MACROPAY COMALCALCO CHEDRAUI L 2,1211,10,HZ2TCALR0TZ011019,1,$22399.00,0,$0,0,0
BODESA,"MOTO BDS CASTORO 180CC, AZUL",CEDIS TAB PXGL,MACROPAY MINATITLAN MIGUEL HID MOTOS,1827,10,HZ2TCALR4TZ010617,1,$22399.00,0,$0,0,0
BODESA,"MOTO BDS CASTORO 180CC, AZUL",CEDIS TAB PXGL,MACROPAY MINATITLAN MIGUEL HID MOTOS,1827,10,HZ2TCALRXTZ010976,1,$22399.00,0,$0,0,0
BODESA,"MOTO BDS CASTORO 180CC, AZUL",CEDIS TAB PXGL,MACROPAY PALENQUE 2ND PONIENTE,1170,10,3SABD1GD6T1000710,1,$22399.00,0,$0,0,0
BODESA,"MOTO BDS CASTORO 180CC, AZUL",CEDIS TAB PXGL,MACROPAY PALENQUE BENITO JUAREZ,1737,10,HZ2TCALRXTZ003915,1,$22399.00,0,$0,0,0
BODESA,"MOTO BDS CASTORO 180CC, AZUL",CEDIS TAB PXGL,MACROPAY PICHUCALCO ZARAGOZA,1276,10,HZ2TCALR3TZ010673,1,$22399.00,0,$0,0,0
BODESA,"MOTO BDS CASTORO 180CC, AZUL",CEDIS TAB PXGL,MACROPAY SAN CRISTOBAL INSURGENTES,1568,10,HZ2TCALR7TZ010725,1,$22399.00,0,$0,0,0
BODESA,"MOTO BDS CASTORO 180CC, AZUL",CEDIS TAB PXGL,MACROPAY TAPACHULA 1A PONIENTE,1175,10,HZ2TCALR4TZ011850,1,$22399.00,0,$0,0,0
BODESA,"MOTO BDS CASTORO 180CC, AZUL",CEDIS TAB PXGL,MACROPAY TUX 5 SUR ORIENTE,1939,10,HZ2TCALR6TZ011459,1,$22399.00,0,$0,0,0
BODESA,"MOTO BDS CASTORO 180CC, AZUL",CEDIS TAB PXGL,MACROPAY VER SAN ANDRES MOTOS,1798,10,HZ2TCALR9TZ010614,1,$22399.00,0,$0,0,0
BODESA,"MOTO BDS CASTORO 180CC, AZUL",CEDIS TAB PXGL,MACROPAY VERACRUZ CD ISLA RAUL SANDOVAL,1760,10,HZ2TCALR1TZ010672,1,$22399.00,0,$0,0,0
BODESA,"MOTO BDS CASTORO 180CC, AZUL",PROVEEDOR,MACROPAY MISION SOLER TIJUANA,1824,10,HZ2TCALR4TZ011184,1,$22879.00,0,$0,0,0
BODESA,"MOTO BDS CASTORO 180CC, AZUL",PROVEEDOR,MACROPAY MISION SOLER TIJUANA,1824,10,HZ2TCALR9TZ011133,1,$22879.00,0,$0,0,0
BODESA,"MOTO BDS CASTORO 180CC, AZUL",VENTA DINAMO,MACROPAY IXHUATAN LIBERTAD,1267,10,3SABD1GD7T1000425,1,$22399.00,0,$0,0,0
BODESA,"MOTO BDS CASTORO 180CC, ORO",CEDIS CDMX,MACROPAY ACAPULCO JESUS CARRANZA,1761,10,HZ2TCALR5TZ004552,1,$21699.00,0,$0,0,0
BODESA,"MOTO BDS CASTORO 180CC, ORO",CEDIS GDL,MACROPAY APATZINGAN CENTRO ANDRADE,1832,10,HZ2TCALR7TZ003029,1,$21699.00,0,$0,0,0
BODESA,"MOTO BDS CASTORO 180CC, ORO",CEDIS GDL,MACROPAY MANZANILLO CENTRO AV MEXICO,1763,10,HZ2TCALR6TZ002941,1,$21699.00,0,$0,0,0
BODESA,"MOTO BDS CASTORO 180CC, ORO",CEDIS GDL,MACROPAY TECOMAN ALDAMA 52,1571,10,3SABD1GD8T1000224,1,$21699.00,0,$0,0,0
BODESA,"MOTO BDS CASTORO 180CC, ORO",CEDIS GDL,MACROPAY TECOMAN ALDAMA 52,1571,10,HZ2TCALR6TZ003068,1,$21699.00,0,$0,0,0
BODESA,"MOTO BDS HAWK 200CC, NEGRO",CEDIS CDMX,IGUALA PLUS CENTRO,1940,10,3SAGE1GA9T1002878,1,$22517.33,0,$0,0,0
BODESA,"MOTO BDS HAWK 200CC, NEGRO",CEDIS CDMX,MACROPAY ACAPULCO MULTIPLAZA PALMAS L20,1751,10,3SAGE1GA1T1002180,1,$22520.12,0,$0,0,0
BODESA,"MOTO BDS HAWK 200CC, NEGRO",CEDIS CDMX,MACROPAY ALAMO CENTRO,1870,10,3SAGE1GA2T1001930,1,$22535.96,0,$0,0,0
BODESA,"MOTO BDS HAWK 200CC, NEGRO",CEDIS CDMX,MACROPAY APIZACO ANTIGUA ESTACION,1208,10,3SAGE1GA7T1002197,1,$22560.10,0,$0,0,0
BODESA,"MOTO BDS HAWK 200CC, NEGRO",CEDIS CDMX,MACROPAY APIZACO CARRANZA,1198,10,3SAGE1GA4T1001993,1,$22560.10,0,$0,0,0
BODESA,"MOTO BDS HAWK 200CC, NEGRO",CEDIS CDMX,MACROPAY BANDERILLA JUAREZ,1202,10,3SAGE1GA1T1001904,1,$22560.11,0,$0,0,0
BODESA,"MOTO BDS HAWK 200CC, NEGRO",CEDIS CDMX,MACROPAY CDMX CHEDRAUI TENAYUCA L6-7,1564,10,3SAGE1GA9T1002234,1,$22560.10,0,$0,0,0
BODESA,"MOTO BDS HAWK 200CC, NEGRO",CEDIS CDMX,MACROPAY CDMX CUAUHTEMOC LE2,1439,10,3SAGE1GA9T1001732,1,$22645.40,0,$0,0,0
BODESA,"MOTO BDS HAWK 200CC, NEGRO",CEDIS CDMX,MACROPAY CDMX PARQUE ALAMEDA L B21,1700,10,3SAGE1GA3T1001810,1,$22572.19,0,$0,0,0
BODESA,"MOTO BDS HAWK 200CC, NEGRO",CEDIS CDMX,MACROPAY CDMX PARQUE JARDIN LB05,1558,10,3SAGE1GA9T1002041,1,$22540.11,0,$0,0,0
BODESA,"MOTO BDS HAWK 200CC, NEGRO",CEDIS CDMX,MACROPAY CDMX PARQUE TEPEYAC L204,1780,10,3SAGE1GA5T1002599,1,$22730.62,0,$0,0,0
BODESA,"MOTO BDS HAWK 200CC, NEGRO",CEDIS CDMX,MACROPAY CDMX PLAZA TLATELOLCO L N1 18,1720,10,3SAGE1GA6T1001543,1,$22572.20,0,$0,0,0
BODESA,"MOTO BDS HAWK 200CC, NEGRO",CEDIS CDMX,MACROPAY CDMX SERVIPLAZA EL ROSARIO,1422,10,3SAGE1GA0T1002106,1,$22560.11,0,$0,0,0
BODESA,"MOTO BDS HAWK 200CC, NEGRO",CEDIS CDMX,MACROPAY CDMX VIA MIXHUCA L4,1315,10,3SAGE1GA9T1002587,1,$22520.12,0,$0,0,0
BODESA,"MOTO BDS HAWK 200CC, NEGRO",CEDIS CDMX,MACROPAY CIUDAD CARDEL AZUETA,1274,10,3SAGE1GA6T1002210,1,$22560.11,0,$0,0,0
BODESA,"MOTO BDS HAWK 200CC, NEGRO",CEDIS CDMX,MACROPAY CRUCECITA HUATULCO EL MADERO L6,1266,10,3SAGE1GA0T1002591,1,$22535.96,0,$0,0,0
BODESA,"MOTO BDS HAWK 200CC, NEGRO",CEDIS CDMX,MACROPAY CUAU CENTRO SAN MIGUEL L15,1303,10,3SAGE1GA8T1002211,1,$22560.10,0,$0,0,0
BODESA,"MOTO BDS HAWK 200CC, NEGRO",CEDIS CDMX,MACROPAY CUAU DE ROMERO PLAZA LD02,1306,10,3SAGE1GA3T1002813,1,$22560.11,0,$0,0,0
BODESA,"MOTO BDS HAWK 200CC, NEGRO",CEDIS CDMX,MACROPAY EL PUEBLITO CITADINA L30,1480,10,3SAGE1GA8T1001883,1,$22499.00,0,$0,0,0
BODESA,"MOTO BDS HAWK 200CC, NEGRO",CEDIS CDMX,MACROPAY EZEQUIEL MONTES CENTRO,1903,10,3SAGE1GA7T1001731,1,$22499.00,0,$0,0,0
BODESA,"MOTO BDS HAWK 200CC, NEGRO",CEDIS CDMX,MACROPAY GUTIERREZ ZAMORA CENTRO,1776,10,3SAGE1GA9T1002122,1,$22730.62,0,$0,0,0
BODESA,"MOTO BDS HAWK 200CC, NEGRO",CEDIS CDMX,MACROPAY HUAJUAPAN B. JUAREZ,1129,10,3SAGE1GA2T1001989,1,$22730.62,0,$0,0,0
BODESA,"MOTO BDS HAWK 200CC, NEGRO",CEDIS CDMX,MACROPAY HUAJUAPAN CENTRO,1779,10,3SAGE1GA1T1002003,1,$22560.10,0,$0,0,0
BODESA,"MOTO BDS HAWK 200CC, NEGRO",CEDIS CDMX,MACROPAY HUAJUAPAN NUYOO,1140,10,3SAGE1GA5T1002179,1,$22606.95,0,$0,0,0
BODESA,"MOTO BDS HAWK 200CC, NEGRO",CEDIS CDMX,MACROPAY JIUTEPEC CUAUHNAHUAC,1869,10,3SAGE1GA9T1002752,1,$22560.10,0,$0,0,0
BODESA,"MOTO BDS HAWK 200CC, NEGRO",CEDIS CDMX,MACROPAY LERMA SORIANA CENTRO L10,1823,10,3SAGE1GAXT1001254,1,$22645.39,0,$0,0,0
BODESA,"MOTO BDS HAWK 200CC, NEGRO",CEDIS CDMX,MACROPAY LOS REYES CENTRO TEPOZAN LC24,1783,10,3SAGE1GA7T1002359,1,$22499.72,0,$0,0,0
BODESA,"MOTO BDS HAWK 200CC, NEGRO",CEDIS CDMX,MACROPAY METEPEC LA PILITA L39,1502,10,3SAGE1GA6T1002272,1,$22520.12,0,$0,0,0
BODESA,"MOTO BDS HAWK 200CC, NEGRO",CEDIS CDMX,MACROPAY MINERAL DE LA REFORMA FELIPE,1397,10,3SAGE1GA0T1002171,1,$22560.11,0,$0,0,0
BODESA,"MOTO BDS HAWK 200CC, NEGRO",CEDIS CDMX,MACROPAY OAX VALERIO TRUJANO,1132,10,3SAGE1GA7T1002054,1,$22606.95,0,$0,0,0
BODESA,"MOTO BDS HAWK 200CC, NEGRO",CEDIS CDMX,MACROPAY OAX VICTORIA,1130,10,3SAGE1GA9T1002704,1,$22594.70,0,$0,0,0
BODESA,"MOTO BDS HAWK 200CC, NEGRO",CEDIS CDMX,MACROPAY PACHUCA IGNACIO ALLENDE,1471,10,3SAGE1GA5T1002134,1,$22673.78,0,$0,0,0
BODESA,"MOTO BDS HAWK 200CC, NEGRO",CEDIS CDMX,MACROPAY PACHUCA VERTICE L13,1288,10,3SAGE1GA6T1002126,1,$22499.11,0,$0,0,0
BODESA,"MOTO BDS HAWK 200CC, NEGRO",CEDIS CDMX,MACROPAY PACHUCA ZARAGOZA 100-B,1453,10,3SAGE1GA4T1002223,1,$22673.78,0,$0,0,0
BODESA,"MOTO BDS HAWK 200CC, NEGRO",CEDIS CDMX,MACROPAY PACHUCA ZARAGOZA 100-B,1453,10,3SAGE1GA8T1001964,1,$22673.78,0,$0,0,0
BODESA,"MOTO BDS HAWK 200CC, NEGRO",CEDIS CDMX,MACROPAY PEROTE HUMBOLDT,1190,10,3SAGE1GA2T1002043,1,$22560.11,0,$0,0,0
BODESA,"MOTO BDS HAWK 200CC, NEGRO",CEDIS CDMX,MACROPAY PLAZA COACALCO CHEDRAUI L1,1611,10,3SAGE1GA8T1001933,1,$22560.10,0,$0,0,0
BODESA,"MOTO BDS HAWK 200CC, NEGRO",CEDIS CDMX,MACROPAY PUE PLAZA DORADA LG,1766,10,3SAGE1GA6T1000571,1,$22499.31,0,$0,0,0
BODESA,"MOTO BDS HAWK 200CC, NEGRO",CEDIS CDMX,MACROPAY PUE SAN JERONIMO L5,1541,10,3SAGE1GA3T1002116,1,$22535.96,0,$0,0,0
BODESA,"MOTO BDS HAWK 200CC, NEGRO",CEDIS CDMX,MACROPAY PUEBLA LIBRES CENTRO,1801,10,3SAGE1GA4T1002089,1,$22499.12,0,$0,0,0
BODESA,"MOTO BDS HAWK 200CC, NEGRO",CEDIS CDMX,MACROPAY QRO WALMART ESFERA,1447,10,3SAGE1GA5T1001680,1,$22519.91,0,$0,0,0
BODESA,"MOTO BDS HAWK 200CC, NEGRO",CEDIS CDMX,MACROPAY TECAMAC MACROPLAZA LF14,1830,10,3SAGE1GA9T1002265,1,$22499.21,0,$0,0,0
BODESA,"MOTO BDS HAWK 200CC, NEGRO",CEDIS CDMX,MACROPAY TECAMAC PLAZA BELLA L E5,1793,10,LGVSMPC04TZ201073,1,$22500.65,0,$0,0,0
BODESA,"MOTO BDS HAWK 200CC, NEGRO",CEDIS CDMX,MACROPAY TECOZAUTLA FRAY SAN JUAN,1327,10,3SAGE1GAXT1002615,1,$22499.73,0,$0,0,0
BODESA,"MOTO BDS HAWK 200CC, NEGRO",CEDIS CDMX,MACROPAY TEHUACAN 5 SUR,1138,10,3SAGE1GA3T1002715,1,$22679.30,0,$0,0,0
BODESA,"MOTO BDS HAWK 200CC, NEGRO",CEDIS CDMX,MACROPAY TEHUACAN EL PASEO L1,1277,10,3SAGE1GA4T1002531,1,$22520.12,0,$0,0,0
BODESA,"MOTO BDS HAWK 200CC, NEGRO",CEDIS CDMX,MACROPAY TEQUISQUIAPAN PZA PEDREGAL LF5,1477,10,3SAGE1GA9T1002511,1,$22520.12,0,$0,0,0
BODESA,"MOTO BDS HAWK 200CC, NEGRO",CEDIS CDMX,MACROPAY TIZAYUCA HIMNO NACIONAL,1426,10,3SAGE1GA0T1003000,1,$22517.33,0,$0,0,0
BODESA,"MOTO BDS HAWK 200CC, NEGRO",CEDIS CDMX,MACROPAY TLALNEPANTLA ENCUENTRO L29,1400,10,3SAGE1GA7T1002961,1,$22560.11,0,$0,0,0
BODESA,"MOTO BDS HAWK 200CC, NEGRO",CEDIS CDMX,MACROPAY TOLUCA CENTRO MATAMOROS 215,1705,10,3SAGE1GA6T1002269,1,$22560.10,0,$0,0,0
BODESA,"MOTO BDS HAWK 200CC, NEGRO",CEDIS CDMX,MACROPAY TOLUCA GRAND PLAZA L7,1433,10,3SAGE1GA7T1002958,1,$22560.10,0,$0,0,0
BODESA,"MOTO BDS HAWK 200CC, NEGRO",CEDIS CDMX,MACROPAY TOLUCA HIDALGO MOTOS,1747,10,3SAGE1GA9T1001908,1,$22616.94,0,$0,0,0
BODESA,"MOTO BDS HAWK 200CC, NEGRO",CEDIS CDMX,MACROPAY TOLUCA MIGUEL HIDALGO,1725,10,3SAGE1GAXT1001979,1,$22560.10,0,$0,0,0
BODESA,"MOTO BDS HAWK 200CC, NEGRO",CEDIS CDMX,MACROPAY VER CENTRO INDEPENDENCIA,1897,10,3SAGE1GA0T1001991,1,$22730.62,0,$0,0,0
BODESA,"MOTO BDS HAWK 200CC, NEGRO",CEDIS CDMX,MACROPAY VERACRUZ AV MATAMOROS NORTE,1721,10,3SAGE1GA0T1002381,1,$22499.53,0,$0,0,0
BODESA,"MOTO BDS HAWK 200CC, NEGRO",CEDIS CDMX,MACROPAY VERACRUZ AV MATAMOROS NORTE,1721,10,3SAGE1GA7T1002510,1,$22499.53,0,$0,0,0
BODESA,"MOTO BDS HAWK 200CC, NEGRO",CEDIS CDMX,MACROPAY ZACATLAN CALLE 5,1166,10,3SAGE1GA4T1002982,1,$22560.10,0,$0,0,0
BODESA,"MOTO BDS HAWK 200CC, NEGRO",CEDIS CDMX,MACROPAY ZACUALTIPAN CALLE OCAMPO,1396,10,3SAGE1GA6T1002014,1,$22730.62,0,$0,0,0
BODESA,"MOTO BDS HAWK 200CC, NEGRO",CEDIS CDMX,MACROPAY ZIMAPAN CORONA,1325,10,3SAGE1GA1T1002048,1,$22679.95,0,$0,0,0
BODESA,"MOTO BDS HAWK 200CC, NEGRO",CEDIS CDMX,MACROPAY ZINACANTEPEC PLAZA MÍA L15,1308,10,3SAGE1GA9T1002217,1,$22673.78,0,$0,0,0
BODESA,"MOTO BDS HAWK 200CC, NEGRO",CEDIS CDMX,TECPAN DE GALEANA CENTRO,1929,10,3SAGE1GA0T1002722,1,$22513.26,0,$0,0,0
BODESA,"MOTO BDS HAWK 200CC, NEGRO",CEDIS CDMX,ZACAPOAXTLA CENTRO PUEBLA,1876,10,LGVSMPC07SZ127212,1,$22560.11,0,$0,0,0
BODESA,"MOTO BDS HAWK 200CC, NEGRO",CEDIS CULIACAN,HERMOSILLO CENTRO MERCADO,1920,10,3SAGE1GA7T1001700,1,$22499.00,0,$0,0,0
BODESA,"MOTO BDS HAWK 200CC, NEGRO",CEDIS CULIACAN,MACROPAY CULIACAN EXPLANADA L33A,1848,10,3SAGE1GAXT1001948,1,$22499.00,0,$0,0,0
BODESA,"MOTO BDS HAWK 200CC, NEGRO",CEDIS CULIACAN,MACROPAY CULIACAN PABELLON LCA 2,1818,10,3SAGE1GA4T1001914,1,$22499.00,0,$0,0,0
BODESA,"MOTO BDS HAWK 200CC, NEGRO",CEDIS CULIACAN,MACROPAY CULIACAN PABELLON LCA 2,1818,10,3SAGE1GA9T1001665,1,$22499.00,0,$0,0,0
BODESA,"MOTO BDS HAWK 200CC, NEGRO",CEDIS CULIACAN,MACROPAY DURANGO CENTRO B JUAREZ,1864,10,3SAGE1GAXT1001917,1,$22499.00,0,$0,0,0
BODESA,"MOTO BDS HAWK 200CC, NEGRO",CEDIS CULIACAN,MACROPAY HERMOSILLO CENTRO NORIEGA,1911,10,3SAGE1GA9T1001939,1,$22499.00,0,$0,0,0
BODESA,"MOTO BDS HAWK 200CC, NEGRO",CEDIS CULIACAN,MACROPAY LA PAZ MERCADO MADERO,1805,10,3SAGE1GA1T1001644,1,$22499.00,0,$0,0,0
BODESA,"MOTO BDS HAWK 200CC, NEGRO",CEDIS CULIACAN,MACROPAY LOS MOCHIS CENTRO,1852,10,3SAGE1GA2T1002138,1,$22499.00,0,$0,0,0
BODESA,"MOTO BDS HAWK 200CC, NEGRO",CEDIS GDL,LOMAS DE POLANCO GUADALAJARA,1884,10,3SAGE1GA1T1002969,1,$22499.00,0,$0,0,0
BODESA,"MOTO BDS HAWK 200CC, NEGRO",CEDIS GDL,LOMAS DE POLANCO GUADALAJARA,1884,10,3SAGE1GA7T1002328,1,$22499.00,0,$0,0,0
BODESA,"MOTO BDS HAWK 200CC, NEGRO",CEDIS GDL,MACROPAY APATZINGAN CENTRO ANDRADE,1832,10,3SAGE1GA1T1002633,1,$22499.00,0,$0,0,0
BODESA,"MOTO BDS HAWK 200CC, NEGRO",CEDIS GDL,MACROPAY APATZINGAN CENTRO ANDRADE,1832,10,3SAGE1GA6T1002465,1,$22499.00,0,$0,0,0
BODESA,"MOTO BDS HAWK 200CC, NEGRO",CEDIS GDL,MACROPAY GDL EL FRESNO,1905,10,3SAGE1GA0T1002882,1,$22499.00,0,$0,0,0
BODESA,"MOTO BDS HAWK 200CC, NEGRO",CEDIS GDL,MACROPAY MANZANILLO CENTRO AV MEXICO,1763,10,3SAGE1GA5T1002943,1,$22499.00,0,$0,0,0
BODESA,"MOTO BDS HAWK 200CC, NEGRO",CEDIS GDL,MACROPAY MANZANILLO PUNTO BAHIA L A13,1736,10,3SAGE1GAXT1002999,1,$22499.00,0,$0,0,0
BODESA,"MOTO BDS HAWK 200CC, NEGRO",CEDIS GDL,MACROPAY MORELIA CENTRO SORIANA L 022,1712,10,3SAGE1GA4T1001721,1,$22499.00,0,$0,0,0
BODESA,"MOTO BDS HAWK 200CC, NEGRO",CEDIS GDL,MACROPAY URUAPAN CENTRO,1816,10,3SAGE1GA0T1002476,1,$22499.00,0,$0,0,0
BODESA,"MOTO BDS HAWK 200CC, NEGRO",CEDIS GDL,MACROPAY ZAMORA MICH FCO I MADERO 288,1706,10,3SAGE1GA5T1001808,1,$22499.00,0,$0,0,0
BODESA,"MOTO BDS HAWK 200CC, NEGRO",CEDIS MID,CEDIS MERIDA,11,140,3SAGE1GA2T1003046,1,$23662.38,0,$0,0,0
BODESA,"MOTO BDS HAWK 200CC, NEGRO",CEDIS MID,CEDIS MERIDA,11,140,3SAGE1GA7T1002765,1,$23662.38,0,$0,0,0
BODESA,"MOTO BDS HAWK 200CC, NEGRO",CEDIS MID,MACROPAY CAMP CALLE 49,1095,10,3SAGE1GA8T1002273,1,$23199.00,0,$0,0,0
BODESA,"MOTO BDS HAWK 200CC, NEGRO",CEDIS MID,MACROPAY CARRILLO PTO CALLE 7,1123,10,3SAGE1GA4T1002402,1,$23199.00,0,$0,0,0
BODESA,"MOTO BDS HAWK 200CC, NEGRO",CEDIS MID,MACROPAY CENOTILLO CALLE 19,1054,10,3SAGE1GA1T1002261,1,$23858.49,0,$0,0,0
BODESA,"MOTO BDS HAWK 200CC, NEGRO",CEDIS MID,MACROPAY CHT MOTOS OTHON,1738,10,3SAGE1GA7T1002927,1,$23410.50,0,$0,0,0
BODESA,"MOTO BDS HAWK 200CC, NEGRO",CEDIS MID,MACROPAY CUN PLAZA HEROES MOTOS,1752,10,3SAGE1GA4T1002707,1,$23662.37,0,$0,0,0
BODESA,"MOTO BDS HAWK 200CC, NEGRO",CEDIS MID,MACROPAY CUN PLAZA HEROES MOTOS,1752,10,3SAGE1GA6T1002739,1,$23662.37,0,$0,0,0
BODESA,"MOTO BDS HAWK 200CC, NEGRO",CEDIS MID,MACROPAY ESCARCEGA J SIERRA MOTOS,1797,10,3SAGE1GA6T1002322,1,$23199.00,0,$0,0,0
BODESA,"MOTO BDS HAWK 200CC, NEGRO",CEDIS MID,MACROPAY ESCARCEGA J SIERRA MOTOS,1797,10,3SAGE1GA7T1002605,1,$23199.00,0,$0,0,0
BODESA,"MOTO BDS HAWK 200CC, NEGRO",CEDIS MID,MACROPAY IZAMAL MOTOS,1907,10,3SAGE1GAXT1002100,1,$23199.00,0,$0,0,0
BODESA,"MOTO BDS HAWK 200CC, NEGRO",CEDIS MID,MACROPAY KANASIN CALLE 21,1454,10,3SAGE1GA7T1002894,1,$23199.00,0,$0,0,0
BODESA,"MOTO BDS HAWK 200CC, NEGRO",CEDIS MID,MACROPAY LEONA VICARIO CTRA FEDERAL,1427,10,3SAGE1GA3T1002200,1,$23199.00,0,$0,0,0
BODESA,"MOTO BDS HAWK 200CC, NEGRO",CEDIS MID,MACROPAY MID CALLE 63,1003,10,3SAGE1GA0T1002977,1,$23430.69,0,$0,0,0
BODESA,"MOTO BDS HAWK 200CC, NEGRO",CEDIS MID,MACROPAY MID CALLE 63,1003,10,3SAGE1GA4T1002979,1,$23430.69,0,$0,0,0
BODESA,"MOTO BDS HAWK 200CC, NEGRO",CEDIS MID,MACROPAY MID EMILIO SEIJO,1069,10,3SAGE1GA1T1002244,1,$23968.09,0,$0,0,0
BODESA,"MOTO BDS HAWK 200CC, NEGRO",CEDIS MID,MACROPAY MID GARCIA REJON,1006,10,3SAGE1GA2T1002804,1,$23662.38,0,$0,0,0
BODESA,"MOTO BDS HAWK 200CC, NEGRO",CEDIS MID,MACROPAY MID KUKULCAN L03,1390,10,3SAGE1GA9T1002136,1,$23199.00,0,$0,0,0
BODESA,"MOTO BDS HAWK 200CC, NEGRO",CEDIS MID,MACROPAY MID MACROPLAZA L B21,1013,10,3SAGE1GA8T1002337,1,$23199.00,0,$0,0,0
BODESA,"MOTO BDS HAWK 200CC, NEGRO",CEDIS MID,MACROPAY MID ORIENTE,1017,10,3SAGE1GA7T1002782,1,$23285.88,0,$0,0,0
BODESA,"MOTO BDS HAWK 200CC, NEGRO",CEDIS MID,MACROPAY OXKUTZCAB CALLE 49,1072,10,3SAGE1GA6T1002336,1,$23199.00,0,$0,0,0
BODESA,"MOTO BDS HAWK 200CC, NEGRO",CEDIS MID,MACROPAY PETO CALLE 31,1093,10,3SAGE1GA8T1001690,1,$23199.00,0,$0,0,0
BODESA,"MOTO BDS HAWK 200CC, NEGRO",CEDIS MID,MACROPAY PLAYA AV JUAREZ PLUS,1909,10,3SAGE1GA1T1002230,1,$24475.68,0,$0,0,0
BODESA,"MOTO BDS HAWK 200CC, NEGRO",CEDIS MID,MACROPAY PROGRESO MOTOS CALLE 27,1934,10,3SAGE1GA3T1002181,1,$24504.52,0,$0,0,0
BODESA,"MOTO BDS HAWK 200CC, NEGRO",CEDIS MID,MACROPAY TECOH CALLE 28,1088,10,3SAGE1GA9T1002203,1,$23199.00,0,$0,0,0
BODESA,"MOTO BDS HAWK 200CC, NEGRO",CEDIS MID,MACROPAY TEKIT CALLE 26,1391,10,3SAGE1GA7T1002152,1,$24044.99,0,$0,0,0
BODESA,"MOTO BDS HAWK 200CC, NEGRO",CEDIS MID,MACROPAY TICUL CALLE 26,1045,10,3SAGE1GA9T1002881,1,$23199.00,0,$0,0,0
BODESA,"MOTO BDS HAWK 200CC, NEGRO",CEDIS MID,MACROPAY TULUM ARRICE MOTOS,1844,10,3SAGE1GA8T1002256,1,$24475.68,0,$0,0,0
BODESA,"MOTO BDS HAWK 200CC, NEGRO",CEDIS MID,MACROPAY TULUM CHEDRAUI L01 PLUS,1916,10,3SAGE1GAXT1001626,1,$23199.00,0,$0,0,0
BODESA,"MOTO BDS HAWK 200CC, NEGRO",CEDIS MID,MACROPAY TZUCACAB CALLE 20,1531,10,3SAGE1GA6T1001977,1,$24045.00,0,$0,0,0
BODESA,"MOTO BDS HAWK 200CC, NEGRO",CEDIS MID,MACROPAY VALLADOLID MOTOS CALLE 39,1748,10,3SAGE1GA6T1001669,1,$23199.00,0,$0,0,0
BODESA,"MOTO BDS HAWK 200CC, NEGRO",CEDIS MID,MACROPAY VALLADOLID MOTOS CALLE 39,1748,10,3SAGE1GAXT1001237,1,$23199.00,0,$0,0,0
BODESA,"MOTO BDS HAWK 200CC, NEGRO",CEDIS SALTILLO,MACROPAY SALTILLO SENDERO SUR LE7-9,1923,10,3SAGE1GA6T1001557,1,$22999.00,0,$0,0,0
BODESA,"MOTO BDS HAWK 200CC, NEGRO",CEDIS SALTILLO,MACROPAY TORREON CENTRO,1772,10,3SAGE1GA5T1002425,1,$22999.00,0,$0,0,0
BODESA,"MOTO BDS HAWK 200CC, NEGRO",CEDIS SALTILLO,MACROPAY TORREON SORIANA INDEPEND L8,1719,10,3SAGE1GA3T1001726,1,$22999.00,0,$0,0,0
BODESA,"MOTO BDS HAWK 200CC, NEGRO",CEDIS SAN LUIS,MACROPAY CENTRO HNOS ALDAMA,1817,10,3SAGE1GA8T1002001,1,$22499.00,0,$0,0,0
BODESA,"MOTO BDS HAWK 200CC, NEGRO",CEDIS SAN LUIS,MACROPAY SALAMANCA PLAZA VIA ALTA L1018A,1415,10,3SAGE1GA7T1002250,1,$22499.00,0,$0,0,0
BODESA,"MOTO BDS HAWK 200CC, NEGRO",CEDIS SAN LUIS,MACROPAY SLP CALLEJON DEL CODO,1639,10,3SAGE1GA7T1001826,1,$22499.00,0,$0,0,0
BODESA,"MOTO BDS HAWK 200CC, NEGRO",CEDIS SAN LUIS,MACROPAY TAMPICO CENTRO ADUANA,1753,10,3SAGE1GA1T1001286,1,$22499.00,0,$0,0,0
BODESA,"MOTO BDS HAWK 200CC, NEGRO",CEDIS SAN LUIS,MACROPAY TAMPICO CENTRO LOPEZ DE LARA,1775,10,3SAGE1GA7T1001597,1,$22499.00,0,$0,0,0
BODESA,"MOTO BDS HAWK 200CC, NEGRO",CEDIS TAB PXGL,CEDIS MACROPAY TABASCO PXGL,14,140,3SAGE1GA4T1002691,1,$23540.78,0,$0,0,0
BODESA,"MOTO BDS HAWK 200CC, NEGRO",CEDIS TAB PXGL,CEDIS MACROPAY TABASCO PXGL,14,140,3SAGE1GA4T1002822,1,$23540.78,0,$0,0,0
BODESA,"MOTO BDS HAWK 200CC, NEGRO",CEDIS TAB PXGL,CEDIS MACROPAY TABASCO PXGL,14,140,3SAGE1GA8T1002709,1,$23540.78,0,$0,0,0
BODESA,"MOTO BDS HAWK 200CC, NEGRO",CEDIS TAB PXGL,CEDIS MACROPAY TABASCO PXGL,14,140,3SAGE1GA9T1002685,1,$23540.78,0,$0,0,0
BODESA,"MOTO BDS HAWK 200CC, NEGRO",CEDIS TAB PXGL,CEDIS MACROPAY TABASCO PXGL,14,140,3SAGE1GA9T1002718,1,$23540.78,0,$0,0,0
BODESA,"MOTO BDS HAWK 200CC, NEGRO",CEDIS TAB PXGL,MACROPAY CARDENAS PORTALES CENTRO,1802,10,3SAGE1GA4T1002075,1,$23199.00,0,$0,0,0
BODESA,"MOTO BDS HAWK 200CC, NEGRO",CEDIS TAB PXGL,MACROPAY CD DEL CARMEN CALLE 22,1773,10,3SAGE1GA4T1003047,1,$23199.00,0,$0,0,0
BODESA,"MOTO BDS HAWK 200CC, NEGRO",CEDIS TAB PXGL,MACROPAY CD DEL CARMEN CALLE 22 MOTOS,1811,10,3SAGE1GA4T1002514,1,$23199.00,0,$0,0,0
BODESA,"MOTO BDS HAWK 200CC, NEGRO",CEDIS TAB PXGL,MACROPAY CD DEL CARMEN ZENTRALIA,1064,10,3SAGE1GA6T1001865,1,$23199.00,0,$0,0,0
BODESA,"MOTO BDS HAWK 200CC, NEGRO",CEDIS TAB PXGL,MACROPAY COATZA MERCADO MORELOS,1803,10,3SAGE1GA1T1001434,1,$23199.00,0,$0,0,0
BODESA,"MOTO BDS HAWK 200CC, NEGRO",CEDIS TAB PXGL,MACROPAY COATZACOALCOS JUAREZ MOTOS,1796,10,3SAGE1GA5T1002022,1,$23219.04,0,$0,0,0
BODESA,"MOTO BDS HAWK 200CC, NEGRO",CEDIS TAB PXGL,MACROPAY COATZACOALCOS JUAREZ MOTOS,1796,10,3SAGE1GA7T1002801,1,$23219.04,0,$0,0,0
BODESA,"MOTO BDS HAWK 200CC, NEGRO",CEDIS TAB PXGL,MACROPAY EMILIANO ZAPATA CORREGIDORA,1188,10,3SAGE1GA3T1002732,1,$23199.00,0,$0,0,0
BODESA,"MOTO BDS HAWK 200CC, NEGRO",CEDIS TAB PXGL,MACROPAY MACUSPANA MIGUEL H 332,1094,10,3SAGE1GA6T1002742,1,$23328.62,0,$0,0,0
BODESA,"MOTO BDS HAWK 200CC, NEGRO",CEDIS TAB PXGL,MACROPAY MACUSPANA MOTOS,1901,10,3SAGE1GA3T1002987,1,$23328.62,0,$0,0,0
BODESA,"MOTO BDS HAWK 200CC, NEGRO",CEDIS TAB PXGL,MACROPAY MINATITLAN MIGUEL HID MOTOS,1827,10,3SAGE1GA9T1001911,1,$23199.00,0,$0,0,0
BODESA,"MOTO BDS HAWK 200CC, NEGRO",CEDIS TAB PXGL,MACROPAY MINATITLAN MIGUEL HIDALGO,1375,10,3SAGE1GAXT1001870,1,$23199.00,0,$0,0,0
BODESA,"MOTO BDS HAWK 200CC, NEGRO",CEDIS TAB PXGL,MACROPAY MOTOZINTLA LAS CANOAS,1193,10,3SAGE1GA6T1001560,1,$23199.00,0,$0,0,0
BODESA,"MOTO BDS HAWK 200CC, NEGRO",CEDIS TAB PXGL,MACROPAY TIERRA BLANCA CENTRO,1771,10,3SAGE1GA0T1002350,1,$23199.00,0,$0,0,0
BODESA,"MOTO BDS HAWK 200CC, NEGRO",CEDIS TAB PXGL,MACROPAY TUX MOTOS NOVENA SUR,1875,10,3SAGE1GA9T1003013,1,$23326.68,0,$0,0,0
BODESA,"MOTO BDS HAWK 200CC, NEGRO",CEDIS TAB PXGL,MACROPAY TUXTEPEC 20 DE NOV,1134,10,3SAGE1GA1T1002101,1,$23199.00,0,$0,0,0
BODESA,"MOTO BDS HAWK 200CC, NEGRO",CEDIS TAB PXGL,MACROPAY TUXTLA TERAN 2 ORIENTE,1613,10,3SAGE1GA4T1001671,1,$23199.00,0,$0,0,0
BODESA,"MOTO BDS HAWK 200CC, NEGRO",CEDIS TAB PXGL,MACROPAY VER SAN ANDRES MOTOS,1798,10,3SAGE1GA6T1002711,1,$23199.00,0,$0,0,0
BODESA,"MOTO BDS HAWK 200CC, NEGRO",CEDIS TAB PXGL,MACROPAY VILLA LERDO DE TEJADA 2 316,1768,10,3SAGE1GA9T1001987,1,$23432.35,0,$0,0,0
BODESA,"MOTO BDS HAWK 200CC, NEGRO",CEDIS TAB PXGL,MACROPAY VILLA MADERO 939,1127,10,3SAGE1GA8T1003004,1,$23432.35,0,$0,0,0
BODESA,"MOTO BDS HAWK 200CC, NEGRO",PROVEEDOR,ENSENADA CENTRO GASTELUM,1949,10,3SAGE1GA7T1002992,1,$23679.00,0,$0,0,0
BODESA,"MOTO BDS HAWK 200CC, NEGRO",PROVEEDOR,ENSENADA CENTRO GASTELUM,1949,10,3SAGE1GA9T1002797,1,$23679.00,0,$0,0,0
BODESA,"MOTO BDS HAWK 200CC, NEGRO",PROVEEDOR,MACROPAY MISION SOLER TIJUANA,1824,10,3SAGE1GA0T1002221,1,$23679.00,0,$0,0,0
BODESA,"MOTO BDS HAWK 200CC, NEGRO",PROVEEDOR,MACROPAY MISION SOLER TIJUANA,1824,10,3SAGE1GA4T1002786,1,$23679.00,0,$0,0,0
BODESA,"MOTO BDS HAWK 200CC, NEGRO",PROVEEDOR,MACROPAY MISION SOLER TIJUANA,1824,10,3SAGE1GA7T1002233,1,$23679.00,0,$0,0,0
BODESA,"MOTO BDS HAWK 200CC, NEGRO",PROVEEDOR,MACROPAY MISION SOLER TIJUANA,1824,10,3SAGE1GAXT1002887,1,$23679.00,0,$0,0,0
BODESA,"MOTO BDS HAWK 200CC, NEGRO",VENTA DINAMO,MACROPAY SALINA CRUZ PABELLON L5,1142,10,3SAGE1GA4T1002738,1,$23239.08,0,$0,0,0
BODESA,"MOTO BDS HAWK 250CC, AZUL",CEDIS CDMX,MACROPAY APAN REFORMA,1366,10,3SAAF1GA3T1000854,1,$24999.00,0,$0,0,0
BODESA,"MOTO BDS HAWK 250CC, AZUL",CEDIS CDMX,MACROPAY ATIZAPAN SORIANA VILL HACIENDA,1461,10,3SAAF1GA4V1001790,1,$24999.00,0,$0,0,0
BODESA,"MOTO BDS HAWK 250CC, AZUL",CEDIS CDMX,MACROPAY CDMX COLONIA PORTALES,1735,10,LGVSNPC05TZ202083,1,$24999.00,0,$0,0,0
BODESA,"MOTO BDS HAWK 250CC, AZUL",CEDIS CDMX,MACROPAY CDMX COYOACAN CANTIL L20,1614,10,LGVSNPC00TZ202024,1,$24999.00,0,$0,0,0
BODESA,"MOTO BDS HAWK 250CC, AZUL",CEDIS CDMX,MACROPAY CDMX PLAZA EXHIBIMEX L16,1403,10,3SAAF1GA2T1001106,1,$24999.00,0,$0,0,0
BODESA,"MOTO BDS HAWK 250CC, AZUL",CEDIS CDMX,MACROPAY CHIMALHUACAN SORIANA PEÑON L1,1566,10,LGVSNPC07TZ202098,1,$24999.00,0,$0,0,0
BODESA,"MOTO BDS HAWK 250CC, AZUL",CEDIS CDMX,MACROPAY COYOTEPEC P DE LA CONSTITUCION,1425,10,3SAAF1GA6V1001662,1,$24999.00,0,$0,0,0
BODESA,"MOTO BDS HAWK 250CC, AZUL",CEDIS CDMX,MACROPAY CUAU CENTRO SAN MIGUEL L15,1303,10,3SAAF1GA7V1001573,1,$24999.00,0,$0,0,0
BODESA,"MOTO BDS HAWK 250CC, AZUL",CEDIS CDMX,MACROPAY EZEQUIEL MONTES CENTRO,1903,10,3SAAF1GA4T1001429,1,$24999.00,0,$0,0,0
BODESA,"MOTO BDS HAWK 250CC, AZUL",CEDIS CDMX,MACROPAY LERMA SORIANA CENTRO L10,1823,10,3SAAF1GA6T1001013,1,$24999.00,0,$0,0,0
BODESA,"MOTO BDS HAWK 250CC, AZUL",CEDIS CDMX,MACROPAY LERMA SORIANA CENTRO L10,1823,10,LGVSNPC02TZ202140,1,$24999.00,0,$0,0,0
BODESA,"MOTO BDS HAWK 250CC, AZUL",CEDIS CDMX,MACROPAY MEXICALTZINGO NARCISO MENDOZA,1787,10,3SAAF1GA4T1001480,1,$24999.00,0,$0,0,0
BODESA,"MOTO BDS HAWK 250CC, AZUL",CEDIS CDMX,MACROPAY NAUCALPAN SAN MATEO L2,1600,10,3SAAF1GA1T1000884,1,$24999.00,0,$0,0,0
BODESA,"MOTO BDS HAWK 250CC, AZUL",CEDIS CDMX,MACROPAY OAX ALDAMA,1153,10,3SAAF1GAXT1000933,1,$24999.00,0,$0,0,0
BODESA,"MOTO BDS HAWK 250CC, AZUL",CEDIS CDMX,MACROPAY PACHUCA VERTICE L13,1288,10,3SAAF1GA3T1001180,1,$24999.00,0,$0,0,0
BODESA,"MOTO BDS HAWK 250CC, AZUL",CEDIS CDMX,MACROPAY PACHUCA VICENTE GUERRERO,1319,10,LGVSNPC03TZ202129,1,$24999.00,0,$0,0,0
BODESA,"MOTO BDS HAWK 250CC, AZUL",CEDIS CDMX,MACROPAY TECAMAC MACROPLAZA LF14,1830,10,LGVSNPC09TZ202135,1,$24999.00,0,$0,0,0
BODESA,"MOTO BDS HAWK 250CC, AZUL",CEDIS CDMX,MACROPAY TECAMAC SORIANA MDO II L4-5,1605,10,LGVSNPC08TZ202045,1,$24999.00,0,$0,0,0
BODESA,"MOTO BDS HAWK 250CC, AZUL",CEDIS CDMX,MACROPAY TIZAYUCA HIMNO NACIONAL,1426,10,3SAAF1GAXV1001633,1,$24999.00,0,$0,0,0
BODESA,"MOTO BDS HAWK 250CC, AZUL",CEDIS CDMX,MACROPAY TLALNEPANTLA CENTRO,1902,10,3SAAF1GA0T1000973,1,$24999.00,0,$0,0,0
BODESA,"MOTO BDS HAWK 250CC, AZUL",CEDIS CDMX,MACROPAY TLALNEPANTLA CENTRO,1902,10,3SAAF1GA1T1001260,1,$24999.00,0,$0,0,0
BODESA,"MOTO BDS HAWK 250CC, AZUL",CEDIS CDMX,MACROPAY TLANALAPA 16 DE ENERO,1243,10,LGVSNPC0XTZ111083,1,$24999.00,0,$0,0,0
BODESA,"MOTO BDS HAWK 250CC, AZUL",CEDIS CDMX,MACROPAY TUXPAN MERCADO,1261,10,3SAAF1GA3T1001454,1,$24999.00,0,$0,0,0
BODESA,"MOTO BDS HAWK 250CC, AZUL",CEDIS CDMX,MACROPAY XOCHIMILCO,1697,10,3SAAF1GA8V1001842,1,$24999.00,0,$0,0,0
BODESA,"MOTO BDS HAWK 250CC, AZUL",CEDIS CDMX,MACROPAY ZINACANTEPEC PLAZA MÍA L15,1308,10,3SAAF1GA6V1001564,1,$24999.00,0,$0,0,0
BODESA,"MOTO BDS HAWK 250CC, AZUL",CEDIS CULIACAN,MACROPAY CD OBREGON CENTRO,1891,10,LGVSNPC07TZ202067,1,$24999.00,0,$0,0,0
BODESA,"MOTO BDS HAWK 250CC, AZUL",CEDIS CULIACAN,MACROPAY DURANGO CENTRO B JUAREZ,1864,10,3SAAF1GA7T1001506,1,$24999.00,0,$0,0,0
BODESA,"MOTO BDS HAWK 250CC, AZUL",CEDIS CULIACAN,MACROPAY GUAYMAS CENTRO 112,1882,10,3SAAF1GA9T1001300,1,$24999.00,0,$0,0,0
BODESA,"MOTO BDS HAWK 250CC, AZUL",CEDIS CULIACAN,MACROPAY HERMOSILLO PATIO L06D,1922,10,3SAAF1GAXT1001421,1,$24999.00,0,$0,0,0
BODESA,"MOTO BDS HAWK 250CC, AZUL",CEDIS CULIACAN,MACROPAY LA PAZ PLAZA ALAMEDA L3,1659,10,3SAAF1GA6T1001190,1,$24999.00,0,$0,0,0
BODESA,"MOTO BDS HAWK 250CC, AZUL",CEDIS GDL,CEDIS MACROPAY GUADALAJARA,25,140,3SAAF1GA0V1001558,1,$24999.00,0,$0,0,0
BODESA,"MOTO BDS HAWK 250CC, AZUL",CEDIS GDL,CEDIS MACROPAY GUADALAJARA,25,140,3SAAF1GA1V1001813,1,$24999.00,0,$0,0,0
BODESA,"MOTO BDS HAWK 250CC, AZUL",CEDIS GDL,CEDIS MACROPAY GUADALAJARA,25,140,3SAAF1GA3V1001523,1,$24999.00,0,$0,0,0
BODESA,"MOTO BDS HAWK 250CC, AZUL",CEDIS GDL,CEDIS MACROPAY GUADALAJARA,25,140,3SAAF1GA5V1001619,1,$24999.00,0,$0,0,0
BODESA,"MOTO BDS HAWK 250CC, AZUL",CEDIS GDL,CEDIS MACROPAY GUADALAJARA,25,140,3SAAF1GA7V1001606,1,$24999.00,0,$0,0,0
BODESA,"MOTO BDS HAWK 250CC, AZUL",CEDIS GDL,CEDIS MACROPAY GUADALAJARA,25,140,3SAAF1GAXV1001647,1,$24999.00,0,$0,0,0
BODESA,"MOTO BDS HAWK 250CC, AZUL",CEDIS GDL,COLIMA PLAZA SAN FERNANDO,1947,10,LGVSNPC0XTZ202130,1,$24999.00,0,$0,0,0
BODESA,"MOTO BDS HAWK 250CC, AZUL",CEDIS GDL,MACROPAY APATZINGAN CENTRO ANDRADE,1832,10,3SAAF1GA0T1001458,1,$24999.00,0,$0,0,0
BODESA,"MOTO BDS HAWK 250CC, AZUL",CEDIS GDL,MACROPAY GDL EL FRESNO,1905,10,3SAAF1GA4T1001205,1,$24999.00,0,$0,0,0
BODESA,"MOTO BDS HAWK 250CC, AZUL",CEDIS MID,MACROPAY CHT MOTOS OTHON,1738,10,3SAAF1GA6T1001187,1,$25699.00,0,$0,0,0
BODESA,"MOTO BDS HAWK 250CC, AZUL",CEDIS MID,MACROPAY CUN PLAZA HEROES MOTOS,1752,10,3SAAF1GA2T1001221,1,$25699.00,0,$0,0,0
BODESA,"MOTO BDS HAWK 250CC, AZUL",CEDIS MID,MACROPAY CUN PLAZA HEROES MOTOS,1752,10,3SAAF1GAXT1001225,1,$25699.00,0,$0,0,0
BODESA,"MOTO BDS HAWK 250CC, AZUL",CEDIS MID,MACROPAY ESCARCEGA H. MARTINEZ,1098,10,3SAAF1GA0T1001475,1,$25699.00,0,$0,0,0
BODESA,"MOTO BDS HAWK 250CC, AZUL",CEDIS MID,MACROPAY ESCARCEGA J SIERRA MOTOS,1797,10,3SAAF1GA0T1001234,1,$25699.00,0,$0,0,0
BODESA,"MOTO BDS HAWK 250CC, AZUL",CEDIS MID,MACROPAY MID EMILIO SEIJO,1069,10,3SAAF1GAXT1001192,1,$26775.72,0,$0,0,0
BODESA,"MOTO BDS HAWK 250CC, AZUL",CEDIS MID,MACROPAY PLAYA AV JUAREZ PLUS,1909,10,3SAAF1GA3T1001177,1,$25699.00,0,$0,0,0
BODESA,"MOTO BDS HAWK 250CC, AZUL",CEDIS MID,MACROPAY PROGRESO MOTOS CALLE 27,1934,10,3SAAF1GA7T1001425,1,$25699.00,0,$0,0,0
BODESA,"MOTO BDS HAWK 250CC, AZUL",CEDIS MID,MACROPAY PUERTO MORELOS L9,1103,10,3SAAF1GA7T1001375,1,$25699.00,0,$0,0,0
BODESA,"MOTO BDS HAWK 250CC, AZUL",CEDIS MID,MACROPAY TULUM ARRICE MOTOS,1844,10,3SAAF1GA7T1001151,1,$26775.72,0,$0,0,0
BODESA,"MOTO BDS HAWK 250CC, AZUL",CEDIS MID,MACROPAY TULUM CHEDRAUI L01 PLUS,1916,10,3SAAF1GA0T1001461,1,$25699.00,0,$0,0,0
BODESA,"MOTO BDS HAWK 250CC, AZUL",CEDIS SALTILLO,MACROPAY ESCOBEDO MI TIENDA L16E,1525,10,3SAAF1GA7T1001490,1,$25499.00,0,$0,0,0
BODESA,"MOTO BDS HAWK 250CC, AZUL",CEDIS SALTILLO,MACROPAY MATAMOROS CENTRO ABASOLO,1904,10,LGVSNPC09TZ202023,1,$25499.00,0,$0,0,0
BODESA,"MOTO BDS HAWK 250CC, AZUL",CEDIS SALTILLO,MACROPAY RIO BRAVO MI TIENDA DEL AHORRO,1635,10,3SAAF1GAXT1001239,1,$25499.00,0,$0,0,0
BODESA,"MOTO BDS HAWK 250CC, AZUL",CEDIS SALTILLO,MACROPAY TORREON CENTRO,1772,10,LGVSNPC09TZ202054,1,$25499.00,0,$0,0,0
BODESA,"MOTO BDS HAWK 250CC, AZUL",CEDIS SALTILLO,MACROPAY TORREON CENTRO HIDALGO,1941,10,3SAAF1GA4T1001494,1,$25499.00,0,$0,0,0
BODESA,"MOTO BDS HAWK 250CC, AZUL",CEDIS SAN LUIS,CD MANTE CENTRO,1888,10,3SAAF1GA9T1001412,1,$24999.00,0,$0,0,0
BODESA,"MOTO BDS HAWK 250CC, AZUL",CEDIS SAN LUIS,CEDIS SAN LUIS,27,140,LGVSNPC05TZ202133,1,$24999.00,0,$0,0,0
BODESA,"MOTO BDS HAWK 250CC, AZUL",CEDIS SAN LUIS,MACROPAY AGUASCALIENTES V ASUNCION,1857,10,3SAAF1GA7T1001408,1,$24999.00,0,$0,0,0
BODESA,"MOTO BDS HAWK 250CC, AZUL",CEDIS SAN LUIS,MACROPAY IRAPUATO FRAGARIA LB05,1530,10,LGVSNPC09TZ202152,1,$24999.00,0,$0,0,0
BODESA,"MOTO BDS HAWK 250CC, AZUL",CEDIS SAN LUIS,MACROPAY SALAMANCA PLAZA VIA ALTA L1018A,1415,10,3SAAF1GA8T1001420,1,$24999.00,0,$0,0,0
BODESA,"MOTO BDS HAWK 250CC, AZUL",CEDIS SAN LUIS,MACROPAY SAN LUIS DE LA PAZ CENTRO,1855,10,LGVSNPC01TZ202159,1,$24999.00,0,$0,0,0
BODESA,"MOTO BDS HAWK 250CC, AZUL",CEDIS SAN LUIS,MACROPAY TAMPICO CENTRO ADUANA,1753,10,3SAAF1GA4T1001253,1,$24999.00,0,$0,0,0
BODESA,"MOTO BDS HAWK 250CC, AZUL",CEDIS TAB PXGL,MACROPAY AGUA DULCE OBRERA,1749,10,3SAAF1GA6T1001304,1,$25699.00,0,$0,0,0
BODESA,"MOTO BDS HAWK 250CC, AZUL",CEDIS TAB PXGL,MACROPAY CARDENAS CENTRAL,1743,10,3SAAF1GA0T1001492,1,$25699.00,0,$0,0,0
BODESA,"MOTO BDS HAWK 250CC, AZUL",CEDIS TAB PXGL,MACROPAY CARDENAS PORTALES CENTRO,1802,10,LGVSNPC06TZ202089,1,$25699.00,0,$0,0,0
BODESA,"MOTO BDS HAWK 250CC, AZUL",CEDIS TAB PXGL,MACROPAY CD CARMEN CALLE 20,1090,10,LGVSNPC00TZ202041,1,$25699.00,0,$0,0,0
BODESA,"MOTO BDS HAWK 250CC, AZUL",CEDIS TAB PXGL,MACROPAY CD DEL CARMEN CALLE 22 MOTOS,1811,10,3SAAF1GA3T1001194,1,$25699.00,0,$0,0,0
BODESA,"MOTO BDS HAWK 250CC, AZUL",CEDIS TAB PXGL,MACROPAY COATZACOALCOS JUAREZ,1429,10,LGVSNPC09TZ202099,1,$25699.00,0,$0,0,0
BODESA,"MOTO BDS HAWK 250CC, AZUL",CEDIS TAB PXGL,MACROPAY COATZACOALCOS JUAREZ MOTOS,1796,10,3SAAF1GA1T1001310,1,$25699.00,0,$0,0,0
BODESA,"MOTO BDS HAWK 250CC, AZUL",CEDIS TAB PXGL,MACROPAY COMALCALCO REFORMA,1218,10,LGVSNPC08TZ202014,1,$25699.00,0,$0,0,0
BODESA,"MOTO BDS HAWK 250CC, AZUL",CEDIS TAB PXGL,MACROPAY FORUM COATZACOALCOS ,3004,10,3SAAF1GA1T1001307,1,$25699.00,0,$0,0,0
BODESA,"MOTO BDS HAWK 250CC, AZUL",CEDIS TAB PXGL,MACROPAY HUIXTLA ZARAGOZA,1184,10,3SAAF1GA6T1001206,1,$25699.00,0,$0,0,0
BODESA,"MOTO BDS HAWK 250CC, AZUL",CEDIS TAB PXGL,MACROPAY JUAN RODRIGUEZ VER CENTRO,1860,10,3SAAF1GA9T1001183,1,$25699.00,0,$0,0,0
BODESA,"MOTO BDS HAWK 250CC, AZUL",CEDIS TAB PXGL,MACROPAY MACUSPANA MOTOS,1901,10,3SAAF1GA5T1001195,1,$25699.00,0,$0,0,0
BODESA,"MOTO BDS HAWK 250CC, AZUL",CEDIS TAB PXGL,MACROPAY MINATITLAN MIGUEL HID MOTOS,1827,10,3SAAF1GA9T1001085,1,$25699.00,0,$0,0,0
BODESA,"MOTO BDS HAWK 250CC, AZUL",CEDIS TAB PXGL,MACROPAY PALENQUE 2ND PONIENTE,1170,10,LGVSNPC04TZ202141,1,$25699.00,0,$0,0,0
BODESA,"MOTO BDS HAWK 250CC, AZUL",CEDIS TAB PXGL,MACROPAY TAPACHULA AV NORTE,1109,10,LGVSNPC06TZ202013,1,$25699.00,0,$0,0,0
BODESA,"MOTO BDS HAWK 250CC, AZUL",CEDIS TAB PXGL,MACROPAY TUX AMBAR L1N-22,1290,10,3SAAF1GA3T1001390,1,$25699.00,0,$0,0,0
BODESA,"MOTO BDS HAWK 250CC, AZUL",CEDIS TAB PXGL,MACROPAY TUX CALLE SEGUNDA,1177,10,LGVSNPC05TZ202021,1,$25699.00,0,$0,0,0
BODESA,"MOTO BDS HAWK 250CC, AZUL",CEDIS TAB PXGL,MACROPAY TUX MOTOS NOVENA SUR,1875,10,LGVSNPC09TZ202085,1,$25699.00,0,$0,0,0
BODESA,"MOTO BDS HAWK 250CC, AZUL",CEDIS TAB PXGL,MACROPAY TUXTEPEC 20 DE NOV,1134,10,LGVSNPC06TZ202044,1,$25699.00,0,$0,0,0
BODESA,"MOTO BDS HAWK 250CC, AZUL",CEDIS TAB PXGL,MACROPAY VER SAN ANDRES MOTOS,1798,10,3SAAF1GA9T1001233,1,$25699.00,0,$0,0,0
BODESA,"MOTO BDS HAWK 250CC, AZUL",CEDIS TAB PXGL,MACROPAY VER SAN ANDRES MOTOS,1798,10,LGVSNPC05TZ202018,1,$25699.00,0,$0,0,0
BODESA,"MOTO BDS HAWK 250CC, AZUL",CEDIS TAB PXGL,MACROPAY VERACRUZ CD ISLA RAUL SANDOVAL,1760,10,3SAAF1GA4T1001382,1,$25699.00,0,$0,0,0
BODESA,"MOTO BDS HAWK 250CC, AZUL",CEDIS TAB PXGL,MACROPAY VERACRUZ CD ISLA RAUL SANDOVAL,1760,10,3SAAF1GA6T1001450,1,$25699.00,0,$0,0,0
BODESA,"MOTO BDS HAWK 250CC, AZUL",CEDIS TAB PXGL,MACROPAY VERACRUZ CD ISLA RAUL SANDOVAL,1760,10,3SAAF1GAXT1001161,1,$25699.00,0,$0,0,0
BODESA,"MOTO BDS HAWK 250CC, AZUL",CEDIS TAB PXGL,MACROPAY VILLA LERDO DE TEJADA,1167,10,3SAAF1GA8T1001255,1,$25699.00,0,$0,0,0
BODESA,"MOTO BDS HAWK 250CC, AZUL",PROVEEDOR,ENSENADA CENTRO GASTELUM,1949,10,3SAAF1GA2V1001609,1,$26179.00,0,$0,0,0
BODESA,"MOTO BDS HAWK 250CC, AZUL",PROVEEDOR,MACROPAY MISION SOLER TIJUANA,1824,10,3SAAF1GA3V1001621,1,$26179.00,0,$0,0,0
BODESA,"MOTO BDS HAWK 250CC, AZUL",PROVEEDOR,MACROPAY MISION SOLER TIJUANA,1824,10,3SAAF1GA8V1001825,1,$26179.00,0,$0,0,0
BODESA,"MOTO BDS HAWK GT 250CC, AZUL",CEDIS CDMX,MACROPAY ACTOPAN ESCOBEDO,1239,10,R66HYN1A9T1000742,1,$38999.00,0,$0,0,0
BODESA,"MOTO BDS HAWK GT 250CC, AZUL",CEDIS CDMX,MACROPAY JOJUTLA CENTRO,1854,10,R66HYN1A5T1000737,1,$38999.00,0,$0,0,0
BODESA,"MOTO BDS HAWK GT 250CC, AZUL",CEDIS CDMX,MACROPAY JOJUTLA CENTRO,1854,10,R66HYN1A7T1000738,1,$38999.00,0,$0,0,0
BODESA,"MOTO BDS HAWK GT 250CC, AZUL",CEDIS CDMX,MACROPAY TECAMAC PLAZA BELLA L E5,1793,10,R66HYN1A8T1000876,1,$38999.00,0,$0,0,0
BODESA,"MOTO BDS HAWK GT 250CC, AZUL",CEDIS CDMX,MACROPAY TEHUACAN 5 SUR,1138,10,R66HYN1A3T1000879,1,$38999.00,0,$0,0,0
BODESA,"MOTO BDS HAWK GT 250CC, AZUL",CEDIS CDMX,MACROPAY TEPEAPULCO AV MORELOS,1284,10,R66HYN1A6T1001038,1,$38999.00,0,$0,0,0
BODESA,"MOTO BDS HAWK GT 250CC, AZUL",CEDIS CDMX,MACROPAY ZUMPANGO FEDERICO GOMEZ,1475,10,R66DYN1A4T1000176,1,$38999.00,0,$0,0,0
BODESA,"MOTO BDS HAWK GT 250CC, AZUL",CEDIS CDMX,TECPAN DE GALEANA CENTRO,1929,10,R66HYN1A6T1001041,1,$38999.00,0,$0,0,0
BODESA,"MOTO BDS HAWK GT 250CC, AZUL",CEDIS CULIACAN,MACROPAY MAZATLAN PLAZA ACAYA L7E,1826,10,R66HYN1A6S1000423,1,$38999.00,0,$0,0,0
BODESA,"MOTO BDS HAWK GT 250CC, AZUL",CEDIS CULIACAN,MACROPAY MAZATLAN PLAZA ACAYA L7E,1826,10,R66HYN1AXS1000411,1,$38999.00,0,$0,0,0
BODESA,"MOTO BDS HAWK GT 250CC, AZUL",CEDIS GDL,MACROPAY GDL MOTOS PASEO ALCALDE,1919,10,R66HYN1A7T1000464,1,$38999.00,0,$0,0,0
BODESA,"MOTO BDS HAWK GT 250CC, AZUL",CEDIS TAB PXGL,MACROPAY MACUSPANA MOTOS,1901,10,R66HYN1A5T1000933,1,$39699.00,0,$0,0,0
BODESA,"MOTO BDS HAWK GT 250CC, AZUL",CEDIS TAB PXGL,MACROPAY VERACRUZ CD ISLA RAUL SANDOVAL,1760,10,R66HYN1A1T1000847,1,$39699.00,0,$0,0,0
BODESA,"MOTO BDS HAWK GT 250CC, VERDE",CEDIS CULIACAN,MACROPAY GUAYMAS CENTRO 112,1882,10,R66HYN1A8T1000683,1,$38999.00,0,$0,0,0
BODESA,"MOTO BDS HAWK GT 250CC, VERDE",CEDIS GDL,MACROPAY APATZINGAN CENTRO ANDRADE,1832,10,R66HYN1A8T1000716,1,$38999.00,0,$0,0,0
BODESA,"MOTO BDS HAWK GT 250CC, VERDE",CEDIS GDL,MACROPAY COLIMA CENTRO MADERO,1932,10,R66HYN1A3S1000346,1,$38999.00,0,$0,0,0
BODESA,"MOTO BDS HAWK GT 250CC, VERDE",CEDIS SALTILLO,MACROPAY TORREON CENTRO,1772,10,R66HYN1A8T1000702,1,$38999.00,0,$0,0,0
BODESA,"MOTO BDS HAWK GT 250CC, VERDE",CEDIS TAB PXGL,MACROPAY COATZACOALCOS JUAREZ MOTOS,1796,10,R66HYN1A9T1000675,1,$39699.00,0,$0,0,0
BODESA,"MOTO BDS JAMBO 200CC, GRIS",CEDIS MID,MACROPAY CUN CHEDRAUI MUNDO MAYA,1877,10,L85BY4FM4S1011842,1,$38999.00,0,$0,0,0
BODESA,"MOTO BDS JAMBO 220CC, ARENA",PROVEEDOR,ENSENADA CENTRO GASTELUM,1949,10,L9NYCMDA1T1002117,1,$38179.00,0,$0,0,0
BODESA,"MOTO BDS JAMBO 220CC, ARENA",PROVEEDOR,MACROPAY MISION SOLER TIJUANA,1824,10,L9NYCMDAXT1002116,1,$38179.00,0,$0,0,0
BODESA,"MOTO BDS JAMBO 300CC, GRIS",CEDIS GDL,CEDIS MACROPAY GUADALAJARA,25,140,H0JAJGB06T0002035,1,$57999.00,0,$0,0,0
BODESA,"MOTO BDS MAGMA 150CC, AZUL",CEDIS CDMX,MACROPAY ACAPULCO PATIO L08C,1926,10,3SAAC1GC3T1000573,1,$21499.00,0,$0,0,0
BODESA,"MOTO BDS MAGMA 150CC, AZUL",CEDIS CDMX,MACROPAY CUAU SORIANA TEPALCAPA L1,1533,10,LY4YJCKAXTK003216,1,$22530.46,0,$0,0,0
BODESA,"MOTO BDS MAGMA 150CC, AZUL",CEDIS CDMX,MACROPAY JIUTEPEC CUAUHNAHUAC,1869,10,LY4YJCKA6TK002080,1,$21499.00,0,$0,0,0
BODESA,"MOTO BDS MAGMA 150CC, AZUL",CEDIS CDMX,MACROPAY JIUTEPEC CUAUHNAHUAC,1869,10,LY4YJCKA7TK900235,1,$21499.00,0,$0,0,0
BODESA,"MOTO BDS MAGMA 150CC, AZUL",CEDIS CDMX,MACROPAY TENANCINGO CENTRO,1815,10,LY4YJCKA7TK003271,1,$21499.00,0,$0,0,0
BODESA,"MOTO BDS MAGMA 150CC, AZUL",CEDIS CDMX,MACROPAY XOCHIMILCO,1697,10,3SAAC1GC4T1000498,1,$21499.00,0,$0,0,0
BODESA,"MOTO BDS MAGMA 150CC, AZUL",CEDIS CULIACAN,CEDIS CULIACAN,28,140,LY4YJCKA3TK002974,1,$21499.00,0,$0,0,0
BODESA,"MOTO BDS MAGMA 150CC, AZUL",CEDIS MID,MACROPAY CUN CHEDRAUI MUNDO MAYA,1877,10,LY4YJCKA4TK000523,1,$22199.00,0,$0,0,0
BODESA,"MOTO BDS MAGMA 150CC, AZUL",CEDIS MID,MACROPAY ESCARCEGA J SIERRA MOTOS,1797,10,LY4YJCKA1TK002262,1,$22199.00,0,$0,0,0
BODESA,"MOTO BDS MAGMA 150CC, AZUL",CEDIS MID,MACROPAY KANASIN CALLE 21,1454,10,LY4YJCKA1TK000513,1,$22199.00,0,$0,0,0
BODESA,"MOTO BDS MAGMA 150CC, AZUL",CEDIS SALTILLO,MACROPAY SALTILLO SENDERO SUR LE7-9,1923,10,LY4YJCKAXTK002101,1,$21999.00,0,$0,0,0
BODESA,"MOTO BDS MAGMA 150CC, AZUL",CEDIS SALTILLO,MACROPAY TORREON CENTRO,1772,10,LY4YJCKA8TK002887,1,$21999.00,0,$0,0,0
BODESA,"MOTO BDS MAGMA 150CC, AZUL",CEDIS TAB PXGL,MACROPAY MACUSPANA MIGUEL H 317,1096,10,LY4YJCKA7TK000533,1,$22199.00,0,$0,0,0
BODESA,"MOTO BDS MAGMA 150CC, AZUL",CEDIS TAB PXGL,MACROPAY TUX 5 SUR ORIENTE,1939,10,LY4YJCKA4TK002983,1,$22199.00,0,$0,0,0
BODESA,"MOTO BDS MAGMA 150CC, AZUL",CEDIS TAB PXGL,MACROPAY TUX MOTOS NOVENA SUR,1875,10,LY4YJCKA8TK003005,1,$22199.00,0,$0,0,0
BODESA,"MOTO BDS MAGMA 150CC, AZUL",PROVEEDOR,MACROPAY MISION SOLER TIJUANA,1824,10,LY4YJCKA1TK900246,1,$22679.00,0,$0,0,0
BODESA,"MOTO BDS MAGMA 150CC, GRIS",CEDIS CDMX,IGUALA PLUS CENTRO,1940,10,LY4YJCKA7TK900784,1,$21629.65,0,$0,0,0
BODESA,"MOTO BDS MAGMA 150CC, GRIS",CEDIS CDMX,MACROPAY ATLIXCO MOTOS 3 SUR,1847,10,LY4YJCKA3TK004045,1,$21499.00,0,$0,0,0
BODESA,"MOTO BDS MAGMA 150CC, GRIS",CEDIS CDMX,MACROPAY CDMX PLAZA EXHIBIMEX L16,1403,10,LY4YJCKA9TK900804,1,$21629.65,0,$0,0,0
BODESA,"MOTO BDS MAGMA 150CC, GRIS",CEDIS CDMX,MACROPAY CIUDAD CARDEL CENTRO,1906,10,LY4YJCKA1TK003542,1,$21499.00,0,$0,0,0
BODESA,"MOTO BDS MAGMA 150CC, GRIS",CEDIS CDMX,MACROPAY LERMA SORIANA CENTRO L10,1823,10,LY4YJCKA6TK002161,1,$21499.00,0,$0,0,0
BODESA,"MOTO BDS MAGMA 150CC, GRIS",CEDIS CDMX,MACROPAY LOS REYES CENTRO TEPOZAN LC24,1783,10,LY4YJCKA8TK003702,1,$21499.00,0,$0,0,0
BODESA,"MOTO BDS MAGMA 150CC, GRIS",CEDIS CDMX,MACROPAY PACHUCA ZARAGOZA 100-B,1453,10,LY4YJCKA6TK004668,1,$21499.00,0,$0,0,0
BODESA,"MOTO BDS MAGMA 150CC, GRIS",CEDIS CDMX,MACROPAY PLAZA COACALCO CHEDRAUI L1,1611,10,LY4YJCKA9TK004681,1,$21499.00,0,$0,0,0
BODESA,"MOTO BDS MAGMA 150CC, GRIS",CEDIS CDMX,MACROPAY PUE REFORMA,1245,10,LY4YJCKA9TK900866,1,$21629.65,0,$0,0,0
BODESA,"MOTO BDS MAGMA 150CC, GRIS",CEDIS CDMX,MACROPAY PUEBLA LIBRES CENTRO,1801,10,LY4YJCKA7TK004713,1,$21499.00,0,$0,0,0
BODESA,"MOTO BDS MAGMA 150CC, GRIS",CEDIS CDMX,MACROPAY TULA 5 DE MAYO,1283,10,LY4YJCKA4TK004653,1,$21682.37,0,$0,0,0
BODESA,"MOTO BDS MAGMA 150CC, GRIS",CEDIS CDMX,TECPAN DE GALEANA CENTRO,1929,10,LY4YJCKA1TK004819,1,$21499.00,0,$0,0,0
BODESA,"MOTO BDS MAGMA 150CC, GRIS",CEDIS MID,MACROPAY CHT MOTOS OTHON,1738,10,LY4YJCKA5TK900833,1,$22199.00,0,$0,0,0
BODESA,"MOTO BDS MAGMA 150CC, GRIS",CEDIS MID,MACROPAY CUN CHEDRAUI MUNDO MAYA,1877,10,LY4YJCKA0TK900870,1,$22199.00,0,$0,0,0
BODESA,"MOTO BDS MAGMA 150CC, GRIS",CEDIS MID,MACROPAY CUN PLAZA HEROES MOTOS,1752,10,LY4YJCKA6TK900890,1,$22199.00,0,$0,0,0
BODESA,"MOTO BDS MAGMA 150CC, GRIS",CEDIS MID,MACROPAY MID MOTOS CALLE 56,1100,10,LY4YJCKA4TK000750,1,$22199.00,0,$0,0,0
BODESA,"MOTO BDS MAGMA 150CC, GRIS",CEDIS MID,MACROPAY PLAYA AV JUAREZ PLUS,1909,10,LY4YJCKA2TK900806,1,$23275.72,0,$0,0,0
BODESA,"MOTO BDS MAGMA 150CC, GRIS",CEDIS SALTILLO,CEDIS SALTILLO,29,140,LY4YJCKA8TK003716,1,$21999.00,0,$0,0,0
BODESA,"MOTO BDS MAGMA 150CC, GRIS",CEDIS SALTILLO,MACROPAY MATAMOROS PATIO L25C,1927,10,LY4YJCKA1TK003704,1,$21999.00,0,$0,0,0
BODESA,"MOTO BDS MAGMA 150CC, GRIS",CEDIS SALTILLO,MACROPAY REYNOSA SORIANA RIBEREÑA,1588,10,LY4YJCKA2TK003582,1,$21999.00,0,$0,0,0
BODESA,"MOTO BDS MAGMA 150CC, GRIS",CEDIS SALTILLO,MACROPAY SAN PEDRO COAHUILA CENTRO,1859,10,LY4YJCKA6TK003990,1,$21999.00,0,$0,0,0
BODESA,"MOTO BDS MAGMA 150CC, GRIS",CEDIS SALTILLO,MACROPAY TORREON CENTRO,1772,10,LY4YJCKA1TK002553,1,$21999.00,0,$0,0,0
BODESA,"MOTO BDS MAGMA 150CC, GRIS",CEDIS SAN LUIS,CD MANTE CENTRO,1888,10,LY4YJCKA3TK000805,1,$21499.00,0,$0,0,0
BODESA,"MOTO BDS MAGMA 150CC, GRIS",CEDIS SAN LUIS,MACROPAY SAN LUIS DE LA PAZ CENTRO,1855,10,LY4YJCKA1TK000771,1,$21499.00,0,$0,0,0
BODESA,"MOTO BDS MAGMA 150CC, GRIS",CEDIS TAB PXGL,MACROPAY COATZACOALCOS JUAREZ MOTOS,1796,10,LY4YJCKA7TK000760,1,$22199.00,0,$0,0,0
BODESA,"MOTO BDS MAGMA 150CC, GRIS",CEDIS TAB PXGL,MACROPAY COATZACOALCOS JUAREZ MOTOS,1796,10,LY4YJCKA9TK004826,1,$22199.00,0,$0,0,0
BODESA,"MOTO BDS MAGMA 150CC, GRIS",CEDIS TAB PXGL,MACROPAY HUIMANGUILLO BENITO JUAREZ,1699,10,LY4YJCKA3TK001193,1,$22199.00,0,$0,0,0
BODESA,"MOTO BDS MAGMA 150CC, GRIS",CEDIS TAB PXGL,MACROPAY HUIMANGUILLO BENITO JUAREZ,1699,10,LY4YJCKAXTK003796,1,$22199.00,0,$0,0,0
BODESA,"MOTO BDS MAGMA 150CC, GRIS",CEDIS TAB PXGL,MACROPAY MINATITLAN MIGUEL HID MOTOS,1827,10,LY4YJCKA7TK003545,1,$22199.00,0,$0,0,0
BODESA,"MOTO BDS MAGMA 150CC, GRIS",CEDIS TAB PXGL,MACROPAY PARAISO OCAMPO,1114,10,LY4YJCKA9TK003739,1,$22199.00,0,$0,0,0
BODESA,"MOTO BDS MAGMA 150CC, GRIS",CEDIS TAB PXGL,MACROPAY TUXTLA TERAN 2 ORIENTE,1613,10,LY4YJCKA7TK003609,1,$22199.00,0,$0,0,0
BODESA,"MOTO BDS MAGMA 150CC, GRIS",CEDIS TAB PXGL,MACROPAY TUXTLA TERAN 2 ORIENTE,1613,10,LY4YJCKA8TK004851,1,$22199.00,0,$0,0,0
BODESA,"MOTO BDS MAGMA 150CC, GRIS",PROVEEDOR,MACROPAY MISION SOLER TIJUANA,1824,10,LY4YJCKA0TK900805,1,$22679.00,0,$0,0,0
BODESA,"MOTO BDS MAGMA 150CC, NEGRO",CEDIS CDMX,MACROPAY ATLIXCO MORALEDA,1275,10,LY4YJCKA9TK001750,1,$21499.00,0,$0,0,0
BODESA,"MOTO BDS MAGMA 150CC, NEGRO",CEDIS CDMX,MACROPAY CDMX PLAZA EXHIBIMEX L16,1403,10,LY4YJCKA9TK001733,1,$21499.00,0,$0,0,0
BODESA,"MOTO BDS MAGMA 150CC, NEGRO",CEDIS CDMX,MACROPAY CHIMALHUACAN PLAZA L48,1301,10,LY4YJCKA3TK900149,1,$21499.00,0,$0,0,0
BODESA,"MOTO BDS MAGMA 150CC, NEGRO",CEDIS CDMX,MACROPAY CUAUTLA CHEDRAUI CENTRO,1910,10,LY4YJCKA9TK900186,1,$21499.00,0,$0,0,0
BODESA,"MOTO BDS MAGMA 150CC, NEGRO",CEDIS CDMX,MACROPAY ECATEPEC PATIO L2,1711,10,LY4YJCKAXTK900147,1,$21499.00,0,$0,0,0
BODESA,"MOTO BDS MAGMA 150CC, NEGRO",CEDIS CDMX,MACROPAY EZEQUIEL MONTES CENTRO,1903,10,LY4YJCKA2TK900207,1,$21499.00,0,$0,0,0
BODESA,"MOTO BDS MAGMA 150CC, NEGRO",CEDIS CDMX,MACROPAY HUAJUAPAN NUYOO,1140,10,LY4YJCKA7TK004940,1,$21499.00,0,$0,0,0
BODESA,"MOTO BDS MAGMA 150CC, NEGRO",CEDIS CDMX,MACROPAY LERMA SORIANA CENTRO L10,1823,10,LY4YJCKA8TK900194,1,$21499.00,0,$0,0,0
BODESA,"MOTO BDS MAGMA 150CC, NEGRO",CEDIS CDMX,MACROPAY TEHUACAN 1 SUR,1136,10,LY4YJCKA6TK000698,1,$21499.00,0,$0,0,0
BODESA,"MOTO BDS MAGMA 150CC, NEGRO",CEDIS CDMX,MACROPAY TUXPAN CENTRO JUAREZ,1831,10,LY4YJCKA8TK004946,1,$21499.00,0,$0,0,0
BODESA,"MOTO BDS MAGMA 150CC, NEGRO",CEDIS CDMX,MACROPAY TUXPAN MERCADO,1261,10,LY4YJCKA5TK004984,1,$21499.00,0,$0,0,0
BODESA,"MOTO BDS MAGMA 150CC, NEGRO",CEDIS CDMX,MACROPAY ZIMATLAN CENTRO,1846,10,LY4YJCKA8TK900132,1,$21499.00,0,$0,0,0
BODESA,"MOTO BDS MAGMA 150CC, NEGRO",CEDIS CDMX,PUEBLA 18 PONIENTE,1895,10,LY4YJCKA2TK900174,1,$21499.00,0,$0,0,0
BODESA,"MOTO BDS MAGMA 150CC, NEGRO",CEDIS CULIACAN,MACROPAY CD OBREGON CENTRO,1891,10,LY4YJCKA0TK001703,1,$21532.34,0,$0,0,0
BODESA,"MOTO BDS MAGMA 150CC, NEGRO",CEDIS GDL,MACROPAY COLIMA CENTRO MADERO,1932,10,LY4YJCKA1TK900148,1,$21499.00,0,$0,0,0
BODESA,"MOTO BDS MAGMA 150CC, NEGRO",CEDIS MID,MACROPAY CHT MOTOS OTHON,1738,10,LY4YJCKAXTK900214,1,$22199.00,0,$0,0,0
BODESA,"MOTO BDS MAGMA 150CC, NEGRO",CEDIS MID,MACROPAY CUN PLAZA HEROES MOTOS,1752,10,LY4YJCKA2TK001735,1,$22199.00,0,$0,0,0
BODESA,"MOTO BDS MAGMA 150CC, NEGRO",CEDIS SAN LUIS,MACROPAY AGUASCALIENTES V ASUNCION,1857,10,LY4YJCKA2TK004991,1,$21499.00,0,$0,0,0
BODESA,"MOTO BDS MAGMA 150CC, NEGRO",CEDIS SAN LUIS,MACROPAY CENTRO HNOS ALDAMA,1817,10,LY4YJCKA7TK001696,1,$21532.33,0,$0,0,0
BODESA,"MOTO BDS MAGMA 150CC, NEGRO",CEDIS TAB PXGL,MACROPAY PALENQUE BENITO JUAREZ,1737,10,LY4YJCKA7TK000936,1,$22199.00,0,$0,0,0
BODESA,"MOTO BDS MAGMA 150CC, NEGRO",CEDIS TAB PXGL,MACROPAY TAPACHULA CENTRAL NORTE,1631,10,LY4YJCKA2TK001766,1,$22199.00,0,$0,0,0
BODESA,"MOTO BDS MAGMA 150CC, NEGRO",CEDIS TAB PXGL,MACROPAY TUX 7MA SUR PONIENTE,1097,10,LY4YJCKA7TK001763,1,$22199.00,0,$0,0,0
BODESA,"MOTO BDS MAGMA 150CC, NEGRO",CEDIS TAB PXGL,MACROPAY TUX MOTOS NOVENA SUR,1875,10,LY4YJCKA6TK004234,1,$22199.00,0,$0,0,0
BODESA,"MOTO BDS MAGMA 150CC, NEGRO",CEDIS TAB PXGL,MACROPAY TUX NOVENA SUR,1323,10,LY4YJCKA7TK004209,1,$22199.00,0,$0,0,0
BODESA,"MOTO BDS MAGMA 150CC, NEGRO",PROVEEDOR,ENSENADA CENTRO GASTELUM,1949,10,LY4YJCKA9TK004177,1,$22679.00,0,$0,0,0
BODESA,"MOTO BDS MAGMA 150CC, ROJO",CEDIS CDMX,MACROPAY CHALCO SORIANA GALERIAS,1935,10,LY4YJCKA8TK004428,1,$21705.30,0,$0,0,0
BODESA,"MOTO BDS MAGMA 150CC, ROJO",CEDIS CDMX,MACROPAY CHIGNAHUAPAN PLAZA ENSENADA,1839,10,LY4YJCKA2TK001329,1,$21499.00,0,$0,0,0
BODESA,"MOTO BDS MAGMA 150CC, ROJO",CEDIS CDMX,MACROPAY CUAU CHEDRAUI LAGO DE GPE L03,1474,10,LY4YJCKA5TK004466,1,$21499.00,0,$0,0,0
BODESA,"MOTO BDS MAGMA 150CC, ROJO",CEDIS CDMX,MACROPAY EL PUEBLITO CITADINA L30,1480,10,LY4YJCKAXTK001014,1,$21499.00,0,$0,0,0
BODESA,"MOTO BDS MAGMA 150CC, ROJO",CEDIS CDMX,MACROPAY JIUTEPEC CHEDRAUI L-29,1583,10,LY4YJCKA4TK004524,1,$21499.00,0,$0,0,0
BODESA,"MOTO BDS MAGMA 150CC, ROJO",CEDIS CDMX,MACROPAY JIUTEPEC MEGA SORIANA L07,1594,10,LY4YJCKA3TK004336,1,$21499.00,0,$0,0,0
BODESA,"MOTO BDS MAGMA 150CC, ROJO",CEDIS CDMX,MACROPAY JOJUTLA CENTRO,1854,10,LY4YJCKA5TK004578,1,$21499.00,0,$0,0,0
BODESA,"MOTO BDS MAGMA 150CC, ROJO",CEDIS CDMX,MACROPAY MEXICALTZINGO NARCISO MENDOZA,1787,10,LY4YJCKA4TK004376,1,$21499.00,0,$0,0,0
BODESA,"MOTO BDS MAGMA 150CC, ROJO",CEDIS CDMX,MACROPAY PACHUCA ZARAGOZA 100-B,1453,10,LY4YJCKA5TK004483,1,$21499.00,0,$0,0,0
BODESA,"MOTO BDS MAGMA 150CC, ROJO",CEDIS CDMX,MACROPAY VER PASO DEL MACHO MADERO L5,1708,10,LY4YJCKA5TK004547,1,$21499.00,0,$0,0,0
BODESA,"MOTO BDS MAGMA 150CC, ROJO",CEDIS CDMX,MACROPAY VERACRUZ AV MATAMOROS NORTE,1721,10,LY4YJCKA9TK001344,1,$21499.00,0,$0,0,0
BODESA,"MOTO BDS MAGMA 150CC, ROJO",CEDIS CULIACAN,CEDIS CULIACAN,28,140,LY4YJCKA8TK004400,1,$21499.00,0,$0,0,0
BODESA,"MOTO BDS MAGMA 150CC, ROJO",CEDIS CULIACAN,MACROPAY GUAYMAS CENTRO 112,1882,10,LY4YJCKA9TK004454,1,$21499.00,0,$0,0,0
BODESA,"MOTO BDS MAGMA 150CC, ROJO",CEDIS GDL,CEDIS MACROPAY GUADALAJARA,25,140,LY4YJCKA6TK004332,1,$21569.00,0,$0,0,0
BODESA,"MOTO BDS MAGMA 150CC, ROJO",CEDIS MID,MACROPAY VALLADOLID MOTOS CALLE 39,1748,10,LY4YJCKA1TK001001,1,$22199.00,0,$0,0,0
BODESA,"MOTO BDS MAGMA 150CC, ROJO",CEDIS SAN LUIS,MACROPAY CENTRO HNOS ALDAMA,1817,10,LY4YJCKA7TK001326,1,$22199.00,0,$0,0,0
BODESA,"MOTO BDS MAGMA 150CC, ROJO",CEDIS SAN LUIS,MACROPAY SAN LUIS DE LA PAZ CENTRO,1855,10,LY4YJCKA7TK004534,1,$21499.00,0,$0,0,0
BODESA,"MOTO BDS MAGMA 150CC, ROJO",CEDIS SAN LUIS,MACROPAY SLP CENTRO PIPILA,1788,10,LY4YJCKAXTK004348,1,$21499.00,0,$0,0,0
BODESA,"MOTO BDS MAGMA 150CC, ROJO",CEDIS TAB PXGL,MACROPAY ESCUINTLA SERVIPLAZA L5,1183,10,LY4YJCKA8TK004509,1,$22199.00,0,$0,0,0
BODESA,"MOTO BDS MAGMA 150CC, ROJO",CEDIS TAB PXGL,MACROPAY MINATITLAN MIGUEL HID MOTOS,1827,10,LY4YJCKA1TK004738,1,$22199.00,0,$0,0,0
BODESA,"MOTO BDS MAGMA 150CC, ROJO",PROVEEDOR,ENSENADA CENTRO GASTELUM,1949,10,LY4YJCKA4TK901262,1,$22679.00,0,$0,0,0
BODESA,"MOTO BDS RHINO 200CC, AZUL",CEDIS CDMX,CE. LOG. PXGL,21,140,L9NYCDLB0V1000937,1,$28999.00,0,$0,0,0
BODESA,"MOTO BDS RHINO 200CC, AZUL",CEDIS CDMX,MACROPAY CDMX VIA MIXHUCA L4,1315,10,L9NYCDLBXT1001610,1,$28999.00,0,$0,0,0
BODESA,"MOTO BDS RHINO 200CC, AZUL",CEDIS CDMX,MACROPAY EZEQUIEL MONTES CENTRO,1903,10,L9NYCDLB7T1000317,1,$28999.00,0,$0,0,0
BODESA,"MOTO BDS RHINO 200CC, AZUL",CEDIS CDMX,MACROPAY TASQUILLO PLAZA JUAREZ,1320,10,L9NYCDLB3T1001397,1,$28999.00,0,$0,0,0
BODESA,"MOTO BDS RHINO 200CC, AZUL",CEDIS CDMX,MACROPAY ZIMAPAN CORONA,1325,10,L9NYCDLB9T1001419,1,$28999.00,0,$0,0,0
BODESA,"MOTO BDS RHINO 200CC, AZUL",CEDIS GDL,CEDIS MACROPAY GUADALAJARA,25,140,L9NYCDLB3T1001688,1,$28999.00,0,$0,0,0
BODESA,"MOTO BDS RHINO 200CC, AZUL",CEDIS GDL,CEDIS MACROPAY GUADALAJARA,25,140,L9NYCDLB7T1001287,1,$28999.00,0,$0,0,0
BODESA,"MOTO BDS RHINO 200CC, AZUL",CEDIS GDL,CEDIS MACROPAY GUADALAJARA,25,140,L9NYCDLB7T1001564,1,$28999.00,0,$0,0,0
BODESA,"MOTO BDS RHINO 200CC, AZUL",CEDIS MID,MACROPAY CUN PLAZA HEROES MOTOS,1752,10,L9NYCDLB3T1001089,1,$29699.00,0,$0,0,0
BODESA,"MOTO BDS RHINO 200CC, AZUL",CEDIS MID,MACROPAY VALLADOLID MOTOS CALLE 39,1748,10,L9NYCDLB7T1001337,1,$29699.00,0,$0,0,0
BODESA,"MOTO BDS RHINO 200CC, AZUL",CEDIS SAN LUIS,CEDIS SAN LUIS,27,140,L9NYCDLB5T1001434,1,$28999.00,0,$0,0,0
BODESA,"MOTO BDS RHINO 200CC, AZUL",CEDIS SAN LUIS,MACROPAY AGUASCALIENTES V ASUNCION,1857,10,L9NYCDLB5T1000042,1,$28999.00,0,$0,0,0
BODESA,"MOTO BDS RHINO 200CC, AZUL",CEDIS SAN LUIS,MACROPAY SLP CENTRO PIPILA,1788,10,L9NYCDLB6T1001359,1,$28999.00,0,$0,0,0
BODESA,"MOTO BDS RHINO 200CC, AZUL",CEDIS SAN LUIS,MACROPAY SOLEDAD DE GRACIANO CENTRO,1837,10,L9NYCDLB2T1001441,1,$28999.00,0,$0,0,0
BODESA,"MOTO BDS RHINO 200CC, AZUL",CEDIS SAN LUIS,MACROPAY SOLEDAD DE GRACIANO CENTRO,1837,10,L9NYCDLB8T1001458,1,$28999.00,0,$0,0,0
BODESA,"MOTO BDS RHINO 200CC, AZUL",CEDIS SAN LUIS,MACROPAY TAMPICO CENTRO ADUANA,1753,10,L9NYCDLBXT1001204,1,$28999.00,0,$0,0,0
BODESA,"MOTO BDS RHINO 200CC, AZUL",CEDIS SAN LUIS,SAN LUIS POTOSI FUNDADORES,1912,10,L9NYCDLB7T1000320,1,$28850.00,0,$0,0,0
BODESA,"MOTO BDS RHINO 200CC, AZUL",CEDIS TAB PXGL,MACROPAY CD DEL CARMEN CALLE 22 MOTOS,1811,10,L9NYCDLB9T1001615,1,$29699.00,0,$0,0,0
BODESA,"MOTO BDS RHINO 200CC, AZUL",CEDIS TAB PXGL,MACROPAY COATZACOALCOS JUAREZ MOTOS,1796,10,L9NYCDLB0T1001485,1,$29699.00,0,$0,0,0
BODESA,"MOTO BDS RHINO 200CC, AZUL",CEDIS TAB PXGL,MACROPAY JUCHITAN 16 DE SEPTIEMBRE,1146,10,L9NYCDLB2T1001567,1,$29699.00,0,$0,0,0
BODESA,"MOTO BDS RHINO 200CC, AZUL",CEDIS TAB PXGL,MACROPAY PARAISO CENTRO,1819,10,L9NYCDLB8T1001377,1,$29699.00,0,$0,0,0
BODESA,"MOTO BDS RHINO 200CC, AZUL",CEDIS TAB PXGL,MACROPAY TUXTEPEC 20 DE NOV,1134,10,L9NYCDLB0T1001714,1,$29699.00,0,$0,0,0
BODESA,"MOTO BDS RHINO 200CC, AZUL",CEDIS TAB PXGL,MACROPAY VERACRUZ CD ISLA RAUL SANDOVAL,1760,10,L9NYCDLB3T1001383,1,$29699.00,0,$0,0,0
BODESA,"MOTO BDS RHINO 200CC, AZUL",PROVEEDOR,ENSENADA CENTRO GASTELUM,1949,10,L9NYCDLB7T1001631,1,$30179.00,0,$0,0,0
BODESA,"MOTO BDS RHINO 200CC, AZUL",PROVEEDOR,MACROPAY MISION SOLER TIJUANA,1824,10,L9NYCDLB6T1001331,1,$30179.00,0,$0,0,0
BODESA,"MOTO BDS RHINO 200CC, AZUL",VENTA DINAMO,MACROPAY SALINA CRUZ PABELLON L5,1142,10,L9NYCDLB3T1001724,1,$29699.00,0,$0,0,0
BODESA,"MOTO BDS SAETA 125CC GR, GRIS",CEDIS CDMX,CE. LOG. PXGL,21,140,LXYSB1GA8T1612645,1,$14750.00,0,$0,0,0
BODESA,"MOTO BDS SAETA 125CC GR, GRIS",CEDIS CDMX,MACROPAY IXMIQUILPAN PLAZA DIAMANTE,1770,10,LXYSB1GA4T1612965,1,$15150.00,0,$0,0,0
BODESA,"MOTO BDS SAETA 125CC GR, GRIS",CEDIS GDL,LOMAS DE POLANCO GUADALAJARA,1884,10,LXYSB1GA2T1612902,1,$15150.00,0,$0,0,0
BODESA,"MOTO BDS SAETA 125CC GR, GRIS",CEDIS MID,MACROPAY CALKINI CALLE 20,1056,10,LXYSB1GA5T1612571,1,$15850.00,0,$0,0,0
BODESA,"MOTO BDS SAETA 125CC GR, GRIS",CEDIS MID,MACROPAY CUN CHEDRAUI MUNDO MAYA,1877,10,LXYSB1GA7T1613012,1,$15850.00,0,$0,0,0
BODESA,"MOTO BDS SAETA 125CC GR, GRIS",CEDIS MID,MACROPAY MID MICHOACANA,1016,10,LXYSB1GA3T1612746,1,$15859.16,0,$0,0,0
BODESA,"MOTO BDS SAETA 125CC GR, GRIS",CEDIS MID,MACROPAY PROGRESO MERCADO,1067,10,LXYSB1GA7T1612975,1,$15906.04,0,$0,0,0
BODESA,"MOTO BDS SAETA 125CC GR, GRIS",CEDIS SALTILLO,MACROPAY MATAMOROS PATIO L25C,1927,10,LXYSB1GA4T1612769,1,$15650.00,0,$0,0,0
BODESA,"MOTO BDS SAETA 125CC GR, GRIS",CEDIS SALTILLO,MACROPAY SALTILLO SENDERO SUR LE7-9,1923,10,LXYSB1GA6T1612689,1,$15650.00,0,$0,0,0
BODESA,"MOTO BDS SAETA 125CC GR, GRIS",CEDIS SALTILLO,MACROPAY STA CATARINA SENDERO LC08,1924,10,LXYSB1GA7T1612703,1,$15650.00,0,$0,0,0
BODESA,"MOTO BDS SAETA 125CC GR, GRIS",CEDIS SAN LUIS,MACROPAY TAMPICO CENTRO ADUANA,1753,10,LXYSB1GA3T1612973,1,$15150.00,0,$0,0,0
BODESA,"MOTO BDS SAETA 125CC GR, GRIS",CEDIS TAB PXGL,MACROPAY COATZACOALCOS JUAREZ MOTOS,1796,10,LXYSB1GAXT1612825,1,$15850.00,0,$0,0,0
BODESA,"MOTO BDS SAETA 150CC, AZUL",CEDIS CDMX,IGUALA PLUS CENTRO,1940,10,LDLXCKLA4T1005654,1,$16240.73,0,$0,0,0
BODESA,"MOTO BDS SAETA 150CC, AZUL",CEDIS CDMX,MACROPAY ACAPULCO JESUS CARRANZA,1761,10,LXYSC1GAXS1859146,1,$15850.00,0,$0,0,0
BODESA,"MOTO BDS SAETA 150CC, AZUL",CEDIS CDMX,MACROPAY ATOTONILCO REP DE CUBA,1365,10,LDLXCKLA1T1005689,1,$15850.00,0,$0,0,0
BODESA,"MOTO BDS SAETA 150CC, AZUL",CEDIS CDMX,MACROPAY CDMX PATIO MARTIN CARRERA,1731,10,LXYSC1GA2T1613190,1,$15850.00,0,$0,0,0
BODESA,"MOTO BDS SAETA 150CC, AZUL",CEDIS CDMX,MACROPAY EL PUEBLITO CITADINA L30,1480,10,LXYSC1GA1T1613214,1,$15850.00,0,$0,0,0
BODESA,"MOTO BDS SAETA 150CC, AZUL",CEDIS CDMX,MACROPAY TULA DIVIERTIPLAZA L1,1242,10,LDLXCKLA2T1005670,1,$15850.00,0,$0,0,0
BODESA,"MOTO BDS SAETA 150CC, AZUL",CEDIS CDMX,MACROPAY TUXPAN CENTRO JUAREZ,1831,10,LDLXCKLA7T1005678,1,$15850.00,0,$0,0,0
BODESA,"MOTO BDS SAETA 150CC, AZUL",CEDIS CDMX,MACROPAY ZACUALTIPAN CALLE OCAMPO,1396,10,LXYSC1GA9T1613235,1,$15850.00,0,$0,0,0
BODESA,"MOTO BDS SAETA 150CC, AZUL",CEDIS CULIACAN,CEDIS CULIACAN,28,140,LDLXCKLA1T1005143,1,$15850.00,0,$0,0,0
BODESA,"MOTO BDS SAETA 150CC, AZUL",CEDIS CULIACAN,CEDIS CULIACAN,28,140,LDLXCKLA3T1005127,1,$15850.00,0,$0,0,0
BODESA,"MOTO BDS SAETA 150CC, AZUL",CEDIS CULIACAN,CEDIS CULIACAN,28,140,LDLXCKLA7T1005275,1,$15850.00,0,$0,0,0
BODESA,"MOTO BDS SAETA 150CC, AZUL",CEDIS CULIACAN,CEDIS CULIACAN,28,140,LXYSC1GA8T1613372,1,$15850.00,0,$0,0,0
BODESA,"MOTO BDS SAETA 150CC, AZUL",CEDIS CULIACAN,MACROPAY MAZATLAN GRAN PLAZA LE14,1814,10,LXYSC1GA2T1613223,1,$15850.00,0,$0,0,0
BODESA,"MOTO BDS SAETA 150CC, AZUL",CEDIS GDL,CEDIS MACROPAY GUADALAJARA,25,140,LDLXCKLA0T1034830,1,$15850.00,0,$0,0,0
BODESA,"MOTO BDS SAETA 150CC, AZUL",CEDIS GDL,CEDIS MACROPAY GUADALAJARA,25,140,LDLXCKLA2T1034800,1,$15850.00,0,$0,0,0
BODESA,"MOTO BDS SAETA 150CC, AZUL",CEDIS GDL,CEDIS MACROPAY GUADALAJARA,25,140,LDLXCKLA3T1034806,1,$15850.00,0,$0,0,0
BODESA,"MOTO BDS SAETA 150CC, AZUL",CEDIS GDL,CEDIS MACROPAY GUADALAJARA,25,140,LDLXCKLA3T1034868,1,$15850.00,0,$0,0,0
BODESA,"MOTO BDS SAETA 150CC, AZUL",CEDIS GDL,COLIMA PLAZA SAN FERNANDO,1947,10,LDLXCKLA4T1034894,1,$15850.00,0,$0,0,0
BODESA,"MOTO BDS SAETA 150CC, AZUL",CEDIS GDL,MACROPAY APATZINGAN CENTRO ANDRADE,1832,10,LDLXCKLA7T1034873,1,$15850.00,0,$0,0,0
BODESA,"MOTO BDS SAETA 150CC, AZUL",CEDIS GDL,MACROPAY LA PIEDAD CENTRO,1804,10,LDLXCKLA0T1034908,1,$15850.00,0,$0,0,0
BODESA,"MOTO BDS SAETA 150CC, AZUL",CEDIS MID,MACROPAY BECAL CALLE 30,1058,10,LXYSC1GA4T1629035,1,$16550.00,0,$0,0,0
BODESA,"MOTO BDS SAETA 150CC, AZUL",CEDIS MID,MACROPAY ESCARCEGA J SIERRA MOTOS,1797,10,LDLXCKLA0T1034777,1,$16550.00,0,$0,0,0
BODESA,"MOTO BDS SAETA 150CC, AZUL",CEDIS MID,MACROPAY ESPITA CALLE 24,1055,10,LDLXCKLA6T1005669,1,$16550.00,0,$0,0,0
BODESA,"MOTO BDS SAETA 150CC, AZUL",CEDIS MID,MACROPAY LEONA VICARIO CTRA FEDERAL,1427,10,LDLXCKLA6T1034735,1,$16549.79,0,$0,0,0
BODESA,"MOTO BDS SAETA 150CC, AZUL",CEDIS MID,MACROPAY MID CALLE 63,1003,10,LDLXCKLA6T1034895,1,$16549.79,0,$0,0,0
BODESA,"MOTO BDS SAETA 150CC, AZUL",CEDIS MID,MACROPAY PANABA CALLE 18,1052,10,LDLXCKLA9T1005536,1,$16549.27,0,$0,0,0
BODESA,"MOTO BDS SAETA 150CC, AZUL",CEDIS MID,MACROPAY PUERTO MORELOS L9,1103,10,LDLXCKLA6T1034928,1,$16549.79,0,$0,0,0
BODESA,"MOTO BDS SAETA 150CC, AZUL",CEDIS MID,MACROPAY TICUL CALLE 23,1046,10,LDLXCKLA1T1034769,1,$16550.00,0,$0,0,0
BODESA,"MOTO BDS SAETA 150CC, AZUL",CEDIS MID,MACROPAY TULUM ARRICE MOTOS,1844,10,LDLXCKLA1T1005529,1,$16549.27,0,$0,0,0
BODESA,"MOTO BDS SAETA 150CC, AZUL",CEDIS MID,MACROPAY TULUM CHEDRAUI L01 PLUS,1916,10,LXYSC1GAXT1613339,1,$16549.83,0,$0,0,0
BODESA,"MOTO BDS SAETA 150CC, AZUL",CEDIS MID,MACROPAY VALLADOLID CALLE 77,1033,10,LXYSC1GAXT1628987,1,$16549.62,0,$0,0,0
BODESA,"MOTO BDS SAETA 150CC, AZUL",CEDIS SALTILLO,MACROPAY ESCOBEDO MI TIENDA L16E,1525,10,LXYSC1GA7T1613279,1,$16350.00,0,$0,0,0
BODESA,"MOTO BDS SAETA 150CC, AZUL",CEDIS SALTILLO,MACROPAY MATAMOROS CENTRO ABASOLO,1904,10,LXYSC1GA7T1613377,1,$16350.00,0,$0,0,0
BODESA,"MOTO BDS SAETA 150CC, AZUL",CEDIS SALTILLO,MACROPAY SALTILLO PATIO L04D,1842,10,LXYSC1GA6T1613189,1,$16350.00,0,$0,0,0
BODESA,"MOTO BDS SAETA 150CC, AZUL",CEDIS SALTILLO,MACROPAY SALTILLO SENDERO SUR LE7-9,1923,10,LXYSC1GA0T1613205,1,$16350.00,0,$0,0,0
BODESA,"MOTO BDS SAETA 150CC, AZUL",CEDIS SALTILLO,MACROPAY STA CATARINA SENDERO LC08,1924,10,LXYSC1GA5T1613250,1,$16350.00,0,$0,0,0
BODESA,"MOTO BDS SAETA 150CC, AZUL",CEDIS SALTILLO,MACROPAY TORREON CENTRO,1772,10,LXYSC1GAXT1613261,1,$15850.00,0,$0,0,0
BODESA,"MOTO BDS SAETA 150CC, AZUL",CEDIS SALTILLO,MACROPAY TORREON CENTRO HIDALGO,1941,10,LDLXCKLA0T1034892,1,$16350.00,0,$0,0,0
BODESA,"MOTO BDS SAETA 150CC, AZUL",CEDIS SAN LUIS,CD MANTE CENTRO,1888,10,LDLXCKLA0T1005487,1,$15850.00,0,$0,0,0
BODESA,"MOTO BDS SAETA 150CC, AZUL",CEDIS SAN LUIS,CEDIS SAN LUIS,27,140,LDLXCKLA1T1005563,1,$15850.00,0,$0,0,0
BODESA,"MOTO BDS SAETA 150CC, AZUL",CEDIS SAN LUIS,CEDIS SAN LUIS,27,140,LDLXCKLAXT1005528,1,$15850.00,0,$0,0,0
BODESA,"MOTO BDS SAETA 150CC, AZUL",CEDIS SAN LUIS,MACROPAY CENTRO HNOS ALDAMA,1817,10,LXYSC1GA5T1613202,1,$15850.00,0,$0,0,0
BODESA,"MOTO BDS SAETA 150CC, AZUL",CEDIS SAN LUIS,MACROPAY SAN LUIS DE LA PAZ CENTRO,1855,10,LXYSC1GAXT1613311,1,$15850.00,0,$0,0,0
BODESA,"MOTO BDS SAETA 150CC, AZUL",CEDIS SAN LUIS,MACROPAY SLP RIO VERDE CENTRO,1759,10,LXYSC1GA2T1629096,1,$15850.00,0,$0,0,0
BODESA,"MOTO BDS SAETA 150CC, AZUL",CEDIS TAB PXGL,MACROPAY CARDENAS PORTALES CENTRO,1802,10,LDLXCKLAXT1034835,1,$16550.00,0,$0,0,0
BODESA,"MOTO BDS SAETA 150CC, AZUL",CEDIS TAB PXGL,MACROPAY CD DEL CARMEN CALLE 22 MOTOS,1811,10,LXYSC1GA8T1613291,1,$16550.00,0,$0,0,0
BODESA,"MOTO BDS SAETA 150CC, AZUL",CEDIS TAB PXGL,MACROPAY CD DEL CARMEN ZENTRALIA,1064,10,LDLXCKLA4T1005413,1,$16550.00,0,$0,0,0
BODESA,"MOTO BDS SAETA 150CC, AZUL",CEDIS TAB PXGL,MACROPAY COMALCALCO SANCHEZ,1099,10,LDLXCKLA3T1034840,1,$17228.01,0,$0,0,0
BODESA,"MOTO BDS SAETA 150CC, AZUL",CEDIS TAB PXGL,MACROPAY CUNDUACAN CENTRAL,1125,10,LDLXCKLA8T1005284,1,$16550.00,0,$0,0,0
BODESA,"MOTO BDS SAETA 150CC, AZUL",CEDIS TAB PXGL,MACROPAY TEAPA GREGORIO,1124,10,LXYSC1GA4T1613269,1,$16550.00,0,$0,0,0
BODESA,"MOTO BDS SAETA 150CC, AZUL",CEDIS TAB PXGL,MACROPAY VILLA LERDO DE TEJADA 2 316,1768,10,LDLXCKLA2T1034845,1,$16550.00,0,$0,0,0
BODESA,"MOTO BDS SAETA 150CC, AZUL",CEDIS TAB PXGL,MACROPAY VILLA LERDO DE TEJADA 2 316,1768,10,LDLXCKLA9T1005472,1,$16550.00,0,$0,0,0
BODESA,"MOTO BDS SB 150CC, BLANCO",CEDIS CULIACAN,MACROPAY MAZATLAN PLAZA ACAYA L7E,1826,10,3SABC1GA1T1002468,1,$18500.00,0,$0,0,0
BODESA,"MOTO BDS SB 150CC, BLANCO",CEDIS CULIACAN,MACROPAY MAZATLAN PLAZA ACAYA L7E,1826,10,3SABC1GAXT1002369,1,$18500.00,0,$0,0,0
BODESA,"MOTO BDS SB 180CC, BLANCO",CEDIS CDMX,MACROPAY ALAMO CENTRO,1870,10,3SABJ1GA9T1000182,1,$18500.00,0,$0,0,0
BODESA,"MOTO BDS SB 180CC, BLANCO",CEDIS CDMX,MACROPAY AMOZOC PLAZA ANGELINAS L5,1178,10,3SABJ1GA6T1000379,1,$18500.00,0,$0,0,0
BODESA,"MOTO BDS SB 180CC, BLANCO",CEDIS CDMX,MACROPAY APAN REFORMA,1366,10,3SABJ1GA9T1000280,1,$18500.00,0,$0,0,0
BODESA,"MOTO BDS SB 180CC, BLANCO",CEDIS CDMX,MACROPAY CHALCO CENTRO MORELOS,1718,10,HZ2TCAL98TZ000396,1,$18500.00,0,$0,0,0
BODESA,"MOTO BDS SB 180CC, BLANCO",CEDIS CDMX,MACROPAY CHIMALHUACAN SORIANA PEÑON L1,1566,10,3SABJ1GA0T1000264,1,$18500.00,0,$0,0,0
BODESA,"MOTO BDS SB 180CC, BLANCO",CEDIS CDMX,MACROPAY CHOLULA SAN DIEGO L50,1599,10,HZ2TCAL95TZ000503,1,$18500.00,0,$0,0,0
BODESA,"MOTO BDS SB 180CC, BLANCO",CEDIS CDMX,MACROPAY GUTIERREZ ZAMORA CENTRO,1776,10,3SABJ1GA0T1000460,1,$18500.00,0,$0,0,0
BODESA,"MOTO BDS SB 180CC, BLANCO",CEDIS CDMX,MACROPAY JIUTEPEC CUAUHNAHUAC,1869,10,3SABJ1GA5T1000180,1,$18500.00,0,$0,0,0
BODESA,"MOTO BDS SB 180CC, BLANCO",CEDIS CDMX,MACROPAY NEZA CHEDRAUI ESTADIO,1458,10,3SABJ1GAXT1000028,1,$18500.00,0,$0,0,0
BODESA,"MOTO BDS SB 180CC, BLANCO",CEDIS CDMX,MACROPAY OAX MINA L318,1371,10,3SABJ1GA8T1000383,1,$18500.00,0,$0,0,0
BODESA,"MOTO BDS SB 180CC, BLANCO",CEDIS CDMX,MACROPAY OAX VICTORIA,1130,10,3SABJ1GA3T1000288,1,$18500.00,0,$0,0,0
BODESA,"MOTO BDS SB 180CC, BLANCO",CEDIS CDMX,MACROPAY ORIZABA MADERO,1204,10,3SABJ1GA8T1000285,1,$18500.00,0,$0,0,0
BODESA,"MOTO BDS SB 180CC, BLANCO",CEDIS CDMX,MACROPAY PUEBLA LIBRES CENTRO,1801,10,HZ2TCAL98TZ000446,1,$18500.00,0,$0,0,0
BODESA,"MOTO BDS SB 180CC, BLANCO",CEDIS CDMX,MACROPAY TECAMAC PLAZA BELLA L E5,1793,10,3SABJ1GA9T1000019,1,$18500.00,0,$0,0,0
BODESA,"MOTO BDS SB 180CC, BLANCO",CEDIS CDMX,MACROPAY VERACRUZ AV MATAMOROS NORTE,1721,10,3SABJ1GA8T1000447,1,$18500.00,0,$0,0,0
BODESA,"MOTO BDS SB 180CC, BLANCO",CEDIS CDMX,MACROPAY VERACRUZ AV MATAMOROS NORTE,1721,10,3SABJ1GAXT1000448,1,$18500.00,0,$0,0,0
BODESA,"MOTO BDS SB 180CC, BLANCO",CEDIS CDMX,MACROPAY ZIMAPAN CORONA,1325,10,3SABJ1GAXT1000532,1,$18500.00,0,$0,0,0
BODESA,"MOTO BDS SB 180CC, BLANCO",CEDIS GDL,CEDIS MACROPAY GUADALAJARA,25,140,3SABJ1GA0T1000037,1,$18500.00,0,$0,0,0
BODESA,"MOTO BDS SB 180CC, BLANCO",CEDIS GDL,LOMAS DE POLANCO GUADALAJARA,1884,10,HZ2TCAL93TZ000029,1,$18500.00,0,$0,0,0
BODESA,"MOTO BDS SB 180CC, BLANCO",CEDIS GDL,MACROPAY GDL MOTOS PASEO ALCALDE,1919,10,HZ2TCAL97TZ000003,1,$18500.00,0,$0,0,0
BODESA,"MOTO BDS SB 180CC, BLANCO",CEDIS MID,MACROPAY CUN CHEDRAUI MUNDO MAYA,1877,10,3SABJ1GA7T1000536,1,$19200.00,0,$0,0,0
BODESA,"MOTO BDS SB 180CC, BLANCO",CEDIS MID,MACROPAY ESCARCEGA J SIERRA MOTOS,1797,10,3SABJ1GA4T1000493,1,$19200.00,0,$0,0,0
BODESA,"MOTO BDS SB 180CC, BLANCO",CEDIS MID,MACROPAY ESCARCEGA JUSTO SIERRA,1111,10,3SABJ1GA8T1000397,1,$19200.00,0,$0,0,0
BODESA,"MOTO BDS SB 180CC, BLANCO",CEDIS MID,MACROPAY HALACHO CALLE 20,1049,10,3SABJ1GA8T1000531,1,$19200.00,0,$0,0,0
BODESA,"MOTO BDS SB 180CC, BLANCO",CEDIS MID,MACROPAY LEONA VICARIO CTRA FEDERAL,1427,10,HZ2TCAL97TZ040047,1,$19200.00,0,$0,0,0
BODESA,"MOTO BDS SB 180CC, BLANCO",CEDIS MID,MACROPAY MID CALLE 56,1004,10,3SABJ1GA5T1000535,1,$19200.00,0,$0,0,0
BODESA,"MOTO BDS SB 180CC, BLANCO",CEDIS MID,MACROPAY TICUL CALLE 23,1046,10,HZ2TCAL91TZ040027,1,$19200.00,0,$0,0,0
BODESA,"MOTO BDS SB 180CC, BLANCO",CEDIS MID,MACROPAY TULUM ARRICE MOTOS,1844,10,HZ2TCAL95TZ040063,1,$19200.00,0,$0,0,0
BODESA,"MOTO BDS SB 180CC, BLANCO",CEDIS SALTILLO,MACROPAY CADEREYTA SORIANA LD5,1585,10,3SABJ1GA6T1000320,1,$19000.00,0,$0,0,0
BODESA,"MOTO BDS SB 180CC, BLANCO",CEDIS SALTILLO,MACROPAY CADEREYTA SORIANA LD5,1585,10,HZ2TCAL94TZ000492,1,$19000.00,0,$0,0,0
BODESA,"MOTO BDS SB 180CC, BLANCO",CEDIS SALTILLO,MACROPAY MATAMOROS CENTRO ABASOLO,1904,10,HZ2TCAL97TZ000468,1,$19000.00,0,$0,0,0
BODESA,"MOTO BDS SB 180CC, BLANCO",CEDIS SALTILLO,MACROPAY MATAMOROS CHED DEL NIÑO,1898,10,3SABJ1GA8T1000061,1,$19000.00,0,$0,0,0
BODESA,"MOTO BDS SB 180CC, BLANCO",CEDIS SALTILLO,MACROPAY SALTILLO SENDERO SUR LE7-9,1923,10,HZ2TCAL9XTZ000500,1,$19000.00,0,$0,0,0
BODESA,"MOTO BDS SB 180CC, BLANCO",CEDIS SALTILLO,MACROPAY STA CATARINA SENDERO LC08,1924,10,HZ2TCAL94TZ000458,1,$19000.00,0,$0,0,0
BODESA,"MOTO BDS SB 180CC, BLANCO",CEDIS SAN LUIS,MACROPAY AGUASCALIENTES PLAZA PATRIA,1828,10,HZ2TCAL92TZ000474,1,$18500.00,0,$0,0,0
BODESA,"MOTO BDS SB 180CC, BLANCO",CEDIS SAN LUIS,MACROPAY IRAPUATO FRAGARIA LB05,1530,10,HZ2TCAL9XTZ040043,1,$18500.00,0,$0,0,0
BODESA,"MOTO BDS SB 180CC, BLANCO",CEDIS SAN LUIS,MACROPAY SAN LUIS DE LA PAZ CENTRO,1855,10,HZ2TCAL93TZ040014,1,$18500.00,0,$0,0,0
BODESA,"MOTO BDS SB 180CC, BLANCO",CEDIS SAN LUIS,MACROPAY SLP RIO VERDE CENTRO,1759,10,HZ2TCAL93TZ000337,1,$18500.00,0,$0,0,0
BODESA,"MOTO BDS SB 180CC, BLANCO",CEDIS TAB PXGL,MACROPAY COATZACOALCOS JUAREZ MOTOS,1796,10,3SABJ1GA3T1000212,1,$19200.00,0,$0,0,0
BODESA,"MOTO BDS SB 180CC, BLANCO",CEDIS TAB PXGL,MACROPAY HUIMANGUILLO AV ESCOBAR,1281,10,HZ2TCAL99TZ040003,1,$19200.00,0,$0,0,0
BODESA,"MOTO BDS SB 180CC, BLANCO",CEDIS TAB PXGL,MACROPAY TUX MOTOS NOVENA SUR,1875,10,3SABJ1GA2T1000153,1,$19200.00,0,$0,0,0
BODESA,"MOTO BDS SB 180CC, NEGRO",CEDIS CDMX,MACROPAY AMECAMECA FRAY M VALENCIA,1717,10,HZ2TCAL9XTZ000271,1,$18500.00,0,$0,0,0
BODESA,"MOTO BDS SB 180CC, NEGRO",CEDIS CDMX,MACROPAY JIUTEPEC CUAUHNAHUAC,1869,10,HZ2TCAL96TZ000090,1,$18500.00,0,$0,0,0
BODESA,"MOTO BDS SB 180CC, NEGRO",CEDIS CDMX,MACROPAY LOS REYES CENTRO TEPOZAN LC24,1783,10,HZ2TCAL99TZ000312,1,$18500.00,0,$0,0,0
BODESA,"MOTO BDS SB 180CC, NEGRO",CEDIS GDL,MACROPAY MANZANILLO CENTRO AV MEXICO,1763,10,HZ2TCAL95TZ000260,1,$18500.00,0,$0,0,0
BODESA,"MOTO BDS SB 180CC, NEGRO",CEDIS GDL,MACROPAY MORELIA CENTRO SORIANA L 022,1712,10,HZ2TCAL90TZ000280,1,$18500.00,0,$0,0,0
BODESA,"MOTO BDS SB 180CC, NEGRO",CEDIS GDL,MACROPAY URUAPAN CENTRO,1816,10,HZ2TCAL99TZ000262,1,$18500.00,0,$0,0,0
BODESA,"MOTO BDS SB 180CC, NEGRO",CEDIS GDL,MACROPAY ZAMORA MICH FCO I MADERO 288,1706,10,HZ2TCAL94TZ000265,1,$18500.00,0,$0,0,0
BODESA,"MOTO BDS SB 180CC, NEGRO",CEDIS MID,MACROPAY CARRILLO PTO JUAREZ,1120,10,3SABJ1GA8T1000495,1,$19200.00,0,$0,0,0
BODESA,"MOTO BDS SB 180CC, NEGRO",CEDIS MID,MACROPAY CARRILLO PTO JUAREZ,1120,10,HZ2TCAL92TZ000328,1,$19200.00,0,$0,0,0
BODESA,"MOTO BDS SB 180CC, NEGRO",CEDIS MID,MACROPAY CHT MOTOS OTHON,1738,10,3SABJ1GA7T1000004,1,$19200.00,0,$0,0,0
BODESA,"MOTO BDS SB 180CC, NEGRO",CEDIS MID,MACROPAY PUERTO MORELOS L9,1103,10,3SABJ1GA6T1000088,1,$19200.00,0,$0,0,0
BODESA,"MOTO BDS SB 180CC, NEGRO",CEDIS SAN LUIS,MACROPAY SAN LUIS DE LA PAZ CENTRO,1855,10,3SABJ1GA8T1000349,1,$18500.00,0,$0,0,0
BODESA,"MOTO BDS STARK 220CC, ROJO",CEDIS CDMX,MACROPAY ACAPULCO PATIO L08C,1926,10,3SACK1GA1T1000114,1,$19850.00,0,$0,0,0
BODESA,"MOTO BDS STARK 220CC, ROJO",CEDIS CDMX,MACROPAY TEHUACAN 5 SUR,1138,10,3SACK1GA7T1000053,1,$19850.00,0,$0,0,0
BODESA,"MOTO BDS STARK 220CC, ROJO",CEDIS CDMX,MACROPAY TOLUCA HIDALGO MOTOS,1747,10,3SACK1GA8T1000188,1,$19850.00,0,$0,0,0
BODESA,"MOTO BDS STARK 220CC, ROJO",CEDIS MID,CEDIS MERIDA PXGL,26,140,3SACK1GA2T1000123,1,$20550.00,0,$0,0,0
BODESA,"MOTO BDS STARK 220CC, ROJO",CEDIS MID,CEDIS MERIDA PXGL,26,140,3SACK1GA2T1000283,1,$20550.00,0,$0,0,0
BODESA,"MOTO BDS STARK 220CC, ROJO",CEDIS MID,MACROPAY CUN PLAZA HEROES MOTOS,1752,10,3SACK1GA5T1000195,1,$20550.00,0,$0,0,0
BODESA,"MOTO BDS STARK 220CC, ROJO",CEDIS MID,MACROPAY MID CALLE 63,1003,10,3SACK1GA4T1000169,1,$20550.00,0,$0,0,0
BODESA,"MOTO BDS STARK 220CC, ROJO",CEDIS TAB PXGL,MACROPAY CARDENAS PORTALES CENTRO,1802,10,3SACK1GA1T1000257,1,$20550.00,0,$0,0,0
BODESA,"MOTO BDS STARK 220CC, ROJO",CEDIS TAB PXGL,MACROPAY COMALCALCO REFORMA,1218,10,3SACK1GA4T1000074,1,$21297.20,0,$0,0,0
BODESA,"MOTO BDS STARK 220CC, ROJO",CEDIS TAB PXGL,MACROPAY COMALCALCO SANCHEZ,1099,10,3SACK1GA0T1000167,1,$21297.20,0,$0,0,0
BODESA,"MOTO BDS STARK 220CC, ROJO",CEDIS TAB PXGL,MACROPAY HUIMANGUILLO BENITO JUAREZ,1699,10,3SACK1GA7T1000229,1,$20716.05,0,$0,0,0
BODESA,"MOTO BDS STARK 220CC, ROJO",CEDIS TAB PXGL,MACROPAY TUX MOTOS NOVENA SUR,1875,10,3SACK1GAXT1000077,1,$20716.04,0,$0,0,0
BODESA,"MOTO BDS STARK 220CC, ROJO",PROVEEDOR,MACROPAY MISION SOLER TIJUANA,1824,10,3SACK1GA2T1000008,1,$21030.00,0,$0,0,0
BODESA,"MOTO BDS STARK 220CC, ROJO",PROVEEDOR,MACROPAY MISION SOLER TIJUANA,1824,10,3SACK1GA2T1000106,1,$21030.00,0,$0,0,0
BODESA,"MOTO BDS STARK 220CC, ROJO",PROVEEDOR,MACROPAY MISION SOLER TIJUANA,1824,10,3SACK1GA3T1000146,1,$21030.00,0,$0,0,0
BODESA,"MOTO BDS STARK 220CC, ROJO",PROVEEDOR,MACROPAY MISION SOLER TIJUANA,1824,10,3SACK1GA8T1000207,1,$21030.00,0,$0,0,0
BODESA,"MOTO BDS STARK 220CC, ROJO",PROVEEDOR,MACROPAY MISION SOLER TIJUANA,1824,10,3SACK1GAXT1000273,1,$21030.00,0,$0,0,0
BODESA,"MOTO BDS STARK 220CC, ROJO",VENTA DINAMO,MACROPAY SALINA CRUZ PABELLON L5,1142,10,3SACK1GA6T1000058,1,$20550.00,0,$0,0,0
BODESA,"MOTO BDS STARK 250CC, GRIS",CEDIS CDMX,MACROPAY ACAPULCO MULTIPLAZA PALMAS L20,1751,10,LB425YCB2TC012774,1,$24999.01,0,$0,0,0
BODESA,"MOTO BDS STARK 250CC, GRIS",CEDIS CDMX,MACROPAY JOJUTLA CENTRO,1854,10,LB425YCB7TC012673,1,$24999.01,0,$0,0,0
BODESA,"MOTO BDS STARK 250CC, GRIS",CEDIS CDMX,MACROPAY PACHUCA EXPLANADA RF35,1237,10,LB425YCB5TC017600,1,$24999.00,0,$0,0,0
BODESA,"MOTO BDS STARK 250CC, GRIS",CEDIS CDMX,MACROPAY PUE REFORMA,1245,10,LB425YCB2TC012659,1,$24999.00,0,$0,0,0
BODESA,"MOTO BDS STARK 250CC, GRIS",CEDIS CDMX,MACROPAY TEPEAPULCO AV MORELOS,1284,10,LB425YCB5TC012414,1,$25004.59,0,$0,0,0
BODESA,"MOTO BDS STARK 250CC, GRIS",CEDIS CDMX,MACROPAY TEXMELUCAN GRAN PLAZA L9,1159,10,LB425YCB3TC012279,1,$24999.00,0,$0,0,0
BODESA,"MOTO BDS STARK 250CC, GRIS",CEDIS CDMX,MACROPAY VER CENTRO HIDALGO,1883,10,LB425YCB9TC012027,1,$24999.00,0,$0,0,0
BODESA,"MOTO BDS STARK 250CC, GRIS",CEDIS CDMX,MACROPAY VER CENTRO HIDALGO,1883,10,LB425YCB9TC012450,1,$24999.00,0,$0,0,0
BODESA,"MOTO BDS STARK 250CC, GRIS",CEDIS CDMX,MACROPAY VER CENTRO INDEPENDENCIA,1897,10,LB425YCB0TC017634,1,$24999.13,0,$0,0,0
BODESA,"MOTO BDS STARK 250CC, GRIS",CEDIS CDMX,MACROPAY ZIMATLAN CENTRO,1846,10,LB425YCB7TC012723,1,$24999.00,0,$0,0,0
BODESA,"MOTO BDS STARK 250CC, GRIS",CEDIS CDMX,PUEBLA 18 PONIENTE,1895,10,LB425YCB1TC012426,1,$25005.39,0,$0,0,0
BODESA,"MOTO BDS STARK 250CC, GRIS",CEDIS CULIACAN,MACROPAY LA PAZ PLAZA PASEO L35,1658,10,LB425YCB9TC012786,1,$24999.00,0,$0,0,0
BODESA,"MOTO BDS STARK 250CC, GRIS",CEDIS GDL,MACROPAY TEPIC CENTRO,1867,10,LB425YCBXTC017527,1,$24999.00,0,$0,0,0
BODESA,"MOTO BDS STARK 250CC, GRIS",CEDIS GDL,MACROPAY ZAMORA MICH FCO I MADERO 288,1706,10,LB425YCB6SC054217,1,$24999.00,0,$0,0,0
BODESA,"MOTO BDS STARK 250CC, GRIS",CEDIS MID,CEDIS MERIDA,11,140,LB425YCB6TC012731,1,$26885.53,0,$0,0,0
BODESA,"MOTO BDS STARK 250CC, GRIS",CEDIS MID,CEDIS MERIDA PXGL,26,140,LB425YCB0TC017536,1,$25941.53,0,$0,0,0
BODESA,"MOTO BDS STARK 250CC, GRIS",CEDIS MID,CEDIS MERIDA PXGL,26,140,LB425YCB1TC012734,1,$25941.53,0,$0,0,0
BODESA,"MOTO BDS STARK 250CC, GRIS",CEDIS MID,CEDIS MERIDA PXGL,26,140,LB425YCB7TC012804,1,$25941.53,0,$0,0,0
BODESA,"MOTO BDS STARK 250CC, GRIS",CEDIS MID,CEDIS MERIDA PXGL,26,140,LB425YCBXTC012683,1,$25941.53,0,$0,0,0
BODESA,"MOTO BDS STARK 250CC, GRIS",CEDIS MID,MACROPAY CHT MOTOS OTHON,1738,10,LB425YCB3TC012718,1,$25699.00,0,$0,0,0
BODESA,"MOTO BDS STARK 250CC, GRIS",CEDIS MID,MACROPAY CUN PLAZA HEROES MOTOS,1752,10,LB425YCB9TC012710,1,$25699.00,0,$0,0,0
BODESA,"MOTO BDS STARK 250CC, GRIS",CEDIS MID,MACROPAY MID MOTOS CALLE 56,1100,10,LB425YCB8TC012827,1,$25699.00,0,$0,0,0
BODESA,"MOTO BDS STARK 250CC, GRIS",CEDIS MID,MACROPAY PLAYA AV JUAREZ PLUS,1909,10,LB425YCB8TC012682,1,$25806.67,0,$0,0,0
BODESA,"MOTO BDS STARK 250CC, GRIS",CEDIS MID,MACROPAY PROGRESO MOTOS CALLE 27,1934,10,LB425YCB0TC012692,1,$25699.00,0,$0,0,0
BODESA,"MOTO BDS STARK 250CC, GRIS",CEDIS MID,MACROPAY TULUM ARRICE MOTOS,1844,10,LB425YCB8TC017705,1,$25699.00,0,$0,0,0
BODESA,"MOTO BDS STARK 250CC, GRIS",CEDIS MID,MACROPAY VALLADOLID MOTOS CALLE 39,1748,10,LB425YCBXTC012781,1,$25699.00,0,$0,0,0
BODESA,"MOTO BDS STARK 250CC, GRIS",CEDIS SALTILLO,CEDIS SALTILLO,29,140,LB425YCB2TC017621,1,$25499.00,0,$0,0,0
BODESA,"MOTO BDS STARK 250CC, GRIS",CEDIS SALTILLO,MACROPAY TORREON CENTRO,1772,10,LB425YCB5SC054208,1,$24999.00,0,$0,0,0
BODESA,"MOTO BDS STARK 250CC, GRIS",CEDIS SAN LUIS,MACROPAY LEON VIA ALTA L1043,1765,10,LB425YCB1TC011888,1,$24999.00,0,$0,0,0
BODESA,"MOTO BDS STARK 250CC, GRIS",CEDIS SAN LUIS,MACROPAY SALAMANCA PLAZA VIA ALTA L1018A,1415,10,LB425YCB4TC017541,1,$24999.00,0,$0,0,0
BODESA,"MOTO BDS STARK 250CC, GRIS",CEDIS SAN LUIS,MACROPAY SAN FCO DEL RINCON GALERIAS,1822,10,LB425YCB5TC012767,1,$24999.00,0,$0,0,0
BODESA,"MOTO BDS STARK 250CC, GRIS",CEDIS SAN LUIS,MACROPAY TAMPICO CENTRO ADUANA,1753,10,LB425YCB4TC012677,1,$24999.00,0,$0,0,0
BODESA,"MOTO BDS STARK 250CC, GRIS",CEDIS TAB PXGL,CEDIS MACROPAY TABASCO PXGL,14,140,3SACF1GA0T1000691,1,$26861.31,0,$0,0,0
BODESA,"MOTO BDS STARK 250CC, GRIS",CEDIS TAB PXGL,MACROPAY COATZA MERCADO MORELOS,1803,10,3SACF1GA4T1001102,1,$25699.00,0,$0,0,0
BODESA,"MOTO BDS STARK 250CC, GRIS",CEDIS TAB PXGL,MACROPAY FRONTERA JUAREZ,1117,10,LB425YCB8TC012746,1,$25699.00,0,$0,0,0
BODESA,"MOTO BDS STARK 250CC, GRIS",CEDIS TAB PXGL,MACROPAY JUAN RODRIGUEZ VER CENTRO,1860,10,LB425YCB5TC017662,1,$25699.00,0,$0,0,0
BODESA,"MOTO BDS STARK 250CC, GRIS",CEDIS TAB PXGL,MACROPAY JUAN RODRIGUEZ VER CENTRO,1860,10,LB425YCB6TC017640,1,$25699.00,0,$0,0,0
BODESA,"MOTO BDS STARK 250CC, GRIS",CEDIS TAB PXGL,MACROPAY JUAN RODRIGUEZ VER CENTRO,1860,10,LB425YCBXTC017639,1,$25699.00,0,$0,0,0
BODESA,"MOTO BDS STARK 250CC, GRIS",CEDIS TAB PXGL,MACROPAY MINATITLAN MIGUEL HID MOTOS,1827,10,LB425YCB3TC012797,1,$25699.00,0,$0,0,0
BODESA,"MOTO BDS STARK 250CC, GRIS",CEDIS TAB PXGL,MACROPAY MINATITLAN MIGUEL HID MOTOS,1827,10,R66HYN1AXS1000277,1,$25699.00,0,$0,0,0
BODESA,"MOTO BDS STARK 250CC, GRIS",CEDIS TAB PXGL,MACROPAY TAPACHULA AV NORTE,1109,10,LB425YCB7TC017551,1,$25699.00,0,$0,0,0
BODESA,"MOTO BDS STARK 250CC, GRIS",CEDIS TAB PXGL,MACROPAY VERACRUZ CD ISLA RAUL SANDOVAL,1760,10,LB425YCB8TC017610,1,$25699.00,0,$0,0,0
BODESA,"MOTO BDS STARK 250CC, ROJO",CEDIS CDMX,CE. LOG. PXGL,21,140,LB425YCBXTC017415,1,$24998.08,0,$0,0,0
BODESA,"MOTO BDS STARK 250CC, ROJO",CEDIS CDMX,MACROPAY CDMX PLAZA TEPEYAC L55,1845,10,3SACF1GA9T1001290,1,$25001.36,0,$0,0,0
BODESA,"MOTO BDS STARK 250CC, ROJO",CEDIS CDMX,MACROPAY CRUCECITA HUATULCO EL MADERO L6,1266,10,LB425YCB6TC017329,1,$24999.52,0,$0,0,0
BODESA,"MOTO BDS STARK 250CC, ROJO",CEDIS CDMX,MACROPAY ECATEPEC PUERTA ARAGON L 21,1726,10,3SACF1GAXT1001105,1,$25002.40,0,$0,0,0
BODESA,"MOTO BDS STARK 250CC, ROJO",CEDIS CDMX,MACROPAY GUTIERREZ ZAMORA CENTRO,1776,10,LB425YCB1TC017383,1,$24999.00,0,$0,0,0
BODESA,"MOTO BDS STARK 250CC, ROJO",CEDIS CDMX,MACROPAY HGO TULA 5 DE MAYO,1446,10,3SACF1GA6S1000600,1,$25005.18,0,$0,0,0
BODESA,"MOTO BDS STARK 250CC, ROJO",CEDIS CDMX,MACROPAY HUAMANTLA ALLENDE NTE,1514,10,R66HYN1A7S1000138,1,$25002.40,0,$0,0,0
BODESA,"MOTO BDS STARK 250CC, ROJO",CEDIS CDMX,MACROPAY IZUCAR PLAZA L6,1555,10,LB425YCB7TC017436,1,$24999.39,0,$0,0,0
BODESA,"MOTO BDS STARK 250CC, ROJO",CEDIS CDMX,MACROPAY PUEBLA 16 PONIENTE,1231,10,LB425YCB3TC012105,1,$25002.78,0,$0,0,0
BODESA,"MOTO BDS STARK 250CC, ROJO",CEDIS CDMX,PUEBLA 18 PONIENTE,1895,10,LB425YCB0TC012174,1,$25000.89,0,$0,0,0
BODESA,"MOTO BDS STARK 250CC, ROJO",CEDIS CDMX,PUEBLA 18 PONIENTE,1895,10,LB425YCB3TC012475,1,$25000.89,0,$0,0,0
BODESA,"MOTO BDS STARK 250CC, ROJO",CEDIS CULIACAN,MACROPAY CANATLAN CENTRO,1871,10,LB425YCB8TC017462,1,$24999.00,0,$0,0,0
BODESA,"MOTO BDS STARK 250CC, ROJO",CEDIS CULIACAN,MACROPAY DURANGO CENTRO B JUAREZ,1864,10,LB425YCB1TC017447,1,$24999.00,0,$0,0,0
BODESA,"MOTO BDS STARK 250CC, ROJO",CEDIS CULIACAN,MACROPAY HERMOSILLO CENTRO NORIEGA,1911,10,LB425YCB6TC011854,1,$24999.00,0,$0,0,0
BODESA,"MOTO BDS STARK 250CC, ROJO",CEDIS GDL,JALOSTOTITLAN CENTRO,1914,10,LB425YCB5SC054113,1,$24999.00,0,$0,0,0
BODESA,"MOTO BDS STARK 250CC, ROJO",CEDIS GDL,MACROPAY GDL EL FRESNO,1905,10,LB425YCB1TC012507,1,$24999.00,0,$0,0,0
BODESA,"MOTO BDS STARK 250CC, ROJO",CEDIS GDL,MACROPAY ZAMORA MICH FCO I MADERO 288,1706,10,R66HYN1A7S1000169,1,$24999.00,0,$0,0,0
BODESA,"MOTO BDS STARK 250CC, ROJO",CEDIS MID,CEDIS MERIDA,11,140,LB425YCB0TC012577,1,$26897.14,0,$0,0,0
BODESA,"MOTO BDS STARK 250CC, ROJO",CEDIS MID,CEDIS MERIDA,11,140,LB425YCB7TC012608,1,$26897.14,0,$0,0,0
BODESA,"MOTO BDS STARK 250CC, ROJO",CEDIS MID,CEDIS MERIDA,11,140,LB425YCB9TC012514,1,$26897.14,0,$0,0,0
BODESA,"MOTO BDS STARK 250CC, ROJO",CEDIS MID,CEDIS MERIDA PXGL,26,140,LB425YCB4TC012582,1,$26087.99,0,$0,0,0
BODESA,"MOTO BDS STARK 250CC, ROJO",CEDIS MID,CEDIS MERIDA PXGL,26,140,LB425YCB5TC012557,1,$26087.99,0,$0,0,0
BODESA,"MOTO BDS STARK 250CC, ROJO",CEDIS MID,CEDIS MERIDA PXGL,26,140,LB425YCBXTC017429,1,$26087.99,0,$0,0,0
BODESA,"MOTO BDS STARK 250CC, ROJO",CEDIS MID,MACROPAY CHT MOTOS OTHON,1738,10,LB425YCB9TC011816,1,$25698.59,0,$0,0,0
BODESA,"MOTO BDS STARK 250CC, ROJO",CEDIS MID,MACROPAY LEONA VICARIO CTRA FEDERAL,1427,10,LB425YCB7TC011829,1,$25698.65,0,$0,0,0
BODESA,"MOTO BDS STARK 250CC, ROJO",CEDIS MID,MACROPAY MID KUKULCAN L03,1390,10,LB425YCB9TC011847,1,$25699.00,0,$0,0,0
BODESA,"MOTO BDS STARK 250CC, ROJO",CEDIS MID,MACROPAY MID MOTOS CALLE 56,1100,10,LB425YCB0TC012496,1,$25699.00,0,$0,0,0
BODESA,"MOTO BDS STARK 250CC, ROJO",CEDIS MID,MACROPAY MID PLAZA DORADA 3,1010,10,LB425YCB5TC011781,1,$25696.14,0,$0,0,0
BODESA,"MOTO BDS STARK 250CC, ROJO",CEDIS MID,MACROPAY MID PLAZA FIESTA,2015,10,LB425YCB0TC017486,1,$25818.28,0,$0,0,0
BODESA,"MOTO BDS STARK 250CC, ROJO",CEDIS MID,MACROPAY PETO CALLE 31,1093,10,LB425YCB6TC012504,1,$25818.28,0,$0,0,0
BODESA,"MOTO BDS STARK 250CC, ROJO",CEDIS MID,MACROPAY TICUL CALLE 26,1045,10,LB425YCB7TC012463,1,$25699.00,0,$0,0,0
BODESA,"MOTO BDS STARK 250CC, ROJO",CEDIS SALTILLO,MACROPAY ESCOBEDO CITADINA L03A,1550,10,LB425YCB1TC012538,1,$25499.00,0,$0,0,0
BODESA,"MOTO BDS STARK 250CC, ROJO",CEDIS SALTILLO,MACROPAY SABINAS CENTRO,1938,10,LB425YCB8TC017509,1,$25499.00,0,$0,0,0
BODESA,"MOTO BDS STARK 250CC, ROJO",CEDIS SALTILLO,MACROPAY SALTILLO SENDERO SUR LE7-9,1923,10,LB425YCB4TC017460,1,$25499.00,0,$0,0,0
BODESA,"MOTO BDS STARK 250CC, ROJO",CEDIS SALTILLO,MACROPAY STA CATARINA SENDERO LC08,1924,10,LB425YCB9TC017440,1,$25499.00,0,$0,0,0
BODESA,"MOTO BDS STARK 250CC, ROJO",CEDIS SALTILLO,MACROPAY TORREON CENTRO,1772,10,LB425YCB4SC054152,1,$24999.00,0,$0,0,0
BODESA,"MOTO BDS STARK 250CC, ROJO",CEDIS SALTILLO,MACROPAY TORREON CENTRO HIDALGO,1941,10,LB425YCB0TC017357,1,$25499.00,0,$0,0,0
BODESA,"MOTO BDS STARK 250CC, ROJO",CEDIS SAN LUIS,MACROPAY SOLEDAD DE GRACIANO CENTRO,1837,10,LB425YCBXTC012134,1,$24999.00,0,$0,0,0
BODESA,"MOTO BDS STARK 250CC, ROJO",CEDIS SAN LUIS,MACROPAY TAMPICO CENTRO ADUANA,1753,10,LB425YCB7TC012219,1,$24999.00,0,$0,0,0
BODESA,"MOTO BDS STARK 250CC, ROJO",CEDIS SAN LUIS,SAN LUIS POTOSI FUNDADORES,1912,10,LB425YCB5TC011747,1,$24999.00,0,$0,0,0
BODESA,"MOTO BDS STARK 250CC, ROJO",CEDIS TAB PXGL,MACROPAY ACAYUCAN CENTRO,1789,10,LB425YCB2TC011883,1,$25699.00,0,$0,0,0
BODESA,"MOTO BDS STARK 250CC, ROJO",CEDIS TAB PXGL,MACROPAY ACAYUCAN CENTRO,1789,10,LB425YCB4TC012209,1,$25699.00,0,$0,0,0
BODESA,"MOTO BDS STARK 250CC, ROJO",CEDIS TAB PXGL,MACROPAY CD DEL CARMEN CALLE 22 MOTOS,1811,10,LB425YCB2TC012225,1,$25699.00,0,$0,0,0
BODESA,"MOTO BDS STARK 250CC, ROJO",CEDIS TAB PXGL,MACROPAY COATZA MERCADO MORELOS,1803,10,3SACF1GA2T1001101,1,$25699.00,0,$0,0,0
BODESA,"MOTO BDS STARK 250CC, ROJO",CEDIS TAB PXGL,MACROPAY COATZA MERCADO MORELOS,1803,10,LB425YCB9TC012125,1,$25699.00,0,$0,0,0
BODESA,"MOTO BDS STARK 250CC, ROJO",CEDIS TAB PXGL,MACROPAY HUIXTLA ZARAGOZA,1184,10,LB425YCB3TC011763,1,$25699.00,0,$0,0,0
BODESA,"MOTO BDS STARK 250CC, ROJO",CEDIS TAB PXGL,MACROPAY JUAN RODRIGUEZ VER CENTRO,1860,10,LB425YCB5TC017354,1,$25699.00,0,$0,0,0
BODESA,"MOTO BDS STARK 250CC, ROJO",CEDIS TAB PXGL,MACROPAY MATIAS ROMERO ILUSTRES,1148,10,LB425YCB2TC011771,1,$25699.00,0,$0,0,0
BODESA,"MOTO BDS STARK 250CC, ROJO",CEDIS TAB PXGL,MACROPAY MINATITLAN MIGUEL HID MOTOS,1827,10,LB425YCB2TC011852,1,$25699.00,0,$0,0,0
BODESA,"MOTO BDS STARK 300CC, AZUL",CEDIS CDMX,MACROPAY TEPEAPULCO CD SAHAGUN L1,1252,10,LB430Y5J6TC016933,1,$26999.00,0,$0,0,0
BODESA,"MOTO BDS STARK 300CC, AZUL",CEDIS CDMX,MACROPAY ZACUALTIPAN CALLE OCAMPO,1396,10,LB430Y5J5TC016874,1,$26999.00,0,$0,0,0
BODESA,"MOTO BDS STARK 300CC, AZUL",CEDIS CULIACAN,CEDIS CULIACAN,28,140,LB430Y5J4TC016851,1,$26999.00,0,$0,0,0
BODESA,"MOTO BDS STARK 300CC, AZUL",CEDIS CULIACAN,MACROPAY MAZATLAN GRAN PLAZA LE14,1814,10,LB430Y5J3SC054425,1,$27699.00,0,$0,0,0
BODESA,"MOTO BDS STARK 300CC, AZUL",CEDIS GDL,MACROPAY APATZINGAN CENTRO ANDRADE,1832,10,LB430Y5J4TC017207,1,$26999.00,0,$0,0,0
BODESA,"MOTO BDS STARK 300CC, AZUL",CEDIS MID,MACROPAY CUN PLAZA HEROES MOTOS,1752,10,3SACG1GA7T1001138,1,$27699.00,0,$0,0,0
BODESA,"MOTO BDS STARK 300CC, AZUL",CEDIS MID,MACROPAY ESCARCEGA J SIERRA MOTOS,1797,10,LB430Y5J7TC017282,1,$27699.00,0,$0,0,0
BODESA,"MOTO BDS STARK 300CC, AZUL",CEDIS SALTILLO,CEDIS SALTILLO,29,140,LB430Y5J1TC016774,1,$27499.00,0,$0,0,0
BODESA,"MOTO BDS STARK 300CC, AZUL",CEDIS SALTILLO,MACROPAY SABINAS CENTRO,1938,10,LB430Y5J3TC016808,1,$27499.00,0,$0,0,0
BODESA,"MOTO BDS STARK 300CC, AZUL",CEDIS SAN LUIS,CEDIS SAN LUIS,27,140,LB430Y5J4TC016798,1,$26999.00,0,$0,0,0
BODESA,"MOTO BDS STARK 300CC, AZUL",CEDIS SAN LUIS,CEDIS SAN LUIS,27,140,LB430Y5JXTC016787,1,$26999.00,0,$0,0,0
BODESA,"MOTO BDS STARK 300CC, AZUL",CEDIS SAN LUIS,MACROPAY SLP CENTRO PIPILA,1788,10,LB430Y5J5TC016809,1,$26999.00,0,$0,0,0
BODESA,"MOTO BDS STARK 300CC, AZUL",CEDIS TAB PXGL,MACROPAY BERRIOZABAL CENTRAL NORTE L2,1335,10,LB430Y5J3TC016825,1,$27699.00,0,$0,0,0
BODESA,"MOTO BDS STARK 300CC, AZUL",CEDIS TAB PXGL,MACROPAY CINTALAPA AV CENTRAL,1546,10,LB430Y5J7TC016858,1,$27699.00,0,$0,0,0
BODESA,"MOTO BDS STARK 300CC, AZUL",CEDIS TAB PXGL,MACROPAY OCOZOCOAUTLA PLAZA COITA L13,1604,10,LB430Y5J7TC017136,1,$27699.00,0,$0,0,0
BODESA,"MOTO BDS STARK 300CC, AZUL",PROVEEDOR,MACROPAY MISION SOLER TIJUANA,1824,10,3SACG1GA0T1000946,1,$28179.00,0,$0,0,0
BODESA,"MOTO BDS STARK 300CC, AZUL",PROVEEDOR,MACROPAY MISION SOLER TIJUANA,1824,10,3SACG1GA4T1000898,1,$28179.00,0,$0,0,0
BODESA,"MOTO BDS STARK 300CC, AZUL",PROVEEDOR,MACROPAY MISION SOLER TIJUANA,1824,10,3SACG1GA5T1001087,1,$28179.00,0,$0,0,0
BODESA,"MOTO BDS STARK 300CC, AZUL",PROVEEDOR,MACROPAY MISION SOLER TIJUANA,1824,10,3SACG1GAXT1001005,1,$28179.00,0,$0,0,0
BODESA,"MOTO BDS STARK 300CC, ROJO",CEDIS CDMX,MACROPAY ZUMPANGO AV INSURGENTES,1813,10,LB430Y5J5TC017118,1,$26999.00,0,$0,0,0
BODESA,"MOTO BDS STARK 300CC, ROJO",CEDIS CULIACAN,MACROPAY HERMOSILLO CENTRO NORIEGA,1911,10,LB430Y5J5TC017099,1,$26999.00,0,$0,0,0
BODESA,"MOTO BDS STARK 300CC, ROJO",CEDIS CULIACAN,MACROPAY LA PAZ 16 DE SEPTIEMBRE,1730,10,LB430Y5J3TC016744,1,$26999.00,0,$0,0,0
BODESA,"MOTO BDS STARK 300CC, ROJO",CEDIS CULIACAN,MACROPAY LA PAZ MERCADO MADERO,1805,10,LB430Y5J3TC012855,1,$26999.00,0,$0,0,0
BODESA,"MOTO BDS STARK 300CC, ROJO",CEDIS CULIACAN,MACROPAY MAZATLAN CENTRO,1863,10,LB430Y5J9SC054381,1,$27699.00,0,$0,0,0
BODESA,"MOTO BDS STARK 300CC, ROJO",CEDIS GDL,MACROPAY APATZINGAN CENTRO ANDRADE,1832,10,LB430Y5J5TC017085,1,$26999.00,0,$0,0,0
BODESA,"MOTO BDS STARK 300CC, ROJO",CEDIS MID,MACROPAY TULUM ARRICE MOTOS,1844,10,3SACG1GA6T1000076,1,$27699.00,0,$0,0,0
BODESA,"MOTO BDS STARK 300CC, ROJO",CEDIS MID,MACROPAY VALLADOLID MOTOS CALLE 39,1748,10,LB430Y5J7SC022853,1,$27699.00,0,$0,0,0
BODESA,"MOTO BDS STARK 300CC, ROJO",CEDIS SALTILLO,MACROPAY MTY CENTRO SANTIAGO TAPIA,1874,10,LB430Y5J3SC022848,1,$26999.00,0,$0,0,0
BODESA,"MOTO BDS STARK 300CC, ROJO",CEDIS SAN LUIS,MACROPAY SALAMANCA PLAZA VIA ALTA L1018A,1415,10,LB430Y5J8TC012902,1,$26999.00,0,$0,0,0
BODESA,"MOTO BDS STARK 300CC, ROJO",CEDIS SAN LUIS,MACROPAY TAMPICO CENTRO ADUANA,1753,10,LB430Y5J2TC012880,1,$26999.00,0,$0,0,0
BODESA,"MOTO BDS STARK 300CC, ROJO",CEDIS TAB PXGL,MACROPAY ACAYUCAN CENTRO,1789,10,LB430Y5J8TC017047,1,$27699.00,0,$0,0,0
BODESA,"MOTO BDS STARK 300CC, ROJO",CEDIS TAB PXGL,MACROPAY ALVARADO DE LA LLAVE,1216,10,LB430Y5J7TC016651,1,$27699.00,0,$0,0,0
BODESA,"MOTO BDS STARK 300CC, ROJO",CEDIS TAB PXGL,MACROPAY COATZACOALCOS JUAREZ,1429,10,LB430Y5J1TC012899,1,$27699.00,0,$0,0,0
BODESA,"MOTO BDS STARK 300CC, ROJO",CEDIS TAB PXGL,MACROPAY COATZACOALCOS JUAREZ MOTOS,1796,10,LB430Y5J2TC017030,1,$27699.00,0,$0,0,0
BODESA,"MOTO BDS STARK 300CC, ROJO",CEDIS TAB PXGL,MACROPAY COMITAN SUR ORIENTE,1105,10,LB430Y5J4TC017112,1,$27699.00,0,$0,0,0
BODESA,"MOTO BDS STARK 300CC, ROJO",CEDIS TAB PXGL,MACROPAY COSAMALOAPAN HIDALGO,1715,10,LB430Y5J5TC012985,1,$27699.00,0,$0,0,0
BODESA,"MOTO BDS STARK 300CC, ROJO",CEDIS TAB PXGL,MACROPAY MACUSPANA MOTOS,1901,10,LB430Y5JXTC012853,1,$27699.00,0,$0,0,0
BODESA,"MOTO BDS STARK 300CC, ROJO",CEDIS TAB PXGL,MACROPAY TEAPA GREGORIO,1124,10,LB430Y5J5TC016678,1,$27699.00,0,$0,0,0
BODESA,"MOTO BDS STARK 300CC, ROJO",CEDIS TAB PXGL,MACROPAY TUXTEPEC 20 DE NOV,1134,10,LB430Y5J8TC016979,1,$27699.00,0,$0,0,0
BODESA,"MOTO BDS STARK 300CC, ROJO",CEDIS TAB PXGL,MACROPAY VER SAN ANDRES MOTOS,1798,10,LB430Y5J5TC017121,1,$27699.00,0,$0,0,0
BODESA,"MOTO BDS STARK 300CC, ROJO",PROVEEDOR,ENSENADA CENTRO GASTELUM,1949,10,LB430Y5JXTC017034,1,$28179.00,0,$0,0,0
BODESA,"MOTO BDS STARK 300CC, ROJO",PROVEEDOR,MACROPAY MISION SOLER TIJUANA,1824,10,3SACG1GA3T1001184,1,$28179.00,0,$0,0,0
BODESA,"MOTO BDS STARK 300CC, ROJO",PROVEEDOR,MACROPAY MISION SOLER TIJUANA,1824,10,LB430Y5J0TC017107,1,$28179.00,0,$0,0,0
BODESA,"MOTO BDS STARK 300CC, ROJO",PROVEEDOR,MACROPAY MISION SOLER TIJUANA,1824,10,LB430Y5J4TC017126,1,$28179.00,0,$0,0,0
BODESA,"MOTO BDS STARK 300CC, ROJO",VENTA DINAMO,MACROPAY SALINA CRUZ PABELLON L5,1142,10,LB430Y5J3TC016999,1,$27699.00,0,$0,0,0
BODESA,"MOTO BDS THUNDER 170CC, NEGRO",CEDIS CDMX,MACROPAY GUTIERREZ ZAMORA CENTRO,1776,10,3SAAD1GA7T1000958,1,$16200.00,0,$0,0,0
BODESA,"MOTO BDS THUNDER 170CC, NEGRO",CEDIS CDMX,MACROPAY METEPEC CHEDRAUI L15,1374,10,LGVSMP100TZ120381,1,$16200.00,0,$0,0,0
BODESA,"MOTO BDS THUNDER 170CC, NEGRO",CEDIS CDMX,MACROPAY XALAPA REVOLUCIÓN,1254,10,3SAAD1GA5T1001526,1,$16200.34,0,$0,0,0
BODESA,"MOTO BDS THUNDER 170CC, NEGRO",CEDIS TAB PXGL,MACROPAY PICHUCALCO ZARAGOZA,1276,10,3SAAD1GA9T1001478,1,$16900.00,0,$0,0,0
BODESA,"MOTO BDS THUNDER 190CC, NEGRO",CEDIS CDMX,CE. LOG. PXGL,21,140,3SAAJ1GA9T1000128,1,$16200.00,0,$0,0,0
BODESA,"MOTO BDS THUNDER 190CC, NEGRO",CEDIS CDMX,CENTRO LAGO DE GUADALUPE EDOMEX,1885,10,3SAAJ1GA9T1000176,1,$16200.00,0,$0,0,0
BODESA,"MOTO BDS THUNDER 190CC, NEGRO",CEDIS CDMX,MACROPAY ACAJETE CARRETERA NACIONAL,1572,10,3SAAJ1GA3T1000397,1,$16200.00,0,$0,0,0
BODESA,"MOTO BDS THUNDER 190CC, NEGRO",CEDIS CDMX,MACROPAY ACAPULCO PATIO L08C,1926,10,LGVSMD101TZ000359,1,$16200.00,0,$0,0,0
BODESA,"MOTO BDS THUNDER 190CC, NEGRO",CEDIS CDMX,MACROPAY AMOZOC GRAN BODEGA,1179,10,LGVSMD104TZ000095,1,$16200.00,0,$0,0,0
BODESA,"MOTO BDS THUNDER 190CC, NEGRO",CEDIS CDMX,MACROPAY AMOZOC GRAN BODEGA,1179,10,LGVSMD109TZ000108,1,$16200.00,0,$0,0,0
BODESA,"MOTO BDS THUNDER 190CC, NEGRO",CEDIS CDMX,MACROPAY AMOZOC PLAZA ANGELINAS L5,1178,10,LGVSMD108TZ000424,1,$16200.00,0,$0,0,0
BODESA,"MOTO BDS THUNDER 190CC, NEGRO",CEDIS CDMX,MACROPAY ATOTONILCO JUAREZ,1247,10,LGVSMD105TZ000218,1,$16200.00,0,$0,0,0
BODESA,"MOTO BDS THUNDER 190CC, NEGRO",CEDIS CDMX,MACROPAY CDMX PARQUE TEPEYAC L204,1780,10,LGVSMD102TZ000550,1,$16200.00,0,$0,0,0
BODESA,"MOTO BDS THUNDER 190CC, NEGRO",CEDIS CDMX,MACROPAY CHIAUTEMPAN IGNACIO PICAZO,1469,10,LGVSMD102TZ000371,1,$16200.00,0,$0,0,0
BODESA,"MOTO BDS THUNDER 190CC, NEGRO",CEDIS CDMX,MACROPAY CHIMALHUACAN PLAZA L48,1301,10,LGVSMD103TZ000329,1,$16200.00,0,$0,0,0
BODESA,"MOTO BDS THUNDER 190CC, NEGRO",CEDIS CDMX,MACROPAY CHIMALHUACAN PLAZA L48,1301,10,LGVSMD10XTZ000358,1,$16200.00,0,$0,0,0
BODESA,"MOTO BDS THUNDER 190CC, NEGRO",CEDIS CDMX,MACROPAY COYOTEPEC P DE LA CONSTITUCION,1425,10,LGVSMD10XTZ000201,1,$16200.00,0,$0,0,0
BODESA,"MOTO BDS THUNDER 190CC, NEGRO",CEDIS CDMX,MACROPAY CUAU SORIANA TEPALCAPA L1,1533,10,LGVSMD10XTZ000621,1,$16200.00,0,$0,0,0
BODESA,"MOTO BDS THUNDER 190CC, NEGRO",CEDIS CDMX,MACROPAY ECATEPEC LAS AMERICAS L25D,1304,10,LGVSMD104TZ000274,1,$16200.00,0,$0,0,0
BODESA,"MOTO BDS THUNDER 190CC, NEGRO",CEDIS CDMX,MACROPAY EDO MEX TREN SUB LECHERIA L68,1592,10,LGVSMD109TZ000478,1,$16200.00,0,$0,0,0
BODESA,"MOTO BDS THUNDER 190CC, NEGRO",CEDIS CDMX,MACROPAY HUAJUAPAN CENTRO,1779,10,LGVSMD102TZ000547,1,$16200.00,0,$0,0,0
BODESA,"MOTO BDS THUNDER 190CC, NEGRO",CEDIS CDMX,MACROPAY JILOTEPEC PABELLON L1,1542,10,LGVSMD103TZ000444,1,$16200.00,0,$0,0,0
BODESA,"MOTO BDS THUNDER 190CC, NEGRO",CEDIS CDMX,MACROPAY JIUTEPEC CUAUHNAHUAC,1869,10,LGVSMD107TZ000575,1,$16200.00,0,$0,0,0
BODESA,"MOTO BDS THUNDER 190CC, NEGRO",CEDIS CDMX,MACROPAY JOJUTLA CENTRO,1854,10,3SAAJ1GAXT1000476,1,$16200.00,0,$0,0,0
BODESA,"MOTO BDS THUNDER 190CC, NEGRO",CEDIS CDMX,MACROPAY OAX ALDAMA,1153,10,LGVSMD109TZ000190,1,$16200.00,0,$0,0,0
BODESA,"MOTO BDS THUNDER 190CC, NEGRO",CEDIS CDMX,MACROPAY PAPANTLA 5 MAYO 305,1714,10,LGVSMD107TZ000401,1,$16200.00,0,$0,0,0
BODESA,"MOTO BDS THUNDER 190CC, NEGRO",CEDIS CDMX,MACROPAY PEROTE HUMBOLDT,1190,10,LGVSMD10XTZ000490,1,$16200.00,0,$0,0,0
BODESA,"MOTO BDS THUNDER 190CC, NEGRO",CEDIS CDMX,MACROPAY PUE CHEDRAUI L1,1246,10,LGVSMD100TZ000451,1,$16200.00,0,$0,0,0
BODESA,"MOTO BDS THUNDER 190CC, NEGRO",CEDIS CDMX,MACROPAY PUE PLAZA SAN PEDRO L40,1470,10,LGVSMD109TZ000495,1,$16200.00,0,$0,0,0
BODESA,"MOTO BDS THUNDER 190CC, NEGRO",CEDIS CDMX,MACROPAY PUE VIA AMALUCAN L6,1503,10,3SAAJ1GA8T1000444,1,$16200.00,0,$0,0,0
BODESA,"MOTO BDS THUNDER 190CC, NEGRO",CEDIS CDMX,MACROPAY PUE VIA AMALUCAN L6,1503,10,LGVSMD105TZ000364,1,$16200.00,0,$0,0,0
BODESA,"MOTO BDS THUNDER 190CC, NEGRO",CEDIS CDMX,MACROPAY QRO VERGARA,1438,10,3SAAJ1GA7T1000449,1,$16200.00,0,$0,0,0
BODESA,"MOTO BDS THUNDER 190CC, NEGRO",CEDIS CDMX,MACROPAY QRO WALMART ESFERA,1447,10,LGVSMD105TZ000056,1,$16200.00,0,$0,0,0
BODESA,"MOTO BDS THUNDER 190CC, NEGRO",CEDIS CDMX,MACROPAY TECAMAC FCO GLEZ BOCANEGRA,1398,10,3SAAJ1GA2T1000259,1,$16200.00,0,$0,0,0
BODESA,"MOTO BDS THUNDER 190CC, NEGRO",CEDIS CDMX,MACROPAY TECAMAC SORIANA MDO II L4-5,1605,10,LGVSMD106TZ000485,1,$16200.00,0,$0,0,0
BODESA,"MOTO BDS THUNDER 190CC, NEGRO",CEDIS CDMX,MACROPAY TEHUACAN 5 SUR,1138,10,LGVSMD100TZ000269,1,$16200.00,0,$0,0,0
BODESA,"MOTO BDS THUNDER 190CC, NEGRO",CEDIS CDMX,MACROPAY TIZAYUCA HIMNO NACIONAL,1426,10,LGVSMD100TZ000532,1,$16200.00,0,$0,0,0
BODESA,"MOTO BDS THUNDER 190CC, NEGRO",CEDIS CDMX,MACROPAY TIZAYUCA HIMNO NACIONAL,1426,10,LGVSMD101TZ000460,1,$16200.00,0,$0,0,0
BODESA,"MOTO BDS THUNDER 190CC, NEGRO",CEDIS CDMX,MACROPAY TLACOLULA AV JUAREZ,1269,10,3SAAJ1GA6T1000216,1,$16200.00,0,$0,0,0
BODESA,"MOTO BDS THUNDER 190CC, NEGRO",CEDIS CDMX,MACROPAY TLACOLULA AV JUAREZ,1269,10,LGVSMD106TZ000230,1,$16200.00,0,$0,0,0
BODESA,"MOTO BDS THUNDER 190CC, NEGRO",CEDIS CDMX,MACROPAY TLALNEPANTLA ENCUENTRO L29,1400,10,LGVSMD103TZ000556,1,$16200.00,0,$0,0,0
BODESA,"MOTO BDS THUNDER 190CC, NEGRO",CEDIS CDMX,MACROPAY TULA DIVIERTIPLAZA L1,1242,10,LGVSMD104TZ000484,1,$16200.00,0,$0,0,0
BODESA,"MOTO BDS THUNDER 190CC, NEGRO",CEDIS CDMX,MACROPAY VER CENTRO INDEPENDENCIA,1897,10,LGVSMD10XTZ000425,1,$16200.00,0,$0,0,0
BODESA,"MOTO BDS THUNDER 190CC, NEGRO",CEDIS CDMX,MACROPAY VERACRUZ AV MATAMOROS NORTE,1721,10,3SAAJ1GA6T1000474,1,$16200.00,0,$0,0,0
BODESA,"MOTO BDS THUNDER 190CC, NEGRO",CEDIS CDMX,MACROPAY XALAPA PIPILA,1577,10,3SAAJ1GA7T1000483,1,$16200.00,0,$0,0,0
BODESA,"MOTO BDS THUNDER 190CC, NEGRO",CEDIS CDMX,MACROPAY ZUMPANGO FEDERICO GOMEZ,1475,10,LGVSMD105TZ000221,1,$16200.00,0,$0,0,0
BODESA,"MOTO BDS THUNDER 190CC, NEGRO",CEDIS CDMX,TLATLAUQUITEPEC CENTRO,1942,10,LGVSMD105TZ000350,1,$16200.00,0,$0,0,0
BODESA,"MOTO BDS THUNDER 190CC, NEGRO",CEDIS CULIACAN,MACROPAY HERMOSILLO CENTRO NORIEGA,1911,10,LGVSMD102TZ000631,1,$16200.00,0,$0,0,0
BODESA,"MOTO BDS THUNDER 190CC, NEGRO",CEDIS CULIACAN,MACROPAY MAZATLAN CENTRO,1863,10,LGVSMD101TZ000636,1,$16200.00,0,$0,0,0
BODESA,"MOTO BDS THUNDER 190CC, NEGRO",CEDIS CULIACAN,MACROPAY MAZATLAN PLAZA ACAYA L7E,1826,10,3SAAJ1GA3T1000366,1,$16200.00,0,$0,0,0
BODESA,"MOTO BDS THUNDER 190CC, NEGRO",CEDIS GDL,CEDIS MACROPAY GUADALAJARA,25,140,LGVSMD102TZ000337,1,$16200.00,0,$0,0,0
BODESA,"MOTO BDS THUNDER 190CC, NEGRO",CEDIS GDL,CEDIS MACROPAY GUADALAJARA,25,140,LGVSMD104TZ000386,1,$16200.00,0,$0,0,0
BODESA,"MOTO BDS THUNDER 190CC, NEGRO",CEDIS GDL,CEDIS MACROPAY GUADALAJARA,25,140,LGVSMD104TZ000419,1,$16200.00,0,$0,0,0
BODESA,"MOTO BDS THUNDER 190CC, NEGRO",CEDIS GDL,CEDIS MACROPAY GUADALAJARA,25,140,LGVSMD106TZ000387,1,$16200.00,0,$0,0,0
BODESA,"MOTO BDS THUNDER 190CC, NEGRO",CEDIS GDL,MACROPAY APATZINGAN CENTRO ANDRADE,1832,10,LGVSMD108TZ000374,1,$16200.00,0,$0,0,0
BODESA,"MOTO BDS THUNDER 190CC, NEGRO",CEDIS GDL,MACROPAY GDL MOTOS PASEO ALCALDE,1919,10,LGVSMD108TZ000021,1,$16200.00,0,$0,0,0
BODESA,"MOTO BDS THUNDER 190CC, NEGRO",CEDIS GDL,MACROPAY JAL TONALA JAVIER MINA,1521,10,3SAAJ1GA1T1000303,1,$16200.00,0,$0,0,0
BODESA,"MOTO BDS THUNDER 190CC, NEGRO",CEDIS MID,CEDIS MERIDA,11,140,LGVSMD104TZ000498,1,$18151.00,0,$0,0,0
BODESA,"MOTO BDS THUNDER 190CC, NEGRO",CEDIS MID,CEDIS MERIDA,11,140,LGVSMD104TZ000565,1,$18151.00,0,$0,0,0
BODESA,"MOTO BDS THUNDER 190CC, NEGRO",CEDIS MID,CEDIS MERIDA,11,140,LGVSMD108TZ000598,1,$18151.00,0,$0,0,0
BODESA,"MOTO BDS THUNDER 190CC, NEGRO",CEDIS MID,MACROPAY CENOTILLO CALLE 19,1054,10,LGVSMD108TZ000262,1,$18151.00,0,$0,0,0
BODESA,"MOTO BDS THUNDER 190CC, NEGRO",CEDIS MID,MACROPAY CUN CHEDRAUI MUNDO MAYA,1877,10,LGVSMD101TZ000507,1,$16900.00,0,$0,0,0
BODESA,"MOTO BDS THUNDER 190CC, NEGRO",CEDIS MID,MACROPAY CUN CHEDRAUI MUNDO MAYA,1877,10,LGVSMD106TZ000633,1,$16900.00,0,$0,0,0
BODESA,"MOTO BDS THUNDER 190CC, NEGRO",CEDIS MID,MACROPAY CUN PLAZA HEROES MOTOS,1752,10,LGVSMD102TZ000502,1,$16900.00,0,$0,0,0
BODESA,"MOTO BDS THUNDER 190CC, NEGRO",CEDIS MID,MACROPAY CUN PLAZA HEROES MOTOS,1752,10,LGVSMD104TZ000551,1,$16900.00,0,$0,0,0
BODESA,"MOTO BDS THUNDER 190CC, NEGRO",CEDIS MID,MACROPAY ESCARCEGA H. MARTINEZ,1098,10,3SAAJ1GA5T1000174,1,$16900.00,0,$0,0,0
BODESA,"MOTO BDS THUNDER 190CC, NEGRO",CEDIS MID,MACROPAY ESCARCEGA J SIERRA MOTOS,1797,10,LGVSMD100TZ000479,1,$18151.01,0,$0,0,0
BODESA,"MOTO BDS THUNDER 190CC, NEGRO",CEDIS MID,MACROPAY HALACHO CALLE 20,1049,10,LGVSMD10XTZ000635,1,$18151.00,0,$0,0,0
BODESA,"MOTO BDS THUNDER 190CC, NEGRO",CEDIS MID,MACROPAY KANASIN CALLE 21,1454,10,3SAAJ1GA4T1000215,1,$16900.00,0,$0,0,0
BODESA,"MOTO BDS THUNDER 190CC, NEGRO",CEDIS MID,MACROPAY LEONA VICARIO CTRA FEDERAL,1427,10,LGVSMD108TZ000617,1,$18151.00,0,$0,0,0
BODESA,"MOTO BDS THUNDER 190CC, NEGRO",CEDIS MID,MACROPAY MID CALLE 56,1004,10,3SAAJ1GA7T1000354,1,$16900.00,0,$0,0,0
BODESA,"MOTO BDS THUNDER 190CC, NEGRO",CEDIS MID,MACROPAY MID EMILIO SEIJO,1069,10,LGVSMD10XTZ000599,1,$17132.62,0,$0,0,0
BODESA,"MOTO BDS THUNDER 190CC, NEGRO",CEDIS MID,MACROPAY MID GRAN SANTA FE L24A,1116,10,LGVSMD103TZ000590,1,$16900.00,0,$0,0,0
BODESA,"MOTO BDS THUNDER 190CC, NEGRO",CEDIS MID,MACROPAY MID GRAN SANTA FE L24A,1116,10,LGVSMD105TZ000588,1,$16900.00,0,$0,0,0
BODESA,"MOTO BDS THUNDER 190CC, NEGRO",CEDIS MID,MACROPAY MID MACROPLAZA SUPER,1014,10,LGVSMD109TZ000092,1,$16900.00,0,$0,0,0
BODESA,"MOTO BDS THUNDER 190CC, NEGRO",CEDIS MID,MACROPAY MID PLAZA DORADA 3,1010,10,LGVSMD102TZ000614,1,$16900.00,0,$0,0,0
BODESA,"MOTO BDS THUNDER 190CC, NEGRO",CEDIS MID,MACROPAY PROGRESO XCARET,1038,10,LGVSMD106TZ000521,1,$16900.00,0,$0,0,0
BODESA,"MOTO BDS THUNDER 190CC, NEGRO",CEDIS MID,MACROPAY TECOH CALLE 28,1088,10,LGVSMD109TZ000481,1,$17019.64,0,$0,0,0
BODESA,"MOTO BDS THUNDER 190CC, NEGRO",CEDIS MID,MACROPAY TICUL CALLE 23,1046,10,LGVSMD109TZ000562,1,$16900.00,0,$0,0,0
BODESA,"MOTO BDS THUNDER 190CC, NEGRO",CEDIS MID,MACROPAY TULUM CHEDRAUI L01 PLUS,1916,10,3SAAJ1GA3T1000075,1,$16900.00,0,$0,0,0
BODESA,"MOTO BDS THUNDER 190CC, NEGRO",CEDIS MID,MACROPAY VALLADOLID CALLE 77,1033,10,3SAAJ1GAXT1000039,1,$16900.00,0,$0,0,0
BODESA,"MOTO BDS THUNDER 190CC, NEGRO",CEDIS MID,MACROPAY VALLADOLID MOTOS CALLE 39,1748,10,LGVSMD109TZ000626,1,$16900.00,0,$0,0,0
BODESA,"MOTO BDS THUNDER 190CC, NEGRO",CEDIS SALTILLO,MACROPAY ESCOBEDO CITADINA L03A,1550,10,3SAAJ1GA7T1000192,1,$16700.00,0,$0,0,0
BODESA,"MOTO BDS THUNDER 190CC, NEGRO",CEDIS SALTILLO,MACROPAY SALTILLO PATIO L04D,1842,10,3SAAJ1GA8T1000315,1,$16700.00,0,$0,0,0
BODESA,"MOTO BDS THUNDER 190CC, NEGRO",CEDIS SAN LUIS,CEDIS SAN LUIS,27,140,LGVSMD100TZ000501,1,$16200.00,0,$0,0,0
BODESA,"MOTO BDS THUNDER 190CC, NEGRO",CEDIS SAN LUIS,MACROPAY LEON VIA ALTA L1043,1765,10,LGVSMD102TZ000578,1,$16200.00,0,$0,0,0
BODESA,"MOTO BDS THUNDER 190CC, NEGRO",CEDIS SAN LUIS,MACROPAY SALAMANCA PLAZA VIA ALTA L1018A,1415,10,LGVSMD109TZ000559,1,$16200.00,0,$0,0,0
BODESA,"MOTO BDS THUNDER 190CC, NEGRO",CEDIS SAN LUIS,MACROPAY SAN LUIS DE LA PAZ CENTRO,1855,10,LGVSMD102TZ000175,1,$16200.00,0,$0,0,0
BODESA,"MOTO BDS THUNDER 190CC, NEGRO",CEDIS SAN LUIS,MACROPAY SLP CENTRO PIPILA,1788,10,LGVSMD107TZ000608,1,$16200.00,0,$0,0,0
BODESA,"MOTO BDS THUNDER 190CC, NEGRO",CEDIS TAB PXGL,CEDIS MACROPAY TABASCO PXGL,14,140,LGVSMD104TZ000324,1,$16900.00,0,$0,0,0
BODESA,"MOTO BDS THUNDER 190CC, NEGRO",CEDIS TAB PXGL,CEDIS MACROPAY TABASCO PXGL,14,140,LGVSMD106TZ000258,1,$16900.00,0,$0,0,0
BODESA,"MOTO BDS THUNDER 190CC, NEGRO",CEDIS TAB PXGL,MACROPAY ACAYUCAN CENTRO,1789,10,LGVSMD100TZ000496,1,$16900.00,0,$0,0,0
BODESA,"MOTO BDS THUNDER 190CC, NEGRO",CEDIS TAB PXGL,MACROPAY ACAYUCAN CENTRO,1789,10,LGVSMD104TZ000016,1,$16900.00,0,$0,0,0
BODESA,"MOTO BDS THUNDER 190CC, NEGRO",CEDIS TAB PXGL,MACROPAY ALVARADO DE LA LLAVE,1216,10,LGVSMD107TZ000592,1,$16900.00,0,$0,0,0
BODESA,"MOTO BDS THUNDER 190CC, NEGRO",CEDIS TAB PXGL,MACROPAY CARDENAS PORTALES CENTRO,1802,10,LGVSMD100TZ000563,1,$16900.00,0,$0,0,0
BODESA,"MOTO BDS THUNDER 190CC, NEGRO",CEDIS TAB PXGL,MACROPAY CARDENAS PORTALES CENTRO,1802,10,LGVSMD105TZ000123,1,$16900.00,0,$0,0,0
BODESA,"MOTO BDS THUNDER 190CC, NEGRO",CEDIS TAB PXGL,MACROPAY CARDENAS PORTALES CENTRO,1802,10,LGVSMD107TZ000012,1,$16900.00,0,$0,0,0
BODESA,"MOTO BDS THUNDER 190CC, NEGRO",CEDIS TAB PXGL,MACROPAY CARDENAS PORTALES CENTRO,1802,10,LGVSMD10XTZ000442,1,$16900.00,0,$0,0,0
BODESA,"MOTO BDS THUNDER 190CC, NEGRO",CEDIS TAB PXGL,MACROPAY CD DEL CARMEN CALLE 22 MOTOS,1811,10,LGVSMD105TZ000512,1,$16900.00,0,$0,0,0
BODESA,"MOTO BDS THUNDER 190CC, NEGRO",CEDIS TAB PXGL,MACROPAY COATZA ACAYA L20,1228,10,LGVSMD106TZ000051,1,$16900.00,0,$0,0,0
BODESA,"MOTO BDS THUNDER 190CC, NEGRO",CEDIS TAB PXGL,MACROPAY COATZA MERCADO MORELOS,1803,10,LGVSMD106TZ000499,1,$16900.00,0,$0,0,0
BODESA,"MOTO BDS THUNDER 190CC, NEGRO",CEDIS TAB PXGL,MACROPAY COSAMALOAPAN HIDALGO,1715,10,LGVSMD105TZ000493,1,$16900.00,0,$0,0,0
BODESA,"MOTO BDS THUNDER 190CC, NEGRO",CEDIS TAB PXGL,MACROPAY HUIMANGUILLO AV ESCOBAR,1281,10,LGVSMD107TZ000236,1,$16900.00,0,$0,0,0
BODESA,"MOTO BDS THUNDER 190CC, NEGRO",CEDIS TAB PXGL,MACROPAY JUAN RODRIGUEZ VER CENTRO,1860,10,LGVSMD10XTZ000456,1,$16900.00,0,$0,0,0
BODESA,"MOTO BDS THUNDER 190CC, NEGRO",CEDIS TAB PXGL,MACROPAY JUCHITAN 16 DE SEPTIEMBRE,1146,10,LGVSMD10XTZ000537,1,$16900.00,0,$0,0,0
BODESA,"MOTO BDS THUNDER 190CC, NEGRO",CEDIS TAB PXGL,MACROPAY JUCHITAN VALENTIN C,1144,10,LGVSMD102TZ000208,1,$16900.00,0,$0,0,0
BODESA,"MOTO BDS THUNDER 190CC, NEGRO",CEDIS TAB PXGL,MACROPAY MACUSPANA MOTOS,1901,10,LGVSMD100TZ000529,1,$16900.00,0,$0,0,0
BODESA,"MOTO BDS THUNDER 190CC, NEGRO",CEDIS TAB PXGL,MACROPAY NANCHITAL CENTRO,1786,10,LGVSMD108TZ000519,1,$16900.00,0,$0,0,0
BODESA,"MOTO BDS THUNDER 190CC, NEGRO",CEDIS TAB PXGL,MACROPAY OCOZOCOAUTLA 1 NORTE,1174,10,LGVSMD103TZ000492,1,$16900.00,0,$0,0,0
BODESA,"MOTO BDS THUNDER 190CC, NEGRO",CEDIS TAB PXGL,MACROPAY TAPACHULA 1A PONIENTE,1175,10,LGVSMD106TZ000597,1,$16900.00,0,$0,0,0
BODESA,"MOTO BDS THUNDER 190CC, NEGRO",CEDIS TAB PXGL,MACROPAY TEAPA GREGORIO,1124,10,LGVSMD106TZ000616,1,$16900.00,0,$0,0,0
BODESA,"MOTO BDS THUNDER 190CC, NEGRO",CEDIS TAB PXGL,MACROPAY TIERRA BLANCA CENTRO,1771,10,LGVSMD107TZ000043,1,$16900.00,0,$0,0,0
BODESA,"MOTO BDS THUNDER 190CC, NEGRO",CEDIS TAB PXGL,MACROPAY TUX MOTOS NOVENA SUR,1875,10,LGVSMD104TZ000615,1,$16900.00,0,$0,0,0
BODESA,"MOTO BDS THUNDER 190CC, NEGRO",CEDIS TAB PXGL,MACROPAY TUX NOVENA SUR,1323,10,LGVSMD108TZ000472,1,$16900.00,0,$0,0,0
BODESA,"MOTO BDS THUNDER 190CC, NEGRO",CEDIS TAB PXGL,MACROPAY TUX PRIMERA PONIENTE SUR,1578,10,LGVSMD103TZ000539,1,$16900.00,0,$0,0,0
BODESA,"MOTO BDS THUNDER 190CC, NEGRO",CEDIS TAB PXGL,MACROPAY VER SAN ANDRES MOTOS,1798,10,LGVSMD105TZ000560,1,$16900.00,0,$0,0,0
BODESA,"MOTO BDS THUNDER 190CC, NEGRO",PROVEEDOR,ENSENADA CENTRO GASTELUM,1949,10,LGVSMD109TZ000240,1,$17380.00,0,$0,0,0
BODESA,"MOTO BDS THUNDER 190CC, NEGRO",PROVEEDOR,ENSENADA CENTRO GASTELUM,1949,10,LGVSMD109TZ000335,1,$17380.00,0,$0,0,0
BODESA,"MOTO BDS THUNDER 190CC, NEGRO",PROVEEDOR,MACROPAY MISION SOLER TIJUANA,1824,10,LGVSMD100TZ000336,1,$17380.00,0,$0,0,0
BODESA,"MOTO BDS THUNDER 190CC, NEGRO",PROVEEDOR,MACROPAY MISION SOLER TIJUANA,1824,10,LGVSMD104TZ000257,1,$17380.00,0,$0,0,0
BODESA,"MOTO BDS THUNDER 190CC, NEGRO",PROVEEDOR,MACROPAY MISION SOLER TIJUANA,1824,10,LGVSMD107TZ000382,1,$17380.00,0,$0,0,0
BODESA,"MOTO BDS THUNDER 190CC, NEGRO",PROVEEDOR,MACROPAY MISION SOLER TIJUANA,1824,10,LGVSMD10XTZ000277,1,$17380.00,0,$0,0,0
BODESA,"MOTO BDS THUNDER 190CC, NEGRO",VENTA DINAMO,MACROPAY SALINA CRUZ PABELLON L5,1142,10,LGVSMD107TZ000561,1,$16900.00,0,$0,0,0
BODESA,"MOTO BDS THUNDER 190CC, NEGRO",VENTA DINAMO,MACROPAY UNION HIDALGO VICTORIA,1553,10,LGVSMD103TZ000170,1,$16900.00,0,$0,0,0
DINAMO,"MOTO DINAMO ADVENTURE ELITE 150C, BLANCO",CEDIS CDMX,MACROPAY AMOZOC GRAN BODEGA,1179,10,3CUS1AAY5TX000544,1,$18945.26,0,$0,0,0
DINAMO,"MOTO DINAMO ADVENTURE ELITE 150C, BLANCO",CEDIS CDMX,MACROPAY EPAZOYUCAN CALLE SANTOS,1253,10,3CUS1AAY9TX000045,1,$21825.86,0,$0,0,0
DINAMO,"MOTO DINAMO ADVENTURE ELITE 150C, BLANCO",CEDIS CDMX,MACROPAY IXTAPALUCA PLAZA,1481,10,3CUS1AAYXTX000085,1,$18945.26,0,$0,0,0
DINAMO,"MOTO DINAMO ADVENTURE ELITE 150C, BLANCO",CEDIS CDMX,MACROPAY JIUTEPEC CUAUHNAHUAC,1869,10,3CUS1AAY9TX000157,1,$21275.72,0,$0,0,0
DINAMO,"MOTO DINAMO ADVENTURE ELITE 150C, BLANCO",CEDIS CDMX,MACROPAY TEXMELUCAN CENTRO 2,1774,10,3CUS1AAY8TX000599,1,$18945.26,0,$0,0,0
DINAMO,"MOTO DINAMO ADVENTURE ELITE 150C, BLANCO",CEDIS CDMX,MACROPAY TEXMELUCAN CENTRO 2,1774,10,3CUS1AAYXTX000507,1,$18945.26,0,$0,0,0
DINAMO,"MOTO DINAMO ADVENTURE ELITE 150C, BLANCO",CEDIS CDMX,MACROPAY TOLUCA HIDALGO MOTOS,1747,10,3CUS1AAY9TX000675,1,$18945.26,0,$0,0,0
DINAMO,"MOTO DINAMO ADVENTURE ELITE 150C, BLANCO",CEDIS GDL,MACROPAY GDL JESUS GONZALEZ ORTEGA,1520,10,3CUS1AAY4TX000535,1,$18945.26,0,$0,0,0
DINAMO,"MOTO DINAMO ADVENTURE ELITE 150C, BLANCO",CEDIS MID,MACROPAY CHT MOTOS OTHON,1738,10,3CUS1AAY5SX000249,1,$21219.83,0,$0,0,0
DINAMO,"MOTO DINAMO ADVENTURE ELITE 150C, BLANCO",CEDIS MID,MACROPAY CHT PLAZA BAHIA,1030,10,3CUS1AAYXTX000748,1,$21825.86,0,$0,0,0
DINAMO,"MOTO DINAMO ADVENTURE ELITE 150C, BLANCO",CEDIS SALTILLO,MACROPAY CHIHUAHUA SENDERO LF12,1925,10,3CUS1AAY3TX000588,1,$18945.36,0,$0,0,0
DINAMO,"MOTO DINAMO ADVENTURE ELITE 150C, BLANCO",CEDIS SALTILLO,MACROPAY RAMOS ARIZPE PLAZA BELLA LL004,1499,10,3CUS1AAY7TX000867,1,$21825.86,0,$0,0,0
DINAMO,"MOTO DINAMO ADVENTURE ELITE 150C, BLANCO",CEDIS TAB PXGL,MACROPAY ALVARADO DE LA LLAVE,1216,10,3CUS1AAY0TX000600,1,$18945.26,0,$0,0,0
DINAMO,"MOTO DINAMO ADVENTURE ELITE 150C, BLANCO",CEDIS TAB PXGL,MACROPAY JUCHITAN VALENTIN C,1144,10,3CUS1AAY8TX000523,1,$18945.26,0,$0,0,0
DINAMO,"MOTO DINAMO ADVENTURE ELITE 150C, BLANCO",CEDIS TAB PXGL,MACROPAY TAPACHULA CRYSTAL L16B,1584,10,3CUS1AAY1TX000816,1,$18945.26,0,$0,0,0
DINAMO,"MOTO DINAMO ADVENTURE ELITE 150C, BLANCO",VENTA DINAMO,MACROPAY CHAHUITES 16 DE SEPTIEMBRE,1411,10,3CUS1AAY4TX000812,1,$18945.26,0,$0,0,0
DINAMO,"MOTO DINAMO ADVENTURE ELITE 150C, BLANCO",VENTA DINAMO,MACROPAY COZUMEL FIESTA L 2A,1199,10,3CUS1AAY6TX000519,1,$18945.26,0,$0,0,0
DINAMO,"MOTO DINAMO ADVENTURE ELITE 150CC, ROJO",CEDIS CDMX,MACROPAY AMECAMECA FRAY M VALENCIA,1717,10,3CUS1AAY6TX000813,1,$18945.26,0,$0,0,0
DINAMO,"MOTO DINAMO ADVENTURE ELITE 150CC, ROJO",CEDIS CDMX,MACROPAY CDMX PLAZA EXHIBIMEX L16,1403,10,3CUS1AAY6TX000116,1,$21753.12,0,$0,0,0
DINAMO,"MOTO DINAMO ADVENTURE ELITE 150CC, ROJO",CEDIS CDMX,MACROPAY CDMX PLAZA PUERTA CONDESA,1742,10,3CUS1AAY8TX000120,1,$21219.82,0,$0,0,0
DINAMO,"MOTO DINAMO ADVENTURE ELITE 150CC, ROJO",CEDIS CDMX,MACROPAY CDMX VIA MIXHUCA L4,1315,10,3CUS1AAY2TX000114,1,$21219.82,0,$0,0,0
DINAMO,"MOTO DINAMO ADVENTURE ELITE 150CC, ROJO",CEDIS CDMX,MACROPAY CUERNA CHEDRAUI FLORES MAGON L7,1528,10,3CUS1AAY1TX000394,1,$22731.87,0,$0,0,0
DINAMO,"MOTO DINAMO ADVENTURE ELITE 150CC, ROJO",CEDIS CDMX,MACROPAY CUERNA SANTOS DEGOLLADO,1694,10,3CUS1AAY8TX000196,1,$21219.97,0,$0,0,0
DINAMO,"MOTO DINAMO ADVENTURE ELITE 150CC, ROJO",CEDIS CDMX,MACROPAY EMILIANO ZAPATA CHEDRAUI LD08,1479,10,3CUS1AAY2TX000226,1,$21275.72,0,$0,0,0
DINAMO,"MOTO DINAMO ADVENTURE ELITE 150CC, ROJO",CEDIS CDMX,MACROPAY MOR ZAPATA AV. NO REELECCIÓN,1704,10,3CUS1AAY8TX000425,1,$21219.80,0,$0,0,0
DINAMO,"MOTO DINAMO ADVENTURE ELITE 150CC, ROJO",CEDIS CDMX,MACROPAY PUE REFORMA,1245,10,3CUS1AAYXTX000829,1,$21825.76,0,$0,0,0
DINAMO,"MOTO DINAMO ADVENTURE ELITE 150CC, ROJO",CEDIS CDMX,MACROPAY PUE SAN JERONIMO L5,1541,10,3CUS1AAY5TX000379,1,$21274.59,0,$0,0,0
DINAMO,"MOTO DINAMO ADVENTURE ELITE 150CC, ROJO",CEDIS CDMX,MACROPAY TEXMELUCAN CENTRO 2,1774,10,3CUS1AAY3TX000008,1,$18945.26,0,$0,0,0
DINAMO,"MOTO DINAMO ADVENTURE ELITE 150CC, ROJO",CEDIS CDMX,MACROPAY VERACRUZ AV MATAMOROS NORTE,1721,10,3CUS1AAY3TX000641,1,$18945.26,0,$0,0,0
DINAMO,"MOTO DINAMO ADVENTURE ELITE 150CC, ROJO",CEDIS GDL,MACROPAY GDL LAS TORRES L10,1385,10,3CUS1AAY9TX000465,1,$21155.52,0,$0,0,0
DINAMO,"MOTO DINAMO ADVENTURE ELITE 150CC, ROJO",CEDIS SALTILLO,MACROPAY CHIHUAHUA SENDERO LF12,1925,10,3CUS1AAY5TX000222,1,$21792.79,0,$0,0,0
DINAMO,"MOTO DINAMO ADVENTURE ELITE 150CC, ROJO",CEDIS TAB PXGL,MACROPAY ANGEL R LIBERTAD,1209,10,3CUS1AAY5TX000754,1,$18945.26,0,$0,0,0
DINAMO,"MOTO DINAMO ADVENTURE ELITE 150CC, ROJO",CEDIS TAB PXGL,MACROPAY LERDO DE TEJADA ENRIQUEZ,1200,10,3CUS1AAY0TX000886,1,$22731.70,0,$0,0,0
DINAMO,"MOTO DINAMO ADVENTURE ELITE 150CC, ROJO",CEDIS TAB PXGL,MACROPAY MINATITLAN MIGUEL HID MOTOS,1827,10,3CUS1AAYXTX000474,1,$21219.82,0,$0,0,0
DINAMO,"MOTO DINAMO ADVENTURE ELITE 150CC, ROJO",CEDIS TAB PXGL,MACROPAY SAN CRISTOBAL D LAS CASA 22,1106,10,3CUS1AAY8TX000702,1,$21247.79,0,$0,0,0
DINAMO,"MOTO DINAMO ADVENTURE ELITE 150CC, ROJO",CEDIS TAB PXGL,MACROPAY TIERRA BLANCA CENTRO,1771,10,3CUS1AAY9SX000450,1,$20212.50,0,$0,0,0
DINAMO,"MOTO DINAMO ADVENTURE ELITE 150CC, ROJO",CEDIS TAB PXGL,MACROPAY TUX 4TA SUR PONIENTE,1070,10,3CUS1AAY7TX000402,1,$22731.87,0,$0,0,0
DINAMO,"MOTO DINAMO ADVENTURE ELITE 150CC, ROJO",VENTA DINAMO,MACROPAY SALINA CRUZ 5 DE MAYO,1544,10,3CUS1AAY2TX000730,1,$18945.36,0,$0,0,0
DINAMO,"MOTO DINAMO ALIEN R RY150T-4 150, BLANCO",CEDIS GDL,MACROPAY GDL MOTOS PASEO ALCALDE,1919,10,3CUS1AAL6SX000152,1,$18945.26,0,$0,0,0
DINAMO,"MOTO DINAMO ALIEN-R 175 CC, BLANCO",CEDIS CDMX,MACROPAY CDMX SERVIPLAZA EL ROSARIO,1422,10,3CUS1AAC3TX001258,1,$19578.88,0,$0,0,0
DINAMO,"MOTO DINAMO ALIEN-R 175 CC, BLANCO",CEDIS CDMX,MACROPAY PUE CHEDRAUI L1,1246,10,3CUS1AAC3TX001552,1,$19578.88,0,$0,0,0
DINAMO,"MOTO DINAMO ALIEN-R 175 CC, BLANCO",CEDIS CDMX,MACROPAY PUE PLAZA DORADA LG,1766,10,3CUS1AAC3TX000207,1,$21970.36,0,$0,0,0
DINAMO,"MOTO DINAMO ALIEN-R 175 CC, BLANCO",CEDIS CDMX,MACROPAY TUXPAN CENTRO JUAREZ,1831,10,3CUS1AAC2TX001039,1,$19578.88,0,$0,0,0
DINAMO,"MOTO DINAMO ALIEN-R 175 CC, BLANCO",CEDIS SALTILLO,MACROPAY SALTILLO SENDERO SUR LE7-9,1923,10,3CUS1AAC4TX000734,1,$19578.88,0,$0,0,0
DINAMO,"MOTO DINAMO ALIEN-R 175 CC, BLANCO",CEDIS TAB PXGL,MACROPAY TUXTEPEC 20 DE NOV MERCADO,1644,10,3CUS1AAC5TX001035,1,$19578.88,0,$0,0,0
DINAMO,"MOTO DINAMO ALIEN-R 175 CC, BLANCO",VENTA DINAMO,MACROPAY MARTINEZ DE LA TORRE MAXIMO,1255,10,3CUS1AAC1TX000836,1,$19578.88,0,$0,0,0
DINAMO,"MOTO DINAMO ALIEN-R 175 CC, BLANCO",VENTA DINAMO,MACROPAY SALINA CRUZ PABELLON L5,1142,10,3CUS1AAC7TX001702,1,$19578.88,0,$0,0,0
DINAMO,"MOTO DINAMO ALIEN-R 175 CC, GRIS",CEDIS CDMX,MACROPAY AMECAMECA FRAY M VALENCIA,1717,10,3CUS1AAC2TX001588,1,$19578.88,0,$0,0,0
DINAMO,"MOTO DINAMO ALIEN-R 175 CC, GRIS",CEDIS CDMX,MACROPAY AMECAMECA PLAZA VOLCANES,1879,10,3CUS1AAC9TX001605,1,$19578.88,0,$0,0,0
DINAMO,"MOTO DINAMO ALIEN-R 175 CC, GRIS",CEDIS CDMX,MACROPAY ATLIXCO MORALEDA,1275,10,3CUS1AAC5TX000645,1,$19578.98,0,$0,0,0
DINAMO,"MOTO DINAMO ALIEN-R 175 CC, GRIS",CEDIS TAB PXGL,MACROPAY JUCHITAN VALENTIN C,1144,10,3CUS1AAC0TX001170,1,$19578.98,0,$0,0,0
DINAMO,"MOTO DINAMO ALIEN-R 175 CC, ROJO",CEDIS CDMX,MACROPAY CDMX OBSERVATORIO L25,1436,10,3CUS1AAC0TX001587,1,$19578.88,0,$0,0,0
DINAMO,"MOTO DINAMO ALIEN-R 175 CC, ROJO",CEDIS CDMX,MACROPAY CDMX PLAZA TLATELOLCO L N1 18,1720,10,3CUS1AAC6TX001240,1,$19578.88,0,$0,0,0
DINAMO,"MOTO DINAMO ALIEN-R 175 CC, ROJO",CEDIS CDMX,MACROPAY CDMX SERVIPLAZA EL ROSARIO,1422,10,3CUS1AAC3TX001311,1,$19578.88,0,$0,0,0
DINAMO,"MOTO DINAMO ALIEN-R 175 CC, ROJO",CEDIS CDMX,MACROPAY CHOLULA SAN DIEGO L50,1599,10,3CUS1AAC4TX001009,1,$19578.98,0,$0,0,0
DINAMO,"MOTO DINAMO ALIEN-R 175 CC, ROJO",CEDIS CDMX,MACROPAY JOJUTLA CENTRO,1854,10,3CUS1AAC4TX000569,1,$19578.88,0,$0,0,0
DINAMO,"MOTO DINAMO ALIEN-R 175 CC, ROJO",CEDIS CDMX,MACROPAY LOS REYES CENTRO TEPOZAN LC24,1783,10,3CUS1AAC1TX001520,1,$19578.88,0,$0,0,0
DINAMO,"MOTO DINAMO ALIEN-R 175 CC, ROJO",CEDIS CDMX,MACROPAY TEXMELUCAN GRAN PLAZA L9,1159,10,3CUS1AACXTX001015,1,$19578.88,0,$0,0,0
DINAMO,"MOTO DINAMO ALIEN-R 175 CC, ROJO",CEDIS TAB PXGL,MACROPAY FORUM COATZACOALCOS ,3004,10,3CUS1AAC5TX001200,1,$19578.88,0,$0,0,0
DINAMO,"MOTO DINAMO ALIEN-R 175 CC, ROJO",VENTA DINAMO,MACROPAY COZUMEL FIESTA L 2A,1199,10,3CUS1AAC3TX001423,1,$19578.88,0,$0,0,0
DINAMO,"MOTO DINAMO ALIEN-R 175 CC, ROJO",VENTA DINAMO,MACROPAY IXTEPEC 16 DE SEPTIEMBRE,1145,10,3CUS1AAC1TX001503,1,$19578.88,0,$0,0,0
DINAMO,"MOTO DINAMO ALIEN-R 175 CC, VERDE",CEDIS CDMX,MACROPAY ALAMO CENTRO,1870,10,3CUS1AAC2TX000960,1,$19578.88,0,$0,0,0
DINAMO,"MOTO DINAMO ALIEN-R 175 CC, VERDE",CEDIS CDMX,MACROPAY AMECAMECA FRAY M VALENCIA,1717,10,3CUS1AAC7TX001568,1,$19578.88,0,$0,0,0
DINAMO,"MOTO DINAMO ALIEN-R 175 CC, VERDE",CEDIS CDMX,MACROPAY CDMX GALERIAS IXTAPALUCA L B1A,1724,10,3CUS1AAC5TX001567,1,$19578.88,0,$0,0,0
DINAMO,"MOTO DINAMO ALIEN-R 175 CC, VERDE",CEDIS CDMX,MACROPAY CDMX SORIANA CALZ VIGA LI-3A-2,1350,10,3CUS1AAC8TX001241,1,$19578.88,0,$0,0,0
DINAMO,"MOTO DINAMO ALIEN-R 175 CC, VERDE",CEDIS CDMX,MACROPAY CHALCO CENTRO MORELOS,1718,10,3CUS1AAC3TX000613,1,$19568.65,0,$0,0,0
DINAMO,"MOTO DINAMO ALIEN-R 175 CC, VERDE",CEDIS CDMX,MACROPAY CHALCO CENTRO MORELOS,1718,10,3CUS1AAC7TX000615,1,$19568.65,0,$0,0,0
DINAMO,"MOTO DINAMO ALIEN-R 175 CC, VERDE",CEDIS CDMX,MACROPAY CHIMALHUACAN PLAZA L48,1301,10,3CUS1AAC2TX001395,1,$19578.88,0,$0,0,0
DINAMO,"MOTO DINAMO ALIEN-R 175 CC, VERDE",CEDIS CDMX,MACROPAY CIUDAD CARDEL CENTRO,1906,10,3CUS1AAC1TX000609,1,$22543.03,0,$0,0,0
DINAMO,"MOTO DINAMO ALIEN-R 175 CC, VERDE",CEDIS CDMX,MACROPAY COACALCO COSMOPOL LE125,1407,10,3CUS1AAC7TX000789,1,$19578.88,0,$0,0,0
DINAMO,"MOTO DINAMO ALIEN-R 175 CC, VERDE",CEDIS CDMX,MACROPAY JOJUTLA CENTRO,1854,10,3CUS1AAC8TX000977,1,$19578.88,0,$0,0,0
DINAMO,"MOTO DINAMO ALIEN-R 175 CC, VERDE",CEDIS CDMX,MACROPAY TEXMELUCAN CENTRO 2,1774,10,3CUS1AACXTX000964,1,$19578.88,0,$0,0,0
DINAMO,"MOTO DINAMO ALIEN-R 175 CC, VERDE",CEDIS CDMX,MACROPAY TLALNEPANTLA ENCUENTRO L29,1400,10,3CUS1AAC8TX001255,1,$19578.88,0,$0,0,0
DINAMO,"MOTO DINAMO ALIEN-R 175 CC, VERDE",CEDIS SALTILLO,MACROPAY CHIHUAHUA SENDERO LF12,1925,10,3CUS1AAC8TX000686,1,$22543.10,0,$0,0,0
DINAMO,"MOTO DINAMO ALIEN-R 175 CC, VERDE",CEDIS TAB PXGL,MACROPAY TUXTEPEC 20 DE NOV MERCADO,1644,10,3CUS1AAC0TX000777,1,$19578.88,0,$0,0,0
DINAMO,"MOTO DINAMO ALIEN-R 175 CC, VERDE",VENTA DINAMO,MACROPAY CHAHUITES 16 DE SEPTIEMBRE,1411,10,3CUS1AAC0TX000861,1,$19578.88,0,$0,0,0
DINAMO,"MOTO DINAMO ALIEN-R 175 CC, VERDE",VENTA DINAMO,MACROPAY TEHUANTEPEC HIDALGO,1147,10,3CUS1AAC5TX001696,1,$19578.88,0,$0,0,0
DINAMO,"MOTO DINAMO CUSTOM 150CC, ROJO",VENTA DINAMO,MACROPAY SALINA CRUZ 5 DE MAYO,1544,10,3CUU2ACF1TX000221,1,$23380.60,0,$0,0,0
DINAMO,"MOTO DINAMO FENIX 150CC, AZUL",CEDIS CDMX,MACROPAY VER CENTRO INDEPENDENCIA,1897,10,3CUT2ADW6PX000232,1,$16410.78,0,$0,0,0
DINAMO,"MOTO DINAMO KF RACER 150CC, PLATA",CEDIS TAB PXGL,MACROPAY JALPA JOSE MARIA,1126,10,3CUU2AKF0SX000050,1,$17044.39,0,$0,0,0
DINAMO,"MOTO DINAMO KF RACER 150CC, PLATA",CEDIS TAB PXGL,MACROPAY VER SAN ANDRES MOTOS,1798,10,3CUU2AKF4SX000181,1,$16410.78,0,$0,0,0
DINAMO,"MOTO DINAMO KF RACER 150CC, ROJO",CEDIS CDMX,MACROPAY TEHUACAN 1 SUR,1136,10,3CUU2AKF3SX000009,1,$16410.78,0,$0,0,0
DINAMO,"MOTO DINAMO KF RACER 150CC, VERDE",CEDIS CDMX,MACROPAY CDMX CUAUHTEMOC LE2,1439,10,3CUU2AKFXSX000282,1,$16410.78,0,$0,0,0
DINAMO,"MOTO DINAMO KF RACER 150CC, VERDE",CEDIS TAB PXGL,MACROPAY PALENQUE 2ND PONIENTE,1170,10,3CUU2AKF8SX000085,1,$17678.02,0,$0,0,0
DINAMO,"MOTO DINAMO METRO 125CC, PLATA",CEDIS CDMX,MACROPAY IXTAPALUCA PLAZA,1481,10,3CUT3AMM6TX000009,1,$20047.35,0,$0,0,0
DINAMO,"MOTO DINAMO METRO 125CC, PLATA",CEDIS CDMX,MACROPAY LOS REYES CENTRO TEPOZAN LC24,1783,10,3CUT3AMM8TX000061,1,$20212.44,0,$0,0,0
DINAMO,"MOTO DINAMO METRO 125CC, PLATA",CEDIS CDMX,MACROPAY PUE PLAZA DORADA LG,1766,10,3CUT3AMM0TX000006,1,$21219.79,0,$0,0,0
DINAMO,"MOTO DINAMO METRO 125CC, PLATA",CEDIS GDL,MACROPAY GDL MOTOS PASEO ALCALDE,1919,10,3CUT3AMM1TX000094,1,$21219.78,0,$0,0,0
DINAMO,"MOTO DINAMO METRO 125CC, PLATA",CEDIS MID,MACROPAY CUN PLAZA HEROES MOTOS,1752,10,3CUT3AMM5TX000146,1,$21825.86,0,$0,0,0
DINAMO,"MOTO DINAMO METRO 125CC, PLATA",CEDIS MID,MACROPAY PLAYA DEL C. AV JUAREZ,1810,10,3CUT3AMM8TX000044,1,$21825.79,0,$0,0,0
DINAMO,"MOTO DINAMO METRO 125CC, PLATA",CEDIS TAB PXGL,MACROPAY COATZA MERCADO MORELOS,1803,10,3CUT3AMM6TX000186,1,$20212.75,0,$0,0,0
DINAMO,"MOTO DINAMO METRO 125CC, PLATA",CEDIS TAB PXGL,MACROPAY PALENQUE BENITO JUAREZ,1737,10,3CUT3AMM3TX000193,1,$20745.65,0,$0,0,0
DINAMO,"MOTO DINAMO METRO 125CC, ROJO",CEDIS CDMX,MACROPAY HUAMANTLA MORELOS PTE,1769,10,3CUT3AMM0TX000023,1,$21155.52,0,$0,0,0
DINAMO,"MOTO DINAMO METRO 125CC, ROJO",CEDIS SAN LUIS,MACROPAY TAMPICO CENTRO ADUANA,1753,10,3CUT3AMM1TX000208,1,$21219.79,0,$0,0,0
DINAMO,"MOTO DINAMO METRO 125CC, VERDE",CEDIS CDMX,MACROPAY CDMX OBSERVATORIO L25,1436,10,3CUT3AMM2TX000184,1,$21219.80,0,$0,0,0
DINAMO,"MOTO DINAMO METRO 125CC, VERDE",CEDIS CDMX,MACROPAY TUXPAN CENTRO JUAREZ,1831,10,3CUT3AMM2TX000010,1,$21219.80,0,$0,0,0
DINAMO,"MOTO DINAMO METRO 125CC, VERDE",CEDIS GDL,MACROPAY ZAPOTLANEJO PORFIRIO DIAZ,1517,10,3CUT3AMM6TX000074,1,$21219.82,0,$0,0,0
DINAMO,"MOTO DINAMO METRO 125CC, VERDE",CEDIS SALTILLO,MACROPAY CHIHUAHUA SENDERO LF12,1925,10,3CUT3AMM3TX000257,1,$21792.79,0,$0,0,0
DINAMO,"MOTO DINAMO METRO 125CC, VERDE",CEDIS SAN LUIS,MACROPAY CD MADERO CENTRO 1RO DE MAYO,1756,10,3CUT3AMM8TX000092,1,$21219.80,0,$0,0,0
DINAMO,"MOTO DINAMO METRO 125CC, VERDE",CEDIS TAB PXGL,MACROPAY CATEMACO MADERO,1205,10,3CUT3AMM9TX000019,1,$20212.50,0,$0,0,0
DINAMO,"MOTO DINAMO METRO 125CC, VERDE",CEDIS TAB PXGL,MACROPAY TEAPA GREGORIO,1124,10,3CUT3AMM2TX000122,1,$20212.44,0,$0,0,0
DINAMO,"MOTO DINAMO METRO SEMI-AUTM 120CC, AZUL",CEDIS CDMX,MACROPAY TECOZAUTLA FRAY SAN JUAN,1327,10,3CUT3AMT1RX000080,1,$17044.40,0,$0,0,0
DINAMO,"MOTO DINAMO R2-GT 250CC, AMARILLO",CEDIS CDMX,CE. LOG. PXGL,21,140,3CUP2ARR5SX000087,1,$33195.69,0,$0,0,0
DINAMO,"MOTO DINAMO R2-GT 250CC, AMARILLO",CEDIS CDMX,MACROPAY PUE MOMOXPAN LB5,1289,10,3CUP2ARR3SX000282,1,$34143.81,0,$0,0,0
DINAMO,"MOTO DINAMO R2-GT 250CC, AMARILLO",CEDIS CDMX,MACROPAY PUE PLAZA CENTRO SUR LD1,1417,10,3CUP2ARR8SX000472,1,$31617.58,0,$0,0,0
DINAMO,"MOTO DINAMO R2-GT 250CC, AMARILLO",CEDIS CDMX,MACROPAY VALLE DE CHALCO SORIANA L12,1579,10,3CUP2ARR1SX000121,1,$34143.97,0,$0,0,0
DINAMO,"MOTO DINAMO R2-GT 250CC, AMARILLO",CEDIS CDMX,MACROPAY XOCHIMILCO,1697,10,3CUP2ARR1SX000300,1,$33195.74,0,$0,0,0
DINAMO,"MOTO DINAMO R2-GT 250CC, AMARILLO",CEDIS SALTILLO,MACROPAY CHIHUAHUA SENDERO LF12,1925,10,3CUP2ARR6SX000339,1,$34092.24,0,$0,0,0
DINAMO,"MOTO DINAMO R2-GT 250CC, AMARILLO",CEDIS TAB PXGL,MACROPAY HUIMANGUILLO BENITO JUAREZ,1699,10,3CUP2ARR4SX000288,1,$31617.67,0,$0,0,0
DINAMO,"MOTO DINAMO R2-GT 250CC, ROJO",CEDIS CDMX,MACROPAY AMECAMECA PLAZA VOLCANES,1879,10,3CUP2ARR5SX000414,1,$33281.36,0,$0,0,0
DINAMO,"MOTO DINAMO R2-GT 250CC, ROJO",CEDIS CDMX,MACROPAY PACHUCA ZARAGOZA 100-B,1453,10,3CUP2ARRXVX000087,1,$33195.69,0,$0,0,0
DINAMO,"MOTO DINAMO R2-GT 250CC, ROJO",CEDIS CDMX,MACROPAY PUE 2 NORTE,1150,10,3CUP2ARR2SX000418,1,$31617.67,0,$0,0,0
DINAMO,"MOTO DINAMO SCORPIO 200CC, BLANCO",CEDIS CDMX,MACROPAY CIUDAD CARDEL AZUETA,1274,10,3CUD2ASPXTX000826,1,$24620.46,0,$0,0,0
DINAMO,"MOTO DINAMO SCORPIO 200CC, BLANCO",CEDIS CDMX,MACROPAY CIUDAD CARDEL CENTRO,1906,10,3CUD2ASP2TX000240,1,$23881.16,0,$0,0,0
DINAMO,"MOTO DINAMO SCORPIO 200CC, BLANCO",CEDIS CDMX,MACROPAY PUE CRUZ DEL SUR LF01,1466,10,3CUD2ASP0TX000639,1,$23881.02,0,$0,0,0
DINAMO,"MOTO DINAMO SCORPIO 200CC, BLANCO",CEDIS CDMX,MACROPAY VERACRUZ AV MATAMOROS NORTE,1721,10,3CUD2ASP3TX000179,1,$23881.08,0,$0,0,0
DINAMO,"MOTO DINAMO SCORPIO 200CC, BLANCO",CEDIS CDMX,MACROPAY VERACRUZ AV MATAMOROS NORTE,1721,10,3CUD2ASP7TX000489,1,$23881.08,0,$0,0,0
DINAMO,"MOTO DINAMO SCORPIO 200CC, BLANCO",CEDIS CDMX,MACROPAY ZUMPANGO AV INSURGENTES,1813,10,3CUD2ASP3TX000716,1,$23881.16,0,$0,0,0
DINAMO,"MOTO DINAMO SCORPIO 200CC, BLANCO",CEDIS TAB PXGL,MACROPAY CD DEL CARMEN CALLE 22 MOTOS,1811,10,3CUD2ASP6TX000211,1,$23881.16,0,$0,0,0
DINAMO,"MOTO DINAMO SCORPIO 200CC, BLANCO",CEDIS TAB PXGL,MACROPAY COATZACOALCOS JUAREZ MOTOS,1796,10,3CUD2ASP9TX001031,1,$23881.28,0,$0,0,0
DINAMO,"MOTO DINAMO SCORPIO 200CC, BLANCO",CEDIS TAB PXGL,MACROPAY MINATITLAN MIGUEL HID MOTOS,1827,10,3CUD2ASP7TX000024,1,$23881.03,0,$0,0,0
DINAMO,"MOTO DINAMO SCORPIO 200CC, BLANCO",CEDIS TAB PXGL,MACROPAY VER SAN ANDRES MOTOS,1798,10,3CUD2ASP7TX000640,1,$23881.28,0,$0,0,0
DINAMO,"MOTO DINAMO SCORPIO 200CC, NEGRO",CEDIS CDMX,MACROPAY LOS REYES CENTRO TEPOZAN LC24,1783,10,3CUD2ASP4TX000367,1,$23881.01,0,$0,0,0
DINAMO,"MOTO DINAMO SCORPIO 200CC, NEGRO",CEDIS CDMX,MACROPAY VERACRUZ AV MATAMOROS NORTE,1721,10,3CUD2ASP3TX000800,1,$23881.24,0,$0,0,0
DINAMO,"MOTO DINAMO SCORPIO 200CC, NEGRO",CEDIS CDMX,MACROPAY VERACRUZ AV MATAMOROS NORTE,1721,10,3CUD2ASP4TX001020,1,$23881.24,0,$0,0,0
DINAMO,"MOTO DINAMO SCORPIO 200CC, NEGRO",CEDIS CDMX,MACROPAY VERACRUZ AV MATAMOROS NORTE,1721,10,3CUD2ASP8TX001070,1,$23881.24,0,$0,0,0
DINAMO,"MOTO DINAMO SCORPIO 200CC, NEGRO",CEDIS SALTILLO,MACROPAY ESCOBEDO MI TIENDA L16E,1525,10,3CUD2ASP2TX000495,1,$23881.01,0,$0,0,0
DINAMO,"MOTO DINAMO SCORPIO 200CC, NEGRO",CEDIS SAN LUIS,MACROPAY CD MADERO CENTRO 1RO DE MAYO,1756,10,3CUD2ASP7TX000122,1,$23881.01,0,$0,0,0
DINAMO,"MOTO DINAMO SCORPIO 200CC, NEGRO",CEDIS TAB PXGL,MACROPAY MACUSPANA MIGUEL H 317,1096,10,3CUD2ASP0TX000995,1,$24563.79,0,$0,0,0
DINAMO,"MOTO DINAMO SCORPIO 200CC, NEGRO",CEDIS TAB PXGL,MACROPAY TIERRA BLANCA CENTRO,1771,10,3CUD2ASP8TX000999,1,$23881.29,0,$0,0,0
DINAMO,"MOTO DINAMO SCORPIO 200CC, ROJO",CEDIS CDMX,MACROPAY ATLIXCO PLAZA 805,1168,10,3CUD2ASP9TX000574,1,$23880.98,0,$0,0,0
DINAMO,"MOTO DINAMO SCORPIO 200CC, ROJO",CEDIS CDMX,MACROPAY HUAMANTLA MORELOS PTE,1769,10,3CUD2ASP8TX000808,1,$24563.72,0,$0,0,0
DINAMO,"MOTO DINAMO SCORPIO 200CC, ROJO",CEDIS CDMX,MACROPAY PUE SAN JERONIMO L5,1541,10,3CUD2ASP0TX000592,1,$23881.02,0,$0,0,0
DINAMO,"MOTO DINAMO SCORPIO 200CC, ROJO",CEDIS CDMX,MACROPAY TIZAYUCA HIMNO NACIONAL,1426,10,3CUD2ASP8TX000937,1,$23881.16,0,$0,0,0
DINAMO,"MOTO DINAMO SCORPIO 200CC, ROJO",CEDIS CDMX,MACROPAY TOLUCA HIDALGO MOTOS,1747,10,3CUD2ASP7TX001139,1,$23881.28,0,$0,0,0
DINAMO,"MOTO DINAMO SCORPIO 200CC, ROJO",CEDIS CDMX,MACROPAY VERACRUZ AV MATAMOROS NORTE,1721,10,3CUD2ASP7TX000797,1,$24563.79,0,$0,0,0
DINAMO,"MOTO DINAMO SCORPIO 200CC, ROJO",CEDIS SALTILLO,MACROPAY CHIHUAHUA SENDERO LF12,1925,10,3CUD2ASP2TX000898,1,$23881.29,0,$0,0,0
DINAMO,"MOTO DINAMO SCORPIO 200CC, ROJO",CEDIS TAB PXGL,MACROPAY CARDENAS PORTALES CENTRO,1802,10,3CUD2ASP5TX000085,1,$23898.71,0,$0,0,0
DINAMO,"MOTO DINAMO SCORPIO 200CC, ROJO",CEDIS TAB PXGL,MACROPAY MINATITLAN L5B-6B CHEDRAUI,1212,10,3CUD2ASP2TX000612,1,$23881.03,0,$0,0,0
DINAMO,"MOTO DINAMO SCORPIO 200CC, ROJO",CEDIS TAB PXGL,MACROPAY VERACRUZ CD ISLA RAUL SANDOVAL,1760,10,3CUD2ASP1TX000049,1,$23898.71,0,$0,0,0
DINAMO,"MOTO DINAMO SPEED FIRE SPDF 250, NARANJA",CEDIS CDMX,MACROPAY TLALNEPANTLA ENCUENTRO L29,1400,10,3CUP2ASEXTX000286,1,$33829.01,0,$0,0,0
DINAMO,"MOTO DINAMO SPEED FIRE SPDF 250CC, AZUL",CEDIS CDMX,MACROPAY ALAMO CENTRO,1870,10,3CUP2ASE5TX000891,1,$33829.01,0,$0,0,0
DINAMO,"MOTO DINAMO SPEED FIRE SPDF 250CC, AZUL",CEDIS CDMX,MACROPAY TULANCINGO 21 DE MARZO,1716,10,3CUP2ASE3TX000484,1,$33829.01,0,$0,0,0
DINAMO,"MOTO DINAMO SPEED FIRE SPDF 250CC, AZUL",VENTA DINAMO,MACROPAY SALINA CRUZ 5 DE MAYO,1544,10,3CUP2ASE2TX000931,1,$33829.01,0,$0,0,0
DINAMO,"MOTO DINAMO SPEED FIRE SPDF 250CC, ROJO",CEDIS CDMX,MACROPAY APAN REFORMA,1366,10,3CUP2ASE5TX000793,1,$33829.01,0,$0,0,0
DINAMO,"MOTO DINAMO SPEED FIRE SPDF 250CC, ROJO",CEDIS CDMX,MACROPAY CHIMALHUACAN PLAZA L48,1301,10,3CUP2ASE2TX000573,1,$33829.01,0,$0,0,0
DINAMO,"MOTO DINAMO SPEED FIRE SPDF 250CC, ROJO",CEDIS CDMX,MACROPAY TEPEAPULCO AV MORELOS,1284,10,3CUP2ASE9TX000523,1,$33829.01,0,$0,0,0
DINAMO,"MOTO DINAMO SPEED FIRE SPDF 250CC, ROJO",CEDIS CDMX,MACROPAY VERACRUZ AV MATAMOROS NORTE,1721,10,3CUP2ASE5TX000888,1,$33829.18,0,$0,0,0
DINAMO,"MOTO DINAMO U2 150CC, AZUL",CEDIS CDMX,MACROPAY BANDERILLA JUAREZ,1202,10,3CUT2AUT4TX000794,1,$16286.21,0,$0,0,0
DINAMO,"MOTO DINAMO U2 150CC, AZUL",CEDIS CDMX,MACROPAY CIUDAD CARDEL CENTRO,1906,10,3CUT2AUT9TX000970,1,$13242.67,0,$0,0,0
DINAMO,"MOTO DINAMO U2 150CC, AZUL",CEDIS CDMX,MACROPAY PUE PLAZA DORADA LG,1766,10,3CUT2AUT5TX000061,1,$15834.50,0,$0,0,0
DINAMO,"MOTO DINAMO U2 150CC, AZUL",CEDIS CDMX,MACROPAY VERACRUZ AV MATAMOROS NORTE,1721,10,3CUT2AUT6TX001039,1,$13242.74,0,$0,0,0
DINAMO,"MOTO DINAMO U2 150CC, AZUL",CEDIS MID,MACROPAY MID CHAPUR,1005,10,3CUT2AUT7TX000658,1,$16286.21,0,$0,0,0
DINAMO,"MOTO DINAMO U2 150CC, AZUL",CEDIS TAB PXGL,MACROPAY ALVARADO DE LA LLAVE,1216,10,3CUT2AUT8TX001303,1,$13242.74,0,$0,0,0
DINAMO,"MOTO DINAMO U2 150CC, AZUL",CEDIS TAB PXGL,MACROPAY CATEMACO MADERO,1205,10,3CUT2AUT9TX000001,1,$16298.73,0,$0,0,0
DINAMO,"MOTO DINAMO U2 150CC, AZUL",CEDIS TAB PXGL,MACROPAY CD DEL CARMEN CALLE 22 MOTOS,1811,10,3CUT2AUT9TX000192,1,$13242.67,0,$0,0,0
DINAMO,"MOTO DINAMO U2 150CC, AZUL",CEDIS TAB PXGL,MACROPAY PICHUCALCO ZARAGOZA,1276,10,3CUT2AUT1TX000168,1,$15834.52,0,$0,0,0
DINAMO,"MOTO DINAMO U2 150CC, PLATA",CEDIS CDMX,MACROPAY ATLIXCO 3 SUR 318B,1169,10,3CUT2AUT5TX000674,1,$15834.47,0,$0,0,0
DINAMO,"MOTO DINAMO U2 150CC, PLATA",CEDIS CDMX,MACROPAY PUE PLAZA CENTRO SUR LD1,1417,10,3CUT2AUT1TX000865,1,$13242.67,0,$0,0,0
DINAMO,"MOTO DINAMO U2 150CC, PLATA",CEDIS CDMX,MACROPAY SAN G CUAUHTLA CARRETERA,1232,10,3CUT2AUT0TX000680,1,$13242.67,0,$0,0,0
DINAMO,"MOTO DINAMO U2 150CC, PLATA",CEDIS SALTILLO,MACROPAY MTY CENTRO SANTIAGO TAPIA,1874,10,3CUT2AUT1TX000400,1,$15834.47,0,$0,0,0
DINAMO,"MOTO DINAMO U2 150CC, PLATA",CEDIS TAB PXGL,MACROPAY JUCHITAN 16 DE SEPTIEMBRE,1146,10,3CUT2AUT0TX001408,1,$13242.67,0,$0,0,0
DINAMO,"MOTO DINAMO U2 150CC, PLATA",CEDIS TAB PXGL,MACROPAY PICHUCALCO ZARAGOZA,1276,10,3CUT2AUT5TX000514,1,$15834.48,0,$0,0,0
DINAMO,"MOTO DINAMO U2 150CC, PLATA",CEDIS TAB PXGL,MACROPAY TIERRA BLANCA CENTRO,1771,10,3CUT2AUT7TX000529,1,$13242.67,0,$0,0,0
DINAMO,"MOTO DINAMO U2 150CC, PLATA",CEDIS TAB PXGL,MACROPAY TUX MOTOS NOVENA SUR,1875,10,3CUT2AUTXTX000752,1,$15019.80,0,$0,0,0
DINAMO,"MOTO DINAMO U2 150CC, ROJO",CEDIS CDMX,MACROPAY APAN REFORMA,1366,10,3CUT2AUT6TX000554,1,$15834.51,0,$0,0,0
DINAMO,"MOTO DINAMO U2 150CC, ROJO",CEDIS SALTILLO,MACROPAY APODACA CITADINA LP11,1551,10,3CUT2AUT2TX000227,1,$15834.47,0,$0,0,0
DINAMO,"MOTO DINAMO U2 150CC, ROJO",CEDIS SALTILLO,MACROPAY ESCOBEDO MI TIENDA L16E,1525,10,3CUT2AUTXTX000024,1,$15419.25,0,$0,0,0
DINAMO,"MOTO DINAMO U2 150CC, ROJO",VENTA DINAMO,MACROPAY COZUMEL FIESTA L 2A,1199,10,3CUT2AUT6TX000909,1,$16286.21,0,$0,0,0
DINAMO,"MOTO DINAMO U5 150CC, AZUL",CEDIS CDMX,MACROPAY AMOZOC GRAN BODEGA,1179,10,3CUT2AHFXTX000173,1,$19889.70,0,$0,0,0
DINAMO,"MOTO DINAMO U5 150CC, AZUL",CEDIS CDMX,MACROPAY ATOTONILCO REP DE CUBA,1365,10,3CUT2AHFXTX000089,1,$19869.76,0,$0,0,0
DINAMO,"MOTO DINAMO U5 150CC, AZUL",CEDIS CDMX,MACROPAY CHOLULA SAN DIEGO L50,1599,10,3CUT2AHF6TX000087,1,$18945.26,0,$0,0,0
DINAMO,"MOTO DINAMO U5 150CC, AZUL",CEDIS CDMX,MACROPAY PUE PLAZA DORADA LG,1766,10,3CUT2AHF9TX000231,1,$19889.70,0,$0,0,0
DINAMO,"MOTO DINAMO U5 150CC, AZUL",CEDIS CDMX,MACROPAY XALAPA CAMPO DE TIRO L7,1270,10,3CUT2AHF7TX000096,1,$19890.07,0,$0,0,0
DINAMO,"MOTO DINAMO U5 150CC, AZUL",CEDIS CULIACAN,MACROPAY CULIACAN PABELLON LCA 2,1818,10,3CUT2AHF5TX000582,1,$15777.16,0,$0,0,0
DINAMO,"MOTO DINAMO U5 150CC, AZUL",CEDIS MID,MACROPAY CUN PLAZA HEROES MOTOS,1752,10,3CUT2AHF0TX000277,1,$15768.96,0,$0,0,0
DINAMO,"MOTO DINAMO U5 150CC, AZUL",CEDIS MID,MACROPAY CUN PLAZA HEROES MOTOS,1752,10,3CUT2AHF0TX000554,1,$15768.96,0,$0,0,0
DINAMO,"MOTO DINAMO U5 150CC, AZUL",CEDIS TAB PXGL,MACROPAY CD DEL CARMEN CALLE 22,1773,10,3CUT2AHFXTX000741,1,$15777.24,0,$0,0,0
DINAMO,"MOTO DINAMO U5 150CC, AZUL",CEDIS TAB PXGL,MACROPAY TUX 7MA SUR PONIENTE,1097,10,3CUT2AHF2TX000703,1,$15777.16,0,$0,0,0
DINAMO,"MOTO DINAMO U5 150CC, AZUL",CEDIS TAB PXGL,MACROPAY TUX MOTOS NOVENA SUR,1875,10,3CUT2AHF6TX000137,1,$19889.69,0,$0,0,0
DINAMO,"MOTO DINAMO U5 150CC, GRIS",CEDIS CDMX,MACROPAY CIUDAD CARDEL CENTRO,1906,10,3CUT2AHF2TX000362,1,$20473.49,0,$0,0,0
DINAMO,"MOTO DINAMO U5 150CC, GRIS",CEDIS CDMX,MACROPAY TUXPAN CENTRO JUAREZ,1831,10,3CUT2AHF9TX000584,1,$15777.16,0,$0,0,0
DINAMO,"MOTO DINAMO U5 150CC, GRIS",CEDIS GDL,LOMAS DE POLANCO GUADALAJARA,1884,10,3CUT2AHF8TX000639,1,$15777.16,0,$0,0,0
DINAMO,"MOTO DINAMO U5 150CC, GRIS",CEDIS TAB PXGL,MACROPAY JUCHITAN VALENTIN C,1144,10,3CUT2AHF9TX000259,1,$15777.16,0,$0,0,0
DINAMO,"MOTO DINAMO U5 150CC, GRIS",CEDIS TAB PXGL,MACROPAY TUX AMBAR L1N-22,1290,10,3CUT2AHF0TX000523,1,$15777.16,0,$0,0,0
DINAMO,"MOTO DINAMO U5 150CC, GRIS",VENTA DINAMO,MACROPAY TEHUANTEPEC HIDALGO,1147,10,3CUT2AHF3TX000645,1,$15777.16,0,$0,0,0
DINAMO,"MOTO DINAMO U5 150CC, ROJO",CEDIS CDMX,MACROPAY CHOLULA EXPLANADA RO14B,1238,10,3CUT2AHF2SX000652,1,$19889.99,0,$0,0,0
DINAMO,"MOTO DINAMO U5 150CC, ROJO",CEDIS CDMX,MACROPAY PUE CHEDRAUI L1,1246,10,3CUT2AHF3SX000787,1,$19890.02,0,$0,0,0
DINAMO,"MOTO DINAMO U5 150CC, ROJO",CEDIS CDMX,MACROPAY VER CENTRO HIDALGO,1883,10,3CUT2AHF4TX000119,1,$20457.76,0,$0,0,0
DINAMO,"MOTO DINAMO U5 150CC, ROJO",CEDIS CDMX,MACROPAY VERACRUZ AV MATAMOROS NORTE,1721,10,3CUT2AHF1TX000580,1,$15777.24,0,$0,0,0
DINAMO,"MOTO DINAMO U5 150CC, ROJO",CEDIS CDMX,MACROPAY ZUMPANGO FEDERICO GOMEZ,1475,10,3CUT2AHF5SX000371,1,$19889.66,0,$0,0,0
DINAMO,"MOTO DINAMO U5 150CC, ROJO",CEDIS GDL,MACROPAY GDL EL FRESNO,1905,10,3CUT2AHF1TX000286,1,$20457.76,0,$0,0,0
DINAMO,"MOTO DINAMO U5 150CC, ROJO",CEDIS TAB PXGL,MACROPAY CD CARMEN CALLE 20,1090,10,3CUT2AHF0TX000022,1,$15777.16,0,$0,0,0
DINAMO,"MOTO DINAMO U5 150CC, ROJO",CEDIS TAB PXGL,MACROPAY CD DEL CARMEN CALLE 22 MOTOS,1811,10,3CUT2AHF4TX000041,1,$15777.16,0,$0,0,0
DINAMO,"MOTO DINAMO U5 150CC, ROJO",CEDIS TAB PXGL,MACROPAY SANTIAGO TUXTLA HIDALGO,1354,10,3CUT2AHF1TX000630,1,$15777.16,0,$0,0,0
DINAMO,"MOTO DINAMO U5 150CC, ROJO",CEDIS TAB PXGL,MACROPAY TIERRA BLANCA CENTRO,1771,10,3CUT2AHF1TX000398,1,$15777.25,0,$0,0,0
DINAMO,"MOTO DINAMO U5 150CC, ROJO",CEDIS TAB PXGL,MACROPAY TUX AMBAR L1N-22,1290,10,3CUT2AHF5TX000713,1,$15777.16,0,$0,0,0
DINAMO,"MOTO DINAMO U5 150CC, ROJO",VENTA DINAMO,MACROPAY SALINA CRUZ PABELLON L5,1142,10,3CUT2AHFXTX000609,1,$15777.16,0,$0,0,0
DINAMO,"MOTO DINAMO XTREME RLX 200CC, GRIS",CEDIS CDMX,MACROPAY HUEHUETOCA SORIANA L11,1404,10,3CUC1AXR3SX001288,1,$34785.78,0,$0,0,0
DINAMO,"MOTO DINAMO XTREME RLX 200CC, ROJO",CEDIS CDMX,MACROPAY TUXPAN MERCADO,1261,10,3CUC1AXR1VX000080,1,$34785.78,0,$0,0,0
MOTO ROAD,"MOTO CARABELA BAT 150CC, BLANCO",CEDIS CDMX,MACROPAY CORDOBA CALLE 7,1160,10,3EFTAKAE6T1028739,1,$13939.00,0,$0,0,0
MOTO ROAD,"MOTO CARABELA BAT 150CC, BLANCO",CEDIS CDMX,MACROPAY NAOLINCO PLAZA MAYOR,1273,10,3EFTAKAE4T1036631,1,$13939.00,0,$0,0,0
MOTO ROAD,"MOTO CARABELA BAT 150CC, BLANCO",CEDIS CDMX,MACROPAY TASQUILLO PLAZA JUAREZ,1320,10,3EFTAKAE5T1036721,1,$13939.00,0,$0,0,0
MOTO ROAD,"MOTO CARABELA BAT 150CC, BLANCO",CEDIS MID,CEDIS MERIDA PXGL,26,140,3EFTAKAE5T1036654,1,$15015.72,0,$0,0,0
MOTO ROAD,"MOTO CARABELA BAT 150CC, BLANCO",CEDIS SAN LUIS,CD MANTE CENTRO,1888,10,3EFTAKAE2T1033999,1,$13939.00,0,$0,0,0
MOTO ROAD,"MOTO CARABELA BAT 150CC, BLANCO",CEDIS TAB PXGL,MACROPAY CUNDUACAN CENTRAL,1125,10,3EFTAKAE8T1028709,1,$13939.00,0,$0,0,0
MOTO ROAD,"MOTO CARABELA BAT 150CC, NEGRO",CEDIS CDMX,ACATLAN INDEPENDENCIA,1943,10,3EFTAKAE6V1042160,1,$13939.00,0,$0,0,0
MOTO ROAD,"MOTO CARABELA BAT 150CC, NEGRO",CEDIS CDMX,MACROPAY TECAMAC MACROPLAZA LF14,1830,10,3EFTAKAE7S1022656,1,$13939.00,0,$0,0,0
MOTO ROAD,"MOTO CARABELA BAT 150CC, NEGRO",CEDIS CDMX,MACROPAY TOLUCA HIDALGO MOTOS,1747,10,3EFTAKAE9T1033966,1,$13939.00,0,$0,0,0
MOTO ROAD,"MOTO CARABELA BAT 150CC, NEGRO",CEDIS CULIACAN,MACROPAY GUAYMAS CENTRO 112,1882,10,3EFTAKAE4V1042139,1,$13939.00,0,$0,0,0
MOTO ROAD,"MOTO CARABELA BAT 150CC, NEGRO",CEDIS CULIACAN,MACROPAY HERMOSILLO CENTRO NORIEGA,1911,10,3EFTAKAEXT1040716,1,$13939.00,0,$0,0,0
MOTO ROAD,"MOTO CARABELA BAT 150CC, NEGRO",CEDIS GDL,CEDIS MACROPAY GUADALAJARA,25,140,3EFTAKAEXT1040750,1,$13939.00,0,$0,0,0
MOTO ROAD,"MOTO CARABELA BAT 150CC, NEGRO",CEDIS GDL,MACROPAY LA PIEDAD CENTRO,1804,10,3EFTAKAE3T1040752,1,$13939.00,0,$0,0,0
MOTO ROAD,"MOTO CARABELA BAT 150CC, NEGRO",CEDIS MID,MACROPAY CHT MOTOS OTHON,1738,10,3EFTAKAEXV1042162,1,$13939.00,0,$0,0,0
MOTO ROAD,"MOTO CARABELA BAT 150CC, NEGRO",CEDIS MID,MACROPAY CUN CHEDRAUI MUNDO MAYA,1877,10,3EFTAKAE2V1042186,1,$13939.00,0,$0,0,0
MOTO ROAD,"MOTO CARABELA BAT 150CC, NEGRO",CEDIS MID,MACROPAY CUN PLAZA HEROES MOTOS,1752,10,3EFTAKAEXV1042128,1,$13939.00,0,$0,0,0
MOTO ROAD,"MOTO CARABELA BAT 150CC, NEGRO",CEDIS MID,MACROPAY MID CHAPUR,1005,10,3EFTAKAE1V1042194,1,$13939.00,0,$0,0,0
MOTO ROAD,"MOTO CARABELA BAT 150CC, NEGRO",CEDIS MID,MACROPAY MID EMILIO SEIJO,1069,10,3EFTAKAE6V1042143,1,$13939.00,0,$0,0,0
MOTO ROAD,"MOTO CARABELA BAT 150CC, NEGRO",CEDIS MID,MACROPAY MID MONTEPIO,1074,10,3EFTAKAE3V1042200,1,$13939.00,0,$0,0,0
MOTO ROAD,"MOTO CARABELA BAT 150CC, NEGRO",CEDIS MID,MACROPAY TULUM ARRICE MOTOS,1844,10,3EFTAKAE1T1033928,1,$13939.00,0,$0,0,0
MOTO ROAD,"MOTO CARABELA BAT 150CC, NEGRO",CEDIS MID,MACROPAY VALLADOLID MOTOS CALLE 39,1748,10,3EFTAKAEXV1042193,1,$14118.45,0,$0,0,0
MOTO ROAD,"MOTO CARABELA BAT 150CC, NEGRO",CEDIS SAN LUIS,MACROPAY SOLEDAD DE GRACIANO CENTRO,1837,10,3EFTAKAE4V1042108,1,$13939.00,0,$0,0,0
MOTO ROAD,"MOTO CARABELA BAT 150CC, NEGRO",CEDIS TAB PXGL,CEDIS MACROPAY TABASCO PXGL,14,140,3EFTAKAE7V1042183,1,$15101.31,0,$0,0,0
MOTO ROAD,"MOTO CARABELA BAT 150CC, NEGRO",CEDIS TAB PXGL,CEDIS MACROPAY TABASCO PXGL,14,140,3EFTAKAE9V1042136,1,$15101.31,0,$0,0,0
MOTO ROAD,"MOTO CARABELA BAT 150CC, NEGRO",CEDIS TAB PXGL,MACROPAY MINATITLAN MIGUEL HID MOTOS,1827,10,3EFTAKAE1T1028700,1,$13939.00,0,$0,0,0
MOTO ROAD,"MOTO CARABELA COYOTE 150CC, AZUL",CEDIS CDMX,MACROPAY CIUDAD CARDEL CENTRO,1906,10,3EFBBKAL4S1022539,1,$20577.00,0,$0,0,0
MOTO ROAD,"MOTO CARABELA COYOTE 150CC, AZUL",CEDIS CDMX,MACROPAY JUAREZ CINEBOX SAN JUAN RIO,1318,10,3EFBBKAL9S1021600,1,$20577.00,0,$0,0,0
MOTO ROAD,"MOTO CARABELA COYOTE 150CC, AZUL",CEDIS CULIACAN,MACROPAY MAZATLAN CENTRO,1863,10,3EFBBKAL7T1023296,1,$20577.12,0,$0,0,0
MOTO ROAD,"MOTO CARABELA COYOTE 150CC, AZUL",CEDIS GDL,MACROPAY GDL MOTOS PASEO ALCALDE,1919,10,3EFBBKAL9T1023316,1,$20577.00,0,$0,0,0
MOTO ROAD,"MOTO CARABELA COYOTE 150CC, AZUL",CEDIS GDL,MACROPAY ZAPOPAN PLAZA DEL SOL L36,1607,10,3EFBBKALXT1023308,1,$20577.00,0,$0,0,0
MOTO ROAD,"MOTO CARABELA COYOTE 150CC, AZUL",CEDIS MID,MACROPAY CHT MOTOS OTHON,1738,10,3EFBBKAL9T1035580,1,$20577.00,0,$0,0,0
MOTO ROAD,"MOTO CARABELA COYOTE 150CC, AZUL",CEDIS MID,MACROPAY PROGRESO MOTOS CALLE 27,1934,10,3EFBBKAL9T1035577,1,$20577.00,0,$0,0,0
MOTO ROAD,"MOTO CARABELA COYOTE 150CC, AZUL",CEDIS MID,MACROPAY TEKIT CALLE 26,1391,10,3EFBBKAL3S1021611,1,$20577.00,0,$0,0,0
MOTO ROAD,"MOTO CARABELA COYOTE 150CC, AZUL",CEDIS SALTILLO,MACROPAY TORREON CENTRO,1772,10,3EFBBKAL3T1023361,1,$20577.00,0,$0,0,0
MOTO ROAD,"MOTO CARABELA COYOTE 150CC, AZUL",CEDIS SAN LUIS,MACROPAY SAN LUIS DE LA PAZ CENTRO,1855,10,3EFBBKAL4T1033798,1,$20577.00,0,$0,0,0
MOTO ROAD,"MOTO CARABELA COYOTE 150CC, AZUL",CEDIS TAB PXGL,MACROPAY VILLAFLORES AV CENTRAL,1086,10,3EFBBKAL9T1035627,1,$20577.00,0,$0,0,0
MOTO ROAD,"MOTO CARABELA COYOTE 150CC, TITANIO",CEDIS CDMX,MACROPAY XALAPA JUAN DE LA LUZ,1191,10,3EFBBKAL0T1034902,1,$20577.00,0,$0,0,0
MOTO ROAD,"MOTO CARABELA COYOTE 150CC, TITANIO",CEDIS CULIACAN,MACROPAY CD OBREGON CENTRO,1891,10,3EFBBKAL8T1029933,1,$20577.00,0,$0,0,0
MOTO ROAD,"MOTO CARABELA COYOTE 150CC, TITANIO",CEDIS CULIACAN,MACROPAY LOS MOCHIS CENTRO,1852,10,3EFBBKAL4T1034904,1,$20577.00,0,$0,0,0
MOTO ROAD,"MOTO CARABELA COYOTE 150CC, TITANIO",CEDIS GDL,MACROPAY APATZINGAN CENTRO ANDRADE,1832,10,3EFBBKAL4T1029895,1,$20577.00,0,$0,0,0
MOTO ROAD,"MOTO CARABELA COYOTE 150CC, TITANIO",CEDIS GDL,MACROPAY GDL EL FRESNO,1905,10,3EFBBKAL0T1029926,1,$20577.00,0,$0,0,0
MOTO ROAD,"MOTO CARABELA COYOTE 150CC, TITANIO",CEDIS SAN LUIS,CD MANTE CENTRO,1888,10,3EFBBKAL7T1034816,1,$20577.00,0,$0,0,0
MOTO ROAD,"MOTO CARABELA COYOTE 150CC, TITANIO",CEDIS SAN LUIS,MACROPAY TAMPICO CENTRO LOPEZ DE LARA,1775,10,3EFBBKAL7T1034850,1,$20577.00,0,$0,0,0
MOTO ROAD,"MOTO CARABELA COYOTE 150CC, TITANIO",CEDIS TAB PXGL,MACROPAY COATZA MERCADO MORELOS,1803,10,3EFBBKAL6T1035620,1,$20577.00,0,$0,0,0
MOTO ROAD,"MOTO CARABELA COYOTE 150CC, TITANIO",CEDIS TAB PXGL,MACROPAY CUNDUACAN CENTRAL,1125,10,3EFBBKAL7T1035609,1,$20577.00,0,$0,0,0
MOTO ROAD,"MOTO CARABELA COYOTE 150CC, TITANIO",CEDIS TAB PXGL,MACROPAY PALENQUE 2ND PONIENTE,1170,10,3EFBBKAL9S1018728,1,$20372.63,0,$0,0,0
MOTO ROAD,"MOTO CARABELA DAKOTA ADV 320CC, AMARILLO",CEDIS CDMX,ACATLAN INDEPENDENCIA,1943,10,3EFPDRA14T1792300,1,$26551.00,0,$0,0,0
MOTO ROAD,"MOTO CARABELA DAKOTA ADV 320CC, AMARILLO",CEDIS CDMX,CE. LOG. PXGL,21,140,3EFPDRA18T1792316,1,$26841.57,0,$0,0,0
MOTO ROAD,"MOTO CARABELA DAKOTA ADV 320CC, AMARILLO",CEDIS CDMX,MACROPAY ACATLAN AV 16 DE ENERO,1395,10,3EFPDRA18T1792347,1,$26551.00,0,$0,0,0
MOTO ROAD,"MOTO CARABELA DAKOTA ADV 320CC, AMARILLO",CEDIS CDMX,MACROPAY ATLIXCO MOTOS 3 SUR,1847,10,3EFPDRA10T1789135,1,$26551.00,0,$0,0,0
MOTO ROAD,"MOTO CARABELA DAKOTA ADV 320CC, AMARILLO",CEDIS CDMX,MACROPAY ATLIXCO MOTOS 3 SUR,1847,10,3EFPDRA17T1789150,1,$26551.00,0,$0,0,0
MOTO ROAD,"MOTO CARABELA DAKOTA ADV 320CC, AMARILLO",CEDIS CDMX,MACROPAY ATOTONILCO REP DE CUBA,1365,10,3EFPDRA18T1792297,1,$26551.00,0,$0,0,0
MOTO ROAD,"MOTO CARABELA DAKOTA ADV 320CC, AMARILLO",CEDIS CDMX,MACROPAY CDMX GALERIAS IXTAPALUCA L B1A,1724,10,3EFPDRA10T1792312,1,$26551.00,0,$0,0,0
MOTO ROAD,"MOTO CARABELA DAKOTA ADV 320CC, AMARILLO",CEDIS CDMX,MACROPAY CDMX PARQUE TEPEYAC L204,1780,10,3EFPDRA12T1776287,1,$26551.00,0,$0,0,0
MOTO ROAD,"MOTO CARABELA DAKOTA ADV 320CC, AMARILLO",CEDIS CDMX,MACROPAY CIUDAD CARDEL CENTRO,1906,10,3EFPDRA15T1792614,1,$26551.00,0,$0,0,0
MOTO ROAD,"MOTO CARABELA DAKOTA ADV 320CC, AMARILLO",CEDIS CDMX,MACROPAY CIUDAD CARDEL CENTRO,1906,10,3EFPDRA17T1792341,1,$26551.00,0,$0,0,0
MOTO ROAD,"MOTO CARABELA DAKOTA ADV 320CC, AMARILLO",CEDIS CDMX,MACROPAY COYOTEPEC P DE LA CONSTITUCION,1425,10,3EFPDRA19T1792292,1,$26551.00,0,$0,0,0
MOTO ROAD,"MOTO CARABELA DAKOTA ADV 320CC, AMARILLO",CEDIS CDMX,MACROPAY CUAUTLA CAPITAN M ANZUREZ 93B,1710,10,3EFPDRA14T1792264,1,$26551.00,0,$0,0,0
MOTO ROAD,"MOTO CARABELA DAKOTA ADV 320CC, AMARILLO",CEDIS CDMX,MACROPAY HUAJUAPAN B. JUAREZ,1129,10,3EFPDRA1XT1789191,1,$26551.00,0,$0,0,0
MOTO ROAD,"MOTO CARABELA DAKOTA ADV 320CC, AMARILLO",CEDIS CDMX,MACROPAY HUAMANTLA MORELOS PTE,1769,10,3EFPDRA15T1789180,1,$26551.00,0,$0,0,0
MOTO ROAD,"MOTO CARABELA DAKOTA ADV 320CC, AMARILLO",CEDIS CDMX,MACROPAY JIUTEPEC CUAUHNAHUAC,1869,10,3EFPDRA1XT1789207,1,$26551.00,0,$0,0,0
MOTO ROAD,"MOTO CARABELA DAKOTA ADV 320CC, AMARILLO",CEDIS CDMX,MACROPAY JOJUTLA CENTRO,1854,10,3EFPDRA11T1789144,1,$26551.00,0,$0,0,0
MOTO ROAD,"MOTO CARABELA DAKOTA ADV 320CC, AMARILLO",CEDIS CDMX,MACROPAY JOJUTLA CENTRO,1854,10,3EFPDRA19T1789215,1,$26551.00,0,$0,0,0
MOTO ROAD,"MOTO CARABELA DAKOTA ADV 320CC, AMARILLO",CEDIS CDMX,MACROPAY LERMA SORIANA CENTRO L10,1823,10,3EFPDRA18T1789173,1,$26551.00,0,$0,0,0
MOTO ROAD,"MOTO CARABELA DAKOTA ADV 320CC, AMARILLO",CEDIS CDMX,MACROPAY METEPEC LA PILITA L39,1502,10,3EFPDRA19T1792342,1,$26841.58,0,$0,0,0
MOTO ROAD,"MOTO CARABELA DAKOTA ADV 320CC, AMARILLO",CEDIS CDMX,MACROPAY OAXACA AMAPOLAS,1131,10,3EFPDRA12T1792294,1,$26551.00,0,$0,0,0
MOTO ROAD,"MOTO CARABELA DAKOTA ADV 320CC, AMARILLO",CEDIS CDMX,MACROPAY ORIZABA NORTE 4 ESQ OTE 3,1881,10,3EFPDRA11T1792335,1,$26551.00,0,$0,0,0
MOTO ROAD,"MOTO CARABELA DAKOTA ADV 320CC, AMARILLO",CEDIS CDMX,MACROPAY PACHUCA ZARAGOZA 100-B,1453,10,3EFPDRA18T1792266,1,$26841.58,0,$0,0,0
MOTO ROAD,"MOTO CARABELA DAKOTA ADV 320CC, AMARILLO",CEDIS CDMX,MACROPAY PEROTE HUMBOLDT,1190,10,3EFPDRA10T1792357,1,$26551.00,0,$0,0,0
MOTO ROAD,"MOTO CARABELA DAKOTA ADV 320CC, AMARILLO",CEDIS CDMX,MACROPAY SAN JUAN DEL RIO JUAREZ 24B,1478,10,3EFPDRA16T1792265,1,$26841.58,0,$0,0,0
MOTO ROAD,"MOTO CARABELA DAKOTA ADV 320CC, AMARILLO",CEDIS CDMX,MACROPAY TASQUILLO PLAZA JUAREZ,1320,10,3EFPDRA15T1792337,1,$26551.00,0,$0,0,0
MOTO ROAD,"MOTO CARABELA DAKOTA ADV 320CC, AMARILLO",CEDIS CDMX,MACROPAY TECAMAC MACROPLAZA LF14,1830,10,3EFPDRA18T1792350,1,$26551.00,0,$0,0,0
MOTO ROAD,"MOTO CARABELA DAKOTA ADV 320CC, AMARILLO",CEDIS CDMX,MACROPAY TECAMACHALCO 9 ORIENTE,1203,10,3EFPDRA1XT1792317,1,$26551.00,0,$0,0,0
MOTO ROAD,"MOTO CARABELA DAKOTA ADV 320CC, AMARILLO",CEDIS CDMX,MACROPAY TEOTIHUACAN PLAZA JUAREZ 15,1297,10,3EFPDRA11T1792268,1,$26551.00,0,$0,0,0
MOTO ROAD,"MOTO CARABELA DAKOTA ADV 320CC, AMARILLO",CEDIS CDMX,MACROPAY TEPEAPULCO CD SAHAGUN L1,1252,10,3EFPDRA11T1792349,1,$26551.00,0,$0,0,0
MOTO ROAD,"MOTO CARABELA DAKOTA ADV 320CC, AMARILLO",CEDIS CDMX,MACROPAY TIZAYUCA HIMNO NACIONAL,1426,10,3EFPDRA16T1792279,1,$26551.00,0,$0,0,0
MOTO ROAD,"MOTO CARABELA DAKOTA ADV 320CC, AMARILLO",CEDIS CDMX,MACROPAY TULANCINGO 1ERO DE MAYO,1248,10,3EFPDRA14T1792331,1,$26551.00,0,$0,0,0
MOTO ROAD,"MOTO CARABELA DAKOTA ADV 320CC, AMARILLO",CEDIS CDMX,MACROPAY TUXPAN CENTRO JUAREZ,1831,10,3EFPDRA16T1789138,1,$26551.00,0,$0,0,0
MOTO ROAD,"MOTO CARABELA DAKOTA ADV 320CC, AMARILLO",CEDIS CDMX,MACROPAY VER CENTRO HIDALGO,1883,10,3EFPDRA19T1789151,1,$26551.00,0,$0,0,0
MOTO ROAD,"MOTO CARABELA DAKOTA ADV 320CC, AMARILLO",CEDIS CDMX,MACROPAY VERACRUZ AV MATAMOROS NORTE,1721,10,3EFPDRA12T1789170,1,$26551.00,0,$0,0,0
MOTO ROAD,"MOTO CARABELA DAKOTA ADV 320CC, AMARILLO",CEDIS CDMX,MACROPAY VERACRUZ AV MATAMOROS NORTE,1721,10,3EFPDRA17T1789200,1,$26551.00,0,$0,0,0
MOTO ROAD,"MOTO CARABELA DAKOTA ADV 320CC, AMARILLO",CEDIS CDMX,MACROPAY ZIMAPAN CORONA,1325,10,3EFPDRA16T1792315,1,$26551.00,0,$0,0,0
MOTO ROAD,"MOTO CARABELA DAKOTA ADV 320CC, AMARILLO",CEDIS CDMX,MACROPAY ZIMAPAN CORONA,1325,10,3EFPDRA17T1792274,1,$26551.00,0,$0,0,0
MOTO ROAD,"MOTO CARABELA DAKOTA ADV 320CC, AMARILLO",CEDIS CDMX,MACROPAY ZIMATLAN CENTRO,1846,10,3EFPDRA16T1776390,1,$26551.00,0,$0,0,0
MOTO ROAD,"MOTO CARABELA DAKOTA ADV 320CC, AMARILLO",CEDIS CDMX,MACROPAY ZIMATLAN CENTRO,1846,10,3EFPDRA1XT1789188,1,$26551.00,0,$0,0,0
MOTO ROAD,"MOTO CARABELA DAKOTA ADV 320CC, AMARILLO",CEDIS CDMX,MACROPAY ZINACANTEPEC PLAZA MÍA L15,1308,10,3EFPDRA17T1792291,1,$26551.00,0,$0,0,0
MOTO ROAD,"MOTO CARABELA DAKOTA ADV 320CC, AMARILLO",CEDIS CDMX,MACROPAY ZUMPANGO AV INSURGENTES,1813,10,3EFPDRA13T1789131,1,$26551.00,0,$0,0,0
MOTO ROAD,"MOTO CARABELA DAKOTA ADV 320CC, AMARILLO",CEDIS CDMX,PUEBLA 18 PONIENTE,1895,10,3EFPDRA1XT1776246,1,$26551.00,0,$0,0,0
MOTO ROAD,"MOTO CARABELA DAKOTA ADV 320CC, AMARILLO",CEDIS CULIACAN,MACROPAY DURANGO CENTRO B JUAREZ,1864,10,3EFPDRA16T1792637,1,$26551.00,0,$0,0,0
MOTO ROAD,"MOTO CARABELA DAKOTA ADV 320CC, AMARILLO",CEDIS CULIACAN,MACROPAY HERMOSILLO CENTRO NORIEGA,1911,10,3EFPDRA13T1792644,1,$26551.00,0,$0,0,0
MOTO ROAD,"MOTO CARABELA DAKOTA ADV 320CC, AMARILLO",CEDIS CULIACAN,MACROPAY LOS CABOS PATIO L01E,1843,10,3EFPDRA12T1792599,1,$26551.00,0,$0,0,0
MOTO ROAD,"MOTO CARABELA DAKOTA ADV 320CC, AMARILLO",CEDIS GDL,MACROPAY APATZINGAN CENTRO ANDRADE,1832,10,3EFPDRA10T1792343,1,$26551.00,0,$0,0,0
MOTO ROAD,"MOTO CARABELA DAKOTA ADV 320CC, AMARILLO",CEDIS MID,BACALAR AVENIDA 7,1908,10,3EFPDRA13T1792577,1,$26551.00,0,$0,0,0
MOTO ROAD,"MOTO CARABELA DAKOTA ADV 320CC, AMARILLO",CEDIS MID,CEDIS MERIDA PXGL,26,140,3EFPDRA14T1787419,1,$26737.00,0,$0,0,0
MOTO ROAD,"MOTO CARABELA DAKOTA ADV 320CC, AMARILLO",CEDIS MID,MACROPAY CHT HEROES 109,1036,10,3EFPDRA16T1787437,1,$26551.00,0,$0,0,0
MOTO ROAD,"MOTO CARABELA DAKOTA ADV 320CC, AMARILLO",CEDIS MID,MACROPAY CUN CRUCERO,1621,10,3EFPDRA16T1787406,1,$26610.82,0,$0,0,0
MOTO ROAD,"MOTO CARABELA DAKOTA ADV 320CC, AMARILLO",CEDIS MID,MACROPAY ESCARCEGA J SIERRA MOTOS,1797,10,3EFPDRA10T1789166,1,$26551.00,0,$0,0,0
MOTO ROAD,"MOTO CARABELA DAKOTA ADV 320CC, AMARILLO",CEDIS MID,MACROPAY ESCARCEGA J SIERRA MOTOS,1797,10,3EFPDRA18T1787410,1,$26551.00,0,$0,0,0
MOTO ROAD,"MOTO CARABELA DAKOTA ADV 320CC, AMARILLO",CEDIS MID,MACROPAY KANASIN CALLE 21,1454,10,3EFPDRA12T1776290,1,$26551.00,0,$0,0,0
MOTO ROAD,"MOTO CARABELA DAKOTA ADV 320CC, AMARILLO",CEDIS MID,MACROPAY MID CALLE 63,1003,10,3EFPDRA19T1787433,1,$26551.00,0,$0,0,0
MOTO ROAD,"MOTO CARABELA DAKOTA ADV 320CC, AMARILLO",CEDIS MID,MACROPAY MID EMILIO SEIJO,1069,10,3EFPDRA10T1787448,1,$26745.41,0,$0,0,0
MOTO ROAD,"MOTO CARABELA DAKOTA ADV 320CC, AMARILLO",CEDIS MID,MACROPAY PLAYA AV JUAREZ PLUS,1909,10,3EFPDRA19T1789179,1,$26737.00,0,$0,0,0
MOTO ROAD,"MOTO CARABELA DAKOTA ADV 320CC, AMARILLO",CEDIS MID,MACROPAY PROGRESO MOTOS CALLE 27,1934,10,3EFPDRA12T1792635,1,$26551.00,0,$0,0,0
MOTO ROAD,"MOTO CARABELA DAKOTA ADV 320CC, AMARILLO",CEDIS MID,MACROPAY TULUM ARRICE MOTOS,1844,10,3EFPDRA13T1787492,1,$26551.00,0,$0,0,0
MOTO ROAD,"MOTO CARABELA DAKOTA ADV 320CC, AMARILLO",CEDIS MID,MACROPAY VALLADOLID MOTOS CALLE 39,1748,10,3EFPDRA1XT1789210,1,$26551.00,0,$0,0,0
MOTO ROAD,"MOTO CARABELA DAKOTA ADV 320CC, AMARILLO",CEDIS SALTILLO,CIUDAD VICTORIA CENTRO,1944,10,3EFPDRA12T1792358,1,$26551.00,0,$0,0,0
MOTO ROAD,"MOTO CARABELA DAKOTA ADV 320CC, AMARILLO",CEDIS SALTILLO,DELICIAS CHIHUAHUA CENTRO,1946,10,3EFPDRA14T1789171,1,$26551.00,0,$0,0,0
MOTO ROAD,"MOTO CARABELA DAKOTA ADV 320CC, AMARILLO",CEDIS SALTILLO,DELICIAS CHIHUAHUA CENTRO,1946,10,3EFPDRA18T1792283,1,$26551.00,0,$0,0,0
MOTO ROAD,"MOTO CARABELA DAKOTA ADV 320CC, AMARILLO",CEDIS SALTILLO,MACROPAY CADEREYTA SORIANA LD5,1585,10,3EFPDRA17T1792338,1,$26551.00,0,$0,0,0
MOTO ROAD,"MOTO CARABELA DAKOTA ADV 320CC, AMARILLO",CEDIS SALTILLO,MACROPAY CHIHUAHUA SENDERO LF12,1925,10,3EFPDRA12T1789167,1,$26551.00,0,$0,0,0
MOTO ROAD,"MOTO CARABELA DAKOTA ADV 320CC, AMARILLO",CEDIS SALTILLO,PARRAL CHIHUAHUA CENTRO,1945,10,3EFPDRA12T1789198,1,$26551.00,0,$0,0,0
MOTO ROAD,"MOTO CARABELA DAKOTA ADV 320CC, AMARILLO",CEDIS SALTILLO,PARRAL CHIHUAHUA CENTRO,1945,10,3EFPDRA18T1789156,1,$26551.00,0,$0,0,0
MOTO ROAD,"MOTO CARABELA DAKOTA ADV 320CC, AMARILLO",CEDIS SAN LUIS,MACROPAY AGUASCALIENTES PLAZA PATRIA,1828,10,3EFPDRA10T1776269,1,$26551.00,0,$0,0,0
MOTO ROAD,"MOTO CARABELA DAKOTA ADV 320CC, AMARILLO",CEDIS SAN LUIS,MACROPAY FRESNILLO CENTRO,1886,10,3EFPDRA13T1776332,1,$26551.00,0,$0,0,0
MOTO ROAD,"MOTO CARABELA DAKOTA ADV 320CC, AMARILLO",CEDIS TAB PXGL,MACROPAY ANGEL R LIBERTAD,1209,10,3EFPDRA1XT1792592,1,$26551.00,0,$0,0,0
MOTO ROAD,"MOTO CARABELA DAKOTA ADV 320CC, AMARILLO",CEDIS TAB PXGL,MACROPAY BERRIOZABAL CENTRAL NORTE L2,1335,10,3EFPDRA15T1789213,1,$26551.00,0,$0,0,0
MOTO ROAD,"MOTO CARABELA DAKOTA ADV 320CC, AMARILLO",CEDIS TAB PXGL,MACROPAY CARDENAS PORTALES CENTRO,1802,10,3EFPDRA15T1792631,1,$26551.00,0,$0,0,0
MOTO ROAD,"MOTO CARABELA DAKOTA ADV 320CC, AMARILLO",CEDIS TAB PXGL,MACROPAY COATZA MERCADO MORELOS,1803,10,3EFPDRA14T1776274,1,$26551.00,0,$0,0,0
MOTO ROAD,"MOTO CARABELA DAKOTA ADV 320CC, AMARILLO",CEDIS TAB PXGL,MACROPAY COATZA MERCADO MORELOS,1803,10,3EFPDRA16T1792590,1,$26551.00,0,$0,0,0
MOTO ROAD,"MOTO CARABELA DAKOTA ADV 320CC, AMARILLO",CEDIS TAB PXGL,MACROPAY COATZACOALCOS JUAREZ MOTOS,1796,10,3EFPDRA10T1787420,1,$26551.00,0,$0,0,0
MOTO ROAD,"MOTO CARABELA DAKOTA ADV 320CC, AMARILLO",CEDIS TAB PXGL,MACROPAY CUNDUACAN CENTRAL,1125,10,3EFPDRA18T1789125,1,$26551.00,0,$0,0,0
MOTO ROAD,"MOTO CARABELA DAKOTA ADV 320CC, AMARILLO",CEDIS TAB PXGL,MACROPAY EMILIANO ZAPATA CORREGIDORA,1188,10,3EFPDRA14T1792636,1,$26551.00,0,$0,0,0
MOTO ROAD,"MOTO CARABELA DAKOTA ADV 320CC, AMARILLO",CEDIS TAB PXGL,MACROPAY HUIMANGUILLO AV ESCOBAR,1281,10,3EFPDRA14T1792555,1,$26551.00,0,$0,0,0
MOTO ROAD,"MOTO CARABELA DAKOTA ADV 320CC, AMARILLO",CEDIS TAB PXGL,MACROPAY HUIMANGUILLO AV ESCOBAR,1281,10,3EFPDRA15T1792595,1,$26551.00,0,$0,0,0
MOTO ROAD,"MOTO CARABELA DAKOTA ADV 320CC, AMARILLO",CEDIS TAB PXGL,MACROPAY HUIMANGUILLO AV ESCOBAR,1281,10,3EFPDRA1XT1789126,1,$26551.00,0,$0,0,0
MOTO ROAD,"MOTO CARABELA DAKOTA ADV 320CC, AMARILLO",CEDIS TAB PXGL,MACROPAY JUAN RODRIGUEZ VER CENTRO,1860,10,3EFPDRA19T1792616,1,$26551.00,0,$0,0,0
MOTO ROAD,"MOTO CARABELA DAKOTA ADV 320CC, AMARILLO",CEDIS TAB PXGL,MACROPAY MACUSPANA MOTOS,1901,10,3EFPDRA12V1793397,1,$26551.00,0,$0,0,0
MOTO ROAD,"MOTO CARABELA DAKOTA ADV 320CC, AMARILLO",CEDIS TAB PXGL,MACROPAY MACUSPANA MOTOS,1901,10,3EFPDRA1XT1792625,1,$26551.00,0,$0,0,0
MOTO ROAD,"MOTO CARABELA DAKOTA ADV 320CC, AMARILLO",CEDIS TAB PXGL,MACROPAY MATIAS ROMERO MOTOS CENTRO,1868,10,3EFPDRA11T1787409,1,$26551.00,0,$0,0,0
MOTO ROAD,"MOTO CARABELA DAKOTA ADV 320CC, AMARILLO",CEDIS TAB PXGL,MACROPAY MATIAS ROMERO MOTOS CENTRO,1868,10,3EFPDRA12T1789184,1,$26551.00,0,$0,0,0
MOTO ROAD,"MOTO CARABELA DAKOTA ADV 320CC, AMARILLO",CEDIS TAB PXGL,MACROPAY MINATITLAN MIGUEL HID MOTOS,1827,10,3EFPDRA15T1792578,1,$26551.00,0,$0,0,0
MOTO ROAD,"MOTO CARABELA DAKOTA ADV 320CC, AMARILLO",CEDIS TAB PXGL,MACROPAY MINATITLAN MIGUEL HID MOTOS,1827,10,3EFPDRA18T1789139,1,$26551.00,0,$0,0,0
MOTO ROAD,"MOTO CARABELA DAKOTA ADV 320CC, AMARILLO",CEDIS TAB PXGL,MACROPAY TUX MOTOS NOVENA SUR,1875,10,3EFPDRA11T1789189,1,$26551.00,0,$0,0,0
MOTO ROAD,"MOTO CARABELA DAKOTA ADV 320CC, AMARILLO",CEDIS TAB PXGL,MACROPAY VERACRUZ CD ISLA RAUL SANDOVAL,1760,10,3EFPDRA18V1793419,1,$26551.00,0,$0,0,0
MOTO ROAD,"MOTO CARABELA DIRT 3 250CC, ROJO",CEDIS CDMX,CE. LOG. PXGL,21,140,3EFRANAN7V1793313,1,$26551.02,0,$0,0,0
MOTO ROAD,"MOTO CARABELA DIRT 3 250CC, ROJO",CEDIS CDMX,MACROPAY APIZACO PLAZA  L34,1545,10,3EFRANAN0T1772249,1,$26551.00,0,$0,0,0
MOTO ROAD,"MOTO CARABELA DIRT 3 250CC, ROJO",CEDIS CDMX,MACROPAY APIZACO PLAZA GUADALUPE,1496,10,3EFRANANXT1772338,1,$26551.00,0,$0,0,0
MOTO ROAD,"MOTO CARABELA DIRT 3 250CC, ROJO",CEDIS CDMX,MACROPAY ATLIXCO MOTOS 3 SUR,1847,10,3EFRANAN1T1772261,1,$26551.00,0,$0,0,0
MOTO ROAD,"MOTO CARABELA DIRT 3 250CC, ROJO",CEDIS CDMX,MACROPAY ATLIXCO MOTOS 3 SUR,1847,10,3EFRANAN5T1772263,1,$26551.00,0,$0,0,0
MOTO ROAD,"MOTO CARABELA DIRT 3 250CC, ROJO",CEDIS CDMX,MACROPAY CIUDAD CARDEL AZUETA,1274,10,3EFRANAN1V1793310,1,$26551.03,0,$0,0,0
MOTO ROAD,"MOTO CARABELA DIRT 3 250CC, ROJO",CEDIS CDMX,MACROPAY CIUDAD CARDEL CENTRO,1906,10,3EFRANAN2V1793283,1,$26551.03,0,$0,0,0
MOTO ROAD,"MOTO CARABELA DIRT 3 250CC, ROJO",CEDIS CDMX,MACROPAY EZEQUIEL MONTES CENTRO,1903,10,3EFRANAN2T1773208,1,$26551.00,0,$0,0,0
MOTO ROAD,"MOTO CARABELA DIRT 3 250CC, ROJO",CEDIS CDMX,MACROPAY HUAJUAPAN CENTRO,1779,10,3EFRANAN9V1793300,1,$26551.03,0,$0,0,0
MOTO ROAD,"MOTO CARABELA DIRT 3 250CC, ROJO",CEDIS CDMX,MACROPAY HUAJUAPAN NUYOO,1140,10,3EFRANAN2V1793316,1,$26551.02,0,$0,0,0
MOTO ROAD,"MOTO CARABELA DIRT 3 250CC, ROJO",CEDIS CDMX,MACROPAY HUAMANTLA MORELOS PTE,1769,10,3EFRANAN5T1772246,1,$26551.00,0,$0,0,0
MOTO ROAD,"MOTO CARABELA DIRT 3 250CC, ROJO",CEDIS CDMX,MACROPAY OAXACA AMAPOLAS,1131,10,3EFRANAN7S1765247,1,$26551.03,0,$0,0,0
MOTO ROAD,"MOTO CARABELA DIRT 3 250CC, ROJO",CEDIS CDMX,MACROPAY PUE PLAZA SAN PEDRO L40,1470,10,3EFRANAN3T1772259,1,$26551.00,0,$0,0,0
MOTO ROAD,"MOTO CARABELA DIRT 3 250CC, ROJO",CEDIS CDMX,MACROPAY RAFAEL LARA GRAJALES CENTRO,1778,10,3EFRANAN8T1772337,1,$26551.00,0,$0,0,0
MOTO ROAD,"MOTO CARABELA DIRT 3 250CC, ROJO",CEDIS CDMX,MACROPAY TUXPAN CENTRO JUAREZ,1831,10,3EFRANAN9V1793331,1,$26551.03,0,$0,0,0
MOTO ROAD,"MOTO CARABELA DIRT 3 250CC, ROJO",CEDIS CDMX,MACROPAY VER CENTRO HIDALGO,1883,10,3EFRANAN8T1773214,1,$26551.00,0,$0,0,0
MOTO ROAD,"MOTO CARABELA DIRT 3 250CC, ROJO",CEDIS CDMX,MACROPAY VERACRUZ AV MATAMOROS NORTE,1721,10,3EFRANAN2V1793333,1,$26551.02,0,$0,0,0
MOTO ROAD,"MOTO CARABELA DIRT 3 250CC, ROJO",CEDIS CDMX,TECPAN DE GALEANA CENTRO,1929,10,3EFRANAN0V1793296,1,$26551.03,0,$0,0,0
MOTO ROAD,"MOTO CARABELA DIRT 3 250CC, ROJO",CEDIS GDL,MACROPAY APATZINGAN CENTRO ANDRADE,1832,10,3EFRANAN3V1793258,1,$26551.00,0,$0,0,0
MOTO ROAD,"MOTO CARABELA DIRT 3 250CC, ROJO",CEDIS GDL,MACROPAY GDL MOTOS PASEO ALCALDE,1919,10,3EFRANAN1S1766605,1,$26551.00,0,$0,0,0
MOTO ROAD,"MOTO CARABELA DIRT 3 250CC, ROJO",CEDIS GDL,MACROPAY GDL MOTOS PASEO ALCALDE,1919,10,3EFRANAN4S1766582,1,$26551.00,0,$0,0,0
MOTO ROAD,"MOTO CARABELA DIRT 3 250CC, ROJO",CEDIS GDL,MACROPAY MICH LAZARO CARDENAS CENTRO,1812,10,3EFRANAN4T1773212,1,$26551.00,0,$0,0,0
MOTO ROAD,"MOTO CARABELA DIRT 3 250CC, ROJO",CEDIS GDL,MACROPAY MICH LAZARO CARDENAS CENTRO,1812,10,3EFRANAN5V1793326,1,$26551.00,0,$0,0,0
MOTO ROAD,"MOTO CARABELA DIRT 3 250CC, ROJO",CEDIS MID,MACROPAY CAMPECHE CALLE 53 CATEDRAL,1754,10,3EFRANAN5T1774286,1,$26551.00,0,$0,0,0
MOTO ROAD,"MOTO CARABELA DIRT 3 250CC, ROJO",CEDIS MID,MACROPAY CHT AMERICAS L67,1102,10,3EFRANAN4T1772304,1,$27089.36,0,$0,0,0
MOTO ROAD,"MOTO CARABELA DIRT 3 250CC, ROJO",CEDIS MID,MACROPAY MID ORIENTE,1017,10,3EFRANAN7T1785659,1,$26551.00,0,$0,0,0
MOTO ROAD,"MOTO CARABELA DIRT 3 250CC, ROJO",CEDIS MID,MACROPAY TULUM CHEDRAUI L01 PLUS,1916,10,3EFRANAN3T1772262,1,$26551.00,0,$0,0,0
MOTO ROAD,"MOTO CARABELA DIRT 3 250CC, ROJO",CEDIS SALTILLO,MACROPAY NUEVO LEON LINARES CENTRO,1729,10,3EFRANAN8T1789087,1,$26551.00,0,$0,0,0
MOTO ROAD,"MOTO CARABELA DIRT 3 250CC, ROJO",CEDIS SALTILLO,MACROPAY TORREON CENTRO,1772,10,3EFRANAN4S1766601,1,$26551.00,0,$0,0,0
MOTO ROAD,"MOTO CARABELA DIRT 3 250CC, ROJO",CEDIS SAN LUIS,MACROPAY SALAMANCA PLAZA VIA ALTA L1018A,1415,10,3EFRANAN8T1774315,1,$26551.00,0,$0,0,0
MOTO ROAD,"MOTO CARABELA DIRT 3 250CC, ROJO",CEDIS SAN LUIS,MACROPAY SAN LUIS DE LA PAZ CENTRO,1855,10,3EFRANAN3T1774304,1,$26551.00,0,$0,0,0
MOTO ROAD,"MOTO CARABELA DIRT 3 250CC, ROJO",CEDIS SAN LUIS,MACROPAY SOLEDAD DE GRACIANO CENTRO,1837,10,3EFRANAN9T1774291,1,$26551.00,0,$0,0,0
MOTO ROAD,"MOTO CARABELA DIRT 3 250CC, ROJO",CEDIS SAN LUIS,MACROPAY TAMPICO CENTRO ADUANA,1753,10,3EFRANAN5T1772327,1,$26551.43,0,$0,0,0
MOTO ROAD,"MOTO CARABELA DIRT 3 250CC, ROJO",CEDIS SAN LUIS,MACROPAY TAMPICO CENTRO ADUANA,1753,10,3EFRANAN5T1774272,1,$26551.43,0,$0,0,0
MOTO ROAD,"MOTO CARABELA DIRT 3 250CC, ROJO",CEDIS SAN LUIS,SAN LUIS POTOSI FUNDADORES,1912,10,3EFRANAN2T1772298,1,$26551.00,0,$0,0,0
MOTO ROAD,"MOTO CARABELA DIRT 3 250CC, ROJO",CEDIS SAN LUIS,SAN LUIS POTOSI FUNDADORES,1912,10,3EFRANANXT1774283,1,$26551.00,0,$0,0,0
MOTO ROAD,"MOTO CARABELA DIRT 3 250CC, ROJO",CEDIS TAB PXGL,MACROPAY CARDENAS PORTALES CENTRO,1802,10,3EFRANAN7T1772264,1,$26551.00,0,$0,0,0
MOTO ROAD,"MOTO CARABELA DIRT 3 250CC, ROJO",CEDIS TAB PXGL,MACROPAY CD DEL CARMEN CALLE 22 MOTOS,1811,10,3EFRANAN8T1785623,1,$26551.00,0,$0,0,0
MOTO ROAD,"MOTO CARABELA DIRT 3 250CC, ROJO",CEDIS TAB PXGL,MACROPAY COATZACOALCOS JUAREZ MOTOS,1796,10,3EFRANAN5T1774255,1,$26550.33,0,$0,0,0
MOTO ROAD,"MOTO CARABELA DIRT 3 250CC, ROJO",CEDIS TAB PXGL,MACROPAY MATIAS ROMERO MOTOS CENTRO,1868,10,3EFRANAN4S1758403,1,$26540.38,0,$0,0,0
MOTO ROAD,"MOTO CARABELA DIRT 3 250CC, ROJO",CEDIS TAB PXGL,MACROPAY TAPACHULA 1A PONIENTE,1175,10,3EFRANAN7T1772281,1,$26551.00,0,$0,0,0
MOTO ROAD,"MOTO CARABELA DIRT 3 250CC, ROJO",CEDIS TAB PXGL,MACROPAY TAPACHULA CENTRAL NORTE,1631,10,3EFRANAN6T1772255,1,$26551.00,0,$0,0,0
MOTO ROAD,"MOTO CARABELA HUNTER 110CC, BLANCO",CEDIS CDMX,CE. LOG. PXGL,21,140,3EFTAHAV3T1038244,1,$12943.00,0,$0,0,0
MOTO ROAD,"MOTO CARABELA HUNTER 110CC, BLANCO",CEDIS CDMX,CE. LOG. PXGL,21,140,3EFTAHAV7T1038151,1,$12943.00,0,$0,0,0
MOTO ROAD,"MOTO CARABELA HUNTER 110CC, BLANCO",CEDIS CDMX,CE. LOG. PXGL,21,140,3EFTAHAV8T1038255,1,$12943.00,0,$0,0,0
MOTO ROAD,"MOTO CARABELA HUNTER 110CC, BLANCO",CEDIS CDMX,MACROPAY CHALCO CENTRO MORELOS,1718,10,3EFTAHAV1T1030210,1,$12943.00,0,$0,0,0
MOTO ROAD,"MOTO CARABELA HUNTER 110CC, BLANCO",CEDIS CDMX,MACROPAY CIUDAD CARDEL AZUETA,1274,10,3EFTAHAV9T1034778,1,$12943.00,0,$0,0,0
MOTO ROAD,"MOTO CARABELA HUNTER 110CC, BLANCO",CEDIS CDMX,MACROPAY CIUDAD CARDEL CENTRO,1906,10,3EFTAHAVXT1038130,1,$12943.00,0,$0,0,0
MOTO ROAD,"MOTO CARABELA HUNTER 110CC, BLANCO",CEDIS CDMX,MACROPAY HUAJUAPAN CENTRO,1779,10,3EFTAHAV5T1038150,1,$12777.25,0,$0,0,0
MOTO ROAD,"MOTO CARABELA HUNTER 110CC, BLANCO",CEDIS CDMX,MACROPAY TEHUACAN CENTRO CHEDRAUI,1835,10,3EFTAHAV8T1030317,1,$12943.00,0,$0,0,0
MOTO ROAD,"MOTO CARABELA HUNTER 110CC, BLANCO",CEDIS CDMX,MACROPAY TEOTIHUACAN PLAZA JUAREZ 15,1297,10,3EFTAHAV8T1038286,1,$12943.00,0,$0,0,0
MOTO ROAD,"MOTO CARABELA HUNTER 110CC, BLANCO",CEDIS CDMX,MACROPAY TEXMELUCAN CENTRO 2,1774,10,3EFTAHAV9T1038295,1,$12943.00,0,$0,0,0
MOTO ROAD,"MOTO CARABELA HUNTER 110CC, BLANCO",CEDIS CDMX,MACROPAY TUXPAN CENTRO JUAREZ,1831,10,3EFTAHAV4T1038141,1,$12943.00,0,$0,0,0
MOTO ROAD,"MOTO CARABELA HUNTER 110CC, BLANCO",CEDIS CDMX,MACROPAY TUXPAN MERCADO,1261,10,3EFTAHAV7S1021865,1,$12943.00,0,$0,0,0
MOTO ROAD,"MOTO CARABELA HUNTER 110CC, BLANCO",CEDIS CDMX,MACROPAY VER CENTRO HIDALGO,1883,10,3EFTAHAV9T1038197,1,$12943.00,0,$0,0,0
MOTO ROAD,"MOTO CARABELA HUNTER 110CC, BLANCO",CEDIS CDMX,MACROPAY VER CENTRO INDEPENDENCIA,1897,10,3EFTAHAV0T1038248,1,$12943.00,0,$0,0,0
MOTO ROAD,"MOTO CARABELA HUNTER 110CC, BLANCO",CEDIS CDMX,MACROPAY VER CENTRO INDEPENDENCIA,1897,10,3EFTAHAV7T1038179,1,$12943.00,0,$0,0,0
MOTO ROAD,"MOTO CARABELA HUNTER 110CC, BLANCO",CEDIS CDMX,MACROPAY VERACRUZ AV MATAMOROS NORTE,1721,10,3EFTAHAV0T1038251,1,$12943.00,0,$0,0,0
MOTO ROAD,"MOTO CARABELA HUNTER 110CC, BLANCO",CEDIS CDMX,MACROPAY VERACRUZ AV MATAMOROS NORTE,1721,10,3EFTAHAV5T1038214,1,$12943.00,0,$0,0,0
MOTO ROAD,"MOTO CARABELA HUNTER 110CC, BLANCO",CEDIS CDMX,MACROPAY ZIMATLAN CENTRO,1846,10,3EFTAHAV8T1028969,1,$12943.00,0,$0,0,0
MOTO ROAD,"MOTO CARABELA HUNTER 110CC, BLANCO",CEDIS CDMX,PUEBLA 18 PONIENTE,1895,10,3EFTAHAV4T1030279,1,$12943.00,0,$0,0,0
MOTO ROAD,"MOTO CARABELA HUNTER 110CC, BLANCO",CEDIS CDMX,TECPAN DE GALEANA CENTRO,1929,10,3EFTAHAV3T1038177,1,$12943.00,0,$0,0,0
MOTO ROAD,"MOTO CARABELA HUNTER 110CC, BLANCO",CEDIS CDMX,TECPAN DE GALEANA CENTRO,1929,10,3EFTAHAV6T1038285,1,$12943.00,0,$0,0,0
MOTO ROAD,"MOTO CARABELA HUNTER 110CC, BLANCO",CEDIS CULIACAN,CEDIS CULIACAN,28,140,3EFTAHAV0T1038265,1,$12943.00,0,$0,0,0
MOTO ROAD,"MOTO CARABELA HUNTER 110CC, BLANCO",CEDIS CULIACAN,MACROPAY CANATLAN CENTRO,1871,10,3EFTAHAVXT1038242,1,$12943.00,0,$0,0,0
MOTO ROAD,"MOTO CARABELA HUNTER 110CC, BLANCO",CEDIS CULIACAN,MACROPAY CULIACAN EXPLANADA L33A,1848,10,3EFTAHAV2T1038123,1,$12943.00,0,$0,0,0
MOTO ROAD,"MOTO CARABELA HUNTER 110CC, BLANCO",CEDIS CULIACAN,MACROPAY DURANGO CENTRO,1865,10,3EFTAHAV8T1038188,1,$12943.00,0,$0,0,0
MOTO ROAD,"MOTO CARABELA HUNTER 110CC, BLANCO",CEDIS CULIACAN,MACROPAY DURANGO CENTRO B JUAREZ,1864,10,3EFTAHAV2T1038218,1,$12943.00,0,$0,0,0
MOTO ROAD,"MOTO CARABELA HUNTER 110CC, BLANCO",CEDIS GDL,CEDIS MACROPAY GUADALAJARA,25,140,3EFTAHAV4T1038219,1,$12943.00,0,$0,0,0
MOTO ROAD,"MOTO CARABELA HUNTER 110CC, BLANCO",CEDIS GDL,MACROPAY APATZINGAN CENTRO ANDRADE,1832,10,3EFTAHAV0T1038279,1,$12943.00,0,$0,0,0
MOTO ROAD,"MOTO CARABELA HUNTER 110CC, BLANCO",CEDIS GDL,MACROPAY APATZINGAN CENTRO ANDRADE,1832,10,3EFTAHAV1T1038131,1,$12943.00,0,$0,0,0
MOTO ROAD,"MOTO CARABELA HUNTER 110CC, BLANCO",CEDIS GDL,MACROPAY APATZINGAN CENTRO ANDRADE,1832,10,3EFTAHAV5T1038200,1,$12943.00,0,$0,0,0
MOTO ROAD,"MOTO CARABELA HUNTER 110CC, BLANCO",CEDIS GDL,MACROPAY APATZINGAN CENTRO CATEDRAL,1834,10,3EFTAHAV4T1034784,1,$12943.00,0,$0,0,0
MOTO ROAD,"MOTO CARABELA HUNTER 110CC, BLANCO",CEDIS GDL,MACROPAY LA PIEDAD CENTRO,1804,10,3EFTAHAV0T1038282,1,$12943.00,0,$0,0,0
MOTO ROAD,"MOTO CARABELA HUNTER 110CC, BLANCO",CEDIS GDL,MACROPAY SAN JUAN DE LOS LAGOS INDEPEND,1750,10,3EFTAHAV6T1030347,1,$12943.00,0,$0,0,0
MOTO ROAD,"MOTO CARABELA HUNTER 110CC, BLANCO",CEDIS GDL,MACROPAY URUAPAN CENTRO,1816,10,3EFTAHAV2T1034654,1,$12943.00,0,$0,0,0
MOTO ROAD,"MOTO CARABELA HUNTER 110CC, BLANCO",CEDIS MID,CEDIS MERIDA,11,140,3EFTAHAV2T1039398,1,$13892.48,0,$0,0,0
MOTO ROAD,"MOTO CARABELA HUNTER 110CC, BLANCO",CEDIS MID,CEDIS MERIDA,11,140,3EFTAHAV3T1039314,1,$13892.48,0,$0,0,0
MOTO ROAD,"MOTO CARABELA HUNTER 110CC, BLANCO",CEDIS MID,CEDIS MERIDA,11,140,3EFTAHAV7T1039395,1,$13892.48,0,$0,0,0
MOTO ROAD,"MOTO CARABELA HUNTER 110CC, BLANCO",CEDIS MID,CEDIS MERIDA,11,140,3EFTAHAV8T1039261,1,$13892.48,0,$0,0,0
MOTO ROAD,"MOTO CARABELA HUNTER 110CC, BLANCO",CEDIS MID,CEDIS MERIDA,11,140,3EFTAHAV8T1039387,1,$13892.48,0,$0,0,0
MOTO ROAD,"MOTO CARABELA HUNTER 110CC, BLANCO",CEDIS MID,CEDIS MERIDA,11,140,3EFTAHAV9T1039365,1,$13892.48,0,$0,0,0
MOTO ROAD,"MOTO CARABELA HUNTER 110CC, BLANCO",CEDIS MID,CEDIS MERIDA,11,140,3EFTAHAVXT1039357,1,$13892.48,0,$0,0,0
MOTO ROAD,"MOTO CARABELA HUNTER 110CC, BLANCO",CEDIS MID,MACROPAY  MID OUTLET CALLE 56,2014,10,3EFTAHAV4T1039323,1,$13242.89,0,$0,0,0
MOTO ROAD,"MOTO CARABELA HUNTER 110CC, BLANCO",CEDIS MID,MACROPAY BECAL CALLE 30,1058,10,3EFTAHAV6T1034656,1,$12943.00,0,$0,0,0
MOTO ROAD,"MOTO CARABELA HUNTER 110CC, BLANCO",CEDIS MID,MACROPAY CUN CHEDRAUI MUNDO MAYA,1877,10,3EFTAHAV7T1038280,1,$12943.00,0,$0,0,0
MOTO ROAD,"MOTO CARABELA HUNTER 110CC, BLANCO",CEDIS MID,MACROPAY ESCARCEGA H. MARTINEZ,1098,10,3EFTAHAV3T1038227,1,$12943.00,0,$0,0,0
MOTO ROAD,"MOTO CARABELA HUNTER 110CC, BLANCO",CEDIS MID,MACROPAY ESCARCEGA J SIERRA MOTOS,1797,10,3EFTAHAV9T1039303,1,$12943.00,0,$0,0,0
MOTO ROAD,"MOTO CARABELA HUNTER 110CC, BLANCO",CEDIS MID,MACROPAY HUNUCMA CALLE 29,1059,10,3EFTAHAV2T1039322,1,$13062.64,0,$0,0,0
MOTO ROAD,"MOTO CARABELA HUNTER 110CC, BLANCO",CEDIS MID,MACROPAY IZAMAL MOTOS,1907,10,3EFTAHAV7T1039266,1,$13255.33,0,$0,0,0
MOTO ROAD,"MOTO CARABELA HUNTER 110CC, BLANCO",CEDIS MID,MACROPAY PETO CALLE 31,1093,10,3EFTAHAV8T1038272,1,$12943.00,0,$0,0,0
MOTO ROAD,"MOTO CARABELA HUNTER 110CC, BLANCO",CEDIS MID,MACROPAY PLAYA AV JUAREZ PLUS,1909,10,3EFTAHAVXT1039276,1,$13092.94,0,$0,0,0
MOTO ROAD,"MOTO CARABELA HUNTER 110CC, BLANCO",CEDIS MID,MACROPAY TEKAX PALACIO,1047,10,3EFTAHAV3T1039264,1,$13255.33,0,$0,0,0
MOTO ROAD,"MOTO CARABELA HUNTER 110CC, BLANCO",CEDIS MID,MACROPAY TICUL CALLE 26,1045,10,3EFTAHAV4T1038186,1,$12943.00,0,$0,0,0
MOTO ROAD,"MOTO CARABELA HUNTER 110CC, BLANCO",CEDIS MID,MACROPAY TIXKOKOB CALLE 24,1081,10,3EFTAHAV2T1039319,1,$12943.00,0,$0,0,0
MOTO ROAD,"MOTO CARABELA HUNTER 110CC, BLANCO",CEDIS MID,MACROPAY VALLADOLID MOTOS CALLE 39,1748,10,3EFTAHAV8T1039339,1,$13142.87,0,$0,0,0
MOTO ROAD,"MOTO CARABELA HUNTER 110CC, BLANCO",CEDIS SALTILLO,CEDIS SALTILLO,29,140,3EFTAHAV0T1038217,1,$12943.00,0,$0,0,0
MOTO ROAD,"MOTO CARABELA HUNTER 110CC, BLANCO",CEDIS SALTILLO,CEDIS SALTILLO,29,140,3EFTAHAV3T1038132,1,$12943.00,0,$0,0,0
MOTO ROAD,"MOTO CARABELA HUNTER 110CC, BLANCO",CEDIS SALTILLO,CIUDAD VICTORIA CENTRO,1944,10,3EFTAHAV2T1038266,1,$12943.00,0,$0,0,0
MOTO ROAD,"MOTO CARABELA HUNTER 110CC, BLANCO",CEDIS SALTILLO,DELICIAS CHIHUAHUA CENTRO,1946,10,3EFTAHAV4T1038267,1,$12943.00,0,$0,0,0
MOTO ROAD,"MOTO CARABELA HUNTER 110CC, BLANCO",CEDIS SALTILLO,MACROPAY SABINAS CENTRO,1938,10,3EFTAHAV4T1030332,1,$12943.00,0,$0,0,0
MOTO ROAD,"MOTO CARABELA HUNTER 110CC, BLANCO",CEDIS SALTILLO,MACROPAY SALTILLO SENDERO SUR LE7-9,1923,10,3EFTAHAV3T1030256,1,$12943.00,0,$0,0,0
MOTO ROAD,"MOTO CARABELA HUNTER 110CC, BLANCO",CEDIS SALTILLO,MACROPAY STA CATARINA SENDERO LC08,1924,10,3EFTAHAV4T1030184,1,$12943.00,0,$0,0,0
MOTO ROAD,"MOTO CARABELA HUNTER 110CC, BLANCO",CEDIS SALTILLO,MACROPAY STA CATARINA SENDERO LC08,1924,10,3EFTAHAV7T1030289,1,$12943.00,0,$0,0,0
MOTO ROAD,"MOTO CARABELA HUNTER 110CC, BLANCO",CEDIS SALTILLO,MACROPAY TORREON CENTRO,1772,10,3EFTAHAV7T1038277,1,$12943.00,0,$0,0,0
MOTO ROAD,"MOTO CARABELA HUNTER 110CC, BLANCO",CEDIS SAN LUIS,HEB EJERCITO TAMPICO,1930,10,3EFTAHAV6T1034706,1,$12943.00,0,$0,0,0
MOTO ROAD,"MOTO CARABELA HUNTER 110CC, BLANCO",CEDIS SAN LUIS,MACROPAY SLP RIO VERDE CENTRO,1759,10,3EFTAHAV3T1038180,1,$12943.00,0,$0,0,0
MOTO ROAD,"MOTO CARABELA HUNTER 110CC, BLANCO",CEDIS SAN LUIS,MACROPAY TAMPICO CENTRO ADUANA,1753,10,3EFTAHAV0T1038170,1,$12943.00,0,$0,0,0
MOTO ROAD,"MOTO CARABELA HUNTER 110CC, BLANCO",CEDIS SAN LUIS,SAN LUIS POTOSI FUNDADORES,1912,10,3EFTAHAV8T1039308,1,$12943.00,0,$0,0,0
MOTO ROAD,"MOTO CARABELA HUNTER 110CC, BLANCO",CEDIS TAB PXGL,MACROPAY BERRIOZABAL CENTRAL NORTE L2,1335,10,3EFTAHAV6T1034642,1,$12943.00,0,$0,0,0
MOTO ROAD,"MOTO CARABELA HUNTER 110CC, BLANCO",CEDIS TAB PXGL,MACROPAY CARDENAS BANCO,1089,10,3EFTAHAV7T1039302,1,$12943.00,0,$0,0,0
MOTO ROAD,"MOTO CARABELA HUNTER 110CC, BLANCO",CEDIS TAB PXGL,MACROPAY CARDENAS PORTALES CENTRO,1802,10,3EFTAHAV5T1039377,1,$12943.00,0,$0,0,0
MOTO ROAD,"MOTO CARABELA HUNTER 110CC, BLANCO",CEDIS TAB PXGL,MACROPAY CD. DEL CARMEN CALLE 33,1171,10,3EFTAHAV6T1029019,1,$12943.00,0,$0,0,0
MOTO ROAD,"MOTO CARABELA HUNTER 110CC, BLANCO",CEDIS TAB PXGL,MACROPAY COATZA MERCADO MORELOS,1803,10,3EFTAHAV3T1029088,1,$12943.00,0,$0,0,0
MOTO ROAD,"MOTO CARABELA HUNTER 110CC, BLANCO",CEDIS TAB PXGL,MACROPAY COATZA MERCADO MORELOS,1803,10,3EFTAHAVXT1028939,1,$12943.00,0,$0,0,0
MOTO ROAD,"MOTO CARABELA HUNTER 110CC, BLANCO",CEDIS TAB PXGL,MACROPAY CUNDUACAN CENTRAL,1125,10,3EFTAHAV2T1039384,1,$12943.00,0,$0,0,0
MOTO ROAD,"MOTO CARABELA HUNTER 110CC, BLANCO",CEDIS TAB PXGL,MACROPAY HUIMANGUILLO AV ESCOBAR,1281,10,3EFTAHAVXT1039343,1,$12943.00,0,$0,0,0
MOTO ROAD,"MOTO CARABELA HUNTER 110CC, BLANCO",CEDIS TAB PXGL,MACROPAY TAPACHULA PLAZA INN,1696,10,3EFTAHAV2T1038204,1,$12943.00,0,$0,0,0
MOTO ROAD,"MOTO CARABELA HUNTER 110CC, BLANCO",CEDIS TAB PXGL,MACROPAY VER SAN ANDRES MOTOS,1798,10,3EFTAHAV9T1039401,1,$12943.00,0,$0,0,0
MOTO ROAD,"MOTO CARABELA HUNTER 110CC, BLANCO",CEDIS TAB PXGL,MACROPAY VILLA LERDO DE TEJADA 2 316,1768,10,3EFTAHAV0T1038203,1,$12943.00,0,$0,0,0
MOTO ROAD,"MOTO CARABELA HUNTER 110CC, BLANCO",CEDIS TAB PXGL,MACROPAY VILLA LERDO DE TEJADA 2 316,1768,10,3EFTAHAV1T1039344,1,$12943.00,0,$0,0,0
MOTO ROAD,"MOTO CARABELA HUNTER 125CC, ROJO",CEDIS CDMX,IGUALA PLUS CENTRO,1940,10,3EFTAJAT3V1042044,1,$13939.00,0,$0,0,0
MOTO ROAD,"MOTO CARABELA HUNTER 125CC, ROJO",CEDIS CDMX,MACROPAY ACAPULCO MULTIPLAZA PALMAS L20,1751,10,3EFTAJAT3T1038329,1,$13939.00,0,$0,0,0
MOTO ROAD,"MOTO CARABELA HUNTER 125CC, ROJO",CEDIS CDMX,MACROPAY ALAMO CENTRO,1870,10,3EFTAJAT3T1041456,1,$13939.00,0,$0,0,0
MOTO ROAD,"MOTO CARABELA HUNTER 125CC, ROJO",CEDIS CDMX,MACROPAY APIZACO PLAZA GUADALUPE,1496,10,3EFTAJAT3T1034104,1,$13939.00,0,$0,0,0
MOTO ROAD,"MOTO CARABELA HUNTER 125CC, ROJO",CEDIS CDMX,MACROPAY CIUDAD CARDEL AZUETA,1274,10,3EFTAJAT6T1040141,1,$13939.00,0,$0,0,0
MOTO ROAD,"MOTO CARABELA HUNTER 125CC, ROJO",CEDIS CDMX,MACROPAY CIUDAD CARDEL CENTRO,1906,10,3EFTAJAT0T1041575,1,$13939.00,0,$0,0,0
MOTO ROAD,"MOTO CARABELA HUNTER 125CC, ROJO",CEDIS CDMX,MACROPAY GUTIERREZ ZAMORA CENTRO,1776,10,3EFTAJATXT1038375,1,$13939.00,0,$0,0,0
MOTO ROAD,"MOTO CARABELA HUNTER 125CC, ROJO",CEDIS CDMX,MACROPAY HUAJUAPAN CENTRO,1779,10,3EFTAJAT6T1041614,1,$13939.00,0,$0,0,0
MOTO ROAD,"MOTO CARABELA HUNTER 125CC, ROJO",CEDIS CDMX,MACROPAY HUAMANTLA MORELOS PTE,1769,10,3EFTAJAT5V1041946,1,$13939.00,0,$0,0,0
MOTO ROAD,"MOTO CARABELA HUNTER 125CC, ROJO",CEDIS CDMX,MACROPAY ORIZABA NORTE 4 ESQ OTE 3,1881,10,3EFTAJAT4T1038453,1,$13939.00,0,$0,0,0
MOTO ROAD,"MOTO CARABELA HUNTER 125CC, ROJO",CEDIS CDMX,MACROPAY PACHUCA VERTICE L13,1288,10,3EFTAJAT7V1041950,1,$13939.00,0,$0,0,0
MOTO ROAD,"MOTO CARABELA HUNTER 125CC, ROJO",CEDIS CDMX,MACROPAY PUEBLA LIBRES CENTRO,1801,10,3EFTAJAT3T1039786,1,$13939.00,0,$0,0,0
MOTO ROAD,"MOTO CARABELA HUNTER 125CC, ROJO",CEDIS CDMX,MACROPAY TECAMAC MACROPLAZA LF14,1830,10,3EFTAJAT0T1041558,1,$13939.00,0,$0,0,0
MOTO ROAD,"MOTO CARABELA HUNTER 125CC, ROJO",CEDIS CDMX,MACROPAY TEPATEPEC ZAPATA,1282,10,3EFTAJAT9T1041588,1,$13939.00,0,$0,0,0
MOTO ROAD,"MOTO CARABELA HUNTER 125CC, ROJO",CEDIS CDMX,MACROPAY TIZAYUCA HIMNO NACIONAL,1426,10,3EFTAJAT4T1041479,1,$13939.00,0,$0,0,0
MOTO ROAD,"MOTO CARABELA HUNTER 125CC, ROJO",CEDIS CDMX,MACROPAY TOLUCA HIDALGO MOTOS,1747,10,3EFTAJAT2T1041612,1,$13939.00,0,$0,0,0
MOTO ROAD,"MOTO CARABELA HUNTER 125CC, ROJO",CEDIS CDMX,MACROPAY VER CENTRO HIDALGO,1883,10,3EFTAJAT7T1039743,1,$13939.00,0,$0,0,0
MOTO ROAD,"MOTO CARABELA HUNTER 125CC, ROJO",CEDIS CDMX,MACROPAY VER CENTRO HIDALGO,1883,10,3EFTAJAT7V1042032,1,$13939.00,0,$0,0,0
MOTO ROAD,"MOTO CARABELA HUNTER 125CC, ROJO",CEDIS CDMX,MACROPAY VER CENTRO HIDALGO,1883,10,3EFTAJAT9T1039761,1,$13939.00,0,$0,0,0
MOTO ROAD,"MOTO CARABELA HUNTER 125CC, ROJO",CEDIS CDMX,MACROPAY VER CENTRO INDEPENDENCIA,1897,10,3EFTAJAT1T1041584,1,$13939.00,0,$0,0,0
MOTO ROAD,"MOTO CARABELA HUNTER 125CC, ROJO",CEDIS CDMX,MACROPAY VERACRUZ AV MATAMOROS NORTE,1721,10,3EFTAJAT3T1040226,1,$13939.00,0,$0,0,0
MOTO ROAD,"MOTO CARABELA HUNTER 125CC, ROJO",CEDIS CDMX,MACROPAY ZUMPANGO AV INSURGENTES,1813,10,3EFTAJAT9T1041574,1,$13939.00,0,$0,0,0
MOTO ROAD,"MOTO CARABELA HUNTER 125CC, ROJO",CEDIS CDMX,TECPAN DE GALEANA CENTRO,1929,10,3EFTAJAT1T1041598,1,$13939.00,0,$0,0,0
MOTO ROAD,"MOTO CARABELA HUNTER 125CC, ROJO",CEDIS CDMX,TECPAN DE GALEANA CENTRO,1929,10,3EFTAJAT9T1040246,1,$13939.00,0,$0,0,0
MOTO ROAD,"MOTO CARABELA HUNTER 125CC, ROJO",CEDIS CULIACAN,CEDIS CULIACAN,28,140,3EFTAJAT2T1037740,1,$13939.00,0,$0,0,0
MOTO ROAD,"MOTO CARABELA HUNTER 125CC, ROJO",CEDIS CULIACAN,CEDIS CULIACAN,28,140,3EFTAJAT3T1038380,1,$13939.00,0,$0,0,0
MOTO ROAD,"MOTO CARABELA HUNTER 125CC, ROJO",CEDIS CULIACAN,CEDIS CULIACAN,28,140,3EFTAJAT4T1034273,1,$13939.00,0,$0,0,0
MOTO ROAD,"MOTO CARABELA HUNTER 125CC, ROJO",CEDIS CULIACAN,MACROPAY DURANGO CENTRO,1865,10,3EFTAJAT2T1038306,1,$13939.00,0,$0,0,0
MOTO ROAD,"MOTO CARABELA HUNTER 125CC, ROJO",CEDIS CULIACAN,MACROPAY DURANGO CENTRO B JUAREZ,1864,10,3EFTAJAT7V1041964,1,$13939.00,0,$0,0,0
MOTO ROAD,"MOTO CARABELA HUNTER 125CC, ROJO",CEDIS CULIACAN,MACROPAY HERMOSILLO CENTRO NORIEGA,1911,10,3EFTAJATXT1039851,1,$13939.00,0,$0,0,0
MOTO ROAD,"MOTO CARABELA HUNTER 125CC, ROJO",CEDIS GDL,CEDIS MACROPAY GUADALAJARA,25,140,3EFTAJAT6V1042023,1,$13939.00,0,$0,0,0
MOTO ROAD,"MOTO CARABELA HUNTER 125CC, ROJO",CEDIS GDL,COLIMA PLAZA SAN FERNANDO,1947,10,3EFTAJAT5V1041994,1,$13939.00,0,$0,0,0
MOTO ROAD,"MOTO CARABELA HUNTER 125CC, ROJO",CEDIS GDL,MACROPAY APATZINGAN CENTRO ANDRADE,1832,10,3EFTAJAT1V1041992,1,$13939.00,0,$0,0,0
MOTO ROAD,"MOTO CARABELA HUNTER 125CC, ROJO",CEDIS GDL,MACROPAY APATZINGAN CENTRO ANDRADE,1832,10,3EFTAJAT4T1040283,1,$13939.00,0,$0,0,0
MOTO ROAD,"MOTO CARABELA HUNTER 125CC, ROJO",CEDIS GDL,MACROPAY APATZINGAN CENTRO ANDRADE,1832,10,3EFTAJAT4V1041954,1,$13939.00,0,$0,0,0
MOTO ROAD,"MOTO CARABELA HUNTER 125CC, ROJO",CEDIS GDL,MACROPAY APATZINGAN CENTRO ANDRADE,1832,10,3EFTAJAT4V1041971,1,$13939.00,0,$0,0,0
MOTO ROAD,"MOTO CARABELA HUNTER 125CC, ROJO",CEDIS GDL,MACROPAY APATZINGAN CENTRO CATEDRAL,1834,10,3EFTAJAT6V1041969,1,$13939.00,0,$0,0,0
MOTO ROAD,"MOTO CARABELA HUNTER 125CC, ROJO",CEDIS MID,BACALAR AVENIDA 7,1908,10,3EFTAJAT9V1041951,1,$15679.70,0,$0,0,0
MOTO ROAD,"MOTO CARABELA HUNTER 125CC, ROJO",CEDIS MID,MACROPAY CHEMAX CALLE 21,1044,10,3EFTAJAT4T1040414,1,$13939.00,0,$0,0,0
MOTO ROAD,"MOTO CARABELA HUNTER 125CC, ROJO",CEDIS MID,MACROPAY ESPITA CALLE 24,1055,10,3EFTAJAT2T1041531,1,$13939.00,0,$0,0,0
MOTO ROAD,"MOTO CARABELA HUNTER 125CC, ROJO",CEDIS MID,MACROPAY HECELCHAKAN CALLE 20,1057,10,3EFTAJAT4T1041532,1,$13939.00,0,$0,0,0
MOTO ROAD,"MOTO CARABELA HUNTER 125CC, ROJO",CEDIS MID,MACROPAY HOPELCHEN CALLE 22,1548,10,3EFTAJATXT1037792,1,$13939.00,0,$0,0,0
MOTO ROAD,"MOTO CARABELA HUNTER 125CC, ROJO",CEDIS MID,MACROPAY IZAMAL MOTOS,1907,10,3EFTAJAT4V1042036,1,$14899.07,0,$0,0,0
MOTO ROAD,"MOTO CARABELA HUNTER 125CC, ROJO",CEDIS MID,MACROPAY MID GRAN PLAZA L49,3002,10,3EFTAJAT6T1038437,1,$13939.00,0,$0,0,0
MOTO ROAD,"MOTO CARABELA HUNTER 125CC, ROJO",CEDIS MID,MACROPAY MID PLAZA DORADA 3,1010,10,3EFTAJAT6T1041581,1,$13939.00,0,$0,0,0
MOTO ROAD,"MOTO CARABELA HUNTER 125CC, ROJO",CEDIS MID,MACROPAY PANABA CALLE 18,1052,10,3EFTAJAT4T1041529,1,$13939.00,0,$0,0,0
MOTO ROAD,"MOTO CARABELA HUNTER 125CC, ROJO",CEDIS MID,MACROPAY PETO CALLE 31,1093,10,3EFTAJAT6T1039751,1,$13939.00,0,$0,0,0
MOTO ROAD,"MOTO CARABELA HUNTER 125CC, ROJO",CEDIS MID,MACROPAY TEABO CALLE 31,1392,10,3EFTAJAT8T1037838,1,$13939.00,0,$0,0,0
MOTO ROAD,"MOTO CARABELA HUNTER 125CC, ROJO",CEDIS MID,MACROPAY TEABO CALLE 31,1392,10,3EFTAJAT9T1040215,1,$13939.00,0,$0,0,0
MOTO ROAD,"MOTO CARABELA HUNTER 125CC, ROJO",CEDIS MID,MACROPAY TICUL CALLE 23,1046,10,3EFTAJAT3V1041959,1,$13939.00,0,$0,0,0
MOTO ROAD,"MOTO CARABELA HUNTER 125CC, ROJO",CEDIS MID,MACROPAY TULUM CHEDRAUI L01 PLUS,1916,10,3EFTAJAT0T1039714,1,$13939.00,0,$0,0,0
MOTO ROAD,"MOTO CARABELA HUNTER 125CC, ROJO",CEDIS SALTILLO,CEDIS SALTILLO,29,140,3EFTAJAT8T1041579,1,$13939.00,0,$0,0,0
MOTO ROAD,"MOTO CARABELA HUNTER 125CC, ROJO",CEDIS SALTILLO,DELICIAS CHIHUAHUA CENTRO,1946,10,3EFTAJAT8T1041601,1,$13939.00,0,$0,0,0
MOTO ROAD,"MOTO CARABELA HUNTER 125CC, ROJO",CEDIS SALTILLO,MACROPAY MTY CENTRO SANTIAGO TAPIA,1874,10,3EFTAJAT0T1028826,1,$13939.00,0,$0,0,0
MOTO ROAD,"MOTO CARABELA HUNTER 125CC, ROJO",CEDIS SALTILLO,MACROPAY SALTILLO SENDERO SUR LE7-9,1923,10,3EFTAJAT2T1041562,1,$13939.00,0,$0,0,0
MOTO ROAD,"MOTO CARABELA HUNTER 125CC, ROJO",CEDIS SAN LUIS,CD MANTE CENTRO,1888,10,3EFTAJAT9T1038450,1,$13939.00,0,$0,0,0
MOTO ROAD,"MOTO CARABELA HUNTER 125CC, ROJO",CEDIS SAN LUIS,MACROPAY SALAMANCA PLAZA VIA ALTA L1018A,1415,10,3EFTAJAT7V1041978,1,$13939.00,0,$0,0,0
MOTO ROAD,"MOTO CARABELA HUNTER 125CC, ROJO",CEDIS SAN LUIS,MACROPAY SLP CENTRO PIPILA,1788,10,3EFTAJAT6V1042085,1,$13939.00,0,$0,0,0
MOTO ROAD,"MOTO CARABELA HUNTER 125CC, ROJO",CEDIS SAN LUIS,MACROPAY SLP RIO VERDE CENTRO,1759,10,3EFTAJAT0V1042079,1,$13939.00,0,$0,0,0
MOTO ROAD,"MOTO CARABELA HUNTER 125CC, ROJO",CEDIS SAN LUIS,MACROPAY TAMPICO CENTRO ADUANA,1753,10,3EFTAJAT9V1042078,1,$13939.00,0,$0,0,0
MOTO ROAD,"MOTO CARABELA HUNTER 125CC, ROJO",CEDIS TAB PXGL,MACROPAY ALVARADO DE LA LLAVE,1216,10,3EFTAJAT3T1041473,1,$13938.98,0,$0,0,0
MOTO ROAD,"MOTO CARABELA HUNTER 125CC, ROJO",CEDIS TAB PXGL,MACROPAY ANGEL R LIBERTAD,1209,10,3EFTAJAT4T1041563,1,$13938.98,0,$0,0,0
MOTO ROAD,"MOTO CARABELA HUNTER 125CC, ROJO",CEDIS TAB PXGL,MACROPAY CD CARMEN CALLE 20,1090,10,3EFTAJAT8T1041520,1,$13938.98,0,$0,0,0
MOTO ROAD,"MOTO CARABELA HUNTER 125CC, ROJO",CEDIS TAB PXGL,MACROPAY CD DEL CARMEN CALLE 22,1773,10,3EFTAJAT1T1038314,1,$13939.00,0,$0,0,0
MOTO ROAD,"MOTO CARABELA HUNTER 125CC, ROJO",CEDIS TAB PXGL,MACROPAY CD DEL CARMEN CALLE 22 MOTOS,1811,10,3EFTAJAT0V1042101,1,$13939.00,0,$0,0,0
MOTO ROAD,"MOTO CARABELA HUNTER 125CC, ROJO",CEDIS TAB PXGL,MACROPAY CD DEL CARMEN CALLE 22 MOTOS,1811,10,3EFTAJATXV1042025,1,$13939.00,0,$0,0,0
MOTO ROAD,"MOTO CARABELA HUNTER 125CC, ROJO",CEDIS TAB PXGL,MACROPAY CD DEL CARMEN ZENTRALIA,1064,10,3EFTAJAT0T1039812,1,$13938.95,0,$0,0,0
MOTO ROAD,"MOTO CARABELA HUNTER 125CC, ROJO",CEDIS TAB PXGL,MACROPAY CD. DEL CARMEN CALLE 33,1171,10,3EFTAJATXT1039669,1,$13939.00,0,$0,0,0
MOTO ROAD,"MOTO CARABELA HUNTER 125CC, ROJO",CEDIS TAB PXGL,MACROPAY COATZA MERCADO MORELOS,1803,10,3EFTAJAT4T1039859,1,$13938.98,0,$0,0,0
MOTO ROAD,"MOTO CARABELA HUNTER 125CC, ROJO",CEDIS TAB PXGL,MACROPAY ESCUINTLA SERVIPLAZA L5,1183,10,3EFTAJAT7T1041525,1,$13938.98,0,$0,0,0
MOTO ROAD,"MOTO CARABELA HUNTER 125CC, ROJO",CEDIS TAB PXGL,MACROPAY HUIMANGUILLO BENITO JUAREZ,1699,10,3EFTAJAT7T1039838,1,$13938.98,0,$0,0,0
MOTO ROAD,"MOTO CARABELA HUNTER 125CC, ROJO",CEDIS TAB PXGL,MACROPAY MACUSPANA MIGUEL H 317,1096,10,3EFTAJAT9V1041979,1,$14432.10,0,$0,0,0
MOTO ROAD,"MOTO CARABELA HUNTER 125CC, ROJO",CEDIS TAB PXGL,MACROPAY MACUSPANA MOTOS,1901,10,3EFTAJAT4V1042022,1,$14432.10,0,$0,0,0
MOTO ROAD,"MOTO CARABELA HUNTER 125CC, ROJO",CEDIS TAB PXGL,MACROPAY NANCHITAL CENTRO,1786,10,3EFTAJAT8T1040237,1,$13938.98,0,$0,0,0
MOTO ROAD,"MOTO CARABELA HUNTER 125CC, ROJO",CEDIS TAB PXGL,MACROPAY TAPACHULA CENTRAL NORTE,1631,10,3EFTAJAT0T1041477,1,$13938.97,0,$0,0,0
MOTO ROAD,"MOTO CARABELA HUNTER 125CC, ROJO",CEDIS TAB PXGL,MACROPAY TUX MOTOS NOVENA SUR,1875,10,3EFTAJAT1V1042091,1,$14542.80,0,$0,0,0
MOTO ROAD,"MOTO CARABELA HUNTER 125CC, ROJO",CEDIS TAB PXGL,MACROPAY TUXTEPEC 20 DE NOV,1134,10,3EFTAJAT0V1042017,1,$13939.00,0,$0,0,0
MOTO ROAD,"MOTO CARABELA HUNTER 125CC, ROJO",CEDIS TAB PXGL,MACROPAY VERACRUZ CD ISLA RAUL SANDOVAL,1760,10,3EFTAJAT4V1042019,1,$13939.00,0,$0,0,0
MOTO ROAD,"MOTO CARABELA HUNTER 125CC, ROJO",CEDIS TAB PXGL,MACROPAY VILLA AV FRANCISCO,1249,10,3EFTAJATXV1042090,1,$14833.38,0,$0,0,0
MOTO ROAD,"MOTO CARABELA HUNTER 125CC, ROJO",CEDIS TAB PXGL,MACROPAY VILLA LERDO DE TEJADA,1167,10,3EFTAJAT3V1042089,1,$14044.66,0,$0,0,0
MOTO ROAD,"MOTO CARABELA HUNTER 125CC, ROJO",CEDIS TAB PXGL,MACROPAY VILLA LERDO DE TEJADA 2 316,1768,10,3EFTAJAT5T1039868,1,$13938.97,0,$0,0,0
MOTO ROAD,"MOTO CARABELA HUNTER 125CC, ROJO",VENTA DINAMO,MACROPAY SALINA CRUZ PABELLON L5,1142,10,3EFTAJAT6V1042054,1,$13939.00,0,$0,0,0
MOTO ROAD,"MOTO CARABELA INDY 250CC, NEGRO",CEDIS CDMX,ACATLAN INDEPENDENCIA,1943,10,3EFCANAJ8V1022488,1,$20909.00,0,$0,0,0
MOTO ROAD,"MOTO CARABELA INDY 250CC, NEGRO",CEDIS CDMX,IGUALA PLUS CENTRO,1940,10,3EFCANAJ0V1022582,1,$20909.00,0,$0,0,0
MOTO ROAD,"MOTO CARABELA INDY 250CC, NEGRO",CEDIS CDMX,MACROPAY ATOTONILCO JUAREZ,1247,10,3EFCANAJ1V1022445,1,$20909.00,0,$0,0,0
MOTO ROAD,"MOTO CARABELA INDY 250CC, NEGRO",CEDIS CDMX,MACROPAY CDMX VIA MIXHUCA L4,1315,10,3EFCANAJ8V1021891,1,$20909.00,0,$0,0,0
MOTO ROAD,"MOTO CARABELA INDY 250CC, NEGRO",CEDIS CDMX,MACROPAY CHIMALHUACAN PLAZA L48,1301,10,3EFCANAJ8V1022376,1,$20909.00,0,$0,0,0
MOTO ROAD,"MOTO CARABELA INDY 250CC, NEGRO",CEDIS CDMX,MACROPAY EMILIANO ZAPATA CHEDRAUI LD08,1479,10,3EFCANAJ0T1041629,1,$20909.00,0,$0,0,0
MOTO ROAD,"MOTO CARABELA INDY 250CC, NEGRO",CEDIS CDMX,MACROPAY EZEQUIEL MONTES CENTRO,1903,10,3EFCANAJ9V1022449,1,$21102.72,0,$0,0,0
MOTO ROAD,"MOTO CARABELA INDY 250CC, NEGRO",CEDIS CDMX,MACROPAY HGO CUAUTEPEC CENTRO,1795,10,3EFCANAJ8T1041619,1,$20909.00,0,$0,0,0
MOTO ROAD,"MOTO CARABELA INDY 250CC, NEGRO",CEDIS CDMX,MACROPAY LOS REYES CENTRO TEPOZAN LC24,1783,10,3EFCANAJXV1021908,1,$20909.00,0,$0,0,0
MOTO ROAD,"MOTO CARABELA INDY 250CC, NEGRO",CEDIS CDMX,MACROPAY OAX PLAZA CRISTAL L4,1176,10,3EFCANAJ1T1024161,1,$20909.00,0,$0,0,0
MOTO ROAD,"MOTO CARABELA INDY 250CC, NEGRO",CEDIS CDMX,MACROPAY ORIZABA NORTE 4 ESQ OTE 3,1881,10,3EFCANAJ4V1022374,1,$20909.00,0,$0,0,0
MOTO ROAD,"MOTO CARABELA INDY 250CC, NEGRO",CEDIS CDMX,MACROPAY PACHUCA EXPLANADA RF35,1237,10,3EFCANAJ1V1022431,1,$20909.00,0,$0,0,0
MOTO ROAD,"MOTO CARABELA INDY 250CC, NEGRO",CEDIS CDMX,MACROPAY PACHUCA VERTICE L13,1288,10,3EFCANAJ6V1022375,1,$20909.00,0,$0,0,0
MOTO ROAD,"MOTO CARABELA INDY 250CC, NEGRO",CEDIS CDMX,MACROPAY PACHUCA ZARAGOZA 100-B,1453,10,3EFCANAJXV1022492,1,$21102.72,0,$0,0,0
MOTO ROAD,"MOTO CARABELA INDY 250CC, NEGRO",CEDIS CDMX,MACROPAY PEROTE HUMBOLDT,1190,10,3EFCANAJ0V1022291,1,$20909.00,0,$0,0,0
MOTO ROAD,"MOTO CARABELA INDY 250CC, NEGRO",CEDIS CDMX,MACROPAY PUE PLAZA DORADA LG,1766,10,3EFCANAJ2V1022342,1,$20909.00,0,$0,0,0
MOTO ROAD,"MOTO CARABELA INDY 250CC, NEGRO",CEDIS CDMX,MACROPAY PUEBLA LIBRES CENTRO,1801,10,3EFCANAJ7T1040493,1,$20909.00,0,$0,0,0
MOTO ROAD,"MOTO CARABELA INDY 250CC, NEGRO",CEDIS CDMX,MACROPAY TECAMAC MACROPLAZA LF14,1830,10,3EFCANAJ5V1022304,1,$20909.00,0,$0,0,0
MOTO ROAD,"MOTO CARABELA INDY 250CC, NEGRO",CEDIS CDMX,MACROPAY TEHUACAN 5 SUR,1138,10,3EFCANAJ2V1022552,1,$21102.72,0,$0,0,0
MOTO ROAD,"MOTO CARABELA INDY 250CC, NEGRO",CEDIS CDMX,MACROPAY TEHUACAN CENTRO CHEDRAUI,1835,10,3EFCANAJ4T1041648,1,$20909.00,0,$0,0,0
MOTO ROAD,"MOTO CARABELA INDY 250CC, NEGRO",CEDIS CDMX,MACROPAY ZIMATLAN CENTRO,1846,10,3EFCANAJ2V1021854,1,$20909.00,0,$0,0,0
MOTO ROAD,"MOTO CARABELA INDY 250CC, NEGRO",CEDIS CDMX,MACROPAY ZUMPANGO AV INSURGENTES,1813,10,3EFCANAJ4V1022391,1,$20909.00,0,$0,0,0
MOTO ROAD,"MOTO CARABELA INDY 250CC, NEGRO",CEDIS CDMX,MACROPAY ZUMPANGO FEDERICO,1244,10,3EFCANAJ4V1022343,1,$20909.00,0,$0,0,0
MOTO ROAD,"MOTO CARABELA INDY 250CC, NEGRO",CEDIS CDMX,MACROPAY ZUMPANGO TOWN CENTER L41,1861,10,3EFCANAJ3V1022513,1,$20909.00,0,$0,0,0
MOTO ROAD,"MOTO CARABELA INDY 250CC, NEGRO",CEDIS CDMX,SORIANA MERCADO CENTRAL TULTITLAN,1880,10,3EFCANAJ2V1022549,1,$20909.00,0,$0,0,0
MOTO ROAD,"MOTO CARABELA INDY 250CC, NEGRO",CEDIS CDMX,TLATLAUQUITEPEC CENTRO,1942,10,3EFCANAJ9V1022418,1,$20909.00,0,$0,0,0
MOTO ROAD,"MOTO CARABELA INDY 250CC, NEGRO",CEDIS GDL,MACROPAY GDL FIESTA ARBOLEDAS L1,1536,10,3EFCANAJ9T1040575,1,$20909.00,0,$0,0,0
MOTO ROAD,"MOTO CARABELA INDY 250CC, NEGRO",CEDIS MID,BACALAR AVENIDA 7,1908,10,3EFCANAJ7V1021896,1,$20909.00,0,$0,0,0
MOTO ROAD,"MOTO CARABELA INDY 250CC, NEGRO",CEDIS MID,MACROPAY CHT MOTOS OTHON,1738,10,3EFCANAJXV1021780,1,$20909.00,0,$0,0,0
MOTO ROAD,"MOTO CARABELA INDY 250CC, NEGRO",CEDIS MID,MACROPAY CHT PLAZA BAHIA,1030,10,3EFCANAJ6V1021937,1,$20909.00,0,$0,0,0
MOTO ROAD,"MOTO CARABELA INDY 250CC, NEGRO",CEDIS MID,MACROPAY CUN PLAZA HEROES MOTOS,1752,10,3EFCANAJ0V1021982,1,$20909.00,0,$0,0,0
MOTO ROAD,"MOTO CARABELA INDY 250CC, NEGRO",CEDIS MID,MACROPAY ESCARCEGA J SIERRA MOTOS,1797,10,3EFCANAJ6V1021873,1,$20909.00,0,$0,0,0
MOTO ROAD,"MOTO CARABELA INDY 250CC, NEGRO",CEDIS MID,MACROPAY MID KUKULCAN L03,1390,10,3EFCANAJ2V1021918,1,$20909.00,0,$0,0,0
MOTO ROAD,"MOTO CARABELA INDY 250CC, NEGRO",CEDIS MID,MACROPAY MID SENDERO CINES,1020,10,3EFCANAJ1T1040621,1,$20909.00,0,$0,0,0
MOTO ROAD,"MOTO CARABELA INDY 250CC, NEGRO",CEDIS MID,MACROPAY PETO CALLE 31,1093,10,3EFCANAJ4V1021774,1,$20909.00,0,$0,0,0
MOTO ROAD,"MOTO CARABELA INDY 250CC, NEGRO",CEDIS MID,MACROPAY PROGRESO MOTOS CALLE 27,1934,10,3EFCANAJ8V1021826,1,$20909.00,0,$0,0,0
MOTO ROAD,"MOTO CARABELA INDY 250CC, NEGRO",CEDIS MID,MACROPAY TULUM ARRICE MOTOS,1844,10,3EFCANAJ2V1021806,1,$20909.00,0,$0,0,0
MOTO ROAD,"MOTO CARABELA INDY 250CC, NEGRO",CEDIS MID,MACROPAY TULUM CHEDRAUI L01 PLUS,1916,10,3EFCANAJ5T1040587,1,$20909.00,0,$0,0,0
MOTO ROAD,"MOTO CARABELA INDY 250CC, NEGRO",CEDIS SAN LUIS,MACROPAY CENTRO HNOS ALDAMA,1817,10,3EFCANAJ4V1021841,1,$20909.00,0,$0,0,0
MOTO ROAD,"MOTO CARABELA INDY 250CC, NEGRO",CEDIS SAN LUIS,MACROPAY SOLEDAD DE GRACIANO CENTRO,1837,10,3EFCANAJ1V1021845,1,$20909.00,0,$0,0,0
MOTO ROAD,"MOTO CARABELA INDY 250CC, NEGRO",CEDIS SAN LUIS,SAN LUIS POTOSI FUNDADORES,1912,10,3EFCANAJ9V1021771,1,$20909.00,0,$0,0,0
MOTO ROAD,"MOTO CARABELA INDY 250CC, NEGRO",CEDIS TAB PXGL,CEDIS MACROPAY TABASCO PXGL,14,140,3EFCANAJ8V1022412,1,$21296.44,0,$0,0,0
MOTO ROAD,"MOTO CARABELA INDY 250CC, NEGRO",CEDIS TAB PXGL,MACROPAY CARDENAS PORTALES CENTRO,1802,10,3EFCANAJ3V1021894,1,$20909.00,0,$0,0,0
MOTO ROAD,"MOTO CARABELA INDY 250CC, NEGRO",CEDIS TAB PXGL,MACROPAY CD DEL CARMEN CALLE 22 MOTOS,1811,10,3EFCANAJ5V1022318,1,$20909.00,0,$0,0,0
MOTO ROAD,"MOTO CARABELA INDY 250CC, NEGRO",CEDIS TAB PXGL,MACROPAY COATZA MERCADO MORELOS,1803,10,3EFCANAJXV1022380,1,$20909.00,0,$0,0,0
MOTO ROAD,"MOTO CARABELA INDY 250CC, NEGRO",CEDIS TAB PXGL,MACROPAY HUIMANGUILLO AV ESCOBAR,1281,10,3EFCANAJ6V1021890,1,$20909.00,0,$0,0,0
MOTO ROAD,"MOTO CARABELA INDY 250CC, NEGRO",CEDIS TAB PXGL,MACROPAY MINATITLAN MIGUEL HID MOTOS,1827,10,3EFCANAJ4V1022357,1,$20909.00,0,$0,0,0
MOTO ROAD,"MOTO CARABELA INDY 250CC, NEGRO",CEDIS TAB PXGL,MACROPAY PALENQUE BENITO JUAREZ,1737,10,3EFCANAJ5V1021914,1,$20909.00,0,$0,0,0
MOTO ROAD,"MOTO CARABELA INDY 250CC, NEGRO",CEDIS TAB PXGL,MACROPAY TENOSIQUE CALLE 28,1268,10,3EFCANAJ7V1022501,1,$20909.00,0,$0,0,0
MOTO ROAD,"MOTO CARABELA INDY 250CC, NEGRO",CEDIS TAB PXGL,MACROPAY TUXTEPEC 20 DE NOV,1134,10,3EFCANAJ5V1021895,1,$20909.00,0,$0,0,0
MOTO ROAD,"MOTO CARABELA INDY 250CC, NEGRO",CEDIS TAB PXGL,MACROPAY TUXTLA TERAN 2 ORIENTE,1613,10,3EFCANAJ6V1022361,1,$20909.00,0,$0,0,0
MOTO ROAD,"MOTO CARABELA INDY 250CC, NEGRO",CEDIS TAB PXGL,MACROPAY VER SAN ANDRES MOTOS,1798,10,3EFCANAJ1V1021778,1,$20909.00,0,$0,0,0
MOTO ROAD,"MOTO CARABELA KRONOS 200CC, AZUL",CEDIS CULIACAN,CEDIS CULIACAN,28,140,3EFTAMAX8V1023381,1,$16594.00,0,$0,0,0
MOTO ROAD,"MOTO CARABELA KRONOS 200CC, AZUL",CEDIS MID,MACROPAY CHT MOTOS OTHON,1738,10,3EFTAMAX5T1043925,1,$16594.00,0,$0,0,0
MOTO ROAD,"MOTO CARABELA KRONOS 200CC, AZUL",CEDIS MID,MACROPAY ESCARCEGA J SIERRA MOTOS,1797,10,3EFTAMAX1T1043985,1,$16594.00,0,$0,0,0
MOTO ROAD,"MOTO CARABELA KRONOS 200CC, AZUL",CEDIS MID,MACROPAY ESCARCEGA J SIERRA MOTOS,1797,10,3EFTAMAX8T1042493,1,$16594.00,0,$0,0,0
MOTO ROAD,"MOTO CARABELA KRONOS 200CC, AZUL",CEDIS MID,MACROPAY ESPITA CALLE 24,1055,10,3EFTAMAX9T1043751,1,$16594.00,0,$0,0,0
MOTO ROAD,"MOTO CARABELA KRONOS 200CC, AZUL",CEDIS MID,MACROPAY HUNUCMA CALLE 29,1059,10,3EFTAMAX7T1043988,1,$16594.00,0,$0,0,0
MOTO ROAD,"MOTO CARABELA KRONOS 200CC, AZUL",CEDIS MID,MACROPAY MID KUKULCAN L03,1390,10,3EFTAMAX4T1043897,1,$16594.00,0,$0,0,0
MOTO ROAD,"MOTO CARABELA KRONOS 200CC, AZUL",CEDIS MID,MACROPAY PETO CALLE 31,1093,10,3EFTAMAX3T1043860,1,$16594.00,0,$0,0,0
MOTO ROAD,"MOTO CARABELA KRONOS 200CC, AZUL",CEDIS MID,MACROPAY TIXKOKOB CALLE 24,1081,10,3EFTAMAX4T1043852,1,$16594.00,0,$0,0,0
MOTO ROAD,"MOTO CARABELA KRONOS 200CC, AZUL",CEDIS MID,MACROPAY VALLADOLID MOTOS CALLE 39,1748,10,3EFTAMAX1T1044005,1,$16594.00,0,$0,0,0
MOTO ROAD,"MOTO CARABELA KRONOS 200CC, AZUL",CEDIS SALTILLO,PATIO ZARAGOZA CD JUAREZ,1931,10,3EFTAMAX6T1042704,1,$16594.00,0,$0,0,0
MOTO ROAD,"MOTO CARABELA KRONOS 200CC, AZUL",CEDIS SAN LUIS,CEDIS SAN LUIS,27,140,3EFTAMAX8T1043790,1,$16594.00,0,$0,0,0
MOTO ROAD,"MOTO CARABELA KRONOS 200CC, AZUL",CEDIS SAN LUIS,MACROPAY AGUASCALIENTES V ASUNCION,1857,10,3EFTAMAXXT1043676,1,$16594.00,0,$0,0,0
MOTO ROAD,"MOTO CARABELA KRONOS 200CC, AZUL",CEDIS SAN LUIS,MACROPAY SLP CENTRO PIPILA,1788,10,3EFTAMAX8T1043885,1,$16594.00,0,$0,0,0
MOTO ROAD,"MOTO CARABELA KRONOS 200CC, AZUL",CEDIS SAN LUIS,MACROPAY SLP CITADINA SOLEDAD LP40,1615,10,3EFTAMAX4T1042619,1,$16594.00,0,$0,0,0
MOTO ROAD,"MOTO CARABELA KRONOS 200CC, AZUL",CEDIS SAN LUIS,MACROPAY SOLEDAD DE GRACIANO CENTRO,1837,10,3EFTAMAX4T1043818,1,$16594.00,0,$0,0,0
MOTO ROAD,"MOTO CARABELA KRONOS 200CC, AZUL",CEDIS TAB PXGL,MACROPAY AGUA DULCE OBRERA,1749,10,3EFTAMAX6T1043898,1,$16594.00,0,$0,0,0
MOTO ROAD,"MOTO CARABELA KRONOS 200CC, AZUL",CEDIS TAB PXGL,MACROPAY CD. DEL CARMEN CALLE 33,1171,10,3EFTAMAX9T1043958,1,$16594.00,0,$0,0,0
MOTO ROAD,"MOTO CARABELA KRONOS 200CC, AZUL",CEDIS TAB PXGL,MACROPAY CUNDUACAN CENTRAL,1125,10,3EFTAMAX3T1044006,1,$16594.00,0,$0,0,0
MOTO ROAD,"MOTO CARABELA KRONOS 200CC, AZUL",CEDIS TAB PXGL,MACROPAY MACUSPANA MOTOS,1901,10,3EFTAMAX2T1043980,1,$16826.46,0,$0,0,0
MOTO ROAD,"MOTO CARABELA KRONOS 200CC, AZUL",CEDIS TAB PXGL,MACROPAY TUX 5 SUR ORIENTE,1939,10,3EFTAMAX1T1043873,1,$16594.00,0,$0,0,0
MOTO ROAD,"MOTO CARABELA KRONOS 200CC, AZUL",CEDIS TAB PXGL,MACROPAY VER SAN ANDRES MOTOS,1798,10,3EFTAMAX6T1043996,1,$16594.00,0,$0,0,0
MOTO ROAD,"MOTO CARABELA KRONOS 200CC, TITANIO",CEDIS CDMX,MACROPAY ALAMO CENTRO,1870,10,3EFTAMAX5T1025988,1,$16594.00,0,$0,0,0
MOTO ROAD,"MOTO CARABELA KRONOS 200CC, TITANIO",CEDIS CDMX,MACROPAY CUAU DE ROMERO PLAZA LD02,1306,10,3EFTAMAX0T1043511,1,$16594.00,0,$0,0,0
MOTO ROAD,"MOTO CARABELA KRONOS 200CC, TITANIO",CEDIS CDMX,MACROPAY JIUTEPEC CHEDRAUI L-29,1583,10,3EFTAMAX0T1043475,1,$16594.00,0,$0,0,0
MOTO ROAD,"MOTO CARABELA KRONOS 200CC, TITANIO",CEDIS CDMX,MACROPAY LOS REYES CENTRO TEPOZAN LC24,1783,10,3EFTAMAX1T1043517,1,$16594.00,0,$0,0,0
MOTO ROAD,"MOTO CARABELA KRONOS 200CC, TITANIO",CEDIS CDMX,MACROPAY NOCHIXTLAN PROGRESO,1321,10,3EFTAMAX1T1043467,1,$16594.00,0,$0,0,0
MOTO ROAD,"MOTO CARABELA KRONOS 200CC, TITANIO",CEDIS CDMX,MACROPAY OAX ALDAMA,1153,10,3EFTAMAX1T1043548,1,$16594.00,0,$0,0,0
MOTO ROAD,"MOTO CARABELA KRONOS 200CC, TITANIO",CEDIS CDMX,MACROPAY OAX MINA L318,1371,10,3EFTAMAXXT1043404,1,$16594.00,0,$0,0,0
MOTO ROAD,"MOTO CARABELA KRONOS 200CC, TITANIO",CEDIS CDMX,MACROPAY OCOTLAN  ALDANA,1128,10,3EFTAMAX3T1043437,1,$16594.00,0,$0,0,0
MOTO ROAD,"MOTO CARABELA KRONOS 200CC, TITANIO",CEDIS CDMX,MACROPAY TECOZAUTLA FRAY SAN JUAN,1327,10,3EFTAMAXXT1041118,1,$16594.00,0,$0,0,0
MOTO ROAD,"MOTO CARABELA KRONOS 200CC, TITANIO",CEDIS CDMX,MACROPAY VERACRUZ AV MATAMOROS NORTE,1721,10,3EFTAMAX0T1044366,1,$16594.00,0,$0,0,0
MOTO ROAD,"MOTO CARABELA KRONOS 200CC, TITANIO",CEDIS CDMX,MACROPAY VERACRUZ AV MATAMOROS NORTE,1721,10,3EFTAMAX3T1042241,1,$16594.00,0,$0,0,0
MOTO ROAD,"MOTO CARABELA KRONOS 200CC, TITANIO",CEDIS CDMX,MACROPAY ZIMATLAN CENTRO,1846,10,3EFTAMAXXT1043516,1,$16594.00,0,$0,0,0
MOTO ROAD,"MOTO CARABELA KRONOS 200CC, TITANIO",CEDIS CDMX,TECPAN DE GALEANA CENTRO,1929,10,3EFTAMAX2T1043333,1,$16594.00,0,$0,0,0
MOTO ROAD,"MOTO CARABELA KRONOS 200CC, TITANIO",CEDIS CDMX,TECPAN DE GALEANA CENTRO,1929,10,3EFTAMAX3T1043485,1,$16594.00,0,$0,0,0
MOTO ROAD,"MOTO CARABELA KRONOS 200CC, TITANIO",CEDIS CULIACAN,CEDIS CULIACAN,28,140,3EFTAMAX1V1021116,1,$16594.00,0,$0,0,0
MOTO ROAD,"MOTO CARABELA KRONOS 200CC, TITANIO",CEDIS CULIACAN,MACROPAY HERMOSILLO CENTRO NORIEGA,1911,10,3EFTAMAX2V1021125,1,$16594.00,0,$0,0,0
MOTO ROAD,"MOTO CARABELA KRONOS 200CC, TITANIO",CEDIS CULIACAN,MACROPAY LA PAZ 16 DE SEPTIEMBRE,1730,10,3EFTAMAX9V1021090,1,$16594.00,0,$0,0,0
MOTO ROAD,"MOTO CARABELA KRONOS 200CC, TITANIO",CEDIS GDL,MACROPAY APATZINGAN CENTRO ANDRADE,1832,10,3EFTAMAX2V1021108,1,$16594.00,0,$0,0,0
MOTO ROAD,"MOTO CARABELA KRONOS 200CC, TITANIO",CEDIS GDL,MACROPAY APATZINGAN CENTRO CATEDRAL,1834,10,3EFTAMAX8V1021047,1,$16594.00,0,$0,0,0
MOTO ROAD,"MOTO CARABELA KRONOS 200CC, TITANIO",CEDIS GDL,MACROPAY MANZANILLO CENTRO AV MEXICO,1763,10,3EFTAMAX2T1043462,1,$16594.00,0,$0,0,0
MOTO ROAD,"MOTO CARABELA KRONOS 200CC, TITANIO",CEDIS MID,CEDIS MERIDA,11,140,3EFTAMAX1V1021746,1,$16784.39,0,$0,0,0
MOTO ROAD,"MOTO CARABELA KRONOS 200CC, TITANIO",CEDIS MID,CEDIS MERIDA,11,140,3EFTAMAX3V1021733,1,$16784.39,0,$0,0,0
MOTO ROAD,"MOTO CARABELA KRONOS 200CC, TITANIO",CEDIS MID,CEDIS MERIDA,11,140,3EFTAMAX5V1021703,1,$16784.39,0,$0,0,0
MOTO ROAD,"MOTO CARABELA KRONOS 200CC, TITANIO",CEDIS MID,CEDIS MERIDA,11,140,3EFTAMAX6V1021757,1,$16784.39,0,$0,0,0
MOTO ROAD,"MOTO CARABELA KRONOS 200CC, TITANIO",CEDIS MID,CEDIS MERIDA,11,140,3EFTAMAX6V1021760,1,$16784.39,0,$0,0,0
MOTO ROAD,"MOTO CARABELA KRONOS 200CC, TITANIO",CEDIS MID,CEDIS MERIDA,11,140,3EFTAMAX7V1021749,1,$16784.39,0,$0,0,0
MOTO ROAD,"MOTO CARABELA KRONOS 200CC, TITANIO",CEDIS MID,CEDIS MERIDA,11,140,3EFTAMAX9V1021767,1,$16784.39,0,$0,0,0
MOTO ROAD,"MOTO CARABELA KRONOS 200CC, TITANIO",CEDIS MID,CEDIS MERIDA PXGL,26,140,3EFTAMAX1V1022914,1,$16761.90,0,$0,0,0
MOTO ROAD,"MOTO CARABELA KRONOS 200CC, TITANIO",CEDIS MID,MACROPAY CHT MOTOS OTHON,1738,10,3EFTAMAX5V1021149,1,$16759.65,0,$0,0,0
MOTO ROAD,"MOTO CARABELA KRONOS 200CC, TITANIO",CEDIS MID,MACROPAY CUN CHEDRAUI MUNDO MAYA,1877,10,3EFTAMAX8V1021128,1,$16760.78,0,$0,0,0
MOTO ROAD,"MOTO CARABELA KRONOS 200CC, TITANIO",CEDIS MID,MACROPAY ESCARCEGA J SIERRA MOTOS,1797,10,3EFTAMAXXV1022930,1,$16594.00,0,$0,0,0
MOTO ROAD,"MOTO CARABELA KRONOS 200CC, TITANIO",CEDIS MID,MACROPAY IZAMAL MERCADO,1076,10,3EFTAMAX0V1022872,1,$16594.00,0,$0,0,0
MOTO ROAD,"MOTO CARABELA KRONOS 200CC, TITANIO",CEDIS MID,MACROPAY KANASIN CALLE 21,1454,10,3EFTAMAX1V1021150,1,$16594.00,0,$0,0,0
MOTO ROAD,"MOTO CARABELA KRONOS 200CC, TITANIO",CEDIS MID,MACROPAY MID MICHOACANA,1016,10,3EFTAMAX4T1042247,1,$16594.00,0,$0,0,0
MOTO ROAD,"MOTO CARABELA KRONOS 200CC, TITANIO",CEDIS MID,MACROPAY PLAYA AV JUAREZ PLUS,1909,10,3EFTAMAX5V1021166,1,$16759.65,0,$0,0,0
MOTO ROAD,"MOTO CARABELA KRONOS 200CC, TITANIO",CEDIS MID,MACROPAY TZUCACAB CALLE 20,1531,10,3EFTAMAX2T1044384,1,$16594.00,0,$0,0,0
MOTO ROAD,"MOTO CARABELA KRONOS 200CC, TITANIO",CEDIS MID,MACROPAY VALLADOLID CALLE 39,1039,10,3EFTAMAX6V1021144,1,$16594.00,0,$0,0,0
MOTO ROAD,"MOTO CARABELA KRONOS 200CC, TITANIO",CEDIS SALTILLO,MACROPAY TORREON CENTRO,1772,10,3EFTAMAXXT1043435,1,$16594.00,0,$0,0,0
MOTO ROAD,"MOTO CARABELA KRONOS 200CC, TITANIO",CEDIS TAB PXGL,MACROPAY CARDENAS PORTALES CENTRO,1802,10,3EFTAMAX3T1043468,1,$16594.00,0,$0,0,0
MOTO ROAD,"MOTO CARABELA KRONOS 200CC, TITANIO",CEDIS TAB PXGL,MACROPAY CD DEL CARMEN CALLE 22 MOTOS,1811,10,3EFTAMAX0V1021074,1,$16594.00,0,$0,0,0
MOTO ROAD,"MOTO CARABELA KRONOS 200CC, TITANIO",CEDIS TAB PXGL,MACROPAY CD DEL CARMEN ZENTRALIA,1064,10,3EFTAMAXXT1043564,1,$16594.00,0,$0,0,0
MOTO ROAD,"MOTO CARABELA KRONOS 200CC, TITANIO",CEDIS TAB PXGL,MACROPAY COATZA MERCADO MORELOS,1803,10,3EFTAMAX9T1043524,1,$16594.00,0,$0,0,0
MOTO ROAD,"MOTO CARABELA KRONOS 200CC, TITANIO",CEDIS TAB PXGL,MACROPAY COATZACOALCOS JUAREZ MOTOS,1796,10,3EFTAMAX4T1043382,1,$16594.00,0,$0,0,0
MOTO ROAD,"MOTO CARABELA KRONOS 200CC, TITANIO",CEDIS TAB PXGL,MACROPAY HUIMANGUILLO AV ESCOBAR,1281,10,3EFTAMAX4T1043446,1,$16594.00,0,$0,0,0
MOTO ROAD,"MOTO CARABELA KRONOS 200CC, TITANIO",CEDIS TAB PXGL,MACROPAY HUIMANGUILLO BENITO JUAREZ,1699,10,3EFTAMAX4T1043463,1,$16594.00,0,$0,0,0
MOTO ROAD,"MOTO CARABELA KRONOS 200CC, TITANIO",CEDIS TAB PXGL,MACROPAY JUCHITAN 16 DE SEPTIEMBRE,1146,10,3EFTAMAX5T1043441,1,$16594.00,0,$0,0,0
MOTO ROAD,"MOTO CARABELA KRONOS 200CC, TITANIO",CEDIS TAB PXGL,MACROPAY MATIAS ROMERO MOTOS CENTRO,1868,10,3EFTAMAX8T1043515,1,$16594.00,0,$0,0,0
MOTO ROAD,"MOTO CARABELA KRONOS 200CC, TITANIO",CEDIS TAB PXGL,MACROPAY MINATITLAN MIGUEL HID MOTOS,1827,10,3EFTAMAX1T1042366,1,$16594.00,0,$0,0,0
MOTO ROAD,"MOTO CARABELA KRONOS 200CC, TITANIO",CEDIS TAB PXGL,MACROPAY MINATITLAN MIGUEL HID MOTOS,1827,10,3EFTAMAX2T1042263,1,$16594.00,0,$0,0,0
MOTO ROAD,"MOTO CARABELA KRONOS 200CC, TITANIO",CEDIS TAB PXGL,MACROPAY MINATITLAN MIGUEL HID MOTOS,1827,10,3EFTAMAX2T1043431,1,$16594.00,0,$0,0,0
MOTO ROAD,"MOTO CARABELA KRONOS 200CC, TITANIO",CEDIS TAB PXGL,MACROPAY NANCHITAL CENTRO,1786,10,3EFTAMAX8T1043501,1,$16594.00,0,$0,0,0
MOTO ROAD,"MOTO CARABELA KRONOS 200CC, TITANIO",CEDIS TAB PXGL,MACROPAY PALENQUE BENITO JUAREZ,1737,10,3EFTAMAX9T1042325,1,$16594.00,0,$0,0,0
MOTO ROAD,"MOTO CARABELA KRONOS 200CC, TITANIO",CEDIS TAB PXGL,MACROPAY VER SAN ANDRES MOTOS,1798,10,3EFTAMAX2T1043493,1,$16594.00,0,$0,0,0
MOTO ROAD,"MOTO CARABELA KRONOS 200CC, TITANIO",CEDIS TAB PXGL,MACROPAY VER SAN ANDRES MOTOS,1798,10,3EFTAMAX5T1043472,1,$16594.00,0,$0,0,0
MOTO ROAD,"MOTO CARABELA R250Z, ROJO",CEDIS CDMX,ACATLAN INDEPENDENCIA,1943,10,3EFCANAF9V1023600,1,$24560.00,0,$0,0,0
MOTO ROAD,"MOTO CARABELA R250Z, ROJO",CEDIS CDMX,CE. LOG. PXGL,21,140,3EFCANAF5V1023612,1,$24850.58,0,$0,0,0
MOTO ROAD,"MOTO CARABELA R250Z, ROJO",CEDIS CDMX,MACROPAY CDMX SERVIPLAZA EL ROSARIO,1422,10,3EFCANAF1V1023607,1,$24560.00,0,$0,0,0
MOTO ROAD,"MOTO CARABELA R250Z, ROJO",CEDIS CDMX,MACROPAY CHALCO CENTRO MORELOS,1718,10,3EFCANAF8V1023538,1,$24560.00,0,$0,0,0
MOTO ROAD,"MOTO CARABELA R250Z, ROJO",CEDIS CDMX,MACROPAY CHIMALHUACAN PLAZA L48,1301,10,3EFCANAF3V1023589,1,$24560.00,0,$0,0,0
MOTO ROAD,"MOTO CARABELA R250Z, ROJO",CEDIS CDMX,MACROPAY CHOLULA SAN DIEGO L50,1599,10,3EFCANAF2T1044737,1,$24560.00,0,$0,0,0
MOTO ROAD,"MOTO CARABELA R250Z, ROJO",CEDIS CDMX,MACROPAY CIUDAD CARDEL CENTRO,1906,10,3EFCANAF2T1044706,1,$24560.00,0,$0,0,0
MOTO ROAD,"MOTO CARABELA R250Z, ROJO",CEDIS CDMX,MACROPAY COACALCO COSMOPOL LE125,1407,10,3EFCANAF0V1023596,1,$24560.00,0,$0,0,0
MOTO ROAD,"MOTO CARABELA R250Z, ROJO",CEDIS CDMX,MACROPAY ECATEPEC PATIO L2,1711,10,3EFCANAF3V1023592,1,$24560.00,0,$0,0,0
MOTO ROAD,"MOTO CARABELA R250Z, ROJO",CEDIS CDMX,MACROPAY LERMA SORIANA CENTRO L10,1823,10,3EFCANAF4T1043282,1,$24560.00,0,$0,0,0
MOTO ROAD,"MOTO CARABELA R250Z, ROJO",CEDIS CDMX,MACROPAY LOS REYES CENTRO TEPOZAN LC24,1783,10,3EFCANAF9T1044721,1,$24560.00,0,$0,0,0
MOTO ROAD,"MOTO CARABELA R250Z, ROJO",CEDIS CDMX,MACROPAY PEROTE HUMBOLDT,1190,10,3EFCANAF5V1023500,1,$24560.00,0,$0,0,0
MOTO ROAD,"MOTO CARABELA R250Z, ROJO",CEDIS CDMX,MACROPAY PUE PLAZA DORADA LG,1766,10,3EFCANAFXT1043268,1,$24560.00,0,$0,0,0
MOTO ROAD,"MOTO CARABELA R250Z, ROJO",CEDIS CDMX,MACROPAY PUE PLAZA DORADA LG,1766,10,3EFCANAFXV1023640,1,$24560.00,0,$0,0,0
MOTO ROAD,"MOTO CARABELA R250Z, ROJO",CEDIS CDMX,MACROPAY QRO WALMART ESFERA,1447,10,3EFCANAFXT1043237,1,$24560.00,0,$0,0,0
MOTO ROAD,"MOTO CARABELA R250Z, ROJO",CEDIS CDMX,MACROPAY TECAMAC MACROPLAZA LF14,1830,10,3EFCANAF5V1023545,1,$24560.00,0,$0,0,0
MOTO ROAD,"MOTO CARABELA R250Z, ROJO",CEDIS CDMX,MACROPAY TECAMAC SORIANA MDO II L4-5,1605,10,3EFCANAF4T1044707,1,$24560.00,0,$0,0,0
MOTO ROAD,"MOTO CARABELA R250Z, ROJO",CEDIS CDMX,MACROPAY TECOZAUTLA FRAY SAN JUAN,1327,10,"",1,$24560.00,0,$0,0,0
MOTO ROAD,"MOTO CARABELA R250Z, ROJO",CEDIS CDMX,MACROPAY TEHUACAN 5 SUR,1138,10,3EFCANAF8V1023636,1,$24850.58,0,$0,0,0
MOTO ROAD,"MOTO CARABELA R250Z, ROJO",CEDIS CDMX,MACROPAY TIZAYUCA HIMNO NACIONAL,1426,10,3EFCANAF2V1023602,1,$24560.00,0,$0,0,0
MOTO ROAD,"MOTO CARABELA R250Z, ROJO",CEDIS CDMX,MACROPAY TOLUCA HIDALGO MOTOS,1747,10,3EFCANAF9T1044699,1,$24560.00,0,$0,0,0
MOTO ROAD,"MOTO CARABELA R250Z, ROJO",CEDIS CDMX,MACROPAY VER CENTRO HIDALGO,1883,10,3EFCANAF4V1023598,1,$24560.00,0,$0,0,0
MOTO ROAD,"MOTO CARABELA R250Z, ROJO",CEDIS CDMX,MACROPAY ZUMPANGO AV INSURGENTES,1813,10,3EFCANAFXV1023590,1,$24560.00,0,$0,0,0
MOTO ROAD,"MOTO CARABELA R250Z, ROJO",CEDIS CDMX,MACROPAY ZUMPANGO FEDERICO,1244,10,3EFCANAF0V1023582,1,$24560.00,0,$0,0,0
MOTO ROAD,"MOTO CARABELA R250Z, ROJO",CEDIS CULIACAN,MACROPAY DURANGO CENTRO B JUAREZ,1864,10,3EFCANAF1V1023543,1,$24560.00,0,$0,0,0
MOTO ROAD,"MOTO CARABELA R250Z, ROJO",CEDIS CULIACAN,MACROPAY GUAYMAS CENTRO 112,1882,10,3EFCANAF1T1025354,1,$24560.00,0,$0,0,0
MOTO ROAD,"MOTO CARABELA R250Z, ROJO",CEDIS CULIACAN,MACROPAY HERMOSILLO CENTRO NORIEGA,1911,10,3EFCANAF2T1041711,1,$24560.00,0,$0,0,0
MOTO ROAD,"MOTO CARABELA R250Z, ROJO",CEDIS CULIACAN,MACROPAY HERMOSILLO CENTRO NORIEGA,1911,10,3EFCANAF4T1041774,1,$24560.00,0,$0,0,0
MOTO ROAD,"MOTO CARABELA R250Z, ROJO",CEDIS GDL,LOMAS DE POLANCO GUADALAJARA,1884,10,3EFCANAF0T1043196,1,$24560.00,0,$0,0,0
MOTO ROAD,"MOTO CARABELA R250Z, ROJO",CEDIS GDL,MACROPAY GDL EL FRESNO,1905,10,3EFCANAF1T1043076,1,$24560.00,0,$0,0,0
MOTO ROAD,"MOTO CARABELA R250Z, ROJO",CEDIS GDL,MACROPAY GDL MOTOS PASEO ALCALDE,1919,10,3EFCANAF9T1043097,1,$24560.00,0,$0,0,0
MOTO ROAD,"MOTO CARABELA R250Z, ROJO",CEDIS GDL,MACROPAY LA PIEDAD CENTRO,1804,10,3EFCANAF4S1028828,1,$24559.48,0,$0,0,0
MOTO ROAD,"MOTO CARABELA R250Z, ROJO",CEDIS GDL,MACROPAY MANZANILLO CENTRO AV MEXICO,1763,10,3EFCANAF5T1043209,1,$24560.00,0,$0,0,0
MOTO ROAD,"MOTO CARABELA R250Z, ROJO",CEDIS GDL,MACROPAY MORELIA CENTRO SORIANA L 022,1712,10,3EFCANAF8T1043186,1,$24560.00,0,$0,0,0
MOTO ROAD,"MOTO CARABELA R250Z, ROJO",CEDIS GDL,MACROPAY TEPIC CENTRO,1867,10,3EFCANAF0T1041710,1,$24560.00,0,$0,0,0
MOTO ROAD,"MOTO CARABELA R250Z, ROJO",CEDIS GDL,MACROPAY ZAMORA MICH FCO I MADERO 288,1706,10,3EFCANAF6S1028846,1,$24559.48,0,$0,0,0
MOTO ROAD,"MOTO CARABELA R250Z, ROJO",CEDIS MID,CEDIS MERIDA,11,140,3EFCANAF0V1023498,1,$25243.29,0,$0,0,0
MOTO ROAD,"MOTO CARABELA R250Z, ROJO",CEDIS MID,CEDIS MERIDA,11,140,3EFCANAF6V1023618,1,$25243.29,0,$0,0,0
MOTO ROAD,"MOTO CARABELA R250Z, ROJO",CEDIS MID,CEDIS MERIDA,11,140,3EFCANAF8V1023653,1,$25243.29,0,$0,0,0
MOTO ROAD,"MOTO CARABELA R250Z, ROJO",CEDIS MID,MACROPAY CHT HEROES 109,1036,10,3EFCANAF8T1044631,1,$24584.47,0,$0,0,0
MOTO ROAD,"MOTO CARABELA R250Z, ROJO",CEDIS MID,MACROPAY CHT MOTOS OTHON,1738,10,3EFCANAF3V1023625,1,$24602.99,0,$0,0,0
MOTO ROAD,"MOTO CARABELA R250Z, ROJO",CEDIS MID,MACROPAY CHT MOTOS OTHON,1738,10,3EFCANAF7T1044670,1,$24602.99,0,$0,0,0
MOTO ROAD,"MOTO CARABELA R250Z, ROJO",CEDIS MID,MACROPAY CUN CHEDRAUI MUNDO MAYA,1877,10,3EFCANAF1T1044678,1,$24608.94,0,$0,0,0
MOTO ROAD,"MOTO CARABELA R250Z, ROJO",CEDIS MID,MACROPAY CUN CHEDRAUI MUNDO MAYA,1877,10,3EFCANAF5T1044702,1,$24608.94,0,$0,0,0
MOTO ROAD,"MOTO CARABELA R250Z, ROJO",CEDIS MID,MACROPAY CUN PLAZA HEROES MOTOS,1752,10,3EFCANAF0T1041870,1,$24560.00,0,$0,0,0
MOTO ROAD,"MOTO CARABELA R250Z, ROJO",CEDIS MID,MACROPAY IZAMAL MOTOS,1907,10,3EFCANAFXV1023654,1,$24560.00,0,$0,0,0
MOTO ROAD,"MOTO CARABELA R250Z, ROJO",CEDIS MID,MACROPAY KANASIN CALLE 21,1454,10,3EFCANAF7T1044748,1,$24608.94,0,$0,0,0
MOTO ROAD,"MOTO CARABELA R250Z, ROJO",CEDIS MID,MACROPAY MID CALLE 63,1003,10,3EFCANAF2V1023566,1,$24607.62,0,$0,0,0
MOTO ROAD,"MOTO CARABELA R250Z, ROJO",CEDIS MID,MACROPAY VALLADOLID MOTOS CALLE 39,1748,10,3EFCANAF7T1044720,1,$24584.47,0,$0,0,0
MOTO ROAD,"MOTO CARABELA R250Z, ROJO",CEDIS MID,MACROPAY VALLADOLID MOTOS CALLE 39,1748,10,3EFCANAF8T1044726,1,$24584.47,0,$0,0,0
MOTO ROAD,"MOTO CARABELA R250Z, ROJO",CEDIS SALTILLO,CEDIS SALTILLO,29,140,3EFCANAF9T1043214,1,$24560.00,0,$0,0,0
MOTO ROAD,"MOTO CARABELA R250Z, ROJO",CEDIS SALTILLO,MACROPAY CHIHUAHUA SENDERO LF12,1925,10,3EFCANAF0T1043148,1,$24560.00,0,$0,0,0
MOTO ROAD,"MOTO CARABELA R250Z, ROJO",CEDIS SALTILLO,MACROPAY SALTILLO PLAZA REAL L008,1482,10,3EFCANAF7T1040246,1,$24560.00,0,$0,0,0
MOTO ROAD,"MOTO CARABELA R250Z, ROJO",CEDIS SALTILLO,MACROPAY TORREON CENTRO,1772,10,3EFCANAF2T1043152,1,$24560.00,0,$0,0,0
MOTO ROAD,"MOTO CARABELA R250Z, ROJO",CEDIS SAN LUIS,MACROPAY FRESNILLO CENTRO,1886,10,3EFCANAF8T1044662,1,$24560.00,0,$0,0,0
MOTO ROAD,"MOTO CARABELA R250Z, ROJO",CEDIS SAN LUIS,MACROPAY SAN LUIS DE LA PAZ CENTRO,1855,10,3EFCANAF7T1044653,1,$24560.00,0,$0,0,0
MOTO ROAD,"MOTO CARABELA R250Z, ROJO",CEDIS SAN LUIS,MACROPAY SLP CALLEJON DEL CODO,1639,10,3EFCANAF9T1044735,1,$24560.00,0,$0,0,0
MOTO ROAD,"MOTO CARABELA R250Z, ROJO",CEDIS SAN LUIS,MACROPAY SLP CENTRO PIPILA,1788,10,3EFCANAF5V1023528,1,$24560.00,0,$0,0,0
MOTO ROAD,"MOTO CARABELA R250Z, ROJO",CEDIS TAB PXGL,MACROPAY CD. DEL CARMEN CALLE 33,1171,10,3EFCANAF8T1044676,1,$24560.00,0,$0,0,0
MOTO ROAD,"MOTO CARABELA R250Z, ROJO",CEDIS TAB PXGL,MACROPAY COATZACOALCOS JUAREZ MOTOS,1796,10,3EFCANAF8T1043222,1,$24560.00,0,$0,0,0
MOTO ROAD,"MOTO CARABELA R250Z, ROJO",CEDIS TAB PXGL,MACROPAY HUIMANGUILLO BENITO JUAREZ,1699,10,3EFCANAF0T1043182,1,$24560.00,0,$0,0,0
MOTO ROAD,"MOTO CARABELA R250Z, ROJO",CEDIS TAB PXGL,MACROPAY NANCHITAL CENTRO,1786,10,3EFCANAF7T1044734,1,$24560.00,0,$0,0,0
MOTO ROAD,"MOTO CARABELA R250Z, ROJO",CEDIS TAB PXGL,MACROPAY TUX 5 SUR ORIENTE,1939,10,3EFCANAF4T1044710,1,$24560.00,0,$0,0,0
MOTO ROAD,"MOTO CARABELA R250Z, ROJO",CEDIS TAB PXGL,MACROPAY TUXTEPEC 20 DE NOV,1134,10,3EFCANAF5T1043260,1,$24560.00,0,$0,0,0
MOTO ROAD,"MOTO CARABELA R250Z, ROJO",CEDIS TAB PXGL,MACROPAY VER SAN ANDRES MOTOS,1798,10,3EFCANAF4T1043265,1,$24560.00,0,$0,0,0
MOTO ROAD,"MOTO CARABELA R250Z, ROJO",CEDIS TAB PXGL,MACROPAY VER SAN ANDRES MOTOS,1798,10,3EFCANAF9T1043259,1,$24560.00,0,$0,0,0
MOTO ROAD,"MOTO CARABELA R300Z 300CC, NEGRO",CEDIS CDMX,MACROPAY ATLIXCO MOTOS 3 SUR,1847,10,3EFGGPAK5V1793611,1,$34267.00,0,$0,0,0
MOTO ROAD,"MOTO CARABELA R300Z 300CC, NEGRO",CEDIS CDMX,MACROPAY CHIMALHUACAN PLAZA L48,1301,10,3EFGGPAK1V1793542,1,$34267.00,0,$0,0,0
MOTO ROAD,"MOTO CARABELA R300Z 300CC, NEGRO",CEDIS CDMX,MACROPAY CHIMALHUACAN PLAZA L48,1301,10,3EFGGPAK2V1793548,1,$34267.00,0,$0,0,0
MOTO ROAD,"MOTO CARABELA R300Z 300CC, NEGRO",CEDIS CDMX,MACROPAY JIUTEPEC CUAUHNAHUAC,1869,10,3EFGGPAK0V1793614,1,$34267.00,0,$0,0,0
MOTO ROAD,"MOTO CARABELA R300Z 300CC, NEGRO",CEDIS CDMX,MACROPAY JIUTEPEC CUAUHNAHUAC,1869,10,3EFGGPAK5V1793575,1,$34267.00,0,$0,0,0
MOTO ROAD,"MOTO CARABELA R300Z 300CC, NEGRO",CEDIS TAB PXGL,MACROPAY MACUSPANA MOTOS,1901,10,3EFGGPAK1V1793492,1,$34267.00,0,$0,0,0
MOTO ROAD,"MOTO CARABELA R300Z 300CC, NEGRO",CEDIS TAB PXGL,MACROPAY MINATITLAN MIGUEL HID MOTOS,1827,10,3EFGGPAK6V1793505,1,$34267.00,0,$0,0,0
MOTO ROAD,"MOTO CARABELA R300Z 300CC, NEGRO",CEDIS TAB PXGL,MACROPAY TUX MOTOS NOVENA SUR,1875,10,3EFGGPAK0V1793516,1,$34267.00,0,$0,0,0
MOTO ROAD,"MOTO CARABELA ROUTE R SONORA 17, NARANJA",CEDIS CDMX,MACROPAY ALAMO CENTRO,1870,10,3EFRAMAW5V1792826,1,$20577.00,0,$0,0,0
MOTO ROAD,"MOTO CARABELA ROUTE R SONORA 17, NARANJA",CEDIS CDMX,MACROPAY CIUDAD CARDEL CENTRO,1906,10,3EFRAMAW8V1792755,1,$20577.00,0,$0,0,0
MOTO ROAD,"MOTO CARABELA ROUTE R SONORA 17, NARANJA",CEDIS CDMX,TECPAN DE GALEANA CENTRO,1929,10,3EFRAMAW4V1792770,1,$20577.00,0,$0,0,0
MOTO ROAD,"MOTO CARABELA ROUTE R SONORA 17, NARANJA",CEDIS CULIACAN,MACROPAY LOS CABOS PATIO L01E,1843,10,3EFRAMAW8V1794702,1,$20577.00,0,$0,0,0
MOTO ROAD,"MOTO CARABELA ROUTE R SONORA 17, NARANJA",CEDIS GDL,MACROPAY APATZINGAN CENTRO ANDRADE,1832,10,3EFRAMAW0V1794709,1,$20577.00,0,$0,0,0
MOTO ROAD,"MOTO CARABELA ROUTE R SONORA 17, NARANJA",CEDIS MID,MACROPAY CHT MOTOS OTHON,1738,10,3EFRAMAW1V1792855,1,$20792.35,0,$0,0,0
MOTO ROAD,"MOTO CARABELA ROUTE R SONORA 17, NARANJA",CEDIS MID,MACROPAY CUN CHEDRAUI MUNDO MAYA,1877,10,3EFRAMAW3V1792775,1,$20577.00,0,$0,0,0
MOTO ROAD,"MOTO CARABELA ROUTE R SONORA 17, NARANJA",CEDIS MID,MACROPAY MID MOTOS CALLE 56,1100,10,3EFRAMAW9T1792485,1,$20571.43,0,$0,0,0
MOTO ROAD,"MOTO CARABELA ROUTE R SONORA 17, NARANJA",CEDIS MID,MACROPAY TULUM ARRICE MOTOS,1844,10,3EFRAMAW6T1792508,1,$20571.43,0,$0,0,0
MOTO ROAD,"MOTO CARABELA ROUTE R SONORA 17, NARANJA",CEDIS MID,MACROPAY VALLADOLID MOTOS CALLE 39,1748,10,3EFRAMAW0T1792519,1,$20571.43,0,$0,0,0
MOTO ROAD,"MOTO CARABELA ROUTE R SONORA 17, NARANJA",CEDIS SAN LUIS,MACROPAY IRAPUATO FRAGARIA LB05,1530,10,3EFRAMAW3T1792465,1,$20577.00,0,$0,0,0
MOTO ROAD,"MOTO CARABELA ROUTE R SONORA 17, NARANJA",CEDIS SAN LUIS,MACROPAY SALAMANCA PLAZA VIA ALTA L1018A,1415,10,3EFRAMAW4T1792507,1,$20577.00,0,$0,0,0
MOTO ROAD,"MOTO CARABELA ROUTE R SONORA 17, NARANJA",CEDIS TAB PXGL,MACROPAY MACUSPANA MOTOS,1901,10,3EFRAMAWXV1792823,1,$20577.00,0,$0,0,0
MOTO ROAD,"MOTO CARABELA ROUTE R SONORA 17, NARANJA",CEDIS TAB PXGL,MACROPAY PARAISO CENTRO,1819,10,3EFRAMAWXV1792840,1,$20577.00,0,$0,0,0
MOTO ROAD,"MOTO CARABELA ROUTE R SONORA 17, NARANJA",CEDIS TAB PXGL,MACROPAY TUX MOTOS NOVENA SUR,1875,10,3EFRAMAW3V1792839,1,$20577.00,0,$0,0,0
MOTO ROAD,"MOTO CARABELA ROUTE R SONORA 17, NARANJA",CEDIS TAB PXGL,MACROPAY TUXTEPEC 20 DE NOV,1134,10,3EFRAMAW3V1792811,1,$20577.00,0,$0,0,0
MOTO ROAD,"MOTO CARABELA ROUTE R SONORA 175CC, AZUL",CEDIS CDMX,MACROPAY TEZIUTLAN CUAUHTEMOC,1194,10,3EFRAMAW0T1792455,1,$20577.00,0,$0,0,0
MOTO ROAD,"MOTO CARABELA ROUTE R SONORA 175CC, AZUL",CEDIS CDMX,MACROPAY TUXPAN CENTRO JUAREZ,1831,10,3EFRAMAW3T1792451,1,$20577.00,0,$0,0,0
MOTO ROAD,"MOTO CARABELA ROUTE R SONORA 175CC, AZUL",CEDIS CULIACAN,MACROPAY CULIACAN EXPLANADA L33A,1848,10,3EFRAMAW4V1794972,1,$20577.00,0,$0,0,0
MOTO ROAD,"MOTO CARABELA ROUTE R SONORA 175CC, AZUL",CEDIS CULIACAN,MACROPAY HERMOSILLO CENTRO NORIEGA,1911,10,3EFRAMAW9V1792909,1,$20577.00,0,$0,0,0
MOTO ROAD,"MOTO CARABELA ROUTE R SONORA 175CC, AZUL",CEDIS CULIACAN,MACROPAY MAZATLAN PLAZA ACAYA L7E,1826,10,3EFRAMAW3V1792923,1,$20577.00,0,$0,0,0
MOTO ROAD,"MOTO CARABELA ROUTE R SONORA 175CC, AZUL",CEDIS GDL,MACROPAY APATZINGAN CENTRO ANDRADE,1832,10,3EFRAMAW4V1794938,1,$20577.00,0,$0,0,0
MOTO ROAD,"MOTO CARABELA ROUTE R SONORA 175CC, AZUL",CEDIS MID,CEDIS MERIDA PXGL,26,140,3EFRAMAW6V1795072,1,$20577.00,0,$0,0,0
MOTO ROAD,"MOTO CARABELA ROUTE R SONORA 175CC, AZUL",CEDIS MID,CEDIS MERIDA PXGL,26,140,3EFRAMAWXV1795043,1,$20577.00,0,$0,0,0
MOTO ROAD,"MOTO CARABELA ROUTE R SONORA 175CC, AZUL",CEDIS MID,MACROPAY CUN PLAZA HEROES MOTOS,1752,10,3EFRAMAW3V1795076,1,$20577.00,0,$0,0,0
MOTO ROAD,"MOTO CARABELA ROUTE R SONORA 175CC, AZUL",CEDIS MID,MACROPAY TULUM CHEDRAUI L01 PLUS,1916,10,3EFRAMAWXT1792043,1,$20577.00,0,$0,0,0
MOTO ROAD,"MOTO CARABELA ROUTE R SONORA 175CC, AZUL",CEDIS SAN LUIS,MACROPAY SALAMANCA PLAZA VIA ALTA L1018A,1415,10,3EFRAMAW8T1792459,1,$20577.00,0,$0,0,0
MOTO ROAD,"MOTO CARABELA ROUTE R SONORA 175CC, AZUL",CEDIS TAB PXGL,MACROPAY COATZACOALCOS JUAREZ MOTOS,1796,10,3EFRAMAW4V1795068,1,$21739.31,0,$0,0,0
MOTO ROAD,"MOTO CARABELA ROUTE R SONORA 175CC, AZUL",CEDIS TAB PXGL,MACROPAY MACUSPANA MOTOS,1901,10,3EFRAMAW8V1795073,1,$20577.00,0,$0,0,0
MOTO ROAD,"MOTO CARABELA ROUTE R SONORA 175CC, AZUL",CEDIS TAB PXGL,MACROPAY MINATITLAN MIGUEL HID MOTOS,1827,10,3EFRAMAW6V1795024,1,$20577.00,0,$0,0,0
MOTO ROAD,"MOTO CARABELA ROUTE R SONORA 175CC, AZUL",CEDIS TAB PXGL,MACROPAY TUX MOTOS NOVENA SUR,1875,10,3EFRAMAW6V1795086,1,$20577.00,0,$0,0,0
MOTO ROAD,"MOTO CARABELA ROUTE R SONORA 175CC, AZUL",CEDIS TAB PXGL,MACROPAY TUXTEPEC 20 DE NOV,1134,10,3EFRAMAW9V1795034,1,$20577.00,0,$0,0,0
MOTO ROAD,"MOTO CARABELA ROUTE R SONORA 200CC, AZUL",CEDIS SAN LUIS,MACROPAY CENTRO HNOS ALDAMA,1817,10,3EFRAMAW6T1780519,1,$20577.00,0,$0,0,0
MOTO ROAD,"MOTO CARABELA ROUTE R SONORA 200CC, AZUL",CEDIS TAB PXGL,MACROPAY MACUSPANA MOTOS,1901,10,3EFRAMAW0S1769174,1,$20577.00,0,$0,0,0
MOTO ROAD,"MOTO ISLO FREEDOM 150CC, TITANIO",CEDIS CDMX,MACROPAY CIUDAD CARDEL CENTRO,1906,10,3EETAKBE8T1040832,1,$13607.00,0,$0,0,0
MOTO ROAD,"MOTO ISLO FREEDOM 150CC, TITANIO",CEDIS CDMX,MACROPAY HUAMANTLA ALLENDE NTE,1514,10,3EETAKBE2T1039532,1,$13607.00,0,$0,0,0
MOTO ROAD,"MOTO ISLO FREEDOM 150CC, TITANIO",CEDIS CDMX,MACROPAY TUXPAN MERCADO,1261,10,3EETAKBE9T1039530,1,$13607.00,0,$0,0,0
MOTO ROAD,"MOTO ISLO FREEDOM 150CC, TITANIO",CEDIS CDMX,MACROPAY VER CENTRO HIDALGO,1883,10,3EETAKBE6T1039548,1,$13607.00,0,$0,0,0
MOTO ROAD,"MOTO ISLO FREEDOM 150CC, TITANIO",CEDIS CDMX,MACROPAY VER CENTRO INDEPENDENCIA,1897,10,3EETAKBE8T1036697,1,$13607.00,0,$0,0,0
MOTO ROAD,"MOTO ISLO FREEDOM 150CC, TITANIO",CEDIS CDMX,MACROPAY XALAPA CAMPO DE TIRO L7,1270,10,3EETAKBE1T1040817,1,$13607.00,0,$0,0,0
MOTO ROAD,"MOTO ISLO FREEDOM 150CC, TITANIO",CEDIS CDMX,MACROPAY ZUMPANGO AV INSURGENTES,1813,10,3EETAKBE6T1040814,1,$13607.00,0,$0,0,0
MOTO ROAD,"MOTO ISLO FREEDOM 150CC, TITANIO",CEDIS CULIACAN,MACROPAY DURANGO CENTRO B JUAREZ,1864,10,3EETAKBE4T1039547,1,$13607.00,0,$0,0,0
MOTO ROAD,"MOTO ISLO FREEDOM 150CC, TITANIO",CEDIS CULIACAN,MACROPAY GUAYMAS CENTRO 112,1882,10,3EETAKBE4T1040830,1,$13607.00,0,$0,0,0
MOTO ROAD,"MOTO ISLO FREEDOM 150CC, TITANIO",CEDIS CULIACAN,MACROPAY LOS MOCHIS CENTRO,1852,10,3EETAKBE9T1040807,1,$13607.00,0,$0,0,0
MOTO ROAD,"MOTO ISLO FREEDOM 150CC, TITANIO",CEDIS CULIACAN,MACROPAY LOS MOCHIS CENTRO,1852,10,3EETAKBEXT1040802,1,$13607.00,0,$0,0,0
MOTO ROAD,"MOTO ISLO FREEDOM 150CC, TITANIO",CEDIS GDL,COLIMA PLAZA SAN FERNANDO,1947,10,3EETAKBE7T1040787,1,$13607.00,0,$0,0,0
MOTO ROAD,"MOTO ISLO FREEDOM 150CC, TITANIO",CEDIS GDL,MACROPAY APATZINGAN CENTRO ANDRADE,1832,10,3EETAKBE6T1040781,1,$13607.00,0,$0,0,0
MOTO ROAD,"MOTO ISLO FREEDOM 150CC, TITANIO",CEDIS GDL,MACROPAY GDL MOTOS PASEO ALCALDE,1919,10,3EETAKBE3T1036705,1,$13607.00,0,$0,0,0
MOTO ROAD,"MOTO ISLO FREEDOM 150CC, TITANIO",CEDIS GDL,MACROPAY MICH LAZARO CARDENAS CENTRO,1812,10,3EETAKBE7T1036691,1,$13607.00,0,$0,0,0
MOTO ROAD,"MOTO ISLO FREEDOM 150CC, TITANIO",CEDIS MID,MACROPAY CHT MOTOS OTHON,1738,10,3EETAKBE5T1040805,1,$13607.00,0,$0,0,0
MOTO ROAD,"MOTO ISLO FREEDOM 150CC, TITANIO",CEDIS MID,MACROPAY CUN CHEDRAUI MUNDO MAYA,1877,10,3EETAKBE4T1040813,1,$13607.00,0,$0,0,0
MOTO ROAD,"MOTO ISLO FREEDOM 150CC, TITANIO",CEDIS TAB PXGL,MACROPAY CD DEL CARMEN CALLE 22 MOTOS,1811,10,3EETAKBE8T1040815,1,$13607.00,0,$0,0,0
MOTO ROAD,"MOTO ISLO FREEDOM 150CC, TITANIO",CEDIS TAB PXGL,MACROPAY COATZA MERCADO MORELOS,1803,10,3EETAKBE0T1040789,1,$13607.00,0,$0,0,0
MOTO ROAD,"MOTO ISLO FREEDOM 150CC, TITANIO",CEDIS TAB PXGL,MACROPAY COATZA MERCADO MORELOS,1803,10,3EETAKBE2T1040826,1,$13607.00,0,$0,0,0
MOTO ROAD,"MOTO ISLO FREEDOM 150CC, TITANIO",CEDIS TAB PXGL,MACROPAY CUNDUACAN CENTRAL,1125,10,3EETAKBE7T1029613,1,$13607.00,0,$0,0,0
MOTO ROAD,"MOTO ISLO FREEDOM 150CC, TITANIO",CEDIS TAB PXGL,MACROPAY MACUSPANA MIGUEL H 332,1094,10,3EETAKBE6T1040831,1,$13607.00,0,$0,0,0
MOTO ROAD,"MOTO ISLO FREEDOM 150CC, TITANIO",CEDIS TAB PXGL,MACROPAY VER SAN ANDRES MOTOS,1798,10,3EETAKBE2T1040809,1,$13607.00,0,$0,0,0
MOTO ROAD,"MOTO ISLO MUTANT 250CC, ROJO",CEDIS CDMX,ACATLAN INDEPENDENCIA,1943,10,3EECANBJ7V1022808,1,$20909.00,0,$0,0,0
MOTO ROAD,"MOTO ISLO MUTANT 250CC, ROJO",CEDIS CDMX,CE. LOG. PXGL,21,140,3EECANBJ3V1022787,1,$21199.58,0,$0,0,0
MOTO ROAD,"MOTO ISLO MUTANT 250CC, ROJO",CEDIS CDMX,CE. LOG. PXGL,21,140,3EECANBJXV1022835,1,$21199.58,0,$0,0,0
MOTO ROAD,"MOTO ISLO MUTANT 250CC, ROJO",CEDIS CDMX,MACROPAY ACAPULCO CHED PIE DE LA C,1851,10,3EECANBJ2V1022747,1,$20909.00,0,$0,0,0
MOTO ROAD,"MOTO ISLO MUTANT 250CC, ROJO",CEDIS CDMX,MACROPAY CALPULALPAN GARCIA YAÑEZ,1459,10,3EECANBJ1T1042971,1,$20909.00,0,$0,0,0
MOTO ROAD,"MOTO ISLO MUTANT 250CC, ROJO",CEDIS CDMX,MACROPAY CDMX ARENAL TERRAZAS L15,1332,10,3EECANBJ5V1022743,1,$20909.00,0,$0,0,0
MOTO ROAD,"MOTO ISLO MUTANT 250CC, ROJO",CEDIS CDMX,MACROPAY CDMX PLAZA AZCAPOTZALCO LPA12,1636,10,3EECANBJ8V1022820,1,$20909.00,0,$0,0,0
MOTO ROAD,"MOTO ISLO MUTANT 250CC, ROJO",CEDIS CDMX,MACROPAY CHIMALHUACAN PLAZA L48,1301,10,3EECANBJ9T1042992,1,$20909.00,0,$0,0,0
MOTO ROAD,"MOTO ISLO MUTANT 250CC, ROJO",CEDIS CDMX,MACROPAY CIUDAD CARDEL CENTRO,1906,10,3EECANBJXT1043035,1,$20909.00,0,$0,0,0
MOTO ROAD,"MOTO ISLO MUTANT 250CC, ROJO",CEDIS CDMX,MACROPAY CUAJIMALPA SHOPS L205A,1465,10,3EECANBJ8T1042949,1,$20909.00,0,$0,0,0
MOTO ROAD,"MOTO ISLO MUTANT 250CC, ROJO",CEDIS CDMX,MACROPAY CUAU CENTRO SAN MIGUEL L15,1303,10,3EECANBJ5T1042990,1,$20909.00,0,$0,0,0
MOTO ROAD,"MOTO ISLO MUTANT 250CC, ROJO",CEDIS CDMX,MACROPAY ECATEPEC PLAZA L B8,1744,10,3EECANBJ4T1044519,1,$20909.00,0,$0,0,0
MOTO ROAD,"MOTO ISLO MUTANT 250CC, ROJO",CEDIS CDMX,MACROPAY EZEQUIEL MONTES CENTRO,1903,10,3EECANBJ8V1022803,1,$21199.58,0,$0,0,0
MOTO ROAD,"MOTO ISLO MUTANT 250CC, ROJO",CEDIS CDMX,MACROPAY HUAMANTLA MORELOS PTE,1769,10,3EECANBJ4V1022801,1,$21005.86,0,$0,0,0
MOTO ROAD,"MOTO ISLO MUTANT 250CC, ROJO",CEDIS CDMX,MACROPAY HUAMANTLA MORELOS PTE,1769,10,3EECANBJ5V1022676,1,$21005.86,0,$0,0,0
MOTO ROAD,"MOTO ISLO MUTANT 250CC, ROJO",CEDIS CDMX,MACROPAY HUAMANTLA MORELOS PTE,1769,10,3EECANBJXV1022785,1,$21005.86,0,$0,0,0
MOTO ROAD,"MOTO ISLO MUTANT 250CC, ROJO",CEDIS CDMX,MACROPAY IXMIQUILPAN PLAZA LNL29,1257,10,3EECANBJ9T1043009,1,$20909.00,0,$0,0,0
MOTO ROAD,"MOTO ISLO MUTANT 250CC, ROJO",CEDIS CDMX,MACROPAY LOS REYES CENTRO TEPOZAN LC24,1783,10,3EECANBJ3V1022773,1,$20909.00,0,$0,0,0
MOTO ROAD,"MOTO ISLO MUTANT 250CC, ROJO",CEDIS CDMX,MACROPAY OAX ALDAMA,1153,10,3EECANBJ9T1044516,1,$20909.00,0,$0,0,0
MOTO ROAD,"MOTO ISLO MUTANT 250CC, ROJO",CEDIS CDMX,MACROPAY PUE PLAZA PARQUE L51,1647,10,3EECANBJ8T1044426,1,$20909.00,0,$0,0,0
MOTO ROAD,"MOTO ISLO MUTANT 250CC, ROJO",CEDIS CDMX,MACROPAY QRO WALMART ESFERA,1447,10,3EECANBJ1T1044459,1,$20909.00,0,$0,0,0
MOTO ROAD,"MOTO ISLO MUTANT 250CC, ROJO",CEDIS CDMX,MACROPAY TECAMAC MACROPLAZA LF14,1830,10,3EECANBJ1T1044462,1,$20909.00,0,$0,0,0
MOTO ROAD,"MOTO ISLO MUTANT 250CC, ROJO",CEDIS CDMX,MACROPAY TECAMAC MACROPLAZA LF14,1830,10,3EECANBJXV1022737,1,$20909.00,0,$0,0,0
MOTO ROAD,"MOTO ISLO MUTANT 250CC, ROJO",CEDIS CDMX,MACROPAY TIZAYUCA HIMNO NACIONAL,1426,10,3EECANBJ4V1022748,1,$20909.00,0,$0,0,0
MOTO ROAD,"MOTO ISLO MUTANT 250CC, ROJO",CEDIS CDMX,MACROPAY TOLUCA HIDALGO MOTOS,1747,10,3EECANBJ9T1042989,1,$20909.00,0,$0,0,0
MOTO ROAD,"MOTO ISLO MUTANT 250CC, ROJO",CEDIS CDMX,MACROPAY VER CENTRO INDEPENDENCIA,1897,10,3EECANBJ4T1042950,1,$20909.00,0,$0,0,0
MOTO ROAD,"MOTO ISLO MUTANT 250CC, ROJO",CEDIS CDMX,PUEBLA 18 PONIENTE,1895,10,3EECANBJ3T1042941,1,$20909.00,0,$0,0,0
MOTO ROAD,"MOTO ISLO MUTANT 250CC, ROJO",CEDIS CULIACAN,MACROPAY CANATLAN CENTRO,1871,10,3EECANBJ5T1042021,1,$20909.00,0,$0,0,0
MOTO ROAD,"MOTO ISLO MUTANT 250CC, ROJO",CEDIS CULIACAN,MACROPAY CULIACAN EXPLANADA L33A,1848,10,3EECANBJ9T1043012,1,$20909.00,0,$0,0,0
MOTO ROAD,"MOTO ISLO MUTANT 250CC, ROJO",CEDIS CULIACAN,MACROPAY HERMOSILLO CENTRO NORIEGA,1911,10,3EECANBJ7T1043011,1,$20909.00,0,$0,0,0
MOTO ROAD,"MOTO ISLO MUTANT 250CC, ROJO",CEDIS CULIACAN,MACROPAY LA PAZ 16 DE SEPTIEMBRE,1730,10,3EECANBJ9T1042197,1,$20909.00,0,$0,0,0
MOTO ROAD,"MOTO ISLO MUTANT 250CC, ROJO",CEDIS GDL,LOMAS DE POLANCO GUADALAJARA,1884,10,3EECANBJ6T1042187,1,$20909.00,0,$0,0,0
MOTO ROAD,"MOTO ISLO MUTANT 250CC, ROJO",CEDIS GDL,MACROPAY GDL EL FRESNO,1905,10,3EECANBJXT1042208,1,$20909.00,0,$0,0,0
MOTO ROAD,"MOTO ISLO MUTANT 250CC, ROJO",CEDIS GDL,MACROPAY MANZANILLO CENTRO AV MEXICO,1763,10,3EECANBJ2T1044471,1,$20909.00,0,$0,0,0
MOTO ROAD,"MOTO ISLO MUTANT 250CC, ROJO",CEDIS GDL,MACROPAY TEPIC CENTRO,1867,10,3EECANBJ5T1042035,1,$20909.00,0,$0,0,0
MOTO ROAD,"MOTO ISLO MUTANT 250CC, ROJO",CEDIS GDL,MACROPAY ZAPOPAN AV HIDALGO,1508,10,3EECANBJXT1042077,1,$20909.00,0,$0,0,0
MOTO ROAD,"MOTO ISLO MUTANT 250CC, ROJO",CEDIS GDL,MORELIA AV LAZARO CARDENAS,1937,10,3EECANBJ0T1044517,1,$20909.00,0,$0,0,0
MOTO ROAD,"MOTO ISLO MUTANT 250CC, ROJO",CEDIS MID,CEDIS MERIDA,11,140,3EECANBJ0V1022732,1,$21882.97,0,$0,0,0
MOTO ROAD,"MOTO ISLO MUTANT 250CC, ROJO",CEDIS MID,CEDIS MERIDA,11,140,3EECANBJ3V1022756,1,$21882.97,0,$0,0,0
MOTO ROAD,"MOTO ISLO MUTANT 250CC, ROJO",CEDIS MID,CEDIS MERIDA,11,140,3EECANBJ5V1022757,1,$21882.97,0,$0,0,0
MOTO ROAD,"MOTO ISLO MUTANT 250CC, ROJO",CEDIS MID,CEDIS MERIDA,11,140,3EECANBJ6V1022637,1,$21882.97,0,$0,0,0
MOTO ROAD,"MOTO ISLO MUTANT 250CC, ROJO",CEDIS MID,CEDIS MERIDA,11,140,3EECANBJ6V1022735,1,$21882.97,0,$0,0,0
MOTO ROAD,"MOTO ISLO MUTANT 250CC, ROJO",CEDIS MID,CEDIS MERIDA,11,140,3EECANBJ7V1022789,1,$21882.97,0,$0,0,0
MOTO ROAD,"MOTO ISLO MUTANT 250CC, ROJO",CEDIS MID,CEDIS MERIDA,11,140,3EECANBJ9V1022826,1,$21882.97,0,$0,0,0
MOTO ROAD,"MOTO ISLO MUTANT 250CC, ROJO",CEDIS MID,CEDIS MERIDA,11,140,3EECANBJXV1022768,1,$21882.97,0,$0,0,0
MOTO ROAD,"MOTO ISLO MUTANT 250CC, ROJO",CEDIS MID,MACROPAY CHT MOTOS OTHON,1738,10,3EECANBJ8V1022784,1,$20980.78,0,$0,0,0
MOTO ROAD,"MOTO ISLO MUTANT 250CC, ROJO",CEDIS MID,MACROPAY CUN PLAZA HEROES MOTOS,1752,10,3EECANBJ8T1042952,1,$20909.00,0,$0,0,0
MOTO ROAD,"MOTO ISLO MUTANT 250CC, ROJO",CEDIS MID,MACROPAY IZAMAL MOTOS,1907,10,3EECANBJ8T1042935,1,$20980.78,0,$0,0,0
MOTO ROAD,"MOTO ISLO MUTANT 250CC, ROJO",CEDIS MID,MACROPAY MID MOTOS CALLE 56,1100,10,3EECANBJ7T1042117,1,$20944.89,0,$0,0,0
MOTO ROAD,"MOTO ISLO MUTANT 250CC, ROJO",CEDIS MID,MACROPAY TICUL CALLE 23,1046,10,3EECANBJ9T1042958,1,$20909.00,0,$0,0,0
MOTO ROAD,"MOTO ISLO MUTANT 250CC, ROJO",CEDIS MID,MACROPAY TULUM ARRICE MOTOS,1844,10,3EECANBJ0T1043030,1,$20909.00,0,$0,0,0
MOTO ROAD,"MOTO ISLO MUTANT 250CC, ROJO",CEDIS SALTILLO,CIUDAD VICTORIA CENTRO,1944,10,3EECANBJ9T1042216,1,$20909.00,0,$0,0,0
MOTO ROAD,"MOTO ISLO MUTANT 250CC, ROJO",CEDIS SALTILLO,DELICIAS CHIHUAHUA CENTRO,1946,10,3EECANBJ0T1044467,1,$20909.00,0,$0,0,0
MOTO ROAD,"MOTO ISLO MUTANT 250CC, ROJO",CEDIS SALTILLO,DELICIAS CHIHUAHUA CENTRO,1946,10,3EECANBJ1T1044445,1,$20909.00,0,$0,0,0
MOTO ROAD,"MOTO ISLO MUTANT 250CC, ROJO",CEDIS SALTILLO,MACROPAY MTY CENTRO CUAUHTEMOC L131,1560,10,3EECANBJXT1044475,1,$20909.00,0,$0,0,0
MOTO ROAD,"MOTO ISLO MUTANT 250CC, ROJO",CEDIS SALTILLO,MACROPAY MTY CENTRO SANTIAGO TAPIA,1874,10,3EECANBJXT1026641,1,$20909.00,0,$0,0,0
MOTO ROAD,"MOTO ISLO MUTANT 250CC, ROJO",CEDIS SALTILLO,MACROPAY TORREON CENTRO,1772,10,3EECANBJ0T1042220,1,$20909.00,0,$0,0,0
MOTO ROAD,"MOTO ISLO MUTANT 250CC, ROJO",CEDIS SALTILLO,PATIO ZARAGOZA CD JUAREZ,1931,10,3EECANBJ4T1042155,1,$20909.00,0,$0,0,0
MOTO ROAD,"MOTO ISLO MUTANT 250CC, ROJO",CEDIS SAN LUIS,MACROPAY FRESNILLO CENTRO,1886,10,3EECANBJ4T1042933,1,$20909.00,0,$0,0,0
MOTO ROAD,"MOTO ISLO MUTANT 250CC, ROJO",CEDIS SAN LUIS,MACROPAY FRESNILLO CENTRO,1886,10,3EECANBJ5T1043010,1,$20909.00,0,$0,0,0
MOTO ROAD,"MOTO ISLO MUTANT 250CC, ROJO",CEDIS SAN LUIS,MACROPAY IRAPUATO FRAGARIA LB05,1530,10,3EECANBJ7T1043008,1,$20909.00,0,$0,0,0
MOTO ROAD,"MOTO ISLO MUTANT 250CC, ROJO",CEDIS SAN LUIS,MACROPAY SAN LUIS DE LA PAZ CENTRO,1855,10,3EECANBJXT1043004,1,$20909.00,0,$0,0,0
MOTO ROAD,"MOTO ISLO MUTANT 250CC, ROJO",CEDIS SAN LUIS,MACROPAY SLP CENTRO PIPILA,1788,10,3EECANBJ7T1042988,1,$20909.00,0,$0,0,0
MOTO ROAD,"MOTO ISLO MUTANT 250CC, ROJO",CEDIS TAB PXGL,MACROPAY ACAYUCAN CENTRO,1789,10,3EECANBJ3V1022675,1,$20909.00,0,$0,0,0
MOTO ROAD,"MOTO ISLO MUTANT 250CC, ROJO",CEDIS TAB PXGL,MACROPAY ANGEL R LIBERTAD,1209,10,3EECANBJ3T1044494,1,$20909.00,0,$0,0,0
MOTO ROAD,"MOTO ISLO MUTANT 250CC, ROJO",CEDIS TAB PXGL,MACROPAY BERRIOZABAL CENTRAL NORTE L2,1335,10,3EECANBJ1T1042145,1,$20909.00,0,$0,0,0
MOTO ROAD,"MOTO ISLO MUTANT 250CC, ROJO",CEDIS TAB PXGL,MACROPAY CARDENAS CENTRAL,1743,10,3EECANBJ3T1044415,1,$20909.00,0,$0,0,0
MOTO ROAD,"MOTO ISLO MUTANT 250CC, ROJO",CEDIS TAB PXGL,MACROPAY CD DEL CARMEN CALLE 22 MOTOS,1811,10,3EECANBJ1V1022805,1,$20909.00,0,$0,0,0
MOTO ROAD,"MOTO ISLO MUTANT 250CC, ROJO",CEDIS TAB PXGL,MACROPAY CD DEL CARMEN CALLE 22 MOTOS,1811,10,3EECANBJ8T1043034,1,$20909.00,0,$0,0,0
MOTO ROAD,"MOTO ISLO MUTANT 250CC, ROJO",CEDIS TAB PXGL,MACROPAY HUIMANGUILLO BENITO JUAREZ,1699,10,3EECANBJ7T1044482,1,$20909.00,0,$0,0,0
MOTO ROAD,"MOTO ISLO MUTANT 250CC, ROJO",CEDIS TAB PXGL,MACROPAY JUAN RODRIGUEZ VER CENTRO,1860,10,3EECANBJ5T1044514,1,$20909.00,0,$0,0,0
MOTO ROAD,"MOTO ISLO MUTANT 250CC, ROJO",CEDIS TAB PXGL,MACROPAY JUAN RODRIGUEZ VER CENTRO,1860,10,3EECANBJ9T1042068,1,$20909.00,0,$0,0,0
MOTO ROAD,"MOTO ISLO MUTANT 250CC, ROJO",CEDIS TAB PXGL,MACROPAY MACUSPANA MIGUEL H 332,1094,10,3EECANBJ7T1039816,1,$20909.00,0,$0,0,0
MOTO ROAD,"MOTO ISLO MUTANT 250CC, ROJO",CEDIS TAB PXGL,MACROPAY MINATITLAN MIGUEL HID MOTOS,1827,10,3EECANBJ0T1044419,1,$20909.00,0,$0,0,0
MOTO ROAD,"MOTO ISLO MUTANT 250CC, ROJO",CEDIS TAB PXGL,MACROPAY PALENQUE L131,1121,10,3EECANBJ5T1043041,1,$20909.00,0,$0,0,0
MOTO ROAD,"MOTO ISLO MUTANT 250CC, ROJO",CEDIS TAB PXGL,MACROPAY PARAISO CENTRO,1819,10,3EECANBJ2T1043031,1,$20909.00,0,$0,0,0
MOTO ROAD,"MOTO ISLO MUTANT 250CC, ROJO",CEDIS TAB PXGL,MACROPAY PARAISO CENTRO,1819,10,3EECANBJ2V1022621,1,$20909.00,0,$0,0,0
MOTO ROAD,"MOTO ISLO MUTANT 250CC, ROJO",CEDIS TAB PXGL,MACROPAY PARAISO OCAMPO,1114,10,3EECANBJ7T1044448,1,$20909.00,0,$0,0,0
MOTO ROAD,"MOTO ISLO MUTANT 250CC, ROJO",CEDIS TAB PXGL,MACROPAY TUX 5 SUR ORIENTE,1939,10,3EECANBJXT1042967,1,$20909.00,0,$0,0,0
MOTO ROAD,"MOTO ISLO MUTANT 250CC, ROJO",CEDIS TAB PXGL,MACROPAY TUX MOTOS NOVENA SUR,1875,10,3EECANBJ5T1043007,1,$20909.00,0,$0,0,0
MOTO ROAD,"MOTO ISLO MUTANT 250CC, ROJO",CEDIS TAB PXGL,MACROPAY TUXTEPEC 20 DE NOV,1134,10,3EECANBJ7T1044501,1,$20909.00,0,$0,0,0
MOTO ROAD,"MOTO ISLO MUTANT 250CC, ROJO",CEDIS TAB PXGL,MACROPAY TUXTEPEC 20 DE NOV,1134,10,3EECANBJ9T1042202,1,$20909.00,0,$0,0,0
MOTO ROAD,"MOTO ISLO MUTANT 250CC, ROJO",CEDIS TAB PXGL,MACROPAY VER SAN ANDRES MOTOS,1798,10,3EECANBJ9T1044466,1,$20909.00,0,$0,0,0
MOTO ROAD,"MOTO ISLO MUTANT 250CC, ROJO",CEDIS TAB PXGL,MACROPAY VERACRUZ CD ISLA RAUL SANDOVAL,1760,10,3EECANBJ8T1044460,1,$20909.00,0,$0,0,0
MOTO ROAD,"MOTO ISLO RABBIT 150CC, BLANCO",,,7998,10,3EEBBKBF2S9910001,1,$1.00,0,$0,0,0
MOTO ROAD,"MOTO ISLO RABBIT 150CC, BLANCO",CEDIS CDMX,MACROPAY CIUDAD CARDEL CENTRO,1906,10,3EEBBKBF1T1036476,1,$17590.00,0,$0,0,0
MOTO ROAD,"MOTO ISLO RABBIT 150CC, BLANCO",CEDIS CDMX,MACROPAY XALAPA JUAN DE LA LUZ,1191,10,3EEBBKBF6T1029989,1,$17590.00,0,$0,0,0
MOTO ROAD,"MOTO ISLO RABBIT 150CC, BLANCO",CEDIS CDMX,TECPAN DE GALEANA CENTRO,1929,10,3EEBBKBFXT1036590,1,$17590.00,0,$0,0,0
MOTO ROAD,"MOTO ISLO RABBIT 150CC, BLANCO",CEDIS CULIACAN,MACROPAY MAZATLAN PLAZA ACAYA L7E,1826,10,3EEBBKBF1T1029964,1,$17590.00,0,$0,0,0
MOTO ROAD,"MOTO ISLO RABBIT 150CC, BLANCO",CEDIS MID,MACROPAY CARRILLO PTO CALLE 7,1123,10,3EEBBKBF5T1036495,1,$17590.00,0,$0,0,0
MOTO ROAD,"MOTO ISLO RABBIT 150CC, BLANCO",CEDIS MID,MACROPAY KANTUNILKIN LAZARO,1092,10,3EEBBKBF1T1036526,1,$17590.00,0,$0,0,0
MOTO ROAD,"MOTO ISLO RABBIT 150CC, BLANCO",CEDIS SALTILLO,MACROPAY TORREON CENTRO,1772,10,3EEBBKBF8T1023403,1,$17590.00,0,$0,0,0
MOTO ROAD,"MOTO ISLO RABBIT 150CC, BLANCO",CEDIS TAB PXGL,MACROPAY PALENQUE 2ND PONIENTE,1170,10,3EEBBKBF2T1029973,1,$17590.00,0,$0,0,0
MOTO ROAD,"MOTO ISLO RABBIT 150CC, BLANCO",CEDIS TAB PXGL,MACROPAY PIJIJIAPAN SEGUNDA NTE,1182,10,3EEBBKBF3T1036544,1,$17590.00,0,$0,0,0
VELOCI MOTORS,"MOTO VELOCI ATRIO  EVO SPORT 200CC, ROJO",CEDIS CDMX,CE. LOG. PXGL,21,140,3VMA2FA06V2455022,1,$17470.82,0,$0,0,0
VELOCI MOTORS,"MOTO VELOCI ATRIO  EVO SPORT 200CC, ROJO",CEDIS CDMX,MACROPAY ACAPULCO MULTIPLAZA PALMAS L20,1751,10,3VMA2FA08V2454986,1,$18454.92,0,$0,0,0
VELOCI MOTORS,"MOTO VELOCI ATRIO  EVO SPORT 200CC, ROJO",CEDIS CDMX,MACROPAY ACAPULCO PATIO L08C,1926,10,3VMA2FA09V2454950,1,$18455.74,0,$0,0,0
VELOCI MOTORS,"MOTO VELOCI ATRIO  EVO SPORT 200CC, ROJO",CEDIS CDMX,MACROPAY CDMX CHEDRAUI ANFORA L20,1473,10,3VMA2FA01T2437234,1,$18061.29,0,$0,0,0
VELOCI MOTORS,"MOTO VELOCI ATRIO  EVO SPORT 200CC, ROJO",CEDIS CDMX,MACROPAY CDMX PARQUE TEPEYAC L204,1780,10,3VMA2FA09V2454916,1,$18454.92,0,$0,0,0
VELOCI MOTORS,"MOTO VELOCI ATRIO  EVO SPORT 200CC, ROJO",CEDIS CDMX,MACROPAY CDMX VIA MIXHUCA L4,1315,10,3VMA2FA05V2454928,1,$18454.92,0,$0,0,0
VELOCI MOTORS,"MOTO VELOCI ATRIO  EVO SPORT 200CC, ROJO",CEDIS CDMX,MACROPAY CHIAUTEMPAN IGNACIO PICAZO,1469,10,3VMA2FA01T2427335,1,$18762.61,0,$0,0,0
VELOCI MOTORS,"MOTO VELOCI ATRIO  EVO SPORT 200CC, ROJO",CEDIS CDMX,MACROPAY CIUDAD CARDEL CENTRO,1906,10,3VMA2FA04T2393911,1,$18436.00,0,$0,0,0
VELOCI MOTORS,"MOTO VELOCI ATRIO  EVO SPORT 200CC, ROJO",CEDIS CDMX,MACROPAY CUERNA CHEDRAUI FLORES MAGON L7,1528,10,3VMA2FA0XV2454990,1,$18454.91,0,$0,0,0
VELOCI MOTORS,"MOTO VELOCI ATRIO  EVO SPORT 200CC, ROJO",CEDIS CDMX,MACROPAY HUAJUAPAN CENTRO,1779,10,3VMA2FA01V2454988,1,$18454.92,0,$0,0,0
VELOCI MOTORS,"MOTO VELOCI ATRIO  EVO SPORT 200CC, ROJO",CEDIS CDMX,MACROPAY JOJUTLA CENTRO,1854,10,3VMA2FA00V2454917,1,$18454.91,0,$0,0,0
VELOCI MOTORS,"MOTO VELOCI ATRIO  EVO SPORT 200CC, ROJO",CEDIS CDMX,MACROPAY JOJUTLA CENTRO,1854,10,3VMA2FA07V2454946,1,$18454.91,0,$0,0,0
VELOCI MOTORS,"MOTO VELOCI ATRIO  EVO SPORT 200CC, ROJO",CEDIS CDMX,MACROPAY LOS REYES CENTRO TEPOZAN LC24,1783,10,3VMA2FA04V2454905,1,$18454.91,0,$0,0,0
VELOCI MOTORS,"MOTO VELOCI ATRIO  EVO SPORT 200CC, ROJO",CEDIS CDMX,MACROPAY LOS REYES CENTRO TEPOZAN LC24,1783,10,3VMA2FA08V2454924,1,$18454.91,0,$0,0,0
VELOCI MOTORS,"MOTO VELOCI ATRIO  EVO SPORT 200CC, ROJO",CEDIS CDMX,MACROPAY MEXICALTZINGO NARCISO MENDOZA,1787,10,3VMA2FA01T2437248,1,$18061.29,0,$0,0,0
VELOCI MOTORS,"MOTO VELOCI ATRIO  EVO SPORT 200CC, ROJO",CEDIS CDMX,MACROPAY NAUCALPAN ING MILITARES,1790,10,3VMA2FA04V2447758,1,$18412.35,0,$0,0,0
VELOCI MOTORS,"MOTO VELOCI ATRIO  EVO SPORT 200CC, ROJO",CEDIS CDMX,MACROPAY PEROTE HUMBOLDT,1190,10,3VMA2FA00V2455016,1,$18454.92,0,$0,0,0
VELOCI MOTORS,"MOTO VELOCI ATRIO  EVO SPORT 200CC, ROJO",CEDIS CDMX,MACROPAY PEROTE HUMBOLDT,1190,10,3VMA2FA01V2454974,1,$18454.92,0,$0,0,0
VELOCI MOTORS,"MOTO VELOCI ATRIO  EVO SPORT 200CC, ROJO",CEDIS CDMX,MACROPAY TECAMACHALCO 9 ORIENTE,1203,10,3VMA2FA06V2454887,1,$18455.73,0,$0,0,0
VELOCI MOTORS,"MOTO VELOCI ATRIO  EVO SPORT 200CC, ROJO",CEDIS CDMX,MACROPAY TLACOLULA AV JUAREZ,1269,10,3VMA2FA02V2454966,1,$18454.91,0,$0,0,0
VELOCI MOTORS,"MOTO VELOCI ATRIO  EVO SPORT 200CC, ROJO",CEDIS CDMX,MACROPAY TLALNEPANTLA ENCUENTRO L29,1400,10,3VMA2FA01T2393929,1,$18887.27,0,$0,0,0
VELOCI MOTORS,"MOTO VELOCI ATRIO  EVO SPORT 200CC, ROJO",CEDIS CDMX,MACROPAY TLALNEPANTLA MULTI ARBOLEDAS,1755,10,3VMA2FA0XT2437233,1,$18109.40,0,$0,0,0
VELOCI MOTORS,"MOTO VELOCI ATRIO  EVO SPORT 200CC, ROJO",CEDIS CDMX,MACROPAY XALAPA SORIANA L 19,1226,10,3VMA2FA07V2454929,1,$18454.91,0,$0,0,0
VELOCI MOTORS,"MOTO VELOCI ATRIO  EVO SPORT 200CC, ROJO",CEDIS CDMX,MACROPAY ZUMPANGO AV INSURGENTES,1813,10,3VMA2FA06V2454873,1,$18455.74,0,$0,0,0
VELOCI MOTORS,"MOTO VELOCI ATRIO  EVO SPORT 200CC, ROJO",CEDIS CULIACAN,CEDIS CULIACAN,28,140,3VMA2FA05T2428231,1,$18074.46,0,$0,0,0
VELOCI MOTORS,"MOTO VELOCI ATRIO  EVO SPORT 200CC, ROJO",CEDIS CULIACAN,CEDIS CULIACAN,28,140,3VMA2FA07T2428229,1,$18074.46,0,$0,0,0
VELOCI MOTORS,"MOTO VELOCI ATRIO  EVO SPORT 200CC, ROJO",CEDIS CULIACAN,CEDIS CULIACAN,28,140,3VMA2FA08T2428207,1,$18074.46,0,$0,0,0
VELOCI MOTORS,"MOTO VELOCI ATRIO  EVO SPORT 200CC, ROJO",CEDIS CULIACAN,MACROPAY CANATLAN CENTRO,1871,10,3VMA2FA00T2381433,1,$18887.27,0,$0,0,0
VELOCI MOTORS,"MOTO VELOCI ATRIO  EVO SPORT 200CC, ROJO",CEDIS CULIACAN,MACROPAY DURANGO CENTRO B JUAREZ,1864,10,3VMA2FA08T2428143,1,$18074.46,0,$0,0,0
VELOCI MOTORS,"MOTO VELOCI ATRIO  EVO SPORT 200CC, ROJO",CEDIS CULIACAN,MACROPAY LOS MOCHIS CENTRO,1852,10,3VMA2FA01T2381537,1,$18480.87,0,$0,0,0
VELOCI MOTORS,"MOTO VELOCI ATRIO  EVO SPORT 200CC, ROJO",CEDIS CULIACAN,MACROPAY LOS MOCHIS CENTRO,1852,10,3VMA2FA09T2428135,1,$18480.87,0,$0,0,0
VELOCI MOTORS,"MOTO VELOCI ATRIO  EVO SPORT 200CC, ROJO",CEDIS CULIACAN,MACROPAY MAZATLAN CENTRO,1863,10,3VMA2FA04T2381452,1,$18074.46,0,$0,0,0
VELOCI MOTORS,"MOTO VELOCI ATRIO  EVO SPORT 200CC, ROJO",CEDIS GDL,LOMAS DE POLANCO GUADALAJARA,1884,10,3VMA2FA04T2437258,1,$18025.20,0,$0,0,0
VELOCI MOTORS,"MOTO VELOCI ATRIO  EVO SPORT 200CC, ROJO",CEDIS GDL,MACROPAY GDL JESUS GONZALEZ ORTEGA,1520,10,3VMA2FA03V2455026,1,$18456.23,0,$0,0,0
VELOCI MOTORS,"MOTO VELOCI ATRIO  EVO SPORT 200CC, ROJO",CEDIS GDL,MACROPAY LA PIEDAD CENTRO,1804,10,3VMA2FA09T2437286,1,$18025.20,0,$0,0,0
VELOCI MOTORS,"MOTO VELOCI ATRIO  EVO SPORT 200CC, ROJO",CEDIS GDL,MORELIA AV LAZARO CARDENAS,1937,10,3VMA2FA08T2427316,1,$18025.20,0,$0,0,0
VELOCI MOTORS,"MOTO VELOCI ATRIO  EVO SPORT 200CC, ROJO",CEDIS MID,CEDIS MERIDA,11,140,3VMA2FA02V2454854,1,$21904.51,0,$0,0,0
VELOCI MOTORS,"MOTO VELOCI ATRIO  EVO SPORT 200CC, ROJO",CEDIS MID,CEDIS MERIDA,11,140,3VMA2FA09V2454849,1,$21904.51,0,$0,0,0
VELOCI MOTORS,"MOTO VELOCI ATRIO  EVO SPORT 200CC, ROJO",CEDIS MID,MACROPAY CHT HEROES 2,1122,10,3VMA2FA02V2454868,1,$21904.51,0,$0,0,0
VELOCI MOTORS,"MOTO VELOCI ATRIO  EVO SPORT 200CC, ROJO",CEDIS MID,MACROPAY ESCARCEGA H. MARTINEZ,1098,10,3VMA2FA0XT2437328,1,$18025.20,0,$0,0,0
VELOCI MOTORS,"MOTO VELOCI ATRIO  EVO SPORT 200CC, ROJO",CEDIS MID,MACROPAY ESCARCEGA J SIERRA MOTOS,1797,10,3VMA2FA04T2437311,1,$18240.72,0,$0,0,0
VELOCI MOTORS,"MOTO VELOCI ATRIO  EVO SPORT 200CC, ROJO",CEDIS MID,MACROPAY ESCARCEGA J SIERRA MOTOS,1797,10,3VMA2FA07V2447723,1,$18240.72,0,$0,0,0
VELOCI MOTORS,"MOTO VELOCI ATRIO  EVO SPORT 200CC, ROJO",CEDIS MID,MACROPAY IZAMAL MOTOS,1907,10,3VMA2FA01T2393879,1,$18425.45,0,$0,0,0
VELOCI MOTORS,"MOTO VELOCI ATRIO  EVO SPORT 200CC, ROJO",CEDIS MID,MACROPAY IZAMAL MOTOS,1907,10,3VMA2FA03T2428244,1,$18425.45,0,$0,0,0
VELOCI MOTORS,"MOTO VELOCI ATRIO  EVO SPORT 200CC, ROJO",CEDIS MID,MACROPAY MID EULOGIO,1015,10,3VMA2FA09V2454852,1,$21904.51,0,$0,0,0
VELOCI MOTORS,"MOTO VELOCI ATRIO  EVO SPORT 200CC, ROJO",CEDIS MID,MACROPAY PROGRESO MERCADO,1067,10,3VMA2FA02T2437310,1,$18025.20,0,$0,0,0
VELOCI MOTORS,"MOTO VELOCI ATRIO  EVO SPORT 200CC, ROJO",CEDIS MID,MACROPAY TIXKOKOB CALLE 24,1081,10,3VMA2FA07V2447740,1,$18456.23,0,$0,0,0
VELOCI MOTORS,"MOTO VELOCI ATRIO  EVO SPORT 200CC, ROJO",CEDIS MID,MACROPAY TIZIMIN CALLE 50,1617,10,3VMA2FA03T2437204,1,$18025.20,0,$0,0,0
VELOCI MOTORS,"MOTO VELOCI ATRIO  EVO SPORT 200CC, ROJO",CEDIS MID,MACROPAY TULUM CHEDRAUI L01 PLUS,1916,10,3VMA2FA06V2447440,1,$18456.23,0,$0,0,0
VELOCI MOTORS,"MOTO VELOCI ATRIO  EVO SPORT 200CC, ROJO",CEDIS SALTILLO,CIUDAD VICTORIA CENTRO,1944,10,3VMA2FA04V2447694,1,$18456.23,0,$0,0,0
VELOCI MOTORS,"MOTO VELOCI ATRIO  EVO SPORT 200CC, ROJO",CEDIS SALTILLO,DELICIAS CHIHUAHUA CENTRO,1946,10,3VMA2FA02V2447435,1,$18456.23,0,$0,0,0
VELOCI MOTORS,"MOTO VELOCI ATRIO  EVO SPORT 200CC, ROJO",CEDIS SALTILLO,MACROPAY MATAMOROS CHED DEL NIÑO,1898,10,3VMA2FA09V2447464,1,$18456.23,0,$0,0,0
VELOCI MOTORS,"MOTO VELOCI ATRIO  EVO SPORT 200CC, ROJO",CEDIS SALTILLO,MACROPAY SALTILLO PATIO L04D,1842,10,3VMA2FA04T2428155,1,$18025.20,0,$0,0,0
VELOCI MOTORS,"MOTO VELOCI ATRIO  EVO SPORT 200CC, ROJO",CEDIS SALTILLO,MACROPAY TORREON CENTRO,1772,10,3VMA2FA07T2428148,1,$18025.20,0,$0,0,0
VELOCI MOTORS,"MOTO VELOCI ATRIO  EVO SPORT 200CC, ROJO",CEDIS SAN LUIS,MACROPAY SAN LUIS DE LA PAZ CENTRO,1855,10,3VMA2FA02T2428154,1,$18025.20,0,$0,0,0
VELOCI MOTORS,"MOTO VELOCI ATRIO  EVO SPORT 200CC, ROJO",CEDIS SAN LUIS,MACROPAY SAN LUIS DE LA PAZ CENTRO,1855,10,3VMA2FA08T2427350,1,$18025.20,0,$0,0,0
VELOCI MOTORS,"MOTO VELOCI ATRIO  EVO SPORT 200CC, ROJO",CEDIS TAB PXGL,CEDIS MACROPAY TABASCO PXGL,14,140,3VMA2FA03V2455088,1,$18456.23,0,$0,0,0
VELOCI MOTORS,"MOTO VELOCI ATRIO  EVO SPORT 200CC, ROJO",CEDIS TAB PXGL,CEDIS MACROPAY TABASCO PXGL,14,140,3VMA2FA05V2466979,1,$18456.23,0,$0,0,0
VELOCI MOTORS,"MOTO VELOCI ATRIO  EVO SPORT 200CC, ROJO",CEDIS TAB PXGL,CEDIS MACROPAY TABASCO PXGL,14,140,3VMA2FA06V2466957,1,$18456.23,0,$0,0,0
VELOCI MOTORS,"MOTO VELOCI ATRIO  EVO SPORT 200CC, ROJO",CEDIS TAB PXGL,MACROPAY CARDENAS BANCO,1089,10,3VMA2FA04T2381435,1,$18554.19,0,$0,0,0
VELOCI MOTORS,"MOTO VELOCI ATRIO  EVO SPORT 200CC, ROJO",CEDIS TAB PXGL,MACROPAY CARDENAS PORTALES CENTRO,1802,10,3VMA2FA0XV2466976,1,$18456.23,0,$0,0,0
VELOCI MOTORS,"MOTO VELOCI ATRIO  EVO SPORT 200CC, ROJO",CEDIS TAB PXGL,MACROPAY COATZA MERCADO MORELOS,1803,10,3VMA2FA01T2427321,1,$18058.35,0,$0,0,0
VELOCI MOTORS,"MOTO VELOCI ATRIO  EVO SPORT 200CC, ROJO",CEDIS TAB PXGL,MACROPAY COSAMALOAPAN OCAMPO,1241,10,3VMA2FA07V2454977,1,$18456.23,0,$0,0,0
VELOCI MOTORS,"MOTO VELOCI ATRIO  EVO SPORT 200CC, ROJO",CEDIS TAB PXGL,MACROPAY CUNDUACAN CENTRAL,1125,10,3VMA2FA06V2447292,1,$18456.23,0,$0,0,0
VELOCI MOTORS,"MOTO VELOCI ATRIO  EVO SPORT 200CC, ROJO",CEDIS TAB PXGL,MACROPAY TUX 6TA SUR PONIENTE,1080,10,3VMA2FA08T2393880,1,$18554.19,0,$0,0,0
VELOCI MOTORS,"MOTO VELOCI ATRIO  EVO SPORT 200CC, ROJO",CEDIS TAB PXGL,MACROPAY TUX PRIMERA PONIENTE SUR,1578,10,3VMA2FA01T2437475,1,$18025.20,0,$0,0,0
VELOCI MOTORS,"MOTO VELOCI ATRIO  EVO SPORT 200CC, ROJO",CEDIS TAB PXGL,MACROPAY TUXTEPEC 20 DE NOV,1134,10,3VMA2FA00V2447272,1,$18456.23,0,$0,0,0
VELOCI MOTORS,"MOTO VELOCI ATRIO  EVO SPORT 200CC, ROJO",CEDIS TAB PXGL,MACROPAY VERACRUZ CD ISLA RAUL SANDOVAL,1760,10,3VMA2FA00V2455078,1,$18456.23,0,$0,0,0
VELOCI MOTORS,"MOTO VELOCI ATRIO  EVO SPORT 200CC, ROJO",CEDIS TAB PXGL,MACROPAY VERACRUZ CD ISLA RAUL SANDOVAL,1760,10,3VMA2FA04V2455052,1,$18456.23,0,$0,0,0
VELOCI MOTORS,"MOTO VELOCI ATRIO  EVO SPORT 200CC, ROJO",PROVEEDOR,MACROPAY ROSARITO ESCENICA,1357,10,3VMA2FA08T2427302,1,$18025.20,0,$0,0,0
VELOCI MOTORS,"MOTO VELOCI ATRIO  EVO SPORT 200CC, ROJO",PROVEEDOR,MACROPAY TIJUANA MORA STA FE  L4,1556,10,3VMA2FA05T2427290,1,$18025.20,0,$0,0,0
VELOCI MOTORS,"MOTO VELOCI BEAST KX4 HYPER 200CC, ROJO",CEDIS CDMX,MACROPAY ALAMO CENTRO,1870,10,3VMC3FZ03T2436936,1,$32407.76,0,$0,0,0
VELOCI MOTORS,"MOTO VELOCI BEAST KX4 HYPER 200CC, ROJO",CEDIS CDMX,MACROPAY EZEQUIEL MONTES CENTRO,1903,10,3VMC3FZ06V2449876,1,$32520.01,0,$0,0,0
VELOCI MOTORS,"MOTO VELOCI BEAST KX4 HYPER 200CC, ROJO",CEDIS CDMX,MACROPAY HGO MIXQUIHUALA CENTRO,1799,10,3VMC3FZ01T2434747,1,$31895.91,0,$0,0,0
VELOCI MOTORS,"MOTO VELOCI BEAST KX4 HYPER 200CC, ROJO",CEDIS CDMX,MACROPAY HUAJUAPAN B. JUAREZ,1129,10,3VMC3FZ06T2436915,1,$32407.77,0,$0,0,0
VELOCI MOTORS,"MOTO VELOCI BEAST KX4 HYPER 200CC, ROJO",CEDIS CDMX,MACROPAY TUXPAN CENTRO JUAREZ,1831,10,3VMC3FZ03T2390590,1,$32032.40,0,$0,0,0
VELOCI MOTORS,"MOTO VELOCI BEAST KX4 HYPER 200CC, ROJO",CEDIS CDMX,MACROPAY VER CENTRO INDEPENDENCIA,1897,10,3VMC3FZ01T2435591,1,$32407.77,0,$0,0,0
VELOCI MOTORS,"MOTO VELOCI BEAST KX4 HYPER 200CC, ROJO",CEDIS CDMX,MACROPAY VERACRUZ AV MATAMOROS NORTE,1721,10,3VMC3FZ0XT2435489,1,$32407.76,0,$0,0,0
VELOCI MOTORS,"MOTO VELOCI BEAST KX4 HYPER 200CC, ROJO",CEDIS CDMX,MACROPAY ZIMATLAN CENTRO,1846,10,3VMC3FZ02T2436720,1,$32407.76,0,$0,0,0
VELOCI MOTORS,"MOTO VELOCI BEAST KX4 HYPER 200CC, ROJO",CEDIS CDMX,MACROPAY ZIMATLAN CENTRO,1846,10,3VMC3FZ07T2436714,1,$32407.76,0,$0,0,0
VELOCI MOTORS,"MOTO VELOCI BEAST KX4 HYPER 200CC, ROJO",CEDIS CDMX,PUEBLA 18 PONIENTE,1895,10,3VMC3FZ0XT2436707,1,$32407.76,0,$0,0,0
VELOCI MOTORS,"MOTO VELOCI BEAST KX4 HYPER 200CC, ROJO",CEDIS GDL,COLIMA PLAZA SAN FERNANDO,1947,10,3VMC3FZ07T2445266,1,$32240.73,0,$0,0,0
VELOCI MOTORS,"MOTO VELOCI BEAST KX4 HYPER 200CC, ROJO",CEDIS GDL,MACROPAY APATZINGAN CENTRO ANDRADE,1832,10,3VMC3FZ05T2434721,1,$31895.91,0,$0,0,0
VELOCI MOTORS,"MOTO VELOCI BEAST KX4 HYPER 200CC, ROJO",CEDIS GDL,MACROPAY GDL MOTOS PASEO ALCALDE,1919,10,3VMC3FZ02T2445286,1,$32240.74,0,$0,0,0
VELOCI MOTORS,"MOTO VELOCI BEAST KX4 HYPER 200CC, ROJO",CEDIS GDL,MACROPAY MICH LAZARO CARDENAS CENTRO,1812,10,3VMC3FZ07T2434719,1,$32240.74,0,$0,0,0
VELOCI MOTORS,"MOTO VELOCI BEAST KX4 HYPER 200CC, ROJO",CEDIS MID,MACROPAY CHT MOTOS OTHON,1738,10,3VMC3FZ09T2390514,1,$31895.91,0,$0,0,0
VELOCI MOTORS,"MOTO VELOCI BEAST KX4 HYPER 200CC, ROJO",CEDIS MID,MACROPAY ESCARCEGA J SIERRA MOTOS,1797,10,3VMC3FZ04T2436914,1,$31895.91,0,$0,0,0
VELOCI MOTORS,"MOTO VELOCI BEAST KX4 HYPER 200CC, ROJO",CEDIS SAN LUIS,CEDIS SAN LUIS,27,140,3VMC3FZ07T2436762,1,$32183.26,0,$0,0,0
VELOCI MOTORS,"MOTO VELOCI BEAST KX4 HYPER 200CC, ROJO",CEDIS SAN LUIS,MACROPAY FRESNILLO CENTRO,1886,10,3VMC3FZ01T2435042,1,$32183.27,0,$0,0,0
VELOCI MOTORS,"MOTO VELOCI BEAST KX4 HYPER 200CC, ROJO",CEDIS SAN LUIS,MACROPAY SALAMANCA PLAZA VIA ALTA L1018A,1415,10,3VMC3FZ07T2436759,1,$32183.27,0,$0,0,0
VELOCI MOTORS,"MOTO VELOCI BEAST KX4 HYPER 200CC, ROJO",CEDIS SAN LUIS,MACROPAY SAN LUIS DE LA PAZ CENTRO,1855,10,3VMC3FZ08T2435555,1,$32757.98,0,$0,0,0
VELOCI MOTORS,"MOTO VELOCI BEAST KX4 HYPER 200CC, ROJO",CEDIS TAB PXGL,MACROPAY MACUSPANA MOTOS,1901,10,3VMC3FZ01T2435039,1,$32757.98,0,$0,0,0
VELOCI MOTORS,"MOTO VELOCI BEAST KX4 HYPER 200CC, ROJO",CEDIS TAB PXGL,MACROPAY MINATITLAN MIGUEL HID MOTOS,1827,10,3VMC3FZ02T2445904,1,$32757.98,0,$0,0,0
VELOCI MOTORS,"MOTO VELOCI BEAST KX4 HYPER 200CC, ROJO",CEDIS TAB PXGL,MACROPAY MINATITLAN MIGUEL HID MOTOS,1827,10,3VMC3FZ08T2435054,1,$32757.98,0,$0,0,0
VELOCI MOTORS,"MOTO VELOCI BEAST KX4 HYPER 200CC, ROJO",CEDIS TAB PXGL,MACROPAY SANTIAGO TUXTLA HIDALGO,1354,10,3VMC3FZ00T2434920,1,$31895.91,0,$0,0,0
VELOCI MOTORS,"MOTO VELOCI BEAST KX4 HYPER 200CC, ROJO",CEDIS TAB PXGL,MACROPAY VERACRUZ CD ISLA RAUL SANDOVAL,1760,10,3VMC3FZ01T2435056,1,$32757.98,0,$0,0,0
VELOCI MOTORS,"MOTO VELOCI BEAST KX4 HYPER 200CC, ROJO",PROVEEDOR,MACROPAY TECATE BAJA PASCUAL ORTIZ,1444,10,3VMC3FZ03T2436631,1,$32075.51,0,$0,0,0
VELOCI MOTORS,"MOTO VELOCI BOXTER RT3 200CC, NEGRO",CEDIS CDMX,MACROPAY CDMX PATIO MARTIN CARRERA,1731,10,3VMA2F3C1T2395204,1,$15947.83,0,$0,0,0
VELOCI MOTORS,"MOTO VELOCI BOXTER RT3 200CC, NEGRO",CEDIS CDMX,MACROPAY COLON HEROES DE LA REV L10,1333,10,3VMA2F3C8T2395233,1,$15947.83,0,$0,0,0
VELOCI MOTORS,"MOTO VELOCI BOXTER RT3 200CC, NEGRO",CEDIS CDMX,MACROPAY CRUCECITA HUATULCO EL MADERO L6,1266,10,3VMA2F3C0T2405706,1,$15142.40,0,$0,0,0
VELOCI MOTORS,"MOTO VELOCI BOXTER RT3 200CC, NEGRO",CEDIS CDMX,MACROPAY EZEQUIEL MONTES CENTRO,1903,10,3VMA2F3C0T2425874,1,$14675.25,0,$0,0,0
VELOCI MOTORS,"MOTO VELOCI BOXTER RT3 200CC, NEGRO",CEDIS CDMX,MACROPAY TASQUILLO PLAZA JUAREZ,1320,10,3VMA2F3C5T2424669,1,$14439.21,0,$0,0,0
VELOCI MOTORS,"MOTO VELOCI BOXTER RT3 200CC, NEGRO",CEDIS CDMX,MACROPAY TECOZAUTLA FRAY SAN JUAN,1327,10,3VMA2F3C7T2395210,1,$15332.07,0,$0,0,0
VELOCI MOTORS,"MOTO VELOCI BOXTER RT3 200CC, NEGRO",CEDIS CDMX,MACROPAY TEZIUTLAN CUAUHTEMOC,1194,10,3VMA2F3C2T2386883,1,$15085.76,0,$0,0,0
VELOCI MOTORS,"MOTO VELOCI BOXTER RT3 200CC, NEGRO",CEDIS CDMX,MACROPAY TLACOLULA AV JUAREZ,1269,10,3VMA2F3C7T2424656,1,$14439.21,0,$0,0,0
VELOCI MOTORS,"MOTO VELOCI BOXTER RT3 200CC, NEGRO",CEDIS CDMX,MACROPAY TOLUCA HIDALGO MOTOS,1747,10,3VMA2F3C1T2395252,1,$15332.07,0,$0,0,0
VELOCI MOTORS,"MOTO VELOCI BOXTER RT3 200CC, NEGRO",CEDIS CDMX,MACROPAY TUXPAN MERCADO,1261,10,3VMA2F3C6T2424695,1,$14439.21,0,$0,0,0
VELOCI MOTORS,"MOTO VELOCI BOXTER RT3 200CC, NEGRO",CEDIS CDMX,PUEBLA 18 PONIENTE,1895,10,3VMA2F3C9T2405722,1,$15142.40,0,$0,0,0
VELOCI MOTORS,"MOTO VELOCI BOXTER RT3 200CC, NEGRO",CEDIS CULIACAN,MACROPAY LA PAZ MERCADO MADERO,1805,10,3VMA2F3C7T2424785,1,$14439.21,0,$0,0,0
VELOCI MOTORS,"MOTO VELOCI BOXTER RT3 200CC, NEGRO",CEDIS MID,MACROPAY MID SENDERO SUPER,1021,10,3VMA2F3C6T2405595,1,$15623.37,0,$0,0,0
VELOCI MOTORS,"MOTO VELOCI BOXTER RT3 200CC, NEGRO",CEDIS MID,MACROPAY TULUM ARRICE MOTOS,1844,10,3VMA2F3C6T2402471,1,$15745.56,0,$0,0,0
VELOCI MOTORS,"MOTO VELOCI BOXTER RT3 200CC, NEGRO",CEDIS SALTILLO,MACROPAY SABINAS CENTRO,1938,10,3VMA2F3C6T2425877,1,$14662.93,0,$0,0,0
VELOCI MOTORS,"MOTO VELOCI BOXTER RT3 200CC, NEGRO",CEDIS SAN LUIS,MACROPAY SLP CENTRO PIPILA,1788,10,3VMA2F3C0T2425776,1,$15256.81,0,$0,0,0
VELOCI MOTORS,"MOTO VELOCI BOXTER RT3 200CC, NEGRO",CEDIS SAN LUIS,MACROPAY SLP CENTRO PIPILA,1788,10,3VMA2F3C6T2395392,1,$15256.81,0,$0,0,0
VELOCI MOTORS,"MOTO VELOCI BOXTER RT3 200CC, NEGRO",CEDIS SAN LUIS,MACROPAY TAMPICO CENTRO ADUANA,1753,10,3VMA2F3C6T2395330,1,$15947.83,0,$0,0,0
VELOCI MOTORS,"MOTO VELOCI BOXTER RT3 200CC, NEGRO",CEDIS TAB PXGL,MACROPAY ACAYUACAN LA PALMA L 19A,1214,10,3VMA2F3CXT2431357,1,$14470.00,0,$0,0,0
VELOCI MOTORS,"MOTO VELOCI BOXTER RT3 200CC, NEGRO",CEDIS TAB PXGL,MACROPAY CUNDUACAN CENTRAL,1125,10,3VMA2F3C6T2431288,1,$14912.13,0,$0,0,0
VELOCI MOTORS,"MOTO VELOCI BOXTER RT3 200CC, NEGRO",CEDIS TAB PXGL,MACROPAY MATIAS ROMERO 16 SEPT,1263,10,3VMA2F3C1T2410395,1,$15085.76,0,$0,0,0
VELOCI MOTORS,"MOTO VELOCI BOXTER RT3 200CC, NEGRO",CEDIS TAB PXGL,MACROPAY TUX AMBAR L1N-22,1290,10,3VMA2F3C5T2431346,1,$14470.00,0,$0,0,0
VELOCI MOTORS,"MOTO VELOCI BOXTER RT3 200CC, NEGRO",PROVEEDOR,MACROPAY ROSARITO ESCENICA,1357,10,3VMA2F3C8T2425461,1,$14439.21,0,$0,0,0
VELOCI MOTORS,"MOTO VELOCI BOXTER RT3 200CC, NEGRO",PROVEEDOR,MACROPAY TIJUANA MORA STA FE  L4,1556,10,3VMA2F3C3T2425447,1,$14439.21,0,$0,0,0
VELOCI MOTORS,"MOTO VELOCI BOXTER RT3 200CC, NEGRO",PROVEEDOR,MACROPAY TIJUANA PASEO 2000 LD-PB-04,1368,10,3VMA2F3C7T2425435,1,$14439.21,0,$0,0,0
VELOCI MOTORS,"MOTO VELOCI BOXTER RT3 220CC, NEGRO",CEDIS CDMX,ACATLAN INDEPENDENCIA,1943,10,3VMA2M3C8V2450786,1,$15155.04,0,$0,0,0
VELOCI MOTORS,"MOTO VELOCI BOXTER RT3 220CC, NEGRO",CEDIS CDMX,MACROPAY AMOZOC PLAZA ANGELINAS L5,1178,10,3VMA2M3C9V2436508,1,$14870.24,0,$0,0,0
VELOCI MOTORS,"MOTO VELOCI BOXTER RT3 220CC, NEGRO",CEDIS CDMX,MACROPAY APAN REFORMA,1366,10,3VMA2M3C4V2436433,1,$14870.24,0,$0,0,0
VELOCI MOTORS,"MOTO VELOCI BOXTER RT3 220CC, NEGRO",CEDIS CDMX,MACROPAY ATLIXCO MOTOS 3 SUR,1847,10,3VMA2M3C1V2450631,1,$15155.04,0,$0,0,0
VELOCI MOTORS,"MOTO VELOCI BOXTER RT3 220CC, NEGRO",CEDIS CDMX,MACROPAY CDMX LINDAVISTA L120,1455,10,3VMA2M3C4V2436206,1,$15247.40,0,$0,0,0
VELOCI MOTORS,"MOTO VELOCI BOXTER RT3 220CC, NEGRO",CEDIS CDMX,MACROPAY CHIMALHUACAN PLAZA L48,1301,10,3VMA2M3C1V2450984,1,$15155.03,0,$0,0,0
VELOCI MOTORS,"MOTO VELOCI BOXTER RT3 220CC, NEGRO",CEDIS CDMX,MACROPAY CIUDAD CARDEL AZUETA,1274,10,3VMA2M3C9V2436427,1,$14870.24,0,$0,0,0
VELOCI MOTORS,"MOTO VELOCI BOXTER RT3 220CC, NEGRO",CEDIS CDMX,MACROPAY CUERNA CHEDRAUI FLORES MAGON L7,1528,10,3VMA2M3C0V2457182,1,$15155.04,0,$0,0,0
VELOCI MOTORS,"MOTO VELOCI BOXTER RT3 220CC, NEGRO",CEDIS CDMX,MACROPAY HGO TULA 5 DE MAYO,1446,10,3VMA2M3C1V2450645,1,$15247.40,0,$0,0,0
VELOCI MOTORS,"MOTO VELOCI BOXTER RT3 220CC, NEGRO",CEDIS CDMX,MACROPAY HUAJUAPAN CENTRO,1779,10,3VMA2M3C2V2450976,1,$15247.40,0,$0,0,0
VELOCI MOTORS,"MOTO VELOCI BOXTER RT3 220CC, NEGRO",CEDIS CDMX,MACROPAY IXMIQUILPAN PLAZA DIAMANTE,1770,10,3VMA2M3C6V2450639,1,$15155.03,0,$0,0,0
VELOCI MOTORS,"MOTO VELOCI BOXTER RT3 220CC, NEGRO",CEDIS CDMX,MACROPAY MEXICALTZINGO NARCISO MENDOZA,1787,10,3VMA2M3C1V2450614,1,$15123.86,0,$0,0,0
VELOCI MOTORS,"MOTO VELOCI BOXTER RT3 220CC, NEGRO",CEDIS CDMX,MACROPAY OAX ALDAMA,1153,10,3VMA2M3C0V2450409,1,$15247.40,0,$0,0,0
VELOCI MOTORS,"MOTO VELOCI BOXTER RT3 220CC, NEGRO",CEDIS CDMX,MACROPAY PUE PLAZA PARQUE L51,1647,10,3VMA2M3C9V2457004,1,$15155.03,0,$0,0,0
VELOCI MOTORS,"MOTO VELOCI BOXTER RT3 220CC, NEGRO",CEDIS CDMX,MACROPAY TECAMAC MACROPLAZA LF14,1830,10,3VMA2M3C8V2450917,1,$15247.40,0,$0,0,0
VELOCI MOTORS,"MOTO VELOCI BOXTER RT3 220CC, NEGRO",CEDIS CDMX,MACROPAY TEHUACAN 5 SUR,1138,10,3VMA2M3C7V2450892,1,$15123.86,0,$0,0,0
VELOCI MOTORS,"MOTO VELOCI BOXTER RT3 220CC, NEGRO",CEDIS CDMX,MACROPAY TOLUCA HIDALGO MOTOS,1747,10,3VMA2M3C9V2436203,1,$14870.24,0,$0,0,0
VELOCI MOTORS,"MOTO VELOCI BOXTER RT3 220CC, NEGRO",CEDIS CDMX,MACROPAY VER CENTRO INDEPENDENCIA,1897,10,3VMA2M3CXV2436419,1,$14870.24,0,$0,0,0
VELOCI MOTORS,"MOTO VELOCI BOXTER RT3 220CC, NEGRO",CEDIS CDMX,MACROPAY VERACRUZ AV MATAMOROS NORTE,1721,10,3VMA2M3C1V2436387,1,$14870.24,0,$0,0,0
VELOCI MOTORS,"MOTO VELOCI BOXTER RT3 220CC, NEGRO",CEDIS CDMX,MACROPAY VERACRUZ AV MATAMOROS NORTE,1721,10,3VMA2M3C1V2436437,1,$14870.24,0,$0,0,0
VELOCI MOTORS,"MOTO VELOCI BOXTER RT3 220CC, NEGRO",CEDIS CDMX,MACROPAY ZIHUATANEJO CENTRO,1853,10,3VMA2M3C7V2450410,1,$15155.03,0,$0,0,0
VELOCI MOTORS,"MOTO VELOCI BOXTER RT3 220CC, NEGRO",CEDIS CDMX,MACROPAY ZINACANTEPEC PLAZA MÍA L15,1308,10,3VMA2M3C2V2450590,1,$15155.03,0,$0,0,0
VELOCI MOTORS,"MOTO VELOCI BOXTER RT3 220CC, NEGRO",CEDIS CDMX,TECPAN DE GALEANA CENTRO,1929,10,3VMA2M3C9V2436184,1,$14870.24,0,$0,0,0
VELOCI MOTORS,"MOTO VELOCI BOXTER RT3 220CC, NEGRO",CEDIS CULIACAN,MACROPAY CANATLAN CENTRO,1871,10,3VMA2M3C1V2436504,1,$14870.24,0,$0,0,0
VELOCI MOTORS,"MOTO VELOCI BOXTER RT3 220CC, NEGRO",CEDIS CULIACAN,MACROPAY CULIACAN EXPLANADA L33A,1848,10,3VMA2M3C8V2450884,1,$15301.28,0,$0,0,0
VELOCI MOTORS,"MOTO VELOCI BOXTER RT3 220CC, NEGRO",CEDIS CULIACAN,MACROPAY DURANGO CENTRO B JUAREZ,1864,10,3VMA2M3C7V2450813,1,$15301.28,0,$0,0,0
VELOCI MOTORS,"MOTO VELOCI BOXTER RT3 220CC, NEGRO",CEDIS CULIACAN,MACROPAY MAZATLAN CENTRO,1863,10,3VMA2M3C3V2451408,1,$15301.28,0,$0,0,0
VELOCI MOTORS,"MOTO VELOCI BOXTER RT3 220CC, NEGRO",CEDIS GDL,MACROPAY APATZINGAN CENTRO ANDRADE,1832,10,3VMA2M3C6V2451385,1,$15301.28,0,$0,0,0
VELOCI MOTORS,"MOTO VELOCI BOXTER RT3 220CC, NEGRO",CEDIS GDL,MACROPAY APATZINGAN CENTRO CATEDRAL,1834,10,3VMA2M3C8V2451372,1,$15301.28,0,$0,0,0
VELOCI MOTORS,"MOTO VELOCI BOXTER RT3 220CC, NEGRO",CEDIS GDL,MACROPAY LA PIEDAD CENTRO,1804,10,3VMA2M3CXV2451406,1,$15301.28,0,$0,0,0
VELOCI MOTORS,"MOTO VELOCI BOXTER RT3 220CC, NEGRO",CEDIS MID,CEDIS MERIDA,11,140,3VMA2M3C3V2451375,1,$15205.10,0,$0,0,0
VELOCI MOTORS,"MOTO VELOCI BOXTER RT3 220CC, NEGRO",CEDIS MID,CEDIS MERIDA,11,140,3VMA2M3C4V2451384,1,$15205.10,0,$0,0,0
VELOCI MOTORS,"MOTO VELOCI BOXTER RT3 220CC, NEGRO",CEDIS MID,CEDIS MERIDA PXGL,26,140,3VMA2M3C2V2451383,1,$15384.11,0,$0,0,0
VELOCI MOTORS,"MOTO VELOCI BOXTER RT3 220CC, NEGRO",CEDIS MID,CEDIS MERIDA PXGL,26,140,3VMA2M3C7V2451380,1,$15384.11,0,$0,0,0
VELOCI MOTORS,"MOTO VELOCI BOXTER RT3 220CC, NEGRO",CEDIS MID,MACROPAY CAMPECHE CALLE 16,1220,10,3VMA2M3C3V2451392,1,$15384.10,0,$0,0,0
VELOCI MOTORS,"MOTO VELOCI BOXTER RT3 220CC, NEGRO",CEDIS MID,MACROPAY CARRILLO PTO JUAREZ,1120,10,3VMA2M3C8V2436483,1,$14870.24,0,$0,0,0
VELOCI MOTORS,"MOTO VELOCI BOXTER RT3 220CC, NEGRO",CEDIS MID,MACROPAY CHT MOTOS OTHON,1738,10,3VMA2M3C0V2450264,1,$15301.28,0,$0,0,0
VELOCI MOTORS,"MOTO VELOCI BOXTER RT3 220CC, NEGRO",CEDIS MID,MACROPAY CHT MOTOS OTHON,1738,10,3VMA2M3CXV2450286,1,$15301.28,0,$0,0,0
VELOCI MOTORS,"MOTO VELOCI BOXTER RT3 220CC, NEGRO",CEDIS MID,MACROPAY CUN CHEDRAUI MUNDO MAYA,1877,10,3VMA2M3C0V2450376,1,$15301.28,0,$0,0,0
VELOCI MOTORS,"MOTO VELOCI BOXTER RT3 220CC, NEGRO",CEDIS MID,MACROPAY CUN PLAZA HEROES MOTOS,1752,10,3VMA2M3C2V2451352,1,$15301.28,0,$0,0,0
VELOCI MOTORS,"MOTO VELOCI BOXTER RT3 220CC, NEGRO",CEDIS MID,MACROPAY ESCARCEGA J SIERRA MOTOS,1797,10,3VMA2M3C3V2450386,1,$15301.28,0,$0,0,0
VELOCI MOTORS,"MOTO VELOCI BOXTER RT3 220CC, NEGRO",CEDIS MID,MACROPAY MID EMILIO SEIJO,1069,10,3VMA2M3C0V2451379,1,$15384.10,0,$0,0,0
VELOCI MOTORS,"MOTO VELOCI BOXTER RT3 220CC, NEGRO",CEDIS MID,MACROPAY MID MOTOS CALLE 56,1100,10,3VMA2M3C3V2450307,1,$15301.28,0,$0,0,0
VELOCI MOTORS,"MOTO VELOCI BOXTER RT3 220CC, NEGRO",CEDIS MID,MACROPAY MID ORIENTE,1017,10,3VMA2M3C5V2451376,1,$15384.11,0,$0,0,0
VELOCI MOTORS,"MOTO VELOCI BOXTER RT3 220CC, NEGRO",CEDIS MID,MACROPAY PANABA CALLE 18,1052,10,3VMA2M3CXV2451373,1,$15301.28,0,$0,0,0
VELOCI MOTORS,"MOTO VELOCI BOXTER RT3 220CC, NEGRO",CEDIS MID,MACROPAY PETO CALLE 31,1093,10,3VMA2M3C8V2451369,1,$15301.28,0,$0,0,0
VELOCI MOTORS,"MOTO VELOCI BOXTER RT3 220CC, NEGRO",CEDIS MID,MACROPAY PUERTO MORELOS L9,1103,10,3VMA2M3C0V2436428,1,$14870.24,0,$0,0,0
VELOCI MOTORS,"MOTO VELOCI BOXTER RT3 220CC, NEGRO",CEDIS MID,MACROPAY VALLADOLID MOTOS CALLE 39,1748,10,3VMA2M3C0V2450359,1,$15301.28,0,$0,0,0
VELOCI MOTORS,"MOTO VELOCI BOXTER RT3 220CC, NEGRO",CEDIS MID,MACROPAY VALLADOLID MOTOS CALLE 39,1748,10,3VMA2M3C8V2450366,1,$15301.28,0,$0,0,0
VELOCI MOTORS,"MOTO VELOCI BOXTER RT3 220CC, NEGRO",CEDIS SALTILLO,CIUDAD VICTORIA CENTRO,1944,10,3VMA2M3C0V2450670,1,$15301.28,0,$0,0,0
VELOCI MOTORS,"MOTO VELOCI BOXTER RT3 220CC, NEGRO",CEDIS SALTILLO,DELICIAS CHIHUAHUA CENTRO,1946,10,3VMA2M3C1V2450628,1,$15301.28,0,$0,0,0
VELOCI MOTORS,"MOTO VELOCI BOXTER RT3 220CC, NEGRO",CEDIS SALTILLO,MACROPAY TORREON CENTRO HIDALGO,1941,10,3VMA2M3C4V2450977,1,$15301.28,0,$0,0,0
VELOCI MOTORS,"MOTO VELOCI BOXTER RT3 220CC, NEGRO",CEDIS SALTILLO,PARRAL CHIHUAHUA CENTRO,1945,10,3VMA2M3CXV2450661,1,$15301.28,0,$0,0,0
VELOCI MOTORS,"MOTO VELOCI BOXTER RT3 220CC, NEGRO",CEDIS SAN LUIS,MACROPAY IRAPUATO FRAGARIA LB05,1530,10,3VMA2M3C4V2462434,1,$15085.76,0,$0,0,0
VELOCI MOTORS,"MOTO VELOCI BOXTER RT3 220CC, NEGRO",CEDIS SAN LUIS,MACROPAY SALAMANCA PLAZA VIA ALTA L1018A,1415,10,3VMA2M3C5V2450969,1,$15301.28,0,$0,0,0
VELOCI MOTORS,"MOTO VELOCI BOXTER RT3 220CC, NEGRO",CEDIS SAN LUIS,MACROPAY SAN LUIS DE LA PAZ CENTRO,1855,10,3VMA2M3C4V2450672,1,$15301.28,0,$0,0,0
VELOCI MOTORS,"MOTO VELOCI BOXTER RT3 220CC, NEGRO",CEDIS TAB PXGL,MACROPAY CARDENAS PORTALES CENTRO,1802,10,3VMA2M3C6V2436403,1,$14870.24,0,$0,0,0
VELOCI MOTORS,"MOTO VELOCI BOXTER RT3 220CC, NEGRO",CEDIS TAB PXGL,MACROPAY CD DEL CARMEN CALLE 22 MOTOS,1811,10,3VMA2M3C1V2457191,1,$15273.57,0,$0,0,0
VELOCI MOTORS,"MOTO VELOCI BOXTER RT3 220CC, NEGRO",CEDIS TAB PXGL,MACROPAY CD DEL CARMEN CALLE 22 MOTOS,1811,10,3VMA2M3C9V2450862,1,$15273.57,0,$0,0,0
VELOCI MOTORS,"MOTO VELOCI BOXTER RT3 220CC, NEGRO",CEDIS TAB PXGL,MACROPAY CD. DEL CARMEN CALLE 33,1171,10,3VMA2M3CXV2450899,1,$15085.76,0,$0,0,0
VELOCI MOTORS,"MOTO VELOCI BOXTER RT3 220CC, NEGRO",CEDIS TAB PXGL,MACROPAY COATZA MERCADO MORELOS,1803,10,3VMA2M3C1V2451312,1,$16101.77,0,$0,0,0
VELOCI MOTORS,"MOTO VELOCI BOXTER RT3 220CC, NEGRO",CEDIS TAB PXGL,MACROPAY COATZACOALCOS JUAREZ,1429,10,3VMA2M3C4V2435976,1,$15165.81,0,$0,0,0
VELOCI MOTORS,"MOTO VELOCI BOXTER RT3 220CC, NEGRO",CEDIS TAB PXGL,MACROPAY COATZACOALCOS JUAREZ MOTOS,1796,10,3VMA2M3C5V2457551,1,$15376.34,0,$0,0,0
VELOCI MOTORS,"MOTO VELOCI BOXTER RT3 220CC, NEGRO",CEDIS TAB PXGL,MACROPAY CUNDUACAN CENTRAL,1125,10,3VMA2M3C0V2436297,1,$14870.24,0,$0,0,0
VELOCI MOTORS,"MOTO VELOCI BOXTER RT3 220CC, NEGRO",CEDIS TAB PXGL,MACROPAY JUCHITAN VALENTIN C,1144,10,3VMA2M3CXV2436386,1,$14870.24,0,$0,0,0
VELOCI MOTORS,"MOTO VELOCI BOXTER RT3 220CC, NEGRO",CEDIS TAB PXGL,MACROPAY MACUSPANA MOTOS,1901,10,3VMA2M3C0V2450894,1,$15085.76,0,$0,0,0
VELOCI MOTORS,"MOTO VELOCI BOXTER RT3 220CC, NEGRO",CEDIS TAB PXGL,MACROPAY MATIAS ROMERO MOTOS CENTRO,1868,10,3VMA2M3C2V2450668,1,$16101.77,0,$0,0,0
VELOCI MOTORS,"MOTO VELOCI BOXTER RT3 220CC, NEGRO",CEDIS TAB PXGL,MACROPAY PALENQUE 2ND PONIENTE,1170,10,3VMA2M3C8V2457186,1,$15461.38,0,$0,0,0
VELOCI MOTORS,"MOTO VELOCI BOXTER RT3 220CC, NEGRO",CEDIS TAB PXGL,MACROPAY PALENQUE PLAZA CHULAVISTA L4B,1172,10,3VMA2M3C7V2457101,1,$15461.38,0,$0,0,0
VELOCI MOTORS,"MOTO VELOCI BOXTER RT3 220CC, NEGRO",CEDIS TAB PXGL,MACROPAY TUX 5 SUR ORIENTE,1939,10,3VMA2M3C7V2450942,1,$15085.76,0,$0,0,0
VELOCI MOTORS,"MOTO VELOCI BOXTER RT3 220CC, NEGRO",CEDIS TAB PXGL,MACROPAY TUX 6TA SUR PONIENTE,1080,10,3VMA2M3C4V2451319,1,$16101.77,0,$0,0,0
VELOCI MOTORS,"MOTO VELOCI BOXTER RT3 220CC, NEGRO",CEDIS TAB PXGL,MACROPAY TUX CALLE SEGUNDA,1177,10,3VMA2M3C0V2457196,1,$15461.37,0,$0,0,0
VELOCI MOTORS,"MOTO VELOCI BOXTER RT3 220CC, NEGRO",CEDIS TAB PXGL,MACROPAY TUX MOTOS NOVENA SUR,1875,10,3VMA2M3C3V2450839,1,$15085.76,0,$0,0,0
VELOCI MOTORS,"MOTO VELOCI BOXTER RT3 220CC, NEGRO",CEDIS TAB PXGL,MACROPAY VER SAN ANDRES MOTOS,1798,10,3VMA2M3C6V2451306,1,$15424.43,0,$0,0,0
VELOCI MOTORS,"MOTO VELOCI BOXTER RT3 220CC, NEGRO",CEDIS TAB PXGL,MACROPAY VER SAN ANDRES MOTOS,1798,10,3VMA2M3C9V2436315,1,$15424.43,0,$0,0,0
VELOCI MOTORS,"MOTO VELOCI BOXTER RT3 220CC, NEGRO",CEDIS TAB PXGL,MACROPAY VER SAN ANDRES MOTOS,1798,10,3VMA2M3C9V2451297,1,$15424.43,0,$0,0,0
VELOCI MOTORS,"MOTO VELOCI BOXTER RT3 220CC, NEGRO",CEDIS TAB PXGL,MACROPAY VERACRUZ CD ISLA RAUL SANDOVAL,1760,10,3VMA2M3C9V2457200,1,$15461.38,0,$0,0,0
VELOCI MOTORS,"MOTO VELOCI BOXTER RT3 220CC, NEGRO",CEDIS TAB PXGL,MACROPAY VILLA LERDO DE TEJADA 2 316,1768,10,3VMA2M3C1V2457563,1,$15763.77,0,$0,0,0
VELOCI MOTORS,"MOTO VELOCI BREAKSTORM SPORT 330CC, GRIS",CEDIS CDMX,ACATLAN INDEPENDENCIA,1943,10,3VMA3NG18T2441207,1,$28785.15,0,$0,0,0
VELOCI MOTORS,"MOTO VELOCI BREAKSTORM SPORT 330CC, GRIS",CEDIS CDMX,MACROPAY ACTOPAN ESCOBEDO,1239,10,3VMA3NG14T2420080,1,$29948.95,0,$0,0,0
VELOCI MOTORS,"MOTO VELOCI BREAKSTORM SPORT 330CC, GRIS",CEDIS CDMX,MACROPAY CIUDAD CARDEL CENTRO,1906,10,3VMA3NG17T2411471,1,$29948.95,0,$0,0,0
VELOCI MOTORS,"MOTO VELOCI BREAKSTORM SPORT 330CC, GRIS",CEDIS CDMX,MACROPAY COACALCO COSMOPOL LE125,1407,10,3VMA3NG16T2441187,1,$29948.95,0,$0,0,0
VELOCI MOTORS,"MOTO VELOCI BREAKSTORM SPORT 330CC, GRIS",CEDIS CDMX,MACROPAY EL PUEBLITO CITADINA L30,1480,10,3VMA3NG10T2441251,1,$28785.15,0,$0,0,0
VELOCI MOTORS,"MOTO VELOCI BREAKSTORM SPORT 330CC, GRIS",CEDIS CDMX,MACROPAY EZEQUIEL MONTES CENTRO,1903,10,3VMA3NG18T2411480,1,$29948.95,0,$0,0,0
VELOCI MOTORS,"MOTO VELOCI BREAKSTORM SPORT 330CC, GRIS",CEDIS CDMX,MACROPAY HUAMANTLA MORELOS PTE,1769,10,3VMA3NG15T2420167,1,$29948.95,0,$0,0,0
VELOCI MOTORS,"MOTO VELOCI BREAKSTORM SPORT 330CC, GRIS",CEDIS CDMX,MACROPAY JIUTEPEC CUAUHNAHUAC,1869,10,3VMA3NG17T2420168,1,$29948.95,0,$0,0,0
VELOCI MOTORS,"MOTO VELOCI BREAKSTORM SPORT 330CC, GRIS",CEDIS CDMX,MACROPAY JOJUTLA CENTRO,1854,10,3VMA3NG10T2420173,1,$29948.95,0,$0,0,0
VELOCI MOTORS,"MOTO VELOCI BREAKSTORM SPORT 330CC, GRIS",CEDIS CDMX,MACROPAY LOS REYES CENTRO TEPOZAN LC24,1783,10,3VMA3NG17T2420171,1,$29948.95,0,$0,0,0
VELOCI MOTORS,"MOTO VELOCI BREAKSTORM SPORT 330CC, GRIS",CEDIS CDMX,MACROPAY PEROTE HUMBOLDT,1190,10,3VMA3NG10T2441315,1,$28785.15,0,$0,0,0
VELOCI MOTORS,"MOTO VELOCI BREAKSTORM SPORT 330CC, GRIS",CEDIS CDMX,MACROPAY RAFAEL LARA GRAJALES CENTRO,1778,10,3VMA3NG16T2420095,1,$29948.95,0,$0,0,0
VELOCI MOTORS,"MOTO VELOCI BREAKSTORM SPORT 330CC, GRIS",CEDIS CDMX,MACROPAY TECAMAC MACROPLAZA LF14,1830,10,3VMA3NG18T2441286,1,$28785.15,0,$0,0,0
VELOCI MOTORS,"MOTO VELOCI BREAKSTORM SPORT 330CC, GRIS",CEDIS CDMX,MACROPAY TEXMELUCAN CENTRO 2,1774,10,3VMA3NG16T2420159,1,$29948.95,0,$0,0,0
VELOCI MOTORS,"MOTO VELOCI BREAKSTORM SPORT 330CC, GRIS",CEDIS CDMX,MACROPAY TLALNEPANTLA ENCUENTRO L29,1400,10,3VMA3NG1XT2441256,1,$29302.40,0,$0,0,0
VELOCI MOTORS,"MOTO VELOCI BREAKSTORM SPORT 330CC, GRIS",CEDIS CDMX,MACROPAY TOLUCA HIDALGO MOTOS,1747,10,3VMA3NG14T2441253,1,$28785.15,0,$0,0,0
VELOCI MOTORS,"MOTO VELOCI BREAKSTORM SPORT 330CC, GRIS",CEDIS CDMX,MACROPAY VER CENTRO HIDALGO,1883,10,3VMA3NG19T2441264,1,$28785.15,0,$0,0,0
VELOCI MOTORS,"MOTO VELOCI BREAKSTORM SPORT 330CC, GRIS",CEDIS CDMX,MACROPAY VERACRUZ AV MATAMOROS NORTE,1721,10,3VMA3NG1XT2441290,1,$28785.15,0,$0,0,0
VELOCI MOTORS,"MOTO VELOCI BREAKSTORM SPORT 330CC, GRIS",CEDIS CDMX,PUEBLA 18 PONIENTE,1895,10,3VMA3NG14T2441169,1,$28785.15,0,$0,0,0
VELOCI MOTORS,"MOTO VELOCI BREAKSTORM SPORT 330CC, GRIS",CEDIS CDMX,TECPAN DE GALEANA CENTRO,1929,10,3VMA3NG18T2420163,1,$29948.95,0,$0,0,0
VELOCI MOTORS,"MOTO VELOCI BREAKSTORM SPORT 330CC, GRIS",CEDIS CULIACAN,MACROPAY CULIACAN EXPLANADA L33A,1848,10,3VMA3NG16T2420145,1,$29948.95,0,$0,0,0
VELOCI MOTORS,"MOTO VELOCI BREAKSTORM SPORT 330CC, GRIS",CEDIS CULIACAN,MACROPAY GUAYMAS CENTRO 112,1882,10,3VMA3NG19T2420169,1,$29948.95,0,$0,0,0
VELOCI MOTORS,"MOTO VELOCI BREAKSTORM SPORT 330CC, GRIS",CEDIS CULIACAN,MACROPAY HERMOSILLO CENTRO NORIEGA,1911,10,3VMA3NG12T2420174,1,$29948.95,0,$0,0,0
VELOCI MOTORS,"MOTO VELOCI BREAKSTORM SPORT 330CC, GRIS",CEDIS GDL,LOMAS DE POLANCO GUADALAJARA,1884,10,3VMA3NG14T2420189,1,$29948.95,0,$0,0,0
VELOCI MOTORS,"MOTO VELOCI BREAKSTORM SPORT 330CC, GRIS",CEDIS GDL,MACROPAY APATZINGAN CENTRO ANDRADE,1832,10,3VMA3NG18T2410054,1,$31242.05,0,$0,0,0
VELOCI MOTORS,"MOTO VELOCI BREAKSTORM SPORT 330CC, GRIS",CEDIS GDL,MACROPAY COLIMA CENTRO MADERO,1932,10,3VMA3NG13T2410124,1,$31242.05,0,$0,0,0
VELOCI MOTORS,"MOTO VELOCI BREAKSTORM SPORT 330CC, GRIS",CEDIS GDL,MACROPAY GDL EL FRESNO,1905,10,3VMA3NG1XT2420178,1,$29948.95,0,$0,0,0
VELOCI MOTORS,"MOTO VELOCI BREAKSTORM SPORT 330CC, GRIS",CEDIS GDL,MACROPAY GDL PASEO ALCALDE,1418,10,3VMA3NG10T2420190,1,$29948.95,0,$0,0,0
VELOCI MOTORS,"MOTO VELOCI BREAKSTORM SPORT 330CC, GRIS",CEDIS MID,MACROPAY CHT MOTOS OTHON,1738,10,3VMA3NG16T2441061,1,$29517.91,0,$0,0,0
VELOCI MOTORS,"MOTO VELOCI BREAKSTORM SPORT 330CC, GRIS",CEDIS MID,MACROPAY CUN CRUCERO,1621,10,3VMA3NG18T2441157,1,$29204.43,0,$0,0,0
VELOCI MOTORS,"MOTO VELOCI BREAKSTORM SPORT 330CC, GRIS",CEDIS MID,MACROPAY CUN PLAZA HEROES MOTOS,1752,10,3VMA3NG17T2411423,1,$29204.43,0,$0,0,0
VELOCI MOTORS,"MOTO VELOCI BREAKSTORM SPORT 330CC, GRIS",CEDIS MID,MACROPAY ESCARCEGA J SIERRA MOTOS,1797,10,3VMA3NG18T2420115,1,$30000.89,0,$0,0,0
VELOCI MOTORS,"MOTO VELOCI BREAKSTORM SPORT 330CC, GRIS",CEDIS MID,MACROPAY MID CALLE 56,1004,10,3VMA3NG13T2441034,1,$29204.43,0,$0,0,0
VELOCI MOTORS,"MOTO VELOCI BREAKSTORM SPORT 330CC, GRIS",CEDIS MID,MACROPAY PLAYA AV JUAREZ PLUS,1909,10,3VMA3NG14T2441138,1,$29204.43,0,$0,0,0
VELOCI MOTORS,"MOTO VELOCI BREAKSTORM SPORT 330CC, GRIS",CEDIS MID,MACROPAY PROGRESO MERCADO,1067,10,3VMA3NG16T2420176,1,$30208.67,0,$0,0,0
VELOCI MOTORS,"MOTO VELOCI BREAKSTORM SPORT 330CC, GRIS",CEDIS MID,MACROPAY TULUM ARRICE MOTOS,1844,10,3VMA3NG11T2441162,1,$29204.43,0,$0,0,0
VELOCI MOTORS,"MOTO VELOCI BREAKSTORM SPORT 330CC, GRIS",CEDIS SALTILLO,CEDIS SALTILLO,29,140,3VMA3NG14T2420077,1,$29757.38,0,$0,0,0
VELOCI MOTORS,"MOTO VELOCI BREAKSTORM SPORT 330CC, GRIS",CEDIS SALTILLO,CEDIS SALTILLO,29,140,3VMA3NG16T2420128,1,$29757.38,0,$0,0,0
VELOCI MOTORS,"MOTO VELOCI BREAKSTORM SPORT 330CC, GRIS",CEDIS SALTILLO,CEDIS SALTILLO,29,140,3VMA3NG17T2420218,1,$29757.38,0,$0,0,0
VELOCI MOTORS,"MOTO VELOCI BREAKSTORM SPORT 330CC, GRIS",CEDIS SALTILLO,CEDIS SALTILLO,29,140,3VMA3NG18T2420177,1,$29757.38,0,$0,0,0
VELOCI MOTORS,"MOTO VELOCI BREAKSTORM SPORT 330CC, GRIS",CEDIS SALTILLO,CIUDAD VICTORIA CENTRO,1944,10,3VMA3NG17T2420185,1,$29757.38,0,$0,0,0
VELOCI MOTORS,"MOTO VELOCI BREAKSTORM SPORT 330CC, GRIS",CEDIS SALTILLO,DELICIAS CHIHUAHUA CENTRO,1946,10,3VMA3NG15T2420153,1,$29757.38,0,$0,0,0
VELOCI MOTORS,"MOTO VELOCI BREAKSTORM SPORT 330CC, GRIS",CEDIS SALTILLO,MACROPAY MATAMOROS PATIO L25C,1927,10,3VMA3NG1XT2420164,1,$29948.95,0,$0,0,0
VELOCI MOTORS,"MOTO VELOCI BREAKSTORM SPORT 330CC, GRIS",CEDIS SALTILLO,MACROPAY SABINAS CENTRO,1938,10,3VMA3NG13T2420197,1,$29757.38,0,$0,0,0
VELOCI MOTORS,"MOTO VELOCI BREAKSTORM SPORT 330CC, GRIS",CEDIS SALTILLO,MACROPAY SAN PEDRO COAHUILA CENTRO,1859,10,3VMA3NG1XT2420181,1,$29948.95,0,$0,0,0
VELOCI MOTORS,"MOTO VELOCI BREAKSTORM SPORT 330CC, GRIS",CEDIS SAN LUIS,CEDIS SAN LUIS,27,140,3VMA3NG10T2420075,1,$30379.98,0,$0,0,0
VELOCI MOTORS,"MOTO VELOCI BREAKSTORM SPORT 330CC, GRIS",CEDIS SAN LUIS,CEDIS SAN LUIS,27,140,3VMA3NG15T2410030,1,$30379.98,0,$0,0,0
VELOCI MOTORS,"MOTO VELOCI BREAKSTORM SPORT 330CC, GRIS",CEDIS SAN LUIS,CEDIS SAN LUIS,27,140,3VMA3NG18T2420082,1,$30379.98,0,$0,0,0
VELOCI MOTORS,"MOTO VELOCI BREAKSTORM SPORT 330CC, GRIS",CEDIS SAN LUIS,CEDIS SAN LUIS,27,140,3VMA3NG19T2420088,1,$30379.98,0,$0,0,0
VELOCI MOTORS,"MOTO VELOCI BREAKSTORM SPORT 330CC, GRIS",CEDIS SAN LUIS,MACROPAY AGUASCALIENTES V ASUNCION,1857,10,3VMA3NG1XT2410038,1,$30379.98,0,$0,0,0
VELOCI MOTORS,"MOTO VELOCI BREAKSTORM SPORT 330CC, GRIS",CEDIS SAN LUIS,MACROPAY SAN LUIS DE LA PAZ CENTRO,1855,10,3VMA3NG16T2420081,1,$30379.98,0,$0,0,0
VELOCI MOTORS,"MOTO VELOCI BREAKSTORM SPORT 330CC, GRIS",CEDIS SAN LUIS,MACROPAY SLP CENTRO PIPILA,1788,10,3VMA3NG15T2420072,1,$30379.98,0,$0,0,0
VELOCI MOTORS,"MOTO VELOCI BREAKSTORM SPORT 330CC, GRIS",CEDIS SAN LUIS,MACROPAY SLP CENTRO PIPILA,1788,10,3VMA3NG1XT2420083,1,$30379.98,0,$0,0,0
VELOCI MOTORS,"MOTO VELOCI BREAKSTORM SPORT 330CC, GRIS",CEDIS SAN LUIS,MACROPAY SOLEDAD DE GRACIANO CENTRO,1837,10,3VMA3NG18T2420079,1,$30379.98,0,$0,0,0
VELOCI MOTORS,"MOTO VELOCI BREAKSTORM SPORT 330CC, GRIS",CEDIS SAN LUIS,SAN LUIS POTOSI FUNDADORES,1912,10,3VMA3NG12T2420093,1,$30379.98,0,$0,0,0
VELOCI MOTORS,"MOTO VELOCI BREAKSTORM SPORT 330CC, GRIS",CEDIS TAB PXGL,MACROPAY CARDENAS PORTALES CENTRO,1802,10,3VMA3NG15T2420136,1,$30379.98,0,$0,0,0
VELOCI MOTORS,"MOTO VELOCI BREAKSTORM SPORT 330CC, GRIS",CEDIS TAB PXGL,MACROPAY CD DEL CARMEN CALLE 22 MOTOS,1811,10,3VMA3NG18T2410135,1,$30811.02,0,$0,0,0
VELOCI MOTORS,"MOTO VELOCI BREAKSTORM SPORT 330CC, GRIS",CEDIS TAB PXGL,MACROPAY COATZACOALCOS JUAREZ MOTOS,1796,10,3VMA3NG10T2420092,1,$30164.47,0,$0,0,0
VELOCI MOTORS,"MOTO VELOCI BREAKSTORM SPORT 330CC, GRIS",CEDIS TAB PXGL,MACROPAY COATZACOALCOS JUAREZ MOTOS,1796,10,3VMA3NG11T2441176,1,$30164.47,0,$0,0,0
VELOCI MOTORS,"MOTO VELOCI BREAKSTORM SPORT 330CC, GRIS",CEDIS TAB PXGL,MACROPAY HUIMANGUILLO BENITO JUAREZ,1699,10,3VMA3NG1XT2420195,1,$29948.95,0,$0,0,0
VELOCI MOTORS,"MOTO VELOCI BREAKSTORM SPORT 330CC, GRIS",CEDIS TAB PXGL,MACROPAY MATIAS ROMERO MOTOS CENTRO,1868,10,3VMA3NG10T2410128,1,$30379.98,0,$0,0,0
VELOCI MOTORS,"MOTO VELOCI BREAKSTORM SPORT 330CC, GRIS",CEDIS TAB PXGL,MACROPAY TUX MOTOS NOVENA SUR,1875,10,3VMA3NG15T2420105,1,$29948.95,0,$0,0,0
VELOCI MOTORS,"MOTO VELOCI BREAKSTORM SPORT 330CC, GRIS",CEDIS TAB PXGL,MACROPAY TUX MOTOS NOVENA SUR,1875,10,3VMA3NG18T2420132,1,$29948.95,0,$0,0,0
VELOCI MOTORS,"MOTO VELOCI BREAKSTORM SPORT 330CC, GRIS",CEDIS TAB PXGL,MACROPAY VERACRUZ CD ISLA RAUL SANDOVAL,1760,10,3VMA3NG10T2420206,1,$29948.95,0,$0,0,0
VELOCI MOTORS,"MOTO VELOCI BREAKSTORM SPORT 330CC, GRIS",CEDIS TAB PXGL,MACROPAY VILLA LERDO DE TEJADA 2 316,1768,10,3VMA3NG18T2420194,1,$29948.95,0,$0,0,0
VELOCI MOTORS,"MOTO VELOCI BREAKSTORM SPORT 330CC, GRIS",PROVEEDOR,MACROPAY MISION SOLER TIJUANA,1824,10,3VMA3NG16T2420114,1,$29517.91,0,$0,0,0
VELOCI MOTORS,"MOTO VELOCI BREAKSTORM SPORT 330CC, GRIS",PROVEEDOR,MACROPAY TIJUANA PASEO 2000 LD-PB-04,1368,10,3VMA3NG14T2420113,1,$29517.91,0,$0,0,0
VELOCI MOTORS,"MOTO VELOCI DEUS EVO SPORT 150CC, GRIS",CEDIS CDMX,ACATLAN INDEPENDENCIA,1943,10,3VMA2EE16V2456930,1,$16663.13,0,$0,0,0
VELOCI MOTORS,"MOTO VELOCI DEUS EVO SPORT 150CC, GRIS",CEDIS CDMX,HUATUSCO CENTRO VER,1936,10,3VMA2EE10T2418882,1,$16241.55,0,$0,0,0
VELOCI MOTORS,"MOTO VELOCI DEUS EVO SPORT 150CC, GRIS",CEDIS CDMX,IGUALA PLUS CENTRO,1940,10,3VMA2EE14V2456926,1,$16663.13,0,$0,0,0
VELOCI MOTORS,"MOTO VELOCI DEUS EVO SPORT 150CC, GRIS",CEDIS CDMX,MACROPAY ALAMO CENTRO,1870,10,3VMA2EE12V2456925,1,$16663.13,0,$0,0,0
VELOCI MOTORS,"MOTO VELOCI DEUS EVO SPORT 150CC, GRIS",CEDIS CDMX,MACROPAY AMOZOC PLAZA ANGELINAS L5,1178,10,3VMA2EE1XT2442302,1,$16016.58,0,$0,0,0
VELOCI MOTORS,"MOTO VELOCI DEUS EVO SPORT 150CC, GRIS",CEDIS CDMX,MACROPAY CIUDAD CARDEL CENTRO,1906,10,3VMA2EE1XT2406352,1,$15936.54,0,$0,0,0
VELOCI MOTORS,"MOTO VELOCI DEUS EVO SPORT 150CC, GRIS",CEDIS CDMX,MACROPAY ECATEPEC PATIO L2,1711,10,3VMA2EE19T2418296,1,$15856.77,0,$0,0,0
VELOCI MOTORS,"MOTO VELOCI DEUS EVO SPORT 150CC, GRIS",CEDIS CDMX,MACROPAY HUACHINANGO JUAREZ L 1,1219,10,3VMA2EE10T2407543,1,$15856.50,0,$0,0,0
VELOCI MOTORS,"MOTO VELOCI DEUS EVO SPORT 150CC, GRIS",CEDIS CDMX,MACROPAY JOJUTLA CENTRO,1854,10,3VMA2EE16T2442278,1,$16016.58,0,$0,0,0
VELOCI MOTORS,"MOTO VELOCI DEUS EVO SPORT 150CC, GRIS",CEDIS CDMX,MACROPAY ORIZABA MADERO,1204,10,3VMA2EE12T2442259,1,$16016.58,0,$0,0,0
VELOCI MOTORS,"MOTO VELOCI DEUS EVO SPORT 150CC, GRIS",CEDIS CDMX,MACROPAY ORIZABA NORTE 4 ESQ OTE 3,1881,10,3VMA2EE1XT2442266,1,$16016.58,0,$0,0,0
VELOCI MOTORS,"MOTO VELOCI DEUS EVO SPORT 150CC, GRIS",CEDIS CDMX,MACROPAY PINOTEPA LAS FLORES L1,1456,10,3VMA2EE14T2407593,1,$16067.88,0,$0,0,0
VELOCI MOTORS,"MOTO VELOCI DEUS EVO SPORT 150CC, GRIS",CEDIS CDMX,MACROPAY QRO LAS AMERICAS L172,1299,10,3VMA2EE19T2433039,1,$15370.03,0,$0,0,0
VELOCI MOTORS,"MOTO VELOCI DEUS EVO SPORT 150CC, GRIS",CEDIS CDMX,MACROPAY SAN BARTOLO TUTOTEPEC JUAREZ,1278,10,3VMA2EE13T2442304,1,$16016.58,0,$0,0,0
VELOCI MOTORS,"MOTO VELOCI DEUS EVO SPORT 150CC, GRIS",CEDIS CDMX,MACROPAY TLALNEPANTLA EL CAMINO L83,1821,10,3VMA2EE14T2406525,1,$16383.32,0,$0,0,0
VELOCI MOTORS,"MOTO VELOCI DEUS EVO SPORT 150CC, GRIS",CEDIS CDMX,MACROPAY VER CENTRO HIDALGO,1883,10,3VMA2EE1XT2442297,1,$16016.58,0,$0,0,0
VELOCI MOTORS,"MOTO VELOCI DEUS EVO SPORT 150CC, GRIS",CEDIS CDMX,MACROPAY VER CENTRO INDEPENDENCIA,1897,10,3VMA2EE10T2399332,1,$15995.31,0,$0,0,0
VELOCI MOTORS,"MOTO VELOCI DEUS EVO SPORT 150CC, GRIS",CEDIS CDMX,MACROPAY VER CENTRO INDEPENDENCIA,1897,10,3VMA2EE13T2406368,1,$15995.31,0,$0,0,0
VELOCI MOTORS,"MOTO VELOCI DEUS EVO SPORT 150CC, GRIS",CEDIS CDMX,MACROPAY VERACRUZ AV MATAMOROS NORTE,1721,10,3VMA2EE16T2407790,1,$15856.50,0,$0,0,0
VELOCI MOTORS,"MOTO VELOCI DEUS EVO SPORT 150CC, GRIS",CEDIS CDMX,MACROPAY ZACATLAN CALLE 5,1166,10,3VMA2EE11T2399341,1,$15856.50,0,$0,0,0
VELOCI MOTORS,"MOTO VELOCI DEUS EVO SPORT 150CC, GRIS",CEDIS CDMX,MACROPAY ZUMPANGO AV INSURGENTES,1813,10,3VMA2EE16T2442295,1,$16016.58,0,$0,0,0
VELOCI MOTORS,"MOTO VELOCI DEUS EVO SPORT 150CC, GRIS",CEDIS CDMX,PUEBLA 18 PONIENTE,1895,10,3VMA2EE10T2442261,1,$16016.58,0,$0,0,0
VELOCI MOTORS,"MOTO VELOCI DEUS EVO SPORT 150CC, GRIS",CEDIS CULIACAN,CEDIS CULIACAN,28,140,3VMA2EE16V2455101,1,$16663.13,0,$0,0,0
VELOCI MOTORS,"MOTO VELOCI DEUS EVO SPORT 150CC, GRIS",CEDIS CULIACAN,HERMOSILLO CENTRO MERCADO,1920,10,3VMA2EE13T2391547,1,$15370.03,0,$0,0,0
VELOCI MOTORS,"MOTO VELOCI DEUS EVO SPORT 150CC, GRIS",CEDIS CULIACAN,MACROPAY CD OBREGON CENTRO,1891,10,3VMA2EE12T2433870,1,$15370.03,0,$0,0,0
VELOCI MOTORS,"MOTO VELOCI DEUS EVO SPORT 150CC, GRIS",CEDIS CULIACAN,MACROPAY CULIACAN EXPLANADA L33A,1848,10,3VMA2EE14V2455131,1,$16663.13,0,$0,0,0
VELOCI MOTORS,"MOTO VELOCI DEUS EVO SPORT 150CC, GRIS",CEDIS CULIACAN,MACROPAY DURANGO CENTRO,1865,10,3VMA2EE1XV2455098,1,$16663.13,0,$0,0,0
VELOCI MOTORS,"MOTO VELOCI DEUS EVO SPORT 150CC, GRIS",CEDIS CULIACAN,MACROPAY HERMOSILLO CENTRO NORIEGA,1911,10,3VMA2EE17T2429961,1,$15370.03,0,$0,0,0
VELOCI MOTORS,"MOTO VELOCI DEUS EVO SPORT 150CC, GRIS",CEDIS CULIACAN,MACROPAY LOS MOCHIS CENTRO,1852,10,3VMA2EE12V2455130,1,$16663.13,0,$0,0,0
VELOCI MOTORS,"MOTO VELOCI DEUS EVO SPORT 150CC, GRIS",CEDIS GDL,MACROPAY APATZINGAN CENTRO ANDRADE,1832,10,3VMA2EE18T2429953,1,$15370.03,0,$0,0,0
VELOCI MOTORS,"MOTO VELOCI DEUS EVO SPORT 150CC, GRIS",CEDIS GDL,MACROPAY ZAPOTLANEJO PORFIRIO DIAZ,1517,10,3VMA2EE19T2429976,1,$15370.03,0,$0,0,0
VELOCI MOTORS,"MOTO VELOCI DEUS EVO SPORT 150CC, GRIS",CEDIS MID,CEDIS MERIDA,11,140,3VMA2EE1XT2442333,1,$16570.76,0,$0,0,0
VELOCI MOTORS,"MOTO VELOCI DEUS EVO SPORT 150CC, GRIS",CEDIS MID,MACROPAY CAMPECHE CALLE 53 CATEDRAL,1754,10,3VMA2EE10T2399329,1,$15411.28,0,$0,0,0
VELOCI MOTORS,"MOTO VELOCI DEUS EVO SPORT 150CC, GRIS",CEDIS MID,MACROPAY CUN CHEDRAUI MUNDO MAYA,1877,10,3VMA2EE12T2442357,1,$16016.58,0,$0,0,0
VELOCI MOTORS,"MOTO VELOCI DEUS EVO SPORT 150CC, GRIS",CEDIS MID,MACROPAY CUN MALL 1,1065,10,3VMA2EE15T2442336,1,$16016.58,0,$0,0,0
VELOCI MOTORS,"MOTO VELOCI DEUS EVO SPORT 150CC, GRIS",CEDIS MID,MACROPAY CUN PLAZA HEROES MOTOS,1752,10,3VMA2EE16T2442314,1,$16016.58,0,$0,0,0
VELOCI MOTORS,"MOTO VELOCI DEUS EVO SPORT 150CC, GRIS",CEDIS MID,MACROPAY IZAMAL MOTOS,1907,10,3VMA2EE14T2442246,1,$16016.58,0,$0,0,0
VELOCI MOTORS,"MOTO VELOCI DEUS EVO SPORT 150CC, GRIS",CEDIS MID,MACROPAY MID GRAN PLAZA L49,3002,10,3VMA2EE15T2433345,1,$15585.55,0,$0,0,0
VELOCI MOTORS,"MOTO VELOCI DEUS EVO SPORT 150CC, GRIS",CEDIS MID,MACROPAY MID MACROPLAZA SUPER,1014,10,3VMA2EE13T2433344,1,$15585.54,0,$0,0,0
VELOCI MOTORS,"MOTO VELOCI DEUS EVO SPORT 150CC, GRIS",CEDIS MID,MACROPAY MID MOTOS CALLE 56,1100,10,3VMA2EE13V2456836,1,$16570.77,0,$0,0,0
VELOCI MOTORS,"MOTO VELOCI DEUS EVO SPORT 150CC, GRIS",CEDIS MID,MACROPAY PROGRESO MOTOS CALLE 27,1934,10,3VMA2EE13T2442366,1,$16016.58,0,$0,0,0
VELOCI MOTORS,"MOTO VELOCI DEUS EVO SPORT 150CC, GRIS",CEDIS MID,MACROPAY PUERTO MORELOS L9,1103,10,3VMA2EE19T2433395,1,$15585.55,0,$0,0,0
VELOCI MOTORS,"MOTO VELOCI DEUS EVO SPORT 150CC, GRIS",CEDIS MID,MACROPAY VALLADOLID MOTOS CALLE 39,1748,10,3VMA2EE10T2442311,1,$16016.58,0,$0,0,0
VELOCI MOTORS,"MOTO VELOCI DEUS EVO SPORT 150CC, GRIS",CEDIS SALTILLO,MACROPAY STA CATARINA SENDERO LC08,1924,10,3VMA2EE15T2418795,1,$16232.10,0,$0,0,0
VELOCI MOTORS,"MOTO VELOCI DEUS EVO SPORT 150CC, GRIS",CEDIS SALTILLO,MACROPAY TORREON CENTRO,1772,10,3VMA2EE17T2418782,1,$16232.10,0,$0,0,0
VELOCI MOTORS,"MOTO VELOCI DEUS EVO SPORT 150CC, GRIS",CEDIS SAN LUIS,MACROPAY LEON VIA ALTA L1043,1765,10,3VMA2EE12T2433044,1,$15370.03,0,$0,0,0
VELOCI MOTORS,"MOTO VELOCI DEUS EVO SPORT 150CC, GRIS",CEDIS SAN LUIS,MACROPAY SAN LUIS DE LA PAZ CENTRO,1855,10,3VMA2EE17T2399330,1,$15657.39,0,$0,0,0
VELOCI MOTORS,"MOTO VELOCI DEUS EVO SPORT 150CC, GRIS",CEDIS SAN LUIS,MACROPAY SLP CENTRO PIPILA,1788,10,3VMA2EE13T2406516,1,$15657.39,0,$0,0,0
VELOCI MOTORS,"MOTO VELOCI DEUS EVO SPORT 150CC, GRIS",CEDIS SAN LUIS,MACROPAY SOLEDAD DE GRACIANO CENTRO,1837,10,3VMA2EE10T2399346,1,$16088.41,0,$0,0,0
VELOCI MOTORS,"MOTO VELOCI DEUS EVO SPORT 150CC, GRIS",CEDIS SAN LUIS,MACROPAY TAMPICO CENTRO ADUANA,1753,10,3VMA2EE12V2456729,1,$16663.13,0,$0,0,0
VELOCI MOTORS,"MOTO VELOCI DEUS EVO SPORT 150CC, GRIS",CEDIS TAB PXGL,MACROPAY ACAYUCAN CENTRO,1789,10,3VMA2EE19T2399300,1,$15596.89,0,$0,0,0
VELOCI MOTORS,"MOTO VELOCI DEUS EVO SPORT 150CC, GRIS",CEDIS TAB PXGL,MACROPAY ARRIAGA CENTRAL SUR,1187,10,3VMA2EE18T2442282,1,$16016.58,0,$0,0,0
VELOCI MOTORS,"MOTO VELOCI DEUS EVO SPORT 150CC, GRIS",CEDIS TAB PXGL,MACROPAY CD DEL CARMEN CALLE 22 MOTOS,1811,10,3VMA2EE1XT2399290,1,$15453.21,0,$0,0,0
VELOCI MOTORS,"MOTO VELOCI DEUS EVO SPORT 150CC, GRIS",CEDIS TAB PXGL,MACROPAY CD. DEL CARMEN CALLE 33,1171,10,3VMA2EE1XT2433440,1,$15381.80,0,$0,0,0
VELOCI MOTORS,"MOTO VELOCI DEUS EVO SPORT 150CC, GRIS",CEDIS TAB PXGL,MACROPAY COATZACOALCOS JUAREZ MOTOS,1796,10,3VMA2EE14T2399317,1,$15279.28,0,$0,0,0
VELOCI MOTORS,"MOTO VELOCI DEUS EVO SPORT 150CC, GRIS",CEDIS TAB PXGL,MACROPAY COMITAN SUR ORIENTE,1105,10,3VMA2EE19T2442226,1,$16016.58,0,$0,0,0
VELOCI MOTORS,"MOTO VELOCI DEUS EVO SPORT 150CC, GRIS",CEDIS TAB PXGL,MACROPAY CUNDUACAN CENTRAL,1125,10,3VMA2EE15T2442319,1,$16016.58,0,$0,0,0
VELOCI MOTORS,"MOTO VELOCI DEUS EVO SPORT 150CC, GRIS",CEDIS TAB PXGL,MACROPAY HUIXTLA ZARAGOZA,1184,10,3VMA2EE17T2407653,1,$15473.84,0,$0,0,0
VELOCI MOTORS,"MOTO VELOCI DEUS EVO SPORT 150CC, GRIS",CEDIS TAB PXGL,MACROPAY MATIAS ROMERO MOTOS CENTRO,1868,10,3VMA2EE14T2442263,1,$16016.58,0,$0,0,0
VELOCI MOTORS,"MOTO VELOCI DEUS EVO SPORT 150CC, GRIS",CEDIS TAB PXGL,MACROPAY MINATITLAN MIGUEL HID MOTOS,1827,10,3VMA2EE19T2442288,1,$16016.58,0,$0,0,0
VELOCI MOTORS,"MOTO VELOCI DEUS EVO SPORT 150CC, GRIS",CEDIS TAB PXGL,MACROPAY VER SAN ANDRES MOTOS,1798,10,3VMA2EE14T2407612,1,$15350.78,0,$0,0,0
VELOCI MOTORS,"MOTO VELOCI DEUS EVO SPORT 150CC, GRIS",CEDIS TAB PXGL,MACROPAY VERACRUZ CD ISLA RAUL SANDOVAL,1760,10,3VMA2EE17T2433847,1,$15381.80,0,$0,0,0
VELOCI MOTORS,"MOTO VELOCI DEUS EVO SPORT 150CC, GRIS",CEDIS TAB PXGL,MACROPAY VILLA LERDO DE TEJADA 2 316,1768,10,3VMA2EE19T2433042,1,$15381.79,0,$0,0,0
VELOCI MOTORS,"MOTO VELOCI DEUS EVO SPORT 150CC, GRIS",PROVEEDOR,MACROPAY ROSARITO ESCENICA,1357,10,3VMA2EE11T2391904,1,$15370.03,0,$0,0,0
VELOCI MOTORS,"MOTO VELOCI DEUS RT 125CC, ROJO",CEDIS CDMX,MACROPAY PUE PLAZA CENTRO SUR LD1,1417,10,3VMA2C326S2344334,1,$16977.08,0,$0,0,0
VELOCI MOTORS,"MOTO VELOCI DEUS RT 125CC, ROJO",CEDIS CDMX,MACROPAY TEZIUTLAN CUAUHTEMOC,1194,10,3VMA2C324S2344428,1,$13587.66,0,$0,0,0
VELOCI MOTORS,"MOTO VELOCI DEUS RT 125CC, ROJO",CEDIS CDMX,MACROPAY TULA DIVIERTIPLAZA L1,1242,10,3VMA2C324S2344400,1,$13587.66,0,$0,0,0
VELOCI MOTORS,"MOTO VELOCI DEUS RT 125CC, ROJO",CEDIS GDL,MACROPAY SAN JUAN DE LOS LAGOS INDEPEND,1750,10,3VMA2C324S2294467,1,$17456.25,0,$0,0,0
VELOCI MOTORS,"MOTO VELOCI DYNAMIK PRO 200CC, NEGRO",CEDIS CDMX,MACROPAY ACAPULCO JESUS CARRANZA,1761,10,3VMA2F111T2439025,1,$16809.69,0,$0,0,0
VELOCI MOTORS,"MOTO VELOCI DYNAMIK PRO 200CC, NEGRO",CEDIS CDMX,MACROPAY ACATZINGO CENTRO,1820,10,3VMA2F116V2457975,1,$16791.32,0,$0,0,0
VELOCI MOTORS,"MOTO VELOCI DYNAMIK PRO 200CC, NEGRO",CEDIS CDMX,MACROPAY ALAMO CENTRO,1870,10,3VMA2F111T2435735,1,$16809.69,0,$0,0,0
VELOCI MOTORS,"MOTO VELOCI DYNAMIK PRO 200CC, NEGRO",CEDIS CDMX,MACROPAY ALAMO CENTRO,1870,10,3VMA2F113T2421397,1,$16809.69,0,$0,0,0
VELOCI MOTORS,"MOTO VELOCI DYNAMIK PRO 200CC, NEGRO",CEDIS CDMX,MACROPAY AMOZOC 5 ORIENTE,1189,10,3VMA2F116S2337685,1,$16668.26,0,$0,0,0
VELOCI MOTORS,"MOTO VELOCI DYNAMIK PRO 200CC, NEGRO",CEDIS CDMX,MACROPAY ATLIXCO MORALEDA,1275,10,3VMA2F110T2438903,1,$16809.69,0,$0,0,0
VELOCI MOTORS,"MOTO VELOCI DYNAMIK PRO 200CC, NEGRO",CEDIS CDMX,MACROPAY CDMX CHEDRAUI TENAYUCA L6-7,1564,10,3VMA2F113S2374158,1,$16511.45,0,$0,0,0
VELOCI MOTORS,"MOTO VELOCI DYNAMIK PRO 200CC, NEGRO",CEDIS CDMX,MACROPAY CDMX PARQUE JARDIN LB05,1558,10,3VMA2F112T2438434,1,$16809.69,0,$0,0,0
VELOCI MOTORS,"MOTO VELOCI DYNAMIK PRO 200CC, NEGRO",CEDIS CDMX,MACROPAY CDMX PARQUE TEPEYAC L204,1780,10,3VMA2F111T2438991,1,$16809.69,0,$0,0,0
VELOCI MOTORS,"MOTO VELOCI DYNAMIK PRO 200CC, NEGRO",CEDIS CDMX,MACROPAY CDMX PLAZA EXHIBIMEX L16,1403,10,3VMA2F11XV2458028,1,$18545.17,0,$0,0,0
VELOCI MOTORS,"MOTO VELOCI DYNAMIK PRO 200CC, NEGRO",CEDIS CDMX,MACROPAY CHALCO CENTRO MORELOS,1718,10,3VMA2F119T2438446,1,$16809.69,0,$0,0,0
VELOCI MOTORS,"MOTO VELOCI DYNAMIK PRO 200CC, NEGRO",CEDIS CDMX,MACROPAY CHIMALHUACAN PLAZA L48,1301,10,3VMA2F118S2351572,1,$16618.47,0,$0,0,0
VELOCI MOTORS,"MOTO VELOCI DYNAMIK PRO 200CC, NEGRO",CEDIS CDMX,MACROPAY CHOLULA AV 4,1156,10,3VMA2F116S2337640,1,$16491.46,0,$0,0,0
VELOCI MOTORS,"MOTO VELOCI DYNAMIK PRO 200CC, NEGRO",CEDIS CDMX,MACROPAY CIUDAD CARDEL CENTRO,1906,10,3VMA2F116S2373893,1,$16708.51,0,$0,0,0
VELOCI MOTORS,"MOTO VELOCI DYNAMIK PRO 200CC, NEGRO",CEDIS CDMX,MACROPAY CORDOBA CALLE 7,1160,10,3VMA2F111T2438442,1,$16809.69,0,$0,0,0
VELOCI MOTORS,"MOTO VELOCI DYNAMIK PRO 200CC, NEGRO",CEDIS CDMX,MACROPAY CUAU DE ROMERO PLAZA LD02,1306,10,3VMA2F114T2420727,1,$16809.69,0,$0,0,0
VELOCI MOTORS,"MOTO VELOCI DYNAMIK PRO 200CC, NEGRO",CEDIS CDMX,MACROPAY ECATEPEC CHEDRAUI PALOMAS L4B,1529,10,3VMA2F11XT2438388,1,$16809.69,0,$0,0,0
VELOCI MOTORS,"MOTO VELOCI DYNAMIK PRO 200CC, NEGRO",CEDIS CDMX,MACROPAY ECATEPEC PATIO L2,1711,10,3VMA2F111T2438389,1,$16809.69,0,$0,0,0
VELOCI MOTORS,"MOTO VELOCI DYNAMIK PRO 200CC, NEGRO",CEDIS CDMX,MACROPAY EDO MEX TREN SUB TULTITLAN L48,1591,10,3VMA2F117T2420639,1,$16809.69,0,$0,0,0
VELOCI MOTORS,"MOTO VELOCI DYNAMIK PRO 200CC, NEGRO",CEDIS CDMX,MACROPAY EL PUEBLITO CITADINA L30,1480,10,3VMA2F116V2457992,1,$16791.31,0,$0,0,0
VELOCI MOTORS,"MOTO VELOCI DYNAMIK PRO 200CC, NEGRO",CEDIS CDMX,MACROPAY GUTIERREZ ZAMORA CENTRO,1776,10,3VMA2F115T2421675,1,$16809.69,0,$0,0,0
VELOCI MOTORS,"MOTO VELOCI DYNAMIK PRO 200CC, NEGRO",CEDIS CDMX,MACROPAY HUAJUAPAN B. JUAREZ,1129,10,3VMA2F110T2421390,1,$16809.69,0,$0,0,0
VELOCI MOTORS,"MOTO VELOCI DYNAMIK PRO 200CC, NEGRO",CEDIS CDMX,MACROPAY JOJUTLA CENTRO,1854,10,3VMA2F119S2348003,1,$17350.88,0,$0,0,0
VELOCI MOTORS,"MOTO VELOCI DYNAMIK PRO 200CC, NEGRO",CEDIS CDMX,MACROPAY JOJUTLA CENTRO,1854,10,3VMA2F119T2421825,1,$17350.88,0,$0,0,0
VELOCI MOTORS,"MOTO VELOCI DYNAMIK PRO 200CC, NEGRO",CEDIS CDMX,MACROPAY LERMA SORIANA CENTRO L10,1823,10,3VMA2F119T2421842,1,$16809.69,0,$0,0,0
VELOCI MOTORS,"MOTO VELOCI DYNAMIK PRO 200CC, NEGRO",CEDIS CDMX,MACROPAY MIAHUATLAN BASILIO ROJAS,1393,10,3VMA2F115T2420767,1,$16809.69,0,$0,0,0
VELOCI MOTORS,"MOTO VELOCI DYNAMIK PRO 200CC, NEGRO",CEDIS CDMX,MACROPAY MOR PUENTE DE IXTLA,1739,10,3VMA2F113T2439012,1,$16809.69,0,$0,0,0
VELOCI MOTORS,"MOTO VELOCI DYNAMIK PRO 200CC, NEGRO",CEDIS CDMX,MACROPAY NEZA CHEDRAUI ESTADIO,1458,10,3VMA2F114V2457974,1,$18545.17,0,$0,0,0
VELOCI MOTORS,"MOTO VELOCI DYNAMIK PRO 200CC, NEGRO",CEDIS CDMX,MACROPAY OAX MINA L318,1371,10,3VMA2F115T2439027,1,$16809.69,0,$0,0,0
VELOCI MOTORS,"MOTO VELOCI DYNAMIK PRO 200CC, NEGRO",CEDIS CDMX,MACROPAY PACHUCA GRAN PATIO LS84,1296,10,3VMA2F116V2457989,1,$16791.31,0,$0,0,0
VELOCI MOTORS,"MOTO VELOCI DYNAMIK PRO 200CC, NEGRO",CEDIS CDMX,MACROPAY PUE MOMOXPAN LB5,1289,10,3VMA2F118S2357338,1,$16491.46,0,$0,0,0
VELOCI MOTORS,"MOTO VELOCI DYNAMIK PRO 200CC, NEGRO",CEDIS CDMX,MACROPAY PUE PLAZA CENTRO SUR LD1,1417,10,3VMA2F114S2374069,1,$16658.14,0,$0,0,0
VELOCI MOTORS,"MOTO VELOCI DYNAMIK PRO 200CC, NEGRO",CEDIS CDMX,MACROPAY PUE PLAZA PARQUE L51,1647,10,3VMA2F113T2420637,1,$16809.69,0,$0,0,0
VELOCI MOTORS,"MOTO VELOCI DYNAMIK PRO 200CC, NEGRO",CEDIS CDMX,MACROPAY PUE REFORMA,1245,10,3VMA2F11XT2435734,1,$16809.69,0,$0,0,0
VELOCI MOTORS,"MOTO VELOCI DYNAMIK PRO 200CC, NEGRO",CEDIS CDMX,MACROPAY PUEBLA LIBRES CENTRO,1801,10,3VMA2F119T2421727,1,$16809.69,0,$0,0,0
VELOCI MOTORS,"MOTO VELOCI DYNAMIK PRO 200CC, NEGRO",CEDIS CDMX,MACROPAY SANTA MARIA HUATULCO DR JARQUIN,1265,10,3VMA2F112S2357366,1,$16421.48,0,$0,0,0
VELOCI MOTORS,"MOTO VELOCI DYNAMIK PRO 200CC, NEGRO",CEDIS CDMX,MACROPAY TECAMAC MACROPLAZA LF14,1830,10,3VMA2F111V2457978,1,$16791.31,0,$0,0,0
VELOCI MOTORS,"MOTO VELOCI DYNAMIK PRO 200CC, NEGRO",CEDIS CDMX,MACROPAY TECAMAC MACROPLAZA LF14,1830,10,3VMA2F111V2457995,1,$16791.31,0,$0,0,0
VELOCI MOTORS,"MOTO VELOCI DYNAMIK PRO 200CC, NEGRO",CEDIS CDMX,MACROPAY TECAMAC SORIANA MDO II L4-5,1605,10,3VMA2F115T2421840,1,$16809.69,0,$0,0,0
VELOCI MOTORS,"MOTO VELOCI DYNAMIK PRO 200CC, NEGRO",CEDIS CDMX,MACROPAY TEHUACAN 5 SUR,1138,10,3VMA2F115T2438976,1,$16791.31,0,$0,0,0
VELOCI MOTORS,"MOTO VELOCI DYNAMIK PRO 200CC, NEGRO",CEDIS CDMX,MACROPAY TEHUACAN CENTRO CHEDRAUI,1835,10,3VMA2F116S2374087,1,$16650.04,0,$0,0,0
VELOCI MOTORS,"MOTO VELOCI DYNAMIK PRO 200CC, NEGRO",CEDIS CDMX,MACROPAY TEZIUTLAN CUAUHTEMOC,1194,10,3VMA2F116S2348010,1,$19565.97,0,$0,0,0
VELOCI MOTORS,"MOTO VELOCI DYNAMIK PRO 200CC, NEGRO",CEDIS CDMX,MACROPAY TIANGUISTENCO PLAZA MÍA L5,1307,10,3VMA2F111T2438926,1,$16809.69,0,$0,0,0
VELOCI MOTORS,"MOTO VELOCI DYNAMIK PRO 200CC, NEGRO",CEDIS CDMX,MACROPAY TIANGUISTENCO PLAZA MÍA L5,1307,10,3VMA2F118T2438423,1,$16809.69,0,$0,0,0
VELOCI MOTORS,"MOTO VELOCI DYNAMIK PRO 200CC, NEGRO",CEDIS CDMX,MACROPAY TIZAYUCA BULEVAR,1240,10,3VMA2F110V2457986,1,$16791.31,0,$0,0,0
VELOCI MOTORS,"MOTO VELOCI DYNAMIK PRO 200CC, NEGRO",CEDIS CDMX,MACROPAY TIZAYUCA HIMNO NACIONAL,1426,10,3VMA2F114V2458039,1,$16791.32,0,$0,0,0
VELOCI MOTORS,"MOTO VELOCI DYNAMIK PRO 200CC, NEGRO",CEDIS CDMX,MACROPAY TLAX LIRA,1158,10,3VMA2F110V2458040,1,$16758.65,0,$0,0,0
VELOCI MOTORS,"MOTO VELOCI DYNAMIK PRO 200CC, NEGRO",CEDIS CDMX,MACROPAY TOLUCA HIDALGO MOTOS,1747,10,3VMA2F111S2351445,1,$16641.39,0,$0,0,0
VELOCI MOTORS,"MOTO VELOCI DYNAMIK PRO 200CC, NEGRO",CEDIS CDMX,MACROPAY TOLUCA HIDALGO MOTOS,1747,10,3VMA2F111V2458063,1,$16641.39,0,$0,0,0
VELOCI MOTORS,"MOTO VELOCI DYNAMIK PRO 200CC, NEGRO",CEDIS CDMX,MACROPAY TUXPAN CENTRO JUAREZ,1831,10,3VMA2F112V2458041,1,$16791.31,0,$0,0,0
VELOCI MOTORS,"MOTO VELOCI DYNAMIK PRO 200CC, NEGRO",CEDIS CDMX,MACROPAY TUXPAN MERCADO,1261,10,3VMA2F110S2374103,1,$16710.28,0,$0,0,0
VELOCI MOTORS,"MOTO VELOCI DYNAMIK PRO 200CC, NEGRO",CEDIS CDMX,MACROPAY TUXPAN MERCADO,1261,10,3VMA2F11XT2438973,1,$16710.28,0,$0,0,0
VELOCI MOTORS,"MOTO VELOCI DYNAMIK PRO 200CC, NEGRO",CEDIS CDMX,MACROPAY VER TANTOYUCA FCO I MADERO,1727,10,3VMA2F115S2357491,1,$15589.22,0,$0,0,0
VELOCI MOTORS,"MOTO VELOCI DYNAMIK PRO 200CC, NEGRO",CEDIS CDMX,MACROPAY VER TANTOYUCA FCO I MADERO,1727,10,3VMA2F118S2357470,1,$15589.22,0,$0,0,0
VELOCI MOTORS,"MOTO VELOCI DYNAMIK PRO 200CC, NEGRO",CEDIS CDMX,MACROPAY VERACRUZ AV MATAMOROS NORTE,1721,10,3VMA2F115T2438914,1,$16809.69,0,$0,0,0
VELOCI MOTORS,"MOTO VELOCI DYNAMIK PRO 200CC, NEGRO",CEDIS CDMX,MACROPAY ZAACHILA CENTRO,1777,10,3VMA2F115T2420588,1,$16809.69,0,$0,0,0
VELOCI MOTORS,"MOTO VELOCI DYNAMIK PRO 200CC, NEGRO",CEDIS CDMX,MACROPAY ZACATELCO INDEPENDENCIA,1201,10,3VMA2F113V2457979,1,$16791.32,0,$0,0,0
VELOCI MOTORS,"MOTO VELOCI DYNAMIK PRO 200CC, NEGRO",CEDIS CDMX,MACROPAY ZIHUATANEJO CENTRO,1853,10,3VMA2F115V2457997,1,$16791.32,0,$0,0,0
VELOCI MOTORS,"MOTO VELOCI DYNAMIK PRO 200CC, NEGRO",CEDIS CDMX,MACROPAY ZINACANTEPEC PLAZA MÍA L15,1308,10,3VMA2F114T2421814,1,$16809.69,0,$0,0,0
VELOCI MOTORS,"MOTO VELOCI DYNAMIK PRO 200CC, NEGRO",CEDIS CDMX,PLAZA CHILPANCINGO,1889,10,3VMA2F118T2438387,1,$16809.69,0,$0,0,0
VELOCI MOTORS,"MOTO VELOCI DYNAMIK PRO 200CC, NEGRO",CEDIS CDMX,TLATLAUQUITEPEC CENTRO,1942,10,3VMA2F117V2457984,1,$16791.32,0,$0,0,0
VELOCI MOTORS,"MOTO VELOCI DYNAMIK PRO 200CC, NEGRO",CEDIS CULIACAN,CEDIS CULIACAN,28,140,3VMA2F110T2374930,1,$16701.93,0,$0,0,0
VELOCI MOTORS,"MOTO VELOCI DYNAMIK PRO 200CC, NEGRO",CEDIS CULIACAN,CEDIS CULIACAN,28,140,3VMA2F113T2374646,1,$16701.93,0,$0,0,0
VELOCI MOTORS,"MOTO VELOCI DYNAMIK PRO 200CC, NEGRO",CEDIS CULIACAN,CEDIS CULIACAN,28,140,3VMA2F114T2374641,1,$16701.93,0,$0,0,0
VELOCI MOTORS,"MOTO VELOCI DYNAMIK PRO 200CC, NEGRO",CEDIS CULIACAN,CEDIS CULIACAN,28,140,3VMA2F117T2374634,1,$16701.93,0,$0,0,0
VELOCI MOTORS,"MOTO VELOCI DYNAMIK PRO 200CC, NEGRO",CEDIS CULIACAN,CEDIS CULIACAN,28,140,3VMA2F11XT2374644,1,$16701.93,0,$0,0,0
VELOCI MOTORS,"MOTO VELOCI DYNAMIK PRO 200CC, NEGRO",CEDIS CULIACAN,MACROPAY CULIACAN PLAZA FIESTA L22B,1833,10,3VMA2F117T2374665,1,$16701.93,0,$0,0,0
VELOCI MOTORS,"MOTO VELOCI DYNAMIK PRO 200CC, NEGRO",CEDIS CULIACAN,MACROPAY GUAYMAS CENTRO 112,1882,10,3VMA2F113T2374839,1,$16701.93,0,$0,0,0
VELOCI MOTORS,"MOTO VELOCI DYNAMIK PRO 200CC, NEGRO",CEDIS CULIACAN,MACROPAY HERMOSILLO CENTRO NORIEGA,1911,10,3VMA2F114S2374055,1,$16378.66,0,$0,0,0
VELOCI MOTORS,"MOTO VELOCI DYNAMIK PRO 200CC, NEGRO",CEDIS CULIACAN,MACROPAY LOS MOCHIS CENTRO,1852,10,3VMA2F117S2351918,1,$17169.27,0,$0,0,0
VELOCI MOTORS,"MOTO VELOCI DYNAMIK PRO 200CC, NEGRO",CEDIS CULIACAN,MACROPAY MAZATLAN CENTRO,1863,10,3VMA2F112T2374668,1,$16701.94,0,$0,0,0
VELOCI MOTORS,"MOTO VELOCI DYNAMIK PRO 200CC, NEGRO",CEDIS CULIACAN,MACROPAY MAZATLAN CENTRO,1863,10,3VMA2F115T2374650,1,$16701.94,0,$0,0,0
VELOCI MOTORS,"MOTO VELOCI DYNAMIK PRO 200CC, NEGRO",CEDIS CULIACAN,MACROPAY MAZATLAN PLAZA ACAYA L7E,1826,10,3VMA2F118S2348042,1,$16383.36,0,$0,0,0
VELOCI MOTORS,"MOTO VELOCI DYNAMIK PRO 200CC, NEGRO",CEDIS GDL,COLIMA PLAZA SAN FERNANDO,1947,10,3VMA2F110T2438982,1,$16809.69,0,$0,0,0
VELOCI MOTORS,"MOTO VELOCI DYNAMIK PRO 200CC, NEGRO",CEDIS GDL,LOMAS DE POLANCO GUADALAJARA,1884,10,3VMA2F116T2438887,1,$16809.69,0,$0,0,0
VELOCI MOTORS,"MOTO VELOCI DYNAMIK PRO 200CC, NEGRO",CEDIS GDL,MACROPAY GDL FIESTA ARBOLEDAS L1,1536,10,3VMA2F115S2357233,1,$17218.44,0,$0,0,0
VELOCI MOTORS,"MOTO VELOCI DYNAMIK PRO 200CC, NEGRO",CEDIS GDL,MACROPAY GDL MOTOS PASEO ALCALDE,1919,10,3VMA2F117T2438865,1,$16809.69,0,$0,0,0
VELOCI MOTORS,"MOTO VELOCI DYNAMIK PRO 200CC, NEGRO",CEDIS GDL,MACROPAY GDL MOTOS PASEO ALCALDE,1919,10,3VMA2F117T2438946,1,$16809.69,0,$0,0,0
VELOCI MOTORS,"MOTO VELOCI DYNAMIK PRO 200CC, NEGRO",CEDIS GDL,MACROPAY TECOMAN ALDAMA 52,1571,10,3VMA2F114S2328399,1,$16193.88,0,$0,0,0
VELOCI MOTORS,"MOTO VELOCI DYNAMIK PRO 200CC, NEGRO",CEDIS GDL,MACROPAY ZAPOPAN AV HIDALGO,1508,,3VMA2F115S2337192,1,$16193.89,0,$0,0,0
VELOCI MOTORS,"MOTO VELOCI DYNAMIK PRO 200CC, NEGRO",CEDIS GDL,MACROPAY ZAPOPAN PLAZA DEL SOL L36,1607,10,3VMA2F11XS2327581,1,$16193.88,0,$0,0,0
VELOCI MOTORS,"MOTO VELOCI DYNAMIK PRO 200CC, NEGRO",CEDIS MID,CEDIS MERIDA PXGL,26,140,3VMA2F111V2458046,1,$17138.55,0,$0,0,0
VELOCI MOTORS,"MOTO VELOCI DYNAMIK PRO 200CC, NEGRO",CEDIS MID,CEDIS MERIDA PXGL,26,140,3VMA2F112V2458024,1,$17138.55,0,$0,0,0
VELOCI MOTORS,"MOTO VELOCI DYNAMIK PRO 200CC, NEGRO",CEDIS MID,MACROPAY BECAL CALLE 30,1058,10,3VMA2F117T2420687,1,$16809.69,0,$0,0,0
VELOCI MOTORS,"MOTO VELOCI DYNAMIK PRO 200CC, NEGRO",CEDIS MID,MACROPAY BECAL CALLE 30,1058,10,3VMA2F119T2421209,1,$16809.69,0,$0,0,0
VELOCI MOTORS,"MOTO VELOCI DYNAMIK PRO 200CC, NEGRO",CEDIS MID,MACROPAY CAMP CALLE 49,1095,10,3VMA2F11XT2438889,1,$16809.69,0,$0,0,0
VELOCI MOTORS,"MOTO VELOCI DYNAMIK PRO 200CC, NEGRO",CEDIS MID,MACROPAY CHAMPOTON CALLE 32,1113,10,3VMA2F114V2458025,1,$17138.55,0,$0,0,0
VELOCI MOTORS,"MOTO VELOCI DYNAMIK PRO 200CC, NEGRO",CEDIS MID,MACROPAY CHT HEROES 2,1122,10,3VMA2F113V2458047,1,$19604.12,0,$0,0,0
VELOCI MOTORS,"MOTO VELOCI DYNAMIK PRO 200CC, NEGRO",CEDIS MID,MACROPAY CHT MOTOS OTHON,1738,10,3VMA2F112V2458010,1,$17025.21,0,$0,0,0
VELOCI MOTORS,"MOTO VELOCI DYNAMIK PRO 200CC, NEGRO",CEDIS MID,MACROPAY CUN CHEDRAUI MUNDO MAYA,1877,10,3VMA2F119V2458053,1,$17138.55,0,$0,0,0
VELOCI MOTORS,"MOTO VELOCI DYNAMIK PRO 200CC, NEGRO",CEDIS MID,MACROPAY CUN CHEDRAUI MUNDO MAYA,1877,10,3VMA2F11XV2458045,1,$17138.55,0,$0,0,0
VELOCI MOTORS,"MOTO VELOCI DYNAMIK PRO 200CC, NEGRO",CEDIS MID,MACROPAY ESCARCEGA J SIERRA MOTOS,1797,10,3VMA2F11XT2421848,1,$16809.69,0,$0,0,0
VELOCI MOTORS,"MOTO VELOCI DYNAMIK PRO 200CC, NEGRO",CEDIS MID,MACROPAY MID CALLE 56,1004,10,3VMA2F115V2458048,1,$17138.55,0,$0,0,0
VELOCI MOTORS,"MOTO VELOCI DYNAMIK PRO 200CC, NEGRO",CEDIS MID,MACROPAY MID CALLE 63,1003,10,3VMA2F119T2438995,1,$16809.69,0,$0,0,0
VELOCI MOTORS,"MOTO VELOCI DYNAMIK PRO 200CC, NEGRO",CEDIS MID,MACROPAY MID CALLE NUEVA,1019,10,3VMA2F119V2458022,1,$17025.21,0,$0,0,0
VELOCI MOTORS,"MOTO VELOCI DYNAMIK PRO 200CC, NEGRO",CEDIS MID,MACROPAY PETO CALLE 31,1093,10,3VMA2F11XT2438925,1,$16809.69,0,$0,0,0
VELOCI MOTORS,"MOTO VELOCI DYNAMIK PRO 200CC, NEGRO",CEDIS MID,MACROPAY PLAYA AV JUAREZ PLUS,1909,10,3VMA2F11XV2458031,1,$17025.21,0,$0,0,0
VELOCI MOTORS,"MOTO VELOCI DYNAMIK PRO 200CC, NEGRO",CEDIS MID,MACROPAY PROGRESO XCARET,1038,10,3VMA2F113V2458002,1,$17025.21,0,$0,0,0
VELOCI MOTORS,"MOTO VELOCI DYNAMIK PRO 200CC, NEGRO",CEDIS MID,MACROPAY TEMOZON ORIENTE,1051,10,3VMA2F116V2458026,1,$17025.21,0,$0,0,0
VELOCI MOTORS,"MOTO VELOCI DYNAMIK PRO 200CC, NEGRO",CEDIS MID,MACROPAY TICUL CALLE 28,1085,10,3VMA2F113V2458033,1,$17025.21,0,$0,0,0
VELOCI MOTORS,"MOTO VELOCI DYNAMIK PRO 200CC, NEGRO",CEDIS MID,MACROPAY TULUM ARRICE MOTOS,1844,10,3VMA2F116V2458043,1,$17025.21,0,$0,0,0
VELOCI MOTORS,"MOTO VELOCI DYNAMIK PRO 200CC, NEGRO",CEDIS MID,MACROPAY TULUM CHEDRAUI L01 PLUS,1916,10,3VMA2F114S2374217,1,$16549.47,0,$0,0,0
VELOCI MOTORS,"MOTO VELOCI DYNAMIK PRO 200CC, NEGRO",CEDIS MID,MACROPAY UMAN CENTRO,1928,10,3VMA2F117V2458052,1,$17025.21,0,$0,0,0
VELOCI MOTORS,"MOTO VELOCI DYNAMIK PRO 200CC, NEGRO",CEDIS MID,MACROPAY VALLADOLID MOTOS CALLE 39,1748,10,3VMA2F119S2373967,1,$16347.42,0,$0,0,0
VELOCI MOTORS,"MOTO VELOCI DYNAMIK PRO 200CC, NEGRO",CEDIS MID,MACROPAY VALLADOLID MOTOS CALLE 39,1748,10,3VMA2F11XS2352271,1,$16347.42,0,$0,0,0
VELOCI MOTORS,"MOTO VELOCI DYNAMIK PRO 200CC, NEGRO",CEDIS SALTILLO,CEDIS SALTILLO,29,140,3VMA2F112T2435694,1,$16809.69,0,$0,0,0
VELOCI MOTORS,"MOTO VELOCI DYNAMIK PRO 200CC, NEGRO",CEDIS SALTILLO,CEDIS SALTILLO,29,140,3VMA2F118T2420634,1,$16809.69,0,$0,0,0
VELOCI MOTORS,"MOTO VELOCI DYNAMIK PRO 200CC, NEGRO",CEDIS SALTILLO,CEDIS SALTILLO,29,140,3VMA2F11XT2420649,1,$16809.69,0,$0,0,0
VELOCI MOTORS,"MOTO VELOCI DYNAMIK PRO 200CC, NEGRO",CEDIS SALTILLO,CIUDAD VICTORIA CENTRO,1944,10,3VMA2F110T2435693,1,$16809.69,0,$0,0,0
VELOCI MOTORS,"MOTO VELOCI DYNAMIK PRO 200CC, NEGRO",CEDIS SALTILLO,DELICIAS CHIHUAHUA CENTRO,1946,10,3VMA2F11XT2438438,1,$16809.69,0,$0,0,0
VELOCI MOTORS,"MOTO VELOCI DYNAMIK PRO 200CC, NEGRO",CEDIS SALTILLO,MACROPAY MATAMOROS PATIO L25C,1927,10,3VMA2F113T2421335,1,$16809.69,0,$0,0,0
VELOCI MOTORS,"MOTO VELOCI DYNAMIK PRO 200CC, NEGRO",CEDIS SALTILLO,MACROPAY MTY CENTRO SANTIAGO TAPIA,1874,10,3VMA2F111S2357360,1,$16421.47,0,$0,0,0
VELOCI MOTORS,"MOTO VELOCI DYNAMIK PRO 200CC, NEGRO",CEDIS SALTILLO,MACROPAY NUEVO LEON LINARES CENTRO,1729,10,3VMA2F111T2421320,1,$16809.69,0,$0,0,0
VELOCI MOTORS,"MOTO VELOCI DYNAMIK PRO 200CC, NEGRO",CEDIS SALTILLO,MACROPAY RIO BRAVO MI TIENDA DEL AHORRO,1635,10,3VMA2F11XT2435703,1,$16809.69,0,$0,0,0
VELOCI MOTORS,"MOTO VELOCI DYNAMIK PRO 200CC, NEGRO",CEDIS SALTILLO,MACROPAY SABINAS CENTRO,1938,10,3VMA2F119T2438432,1,$16809.69,0,$0,0,0
VELOCI MOTORS,"MOTO VELOCI DYNAMIK PRO 200CC, NEGRO",CEDIS SALTILLO,MACROPAY SALTILLO SENDERO SUR LE7-9,1923,10,3VMA2F119T2421324,1,$16809.69,0,$0,0,0
VELOCI MOTORS,"MOTO VELOCI DYNAMIK PRO 200CC, NEGRO",CEDIS SALTILLO,MACROPAY SAN PEDRO COAHUILA CENTRO,1859,10,3VMA2F113S2357487,1,$17218.45,0,$0,0,0
VELOCI MOTORS,"MOTO VELOCI DYNAMIK PRO 200CC, NEGRO",CEDIS SALTILLO,MACROPAY TORREON CENTRO,1772,10,3VMA2F110T2421311,1,$16809.69,0,$0,0,0
VELOCI MOTORS,"MOTO VELOCI DYNAMIK PRO 200CC, NEGRO",CEDIS SALTILLO,MACROPAY TORREON SORIANA INDEPEND L8,1719,10,3VMA2F114S2334946,1,$16193.88,0,$0,0,0
VELOCI MOTORS,"MOTO VELOCI DYNAMIK PRO 200CC, NEGRO",CEDIS SALTILLO,MACROPAY TORREON SORIANA INDEPEND L8,1719,10,3VMA2F11XS2334949,1,$16193.88,0,$0,0,0
VELOCI MOTORS,"MOTO VELOCI DYNAMIK PRO 200CC, NEGRO",CEDIS SALTILLO,PARRAL CHIHUAHUA CENTRO,1945,10,3VMA2F117T2435822,1,$16809.69,0,$0,0,0
VELOCI MOTORS,"MOTO VELOCI DYNAMIK PRO 200CC, NEGRO",CEDIS SALTILLO,PATIO ZARAGOZA CD JUAREZ,1931,10,3VMA2F110S2373887,1,$16809.69,0,$0,0,0
VELOCI MOTORS,"MOTO VELOCI DYNAMIK PRO 200CC, NEGRO",CEDIS SAN LUIS,CD MANTE CENTRO,1888,10,3VMA2F117S2357072,1,$16379.98,0,$0,0,0
VELOCI MOTORS,"MOTO VELOCI DYNAMIK PRO 200CC, NEGRO",CEDIS SAN LUIS,CEDIS SAN LUIS,27,140,3VMA2F115V2458101,1,$16800.11,0,$0,0,0
VELOCI MOTORS,"MOTO VELOCI DYNAMIK PRO 200CC, NEGRO",CEDIS SAN LUIS,MACROPAY CD MADERO CENTRO 1RO DE MAYO,1756,10,3VMA2F111T2421351,1,$16780.95,0,$0,0,0
VELOCI MOTORS,"MOTO VELOCI DYNAMIK PRO 200CC, NEGRO",CEDIS SAN LUIS,MACROPAY LEON VIA ALTA L1043,1765,10,3VMA2F110S2357057,1,$16378.67,0,$0,0,0
VELOCI MOTORS,"MOTO VELOCI DYNAMIK PRO 200CC, NEGRO",CEDIS SAN LUIS,MACROPAY SAN LUIS DE LA PAZ CENTRO,1855,10,3VMA2F110T2421809,1,$16780.96,0,$0,0,0
VELOCI MOTORS,"MOTO VELOCI DYNAMIK PRO 200CC, NEGRO",CEDIS SAN LUIS,MACROPAY SAN LUIS DE LA PAZ CENTRO,1855,10,3VMA2F116T2374351,1,$16780.96,0,$0,0,0
VELOCI MOTORS,"MOTO VELOCI DYNAMIK PRO 200CC, NEGRO",CEDIS SAN LUIS,MACROPAY TAMPICO CENTRO ADUANA,1753,10,3VMA2F115S2351447,1,$16800.11,0,$0,0,0
VELOCI MOTORS,"MOTO VELOCI DYNAMIK PRO 200CC, NEGRO",CEDIS SAN LUIS,MACROPAY TAMPICO CENTRO LOPEZ DE LARA,1775,10,3VMA2F111S2351588,1,$16679.05,0,$0,0,0
VELOCI MOTORS,"MOTO VELOCI DYNAMIK PRO 200CC, NEGRO",CEDIS TAB PXGL,CEDIS MACROPAY TABASCO PXGL,14,140,3VMA2F113V2458176,1,$16809.69,0,$0,0,0
VELOCI MOTORS,"MOTO VELOCI DYNAMIK PRO 200CC, NEGRO",CEDIS TAB PXGL,MACROPAY ACAYUACAN LA PALMA L 19A,1214,10,3VMA2F115V2446658,1,$17025.21,0,$0,0,0
VELOCI MOTORS,"MOTO VELOCI DYNAMIK PRO 200CC, NEGRO",CEDIS TAB PXGL,MACROPAY ACAYUCAN CENTRO,1789,10,3VMA2F11XV2446770,1,$17025.21,0,$0,0,0
VELOCI MOTORS,"MOTO VELOCI DYNAMIK PRO 200CC, NEGRO",CEDIS TAB PXGL,MACROPAY CARDENAS BANCO,1089,10,3VMA2F113T2435770,1,$16809.69,0,$0,0,0
VELOCI MOTORS,"MOTO VELOCI DYNAMIK PRO 200CC, NEGRO",CEDIS TAB PXGL,MACROPAY CARDENAS CENTRAL,1743,10,3VMA2F116S2374252,1,$16378.67,0,$0,0,0
VELOCI MOTORS,"MOTO VELOCI DYNAMIK PRO 200CC, NEGRO",CEDIS TAB PXGL,MACROPAY CD DEL CARMEN CALLE 22,1773,10,3VMA2F110T2435774,1,$16809.69,0,$0,0,0
VELOCI MOTORS,"MOTO VELOCI DYNAMIK PRO 200CC, NEGRO",CEDIS TAB PXGL,MACROPAY CD. DEL CARMEN CALLE 33,1171,10,3VMA2F112S2374152,1,$16378.65,0,$0,0,0
VELOCI MOTORS,"MOTO VELOCI DYNAMIK PRO 200CC, NEGRO",CEDIS TAB PXGL,MACROPAY COATZACOALCOS JUAREZ MOTOS,1796,10,3VMA2F110T2435726,1,$16827.76,0,$0,0,0
VELOCI MOTORS,"MOTO VELOCI DYNAMIK PRO 200CC, NEGRO",CEDIS TAB PXGL,MACROPAY COATZACOALCOS JUAREZ MOTOS,1796,10,3VMA2F114T2435731,1,$16827.76,0,$0,0,0
VELOCI MOTORS,"MOTO VELOCI DYNAMIK PRO 200CC, NEGRO",CEDIS TAB PXGL,MACROPAY COMITAN SUR ORIENTE,1105,10,3VMA2F117T2421273,1,$16809.69,0,$0,0,0
VELOCI MOTORS,"MOTO VELOCI DYNAMIK PRO 200CC, NEGRO",CEDIS TAB PXGL,MACROPAY COSAMALOAPAN OCAMPO,1241,10,3VMA2F117S2373949,1,$16378.66,0,$0,0,0
VELOCI MOTORS,"MOTO VELOCI DYNAMIK PRO 200CC, NEGRO",CEDIS TAB PXGL,MACROPAY CUNDUACAN CENTRAL,1125,10,3VMA2F112V2446665,1,$17025.21,0,$0,0,0
VELOCI MOTORS,"MOTO VELOCI DYNAMIK PRO 200CC, NEGRO",CEDIS TAB PXGL,MACROPAY ESCUINTLA SERVIPLAZA L5,1183,10,3VMA2F118S2374043,1,$16378.66,0,$0,0,0
VELOCI MOTORS,"MOTO VELOCI DYNAMIK PRO 200CC, NEGRO",CEDIS TAB PXGL,MACROPAY FRONTERA JUAREZ,1117,10,3VMA2F110V2458149,1,$16809.69,0,$0,0,0
VELOCI MOTORS,"MOTO VELOCI DYNAMIK PRO 200CC, NEGRO",CEDIS TAB PXGL,MACROPAY HUIMANGUILLO BENITO JUAREZ,1699,10,3VMA2F116S2351571,1,$16378.66,0,$0,0,0
VELOCI MOTORS,"MOTO VELOCI DYNAMIK PRO 200CC, NEGRO",CEDIS TAB PXGL,MACROPAY MACUSPANA MOTOS,1901,10,3VMA2F115V2446577,1,$17025.21,0,$0,0,0
VELOCI MOTORS,"MOTO VELOCI DYNAMIK PRO 200CC, NEGRO",CEDIS TAB PXGL,MACROPAY MAPASTEPEC FCO SARABIA,1420,10,3VMA2F114S2374024,1,$16378.66,0,$0,0,0
VELOCI MOTORS,"MOTO VELOCI DYNAMIK PRO 200CC, NEGRO",CEDIS TAB PXGL,MACROPAY MATIAS ROMERO MOTOS CENTRO,1868,10,3VMA2F113S2357196,1,$16980.62,0,$0,0,0
VELOCI MOTORS,"MOTO VELOCI DYNAMIK PRO 200CC, NEGRO",CEDIS TAB PXGL,MACROPAY MINATITLAN MIGUEL HID MOTOS,1827,10,3VMA2F111S2374028,1,$16723.80,0,$0,0,0
VELOCI MOTORS,"MOTO VELOCI DYNAMIK PRO 200CC, NEGRO",CEDIS TAB PXGL,MACROPAY PARAISO CENTRO,1819,10,3VMA2F11XV2458160,1,$16809.69,0,$0,0,0
VELOCI MOTORS,"MOTO VELOCI DYNAMIK PRO 200CC, NEGRO",CEDIS TAB PXGL,MACROPAY PICHUCALCO ZARAGOZA,1276,10,3VMA2F113S2348000,1,$17166.74,0,$0,0,0
VELOCI MOTORS,"MOTO VELOCI DYNAMIK PRO 200CC, NEGRO",CEDIS TAB PXGL,MACROPAY PIJIJIAPAN SEGUNDA NTE,1182,10,3VMA2F110V2446650,1,$17025.21,0,$0,0,0
VELOCI MOTORS,"MOTO VELOCI DYNAMIK PRO 200CC, NEGRO",CEDIS TAB PXGL,MACROPAY TEAPA GREGORIO,1124,10,3VMA2F112S2351597,1,$16777.13,0,$0,0,0
VELOCI MOTORS,"MOTO VELOCI DYNAMIK PRO 200CC, NEGRO",CEDIS TAB PXGL,MACROPAY TUX MOTOS NOVENA SUR,1875,10,3VMA2F112V2458167,1,$16809.69,0,$0,0,0
VELOCI MOTORS,"MOTO VELOCI DYNAMIK PRO 200CC, NEGRO",CEDIS TAB PXGL,MACROPAY TUX NOVENA SUR,1323,10,3VMA2F112V2446651,1,$17025.21,0,$0,0,0
VELOCI MOTORS,"MOTO VELOCI DYNAMIK PRO 200CC, NEGRO",CEDIS TAB PXGL,MACROPAY VER SAN ANDRES MOTOS,1798,10,3VMA2F112V2458105,1,$16809.69,0,$0,0,0
VELOCI MOTORS,"MOTO VELOCI DYNAMIK PRO 200CC, NEGRO",CEDIS TAB PXGL,MACROPAY VER SAN ANDRES MOTOS,1798,10,3VMA2F119V2458148,1,$16809.69,0,$0,0,0
VELOCI MOTORS,"MOTO VELOCI DYNAMIK PRO 200CC, NEGRO",CEDIS TAB PXGL,MACROPAY VERACRUZ CD ISLA RAUL SANDOVAL,1760,10,3VMA2F119V2458165,1,$16809.69,0,$0,0,0
VELOCI MOTORS,"MOTO VELOCI DYNAMIK PRO 200CC, NEGRO",CEDIS TAB PXGL,MACROPAY VILLA AV FRANCISCO,1249,10,3VMA2F117S2374244,1,$16378.66,0,$0,0,0
VELOCI MOTORS,"MOTO VELOCI DYNAMIK PRO 200CC, NEGRO",CEDIS TAB PXGL,MACROPAY VILLA LERDO DE TEJADA 2 316,1768,10,3VMA2F111V2458175,1,$16809.69,0,$0,0,0
VELOCI MOTORS,"MOTO VELOCI DYNAMIK PRO 200CC, NEGRO",PROVEEDOR,MACROPAY MISION SOLER TIJUANA,1824,10,3VMA2F11XT2421798,1,$16809.69,0,$0,0,0
VELOCI MOTORS,"MOTO VELOCI DYNAMIK PRO 200CC, NEGRO",PROVEEDOR,MACROPAY ROSARITO ESCENICA,1357,10,3VMA2F114T2421392,1,$16809.69,0,$0,0,0
VELOCI MOTORS,"MOTO VELOCI HAMMER STX EVO 150CC, GRIS",CEDIS CDMX,MACROPAY EZEQUIEL MONTES CENTRO,1903,10,3VMC2EF18V2462607,1,$23274.79,0,$0,0,0
VELOCI MOTORS,"MOTO VELOCI NOVAK EVO SPORT 150CC, VERDE",CEDIS CDMX,CE. LOG. PXGL,21,140,3VMA2EG02T2442430,1,$16702.50,0,$0,0,0
VELOCI MOTORS,"MOTO VELOCI NOVAK EVO SPORT 150CC, VERDE",CEDIS CDMX,IGUALA PLUS CENTRO,1940,10,3VMA2EG05T2442633,1,$16654.07,0,$0,0,0
VELOCI MOTORS,"MOTO VELOCI NOVAK EVO SPORT 150CC, VERDE",CEDIS CDMX,MACROPAY CIUDAD CARDEL CENTRO,1906,10,3VMA2EG01T2412402,1,$16614.44,0,$0,0,0
VELOCI MOTORS,"MOTO VELOCI NOVAK EVO SPORT 150CC, VERDE",CEDIS CDMX,MACROPAY CIUDAD CARDEL CENTRO,1906,10,3VMA2EG02T2412389,1,$16614.44,0,$0,0,0
VELOCI MOTORS,"MOTO VELOCI NOVAK EVO SPORT 150CC, VERDE",CEDIS CDMX,MACROPAY CIUDAD CARDEL CENTRO,1906,10,3VMA2EG06T2412380,1,$16614.44,0,$0,0,0
VELOCI MOTORS,"MOTO VELOCI NOVAK EVO SPORT 150CC, VERDE",CEDIS CDMX,MACROPAY CUAU DE ROMERO PLAZA LD02,1306,10,3VMA2EG03T2412398,1,$16702.50,0,$0,0,0
VELOCI MOTORS,"MOTO VELOCI NOVAK EVO SPORT 150CC, VERDE",CEDIS CDMX,MACROPAY HGO CUAUTEPEC CENTRO,1795,10,3VMA2EG05T2412435,1,$16594.62,0,$0,0,0
VELOCI MOTORS,"MOTO VELOCI NOVAK EVO SPORT 150CC, VERDE",CEDIS CDMX,MACROPAY JIUTEPEC CUAUHNAHUAC,1869,10,3VMA2EG08T2442416,1,$16594.62,0,$0,0,0
VELOCI MOTORS,"MOTO VELOCI NOVAK EVO SPORT 150CC, VERDE",CEDIS CDMX,MACROPAY LOS REYES CENTRO TEPOZAN LC24,1783,10,3VMA2EG08T2412381,1,$16654.07,0,$0,0,0
VELOCI MOTORS,"MOTO VELOCI NOVAK EVO SPORT 150CC, VERDE",CEDIS CDMX,MACROPAY OAX ALDAMA,1153,10,3VMA2EG09T2412440,1,$16594.62,0,$0,0,0
VELOCI MOTORS,"MOTO VELOCI NOVAK EVO SPORT 150CC, VERDE",CEDIS CDMX,MACROPAY TEHUACAN 5 SUR,1138,10,3VMA2EG03V2461104,1,$16702.50,0,$0,0,0
VELOCI MOTORS,"MOTO VELOCI NOVAK EVO SPORT 150CC, VERDE",CEDIS CDMX,MACROPAY TEHUACAN 5 SUR,1138,10,3VMA2EG09T2442618,1,$16702.50,0,$0,0,0
VELOCI MOTORS,"MOTO VELOCI NOVAK EVO SPORT 150CC, VERDE",CEDIS CDMX,MACROPAY TEPEAPULCO AV MORELOS,1284,10,3VMA2EG02T2412411,1,$16654.07,0,$0,0,0
VELOCI MOTORS,"MOTO VELOCI NOVAK EVO SPORT 150CC, VERDE",CEDIS CDMX,MACROPAY TOLUCA HIDALGO MOTOS,1747,10,3VMA2EG03T2442436,1,$16594.62,0,$0,0,0
VELOCI MOTORS,"MOTO VELOCI NOVAK EVO SPORT 150CC, VERDE",CEDIS CDMX,MACROPAY TULANCINGO 21 DE MARZO,1716,10,3VMA2EG05T2412418,1,$16654.07,0,$0,0,0
VELOCI MOTORS,"MOTO VELOCI NOVAK EVO SPORT 150CC, VERDE",CEDIS CDMX,MACROPAY TUXPAN CENTRO JUAREZ,1831,10,3VMA2EG09T2412406,1,$16594.62,0,$0,0,0
VELOCI MOTORS,"MOTO VELOCI NOVAK EVO SPORT 150CC, VERDE",CEDIS CDMX,MACROPAY TUXPAN MERCADO,1261,10,3VMA2EG0XT2412382,1,$16594.62,0,$0,0,0
VELOCI MOTORS,"MOTO VELOCI NOVAK EVO SPORT 150CC, VERDE",CEDIS CDMX,MACROPAY VER CENTRO HIDALGO,1883,10,3VMA2EG0XT2412429,1,$16594.62,0,$0,0,0
VELOCI MOTORS,"MOTO VELOCI NOVAK EVO SPORT 150CC, VERDE",CEDIS CDMX,MACROPAY VER CENTRO INDEPENDENCIA,1897,10,3VMA2EG07T2412386,1,$16594.62,0,$0,0,0
VELOCI MOTORS,"MOTO VELOCI NOVAK EVO SPORT 150CC, VERDE",CEDIS CDMX,MACROPAY VER CENTRO INDEPENDENCIA,1897,10,3VMA2EG08T2412428,1,$16594.62,0,$0,0,0
VELOCI MOTORS,"MOTO VELOCI NOVAK EVO SPORT 150CC, VERDE",CEDIS CDMX,MACROPAY VERACRUZ AV MATAMOROS NORTE,1721,10,3VMA2EG08T2412378,1,$16594.62,0,$0,0,0
VELOCI MOTORS,"MOTO VELOCI NOVAK EVO SPORT 150CC, VERDE",CEDIS CDMX,PLAZA CHILPANCINGO,1889,10,3VMA2EG02T2412408,1,$16594.62,0,$0,0,0
VELOCI MOTORS,"MOTO VELOCI NOVAK EVO SPORT 150CC, VERDE",CEDIS CULIACAN,MACROPAY GUAYMAS CENTRO 112,1882,10,3VMA2EG00T2412410,1,$16594.62,0,$0,0,0
VELOCI MOTORS,"MOTO VELOCI NOVAK EVO SPORT 150CC, VERDE",CEDIS CULIACAN,MACROPAY LA PAZ 16 DE SEPTIEMBRE,1730,10,3VMA2EG04T2412393,1,$16594.62,0,$0,0,0
VELOCI MOTORS,"MOTO VELOCI NOVAK EVO SPORT 150CC, VERDE",CEDIS GDL,CEDIS MACROPAY GUADALAJARA,25,140,3VMA2EG01T2442578,1,$16594.62,0,$0,0,0
VELOCI MOTORS,"MOTO VELOCI NOVAK EVO SPORT 150CC, VERDE",CEDIS GDL,CEDIS MACROPAY GUADALAJARA,25,140,3VMA2EG08T2412445,1,$16594.62,0,$0,0,0
VELOCI MOTORS,"MOTO VELOCI NOVAK EVO SPORT 150CC, VERDE",CEDIS GDL,MACROPAY APATZINGAN CENTRO ANDRADE,1832,10,3VMA2EG07T2442584,1,$16594.62,0,$0,0,0
VELOCI MOTORS,"MOTO VELOCI NOVAK EVO SPORT 150CC, VERDE",CEDIS GDL,MACROPAY APATZINGAN CENTRO CATEDRAL,1834,10,3VMA2EG00T2442572,1,$16594.62,0,$0,0,0
VELOCI MOTORS,"MOTO VELOCI NOVAK EVO SPORT 150CC, VERDE",CEDIS GDL,MACROPAY COLIMA CENTRO MADERO,1932,10,3VMA2EG02T2442525,1,$16594.62,0,$0,0,0
VELOCI MOTORS,"MOTO VELOCI NOVAK EVO SPORT 150CC, VERDE",CEDIS GDL,MACROPAY LA PIEDAD CENTRO,1804,10,3VMA2EG05T2412421,1,$16594.62,0,$0,0,0
VELOCI MOTORS,"MOTO VELOCI NOVAK EVO SPORT 150CC, VERDE",CEDIS MID,MACROPAY CHEMAX CALLE 21,1044,10,3VMA2EG08T2442402,1,$16594.62,0,$0,0,0
VELOCI MOTORS,"MOTO VELOCI NOVAK EVO SPORT 150CC, VERDE",CEDIS MID,MACROPAY CHT PLAZA BAHIA,1030,10,3VMA2EG00T2442412,1,$16594.62,0,$0,0,0
VELOCI MOTORS,"MOTO VELOCI NOVAK EVO SPORT 150CC, VERDE",CEDIS MID,MACROPAY CUN PLAZA HEROES MOTOS,1752,10,3VMA2EG05T2412466,1,$16594.62,0,$0,0,0
VELOCI MOTORS,"MOTO VELOCI NOVAK EVO SPORT 150CC, VERDE",CEDIS MID,MACROPAY ESCARCEGA JUSTO SIERRA,1111,10,3VMA2EG08T2412462,1,$16594.62,0,$0,0,0
VELOCI MOTORS,"MOTO VELOCI NOVAK EVO SPORT 150CC, VERDE",CEDIS MID,MACROPAY MID GRAN SANTA FE L24A,1116,10,3VMA2EG09T2442599,1,$16594.62,0,$0,0,0
VELOCI MOTORS,"MOTO VELOCI NOVAK EVO SPORT 150CC, VERDE",CEDIS MID,MACROPAY MID MICHOACANA,1016,10,3VMA2EG08T2442559,1,$16594.62,0,$0,0,0
VELOCI MOTORS,"MOTO VELOCI NOVAK EVO SPORT 150CC, VERDE",CEDIS MID,MACROPAY PETO CALLE 31,1093,10,3VMA2EG04T2442557,1,$16594.62,0,$0,0,0
VELOCI MOTORS,"MOTO VELOCI NOVAK EVO SPORT 150CC, VERDE",CEDIS MID,MACROPAY TULUM ARRICE MOTOS,1844,10,3VMA2EG0XT2412446,1,$16594.62,0,$0,0,0
VELOCI MOTORS,"MOTO VELOCI NOVAK EVO SPORT 150CC, VERDE",CEDIS MID,MACROPAY VALLADOLID MOTOS CALLE 39,1748,10,3VMA2EG03T2442520,1,$16594.62,0,$0,0,0
VELOCI MOTORS,"MOTO VELOCI NOVAK EVO SPORT 150CC, VERDE",CEDIS SALTILLO,CEDIS SALTILLO,29,140,3VMA2EG0XT2412480,1,$16594.62,0,$0,0,0
VELOCI MOTORS,"MOTO VELOCI NOVAK EVO SPORT 150CC, VERDE",CEDIS SALTILLO,CIUDAD VICTORIA CENTRO,1944,10,3VMA2EG02T2412442,1,$16594.62,0,$0,0,0
VELOCI MOTORS,"MOTO VELOCI NOVAK EVO SPORT 150CC, VERDE",CEDIS SALTILLO,DELICIAS CHIHUAHUA CENTRO,1946,10,3VMA2EG00T2412438,1,$16594.62,0,$0,0,0
VELOCI MOTORS,"MOTO VELOCI NOVAK EVO SPORT 150CC, VERDE",CEDIS SALTILLO,MACROPAY MATAMOROS CENTRO ABASOLO,1904,10,3VMA2EG04T2412409,1,$16594.62,0,$0,0,0
VELOCI MOTORS,"MOTO VELOCI NOVAK EVO SPORT 150CC, VERDE",CEDIS SALTILLO,MACROPAY STA CATARINA SENDERO LC08,1924,10,3VMA2EG08T2412459,1,$16594.62,0,$0,0,0
VELOCI MOTORS,"MOTO VELOCI NOVAK EVO SPORT 150CC, VERDE",CEDIS SALTILLO,PARRAL CHIHUAHUA CENTRO,1945,10,3VMA2EG04T2412460,1,$16594.62,0,$0,0,0
VELOCI MOTORS,"MOTO VELOCI NOVAK EVO SPORT 150CC, VERDE",CEDIS TAB PXGL,MACROPAY CARDENAS PORTALES CENTRO,1802,10,3VMA2EG01T2442497,1,$16594.62,0,$0,0,0
VELOCI MOTORS,"MOTO VELOCI NOVAK EVO SPORT 150CC, VERDE",CEDIS TAB PXGL,MACROPAY CD DEL CARMEN ZENTRALIA,1064,10,3VMA2EG07T2412436,1,$16594.62,0,$0,0,0
VELOCI MOTORS,"MOTO VELOCI NOVAK EVO SPORT 150CC, VERDE",CEDIS TAB PXGL,MACROPAY CD. DEL CARMEN CALLE 33,1171,10,3VMA2EG06T2412475,1,$16594.62,0,$0,0,0
VELOCI MOTORS,"MOTO VELOCI NOVAK EVO SPORT 150CC, VERDE",CEDIS TAB PXGL,MACROPAY COMITAN SUR ORIENTE,1105,10,3VMA2EG07T2412470,1,$16594.62,0,$0,0,0
VELOCI MOTORS,"MOTO VELOCI NOVAK EVO SPORT 150CC, VERDE",CEDIS TAB PXGL,MACROPAY COSAMALOAPAN HIDALGO,1715,10,3VMA2EG00T2412262,1,$16594.62,0,$0,0,0
VELOCI MOTORS,"MOTO VELOCI NOVAK EVO SPORT 150CC, VERDE",CEDIS TAB PXGL,MACROPAY PICHUCALCO ZARAGOZA,1276,10,3VMA2EG08T2412395,1,$16594.62,0,$0,0,0
VELOCI MOTORS,"MOTO VELOCI NOVAK EVO SPORT 150CC, VERDE",CEDIS TAB PXGL,MACROPAY VILLA LERDO DE TEJADA 2 316,1768,10,3VMA2EG01T2412478,1,$16868.26,0,$0,0,0
VELOCI MOTORS,"MOTO VELOCI NOVAK EVO SPORT 150CC, VERDE",CEDIS TAB PXGL,MACROPAY VILLA LERDO DE TEJADA 2 316,1768,10,3VMA2EG05V2461119,1,$16868.26,0,$0,0,0
VELOCI MOTORS,"MOTO VELOCI NOVAK EVO SPORT 150CC, VERDE",PROVEEDOR,ENSENADA CENTRO GASTELUM,1949,10,3VMA2EG05T2442406,1,$16774.22,0,$0,0,0
VELOCI MOTORS,"MOTO VELOCI NOVAK EVO SPORT 150CC, VERDE",PROVEEDOR,ENSENADA CENTRO GASTELUM,1949,10,3VMA2EG06T2442382,1,$16774.22,0,$0,0,0
VELOCI MOTORS,"MOTO VELOCI NOVAK EVO SPORT 150CC, VERDE",PROVEEDOR,MACROPAY TIJ PLAZA LOS OLIVOS L10,1899,10,3VMA2EG00T2442393,1,$16774.22,0,$0,0,0
VELOCI MOTORS,"MOTO VELOCI RAZZER 300CC, ROJO",CEDIS CULIACAN,MACROPAY CD OBREGON CENTRO,1891,10,3VMA3KK01T2384779,1,$29783.69,0,$0,0,0
VELOCI MOTORS,"MOTO VELOCI RAZZER 300CC, ROJO",CEDIS GDL,MACROPAY URUAPAN CENTRO,1816,10,3VMA3KK05T2369315,1,$29783.69,0,$0,0,0
VELOCI MOTORS,"MOTO VELOCI RAZZER 300CC, ROJO",CEDIS SAN LUIS,MACROPAY CENTRO HNOS ALDAMA,1817,10,3VMA3KK08T2369275,1,$29783.69,0,$0,0,0
VELOCI MOTORS,"MOTO VELOCI RAZZER GTR 220CC, ROJO",CEDIS CDMX,CE. LOG. PXGL,21,140,3VMA2M3L0V2444383,1,$21938.88,0,$0,0,0
VELOCI MOTORS,"MOTO VELOCI RAZZER GTR 220CC, ROJO",CEDIS CDMX,IGUALA PLUS CENTRO,1940,10,3VMA2M3L3V2444457,1,$21943.20,0,$0,0,0
VELOCI MOTORS,"MOTO VELOCI RAZZER GTR 220CC, ROJO",CEDIS CDMX,MACROPAY ACAPULCO JESUS CARRANZA,1761,10,3VMA2M3LXT2416149,1,$21918.37,0,$0,0,0
VELOCI MOTORS,"MOTO VELOCI RAZZER GTR 220CC, ROJO",CEDIS CDMX,MACROPAY ALAMO CENTRO,1870,10,3VMA2M3L4T2380605,1,$21789.07,0,$0,0,0
VELOCI MOTORS,"MOTO VELOCI RAZZER GTR 220CC, ROJO",CEDIS CDMX,MACROPAY AMOZOC 5 ORIENTE,1189,10,3VMA2M3L0T2416290,1,$21927.62,0,$0,0,0
VELOCI MOTORS,"MOTO VELOCI RAZZER GTR 220CC, ROJO",CEDIS CDMX,MACROPAY APIZACO SORIANA L4,1236,10,3VMA2M3L5T2406001,1,$21916.69,0,$0,0,0
VELOCI MOTORS,"MOTO VELOCI RAZZER GTR 220CC, ROJO",CEDIS CDMX,MACROPAY ATLIXCO MORALEDA,1275,10,3VMA2M3L6T2406086,1,$21882.69,0,$0,0,0
VELOCI MOTORS,"MOTO VELOCI RAZZER GTR 220CC, ROJO",CEDIS CDMX,MACROPAY ATLIXCO PLAZA 805,1168,10,3VMA2M3L5T2416284,1,$21882.68,0,$0,0,0
VELOCI MOTORS,"MOTO VELOCI RAZZER GTR 220CC, ROJO",CEDIS CDMX,MACROPAY ATOTONILCO JUAREZ,1247,10,3VMA2M3L3V2444460,1,$21938.88,0,$0,0,0
VELOCI MOTORS,"MOTO VELOCI RAZZER GTR 220CC, ROJO",CEDIS CDMX,MACROPAY CDMX COLONIA PORTALES,1735,10,3VMA2M3L7V2444249,1,$21944.33,0,$0,0,0
VELOCI MOTORS,"MOTO VELOCI RAZZER GTR 220CC, ROJO",CEDIS CDMX,MACROPAY CDMX CUAUHTEMOC LE2,1439,10,3VMA2M3L5T2415846,1,$21750.12,0,$0,0,0
VELOCI MOTORS,"MOTO VELOCI RAZZER GTR 220CC, ROJO",CEDIS CDMX,MACROPAY CDMX PARQUE TEPEYAC L204,1780,10,3VMA2M3LXV2444391,1,$21944.33,0,$0,0,0
VELOCI MOTORS,"MOTO VELOCI RAZZER GTR 220CC, ROJO",CEDIS CDMX,MACROPAY CDMX PLAZA EXHIBIMEX L16,1403,10,3VMA2M3L9V2444883,1,$21943.21,0,$0,0,0
VELOCI MOTORS,"MOTO VELOCI RAZZER GTR 220CC, ROJO",CEDIS CDMX,MACROPAY CDMX PLAZA TEPEYAC L55,1845,10,3VMA2M3L1V2444456,1,$21944.33,0,$0,0,0
VELOCI MOTORS,"MOTO VELOCI RAZZER GTR 220CC, ROJO",CEDIS CDMX,MACROPAY CDMX PLAZA TLATELOLCO L N1 18,1720,10,3VMA2M3LXT2405815,1,$21492.30,0,$0,0,0
VELOCI MOTORS,"MOTO VELOCI RAZZER GTR 220CC, ROJO",CEDIS CDMX,MACROPAY CHIAUTEMPAN IGNACIO PICAZO,1469,10,3VMA2M3L6V2424851,1,$22080.72,0,$0,0,0
VELOCI MOTORS,"MOTO VELOCI RAZZER GTR 220CC, ROJO",CEDIS CDMX,MACROPAY CHIAUTEMPAN PICAZO,1206,10,3VMA2M3L8V2424950,1,$22080.72,0,$0,0,0
VELOCI MOTORS,"MOTO VELOCI RAZZER GTR 220CC, ROJO",CEDIS CDMX,MACROPAY CHIMALHUACAN SORIANA PEÑON L1,1566,10,3VMA2M3L1T2405833,1,$21487.71,0,$0,0,0
VELOCI MOTORS,"MOTO VELOCI RAZZER GTR 220CC, ROJO",CEDIS CDMX,MACROPAY CHOLULA AV 4,1156,10,3VMA2M3L7V2424907,1,$21918.37,0,$0,0,0
VELOCI MOTORS,"MOTO VELOCI RAZZER GTR 220CC, ROJO",CEDIS CDMX,MACROPAY CHOLULA EXPLANADA RO14B,1238,10,3VMA2M3L4V2444418,1,$21943.21,0,$0,0,0
VELOCI MOTORS,"MOTO VELOCI RAZZER GTR 220CC, ROJO",CEDIS CDMX,MACROPAY CIUDAD CARDEL CENTRO,1906,10,3VMA2M3L2T2405758,1,$21676.18,0,$0,0,0
VELOCI MOTORS,"MOTO VELOCI RAZZER GTR 220CC, ROJO",CEDIS CDMX,MACROPAY COACALCO COSMOPOL LE125,1407,10,3VMA2M3L9V2444429,1,$21943.21,0,$0,0,0
VELOCI MOTORS,"MOTO VELOCI RAZZER GTR 220CC, ROJO",CEDIS CDMX,MACROPAY COLON HEROES DE LA REV L10,1333,10,3VMA2M3L0T2416094,1,$21585.89,0,$0,0,0
VELOCI MOTORS,"MOTO VELOCI RAZZER GTR 220CC, ROJO",CEDIS CDMX,MACROPAY COYOTEPEC P DE LA CONSTITUCION,1425,10,3VMA2M3L3V2444331,1,$21944.33,0,$0,0,0
VELOCI MOTORS,"MOTO VELOCI RAZZER GTR 220CC, ROJO",CEDIS CDMX,MACROPAY CRUCECITA HUATULCO EL MADERO L6,1266,10,3VMA2M3L0V2424845,1,$22120.78,0,$0,0,0
VELOCI MOTORS,"MOTO VELOCI RAZZER GTR 220CC, ROJO",CEDIS CDMX,MACROPAY CRUCECITA HUATULCO EL MADERO L6,1266,10,3VMA2M3L2T2416307,1,$22120.78,0,$0,0,0
VELOCI MOTORS,"MOTO VELOCI RAZZER GTR 220CC, ROJO",CEDIS CDMX,MACROPAY CUAU CENTRO SAN MIGUEL L15,1303,10,3VMA2M3L7V2444381,1,$21944.33,0,$0,0,0
VELOCI MOTORS,"MOTO VELOCI RAZZER GTR 220CC, ROJO",CEDIS CDMX,MACROPAY CUAU SORIANA TEPALCAPA L1,1533,10,3VMA2M3L7V2444283,1,$21956.24,0,$0,0,0
VELOCI MOTORS,"MOTO VELOCI RAZZER GTR 220CC, ROJO",CEDIS CDMX,MACROPAY ECATEPEC LAS AMERICAS L25D,1304,10,3VMA2M3L1T2380626,1,$22155.47,0,$0,0,0
VELOCI MOTORS,"MOTO VELOCI RAZZER GTR 220CC, ROJO",CEDIS CDMX,MACROPAY ECATEPEC PLAZA L B8,1744,10,3VMA2M3L9T2406101,1,$21916.69,0,$0,0,0
VELOCI MOTORS,"MOTO VELOCI RAZZER GTR 220CC, ROJO",CEDIS CDMX,MACROPAY ECATEPEC PUERTA ARAGON L 21,1726,10,3VMA2M3L1T2405881,1,$22155.40,0,$0,0,0
VELOCI MOTORS,"MOTO VELOCI RAZZER GTR 220CC, ROJO",CEDIS CDMX,MACROPAY EL PUEBLITO CITADINA L30,1480,10,3VMA2M3L8S2338405,1,$21733.55,0,$0,0,0
VELOCI MOTORS,"MOTO VELOCI RAZZER GTR 220CC, ROJO",CEDIS CDMX,MACROPAY EZEQUIEL MONTES CENTRO,1903,10,3VMA2M3L8V2425113,1,$21938.88,0,$0,0,0
VELOCI MOTORS,"MOTO VELOCI RAZZER GTR 220CC, ROJO",CEDIS CDMX,MACROPAY GUTIERREZ ZAMORA CENTRO,1776,10,3VMA2M3L3T2415859,1,$21497.56,0,$0,0,0
VELOCI MOTORS,"MOTO VELOCI RAZZER GTR 220CC, ROJO",CEDIS CDMX,MACROPAY HUAJUAPAN NUYOO,1140,10,3VMA2M3L4V2424847,1,$21955.69,0,$0,0,0
VELOCI MOTORS,"MOTO VELOCI RAZZER GTR 220CC, ROJO",CEDIS CDMX,MACROPAY HUAMANTLA ALLENDE NTE,1514,10,3VMA2M3L4T2405826,1,$21787.82,0,$0,0,0
VELOCI MOTORS,"MOTO VELOCI RAZZER GTR 220CC, ROJO",CEDIS CDMX,MACROPAY HUICHAPAN HIDALGO SAN JOSE,1414,10,3VMA2M3L8V2424902,1,$21938.88,0,$0,0,0
VELOCI MOTORS,"MOTO VELOCI RAZZER GTR 220CC, ROJO",CEDIS CDMX,MACROPAY IXTAPALUCA BUENAVENTURA,1900,10,3VMA2M3LXV2444293,1,$21944.33,0,$0,0,0
VELOCI MOTORS,"MOTO VELOCI RAZZER GTR 220CC, ROJO",CEDIS CDMX,MACROPAY IXTAPALUCA PLAZA,1481,10,3VMA2M3L4V2444287,1,$21944.33,0,$0,0,0
VELOCI MOTORS,"MOTO VELOCI RAZZER GTR 220CC, ROJO",CEDIS CDMX,MACROPAY IZUCAR PLAZA L6,1555,10,3VMA2M3L7T2405769,1,$21704.65,0,$0,0,0
VELOCI MOTORS,"MOTO VELOCI RAZZER GTR 220CC, ROJO",CEDIS CDMX,MACROPAY JILOTEPEC PABELLON L1,1542,10,3VMA2M3L3V2444250,1,$21944.33,0,$0,0,0
VELOCI MOTORS,"MOTO VELOCI RAZZER GTR 220CC, ROJO",CEDIS CDMX,MACROPAY LERMA SORIANA CENTRO L10,1823,10,3VMA2M3L1T2406030,1,$22141.30,0,$0,0,0
VELOCI MOTORS,"MOTO VELOCI RAZZER GTR 220CC, ROJO",CEDIS CDMX,MACROPAY LOS REYES CENTRO TEPOZAN LC24,1783,10,3VMA2M3L1V2425129,1,$22080.73,0,$0,0,0
VELOCI MOTORS,"MOTO VELOCI RAZZER GTR 220CC, ROJO",CEDIS CDMX,MACROPAY NAOLINCO PLAZA MAYOR,1273,10,3VMA2M3L7T2406002,1,$22297.65,0,$0,0,0
VELOCI MOTORS,"MOTO VELOCI RAZZER GTR 220CC, ROJO",CEDIS CDMX,MACROPAY NOCHIXTLAN PROGRESO,1321,10,3VMA2M3L9V2444317,1,$21944.33,0,$0,0,0
VELOCI MOTORS,"MOTO VELOCI RAZZER GTR 220CC, ROJO",CEDIS CDMX,MACROPAY OAX ALDAMA,1153,10,3VMA2M3LXV2444388,1,$21944.33,0,$0,0,0
VELOCI MOTORS,"MOTO VELOCI RAZZER GTR 220CC, ROJO",CEDIS CDMX,MACROPAY OCOTLAN  ALDANA,1128,10,3VMA2M3L9T2421018,1,$21716.56,0,$0,0,0
VELOCI MOTORS,"MOTO VELOCI RAZZER GTR 220CC, ROJO",CEDIS CDMX,MACROPAY ORIZABA MADERO,1204,10,3VMA2M3L8V2444325,1,$21943.21,0,$0,0,0
VELOCI MOTORS,"MOTO VELOCI RAZZER GTR 220CC, ROJO",CEDIS CDMX,MACROPAY ORIZABA NORTE 4 ESQ OTE 3,1881,10,3VMA2M3L1V2444294,1,$21943.21,0,$0,0,0
VELOCI MOTORS,"MOTO VELOCI RAZZER GTR 220CC, ROJO",CEDIS CDMX,MACROPAY ORIZABA NORTE 4 ESQ OTE 3,1881,10,3VMA2M3L2V2444899,1,$21943.21,0,$0,0,0
VELOCI MOTORS,"MOTO VELOCI RAZZER GTR 220CC, ROJO",CEDIS CDMX,MACROPAY PACHUCA PLAZA BELLA L15,1394,10,3VMA2M3L0V2444416,1,$21943.21,0,$0,0,0
VELOCI MOTORS,"MOTO VELOCI RAZZER GTR 220CC, ROJO",CEDIS CDMX,MACROPAY PAPANTLA 5 MAYO 305,1714,10,3VMA2M3L2V2444336,1,$21943.21,0,$0,0,0
VELOCI MOTORS,"MOTO VELOCI RAZZER GTR 220CC, ROJO",CEDIS CDMX,MACROPAY PEROTE HUMBOLDT,1190,10,3VMA2M3L8V2444289,1,$21944.33,0,$0,0,0
VELOCI MOTORS,"MOTO VELOCI RAZZER GTR 220CC, ROJO",CEDIS CDMX,MACROPAY PLAZA COACALCO CHEDRAUI L1,1611,10,3VMA2M3L3T2420950,1,$21922.81,0,$0,0,0
VELOCI MOTORS,"MOTO VELOCI RAZZER GTR 220CC, ROJO",CEDIS CDMX,MACROPAY PUE 11 NORTE,1573,10,3VMA2M3L4T2416292,1,$21912.94,0,$0,0,0
VELOCI MOTORS,"MOTO VELOCI RAZZER GTR 220CC, ROJO",CEDIS CDMX,MACROPAY PUE 2 NORTE,1150,10,3VMA2M3L3T2378702,1,$22369.62,0,$0,0,0
VELOCI MOTORS,"MOTO VELOCI RAZZER GTR 220CC, ROJO",CEDIS CDMX,MACROPAY PUE 5 DE MAYO,1152,10,3VMA2M3LXT2424414,1,$21929.26,0,$0,0,0
VELOCI MOTORS,"MOTO VELOCI RAZZER GTR 220CC, ROJO",CEDIS CDMX,MACROPAY PUE BALCONES DEL SUR L16,1280,10,3VMA2M3L0T2416015,1,$21497.55,0,$0,0,0
VELOCI MOTORS,"MOTO VELOCI RAZZER GTR 220CC, ROJO",CEDIS CDMX,MACROPAY PUE PLAZA PARQUE L51,1647,10,3VMA2M3L7V2425006,1,$22080.72,0,$0,0,0
VELOCI MOTORS,"MOTO VELOCI RAZZER GTR 220CC, ROJO",CEDIS CDMX,MACROPAY PUE VIA AMALUCAN L6,1503,10,3VMA2M3L5V2424906,1,$22011.97,0,$0,0,0
VELOCI MOTORS,"MOTO VELOCI RAZZER GTR 220CC, ROJO",CEDIS CDMX,MACROPAY PUE VIA AMALUCAN L6,1503,10,3VMA2M3L8V2444888,1,$22011.97,0,$0,0,0
VELOCI MOTORS,"MOTO VELOCI RAZZER GTR 220CC, ROJO",CEDIS CDMX,MACROPAY PUEBLA LIBRES CENTRO,1801,10,3VMA2M3L4T2424375,1,$21918.37,0,$0,0,0
VELOCI MOTORS,"MOTO VELOCI RAZZER GTR 220CC, ROJO",CEDIS CDMX,MACROPAY QRO LAS AMERICAS L172,1299,10,3VMA2M3L1T2421112,1,$21585.89,0,$0,0,0
VELOCI MOTORS,"MOTO VELOCI RAZZER GTR 220CC, ROJO",CEDIS CDMX,MACROPAY QRO VERGARA,1438,10,3VMA2M3L8V2444342,1,$21943.21,0,$0,0,0
VELOCI MOTORS,"MOTO VELOCI RAZZER GTR 220CC, ROJO",CEDIS CDMX,MACROPAY QRO WALMART ESFERA,1447,10,3VMA2M3L2T2420986,1,$21637.63,0,$0,0,0
VELOCI MOTORS,"MOTO VELOCI RAZZER GTR 220CC, ROJO",CEDIS CDMX,MACROPAY SAN PABLO DEL MONTE CENTRO,1782,10,3VMA2M3L9V2424889,1,$21938.88,0,$0,0,0
VELOCI MOTORS,"MOTO VELOCI RAZZER GTR 220CC, ROJO",CEDIS CDMX,MACROPAY SANTA MARIA HUATULCO DR JARQUIN,1265,10,3VMA2M3L0V2424263,1,$22166.45,0,$0,0,0
VELOCI MOTORS,"MOTO VELOCI RAZZER GTR 220CC, ROJO",CEDIS CDMX,MACROPAY SANTA MARIA HUATULCO DR JARQUIN,1265,10,3VMA2M3L3T2415828,1,$22166.45,0,$0,0,0
VELOCI MOTORS,"MOTO VELOCI RAZZER GTR 220CC, ROJO",CEDIS CDMX,MACROPAY SANTA MARIA HUATULCO DR JARQUIN,1265,10,3VMA2M3L4T2415742,1,$22166.45,0,$0,0,0
VELOCI MOTORS,"MOTO VELOCI RAZZER GTR 220CC, ROJO",CEDIS CDMX,MACROPAY TECAMAC MACROPLAZA LF14,1830,10,3VMA2M3L8S2314959,1,$22088.55,0,$0,0,0
VELOCI MOTORS,"MOTO VELOCI RAZZER GTR 220CC, ROJO",CEDIS CDMX,MACROPAY TECAMAC MACROPLAZA LF14,1830,10,3VMA2M3L9T2416126,1,$22088.55,0,$0,0,0
VELOCI MOTORS,"MOTO VELOCI RAZZER GTR 220CC, ROJO",CEDIS CDMX,MACROPAY TECAMAC MACROPLAZA LF14,1830,10,3VMA2M3LXS2315000,1,$22088.55,0,$0,0,0
VELOCI MOTORS,"MOTO VELOCI RAZZER GTR 220CC, ROJO",CEDIS CDMX,MACROPAY TECAMAC PLAZA BELLA L E5,1793,10,3VMA2M3L1T2406321,1,$22035.78,0,$0,0,0
VELOCI MOTORS,"MOTO VELOCI RAZZER GTR 220CC, ROJO",CEDIS CDMX,MACROPAY TECAMAC PLAZA BELLA L E5,1793,10,3VMA2M3L6T2406136,1,$22035.78,0,$0,0,0
VELOCI MOTORS,"MOTO VELOCI RAZZER GTR 220CC, ROJO",CEDIS CDMX,MACROPAY TECAMAC PLAZA BELLA L E5,1793,10,3VMA2M3L7T2406145,1,$22035.78,0,$0,0,0
VELOCI MOTORS,"MOTO VELOCI RAZZER GTR 220CC, ROJO",CEDIS CDMX,MACROPAY TECAMAC SORIANA MDO II L4-5,1605,10,3VMA2M3LXT2421013,1,$22163.69,0,$0,0,0
VELOCI MOTORS,"MOTO VELOCI RAZZER GTR 220CC, ROJO",CEDIS CDMX,MACROPAY TECOZAUTLA FRAY SAN JUAN,1327,10,3VMA2M3L6V2424171,1,$21967.05,0,$0,0,0
VELOCI MOTORS,"MOTO VELOCI RAZZER GTR 220CC, ROJO",CEDIS CDMX,MACROPAY TEHUACAN CENTRO CHEDRAUI,1835,10,3VMA2M3L8T2406056,1,$21918.37,0,$0,0,0
VELOCI MOTORS,"MOTO VELOCI RAZZER GTR 220CC, ROJO",CEDIS CDMX,MACROPAY TEHUACAN EL PASEO L1,1277,10,3VMA2M3LXS2338423,1,$22088.66,0,$0,0,0
VELOCI MOTORS,"MOTO VELOCI RAZZER GTR 220CC, ROJO",CEDIS CDMX,MACROPAY TEPATEPEC ZAPATA,1282,10,3VMA2M3L3V2444295,1,$21944.33,0,$0,0,0
VELOCI MOTORS,"MOTO VELOCI RAZZER GTR 220CC, ROJO",CEDIS CDMX,MACROPAY TEXMELUCAN GRAN PLAZA L9,1159,10,3VMA2M3L5T2405804,1,$21492.30,0,$0,0,0
VELOCI MOTORS,"MOTO VELOCI RAZZER GTR 220CC, ROJO",CEDIS CDMX,MACROPAY TEXMELUCAN JUAREZ,1161,10,3VMA2M3LXV2425212,1,$22080.72,0,$0,0,0
VELOCI MOTORS,"MOTO VELOCI RAZZER GTR 220CC, ROJO",CEDIS CDMX,MACROPAY TEZIUTLAN CUAUHTEMOC,1194,10,3VMA2M3L2T2405775,1,$21497.55,0,$0,0,0
VELOCI MOTORS,"MOTO VELOCI RAZZER GTR 220CC, ROJO",CEDIS CDMX,MACROPAY TIZAYUCA BULEVAR,1240,10,3VMA2M3L4V2444449,1,$21943.20,0,$0,0,0
VELOCI MOTORS,"MOTO VELOCI RAZZER GTR 220CC, ROJO",CEDIS CDMX,MACROPAY TIZAYUCA HIMNO NACIONAL,1426,10,3VMA2M3L4V2444385,1,$21943.21,0,$0,0,0
VELOCI MOTORS,"MOTO VELOCI RAZZER GTR 220CC, ROJO",CEDIS CDMX,MACROPAY TLALNE MULTI VALLE DORADO L25A,1295,10,3VMA2M3L7V2444428,1,$21943.21,0,$0,0,0
VELOCI MOTORS,"MOTO VELOCI RAZZER GTR 220CC, ROJO",CEDIS CDMX,MACROPAY TLALNEPANTLA MULTI ARBOLEDAS,1755,10,3VMA2M3LXV2444987,1,$21943.20,0,$0,0,0
VELOCI MOTORS,"MOTO VELOCI RAZZER GTR 220CC, ROJO",CEDIS CDMX,MACROPAY TOLUCA CENTRO MATAMOROS 215,1705,10,3VMA2M3L6V2424929,1,$21931.22,0,$0,0,0
VELOCI MOTORS,"MOTO VELOCI RAZZER GTR 220CC, ROJO",CEDIS CDMX,MACROPAY TOLUCA HIDALGO MOTOS,1747,10,3VMA2M3L1T2420932,1,$21716.75,0,$0,0,0
VELOCI MOTORS,"MOTO VELOCI RAZZER GTR 220CC, ROJO",CEDIS CDMX,MACROPAY TULA DIVIERTIPLAZA L1,1242,10,3VMA2M3L3S2337081,1,$21982.86,0,$0,0,0
VELOCI MOTORS,"MOTO VELOCI RAZZER GTR 220CC, ROJO",CEDIS CDMX,MACROPAY TULA DIVIERTIPLAZA L1,1242,10,3VMA2M3L5V2446081,1,$21982.86,0,$0,0,0
VELOCI MOTORS,"MOTO VELOCI RAZZER GTR 220CC, ROJO",CEDIS CDMX,MACROPAY TULANCINGO CUAHUTEMOC L6,1250,10,3VMA2M3L1S2337077,1,$22173.08,0,$0,0,0
VELOCI MOTORS,"MOTO VELOCI RAZZER GTR 220CC, ROJO",CEDIS CDMX,MACROPAY VER CENTRO HIDALGO,1883,10,3VMA2M3L3T2410211,1,$22086.93,0,$0,0,0
VELOCI MOTORS,"MOTO VELOCI RAZZER GTR 220CC, ROJO",CEDIS CDMX,MACROPAY VERACRUZ AV MATAMOROS NORTE,1721,10,3VMA2M3L8V2425242,1,$21997.36,0,$0,0,0
VELOCI MOTORS,"MOTO VELOCI RAZZER GTR 220CC, ROJO",CEDIS CDMX,MACROPAY XALAPA ATENAS,1523,10,3VMA2M3LXT2415793,1,$21752.74,0,$0,0,0
VELOCI MOTORS,"MOTO VELOCI RAZZER GTR 220CC, ROJO",CEDIS CDMX,MACROPAY XALAPA CAMPO DE TIRO L7,1270,10,3VMA2M3L7V2424938,1,$21935.18,0,$0,0,0
VELOCI MOTORS,"MOTO VELOCI RAZZER GTR 220CC, ROJO",CEDIS CDMX,MACROPAY XALAPA PIPILA,1577,10,3VMA2M3L3T2416302,1,$21916.69,0,$0,0,0
VELOCI MOTORS,"MOTO VELOCI RAZZER GTR 220CC, ROJO",CEDIS CDMX,MACROPAY XALAPA REVOLUCIÓN,1254,10,3VMA2M3L2T2415965,1,$21916.69,0,$0,0,0
VELOCI MOTORS,"MOTO VELOCI RAZZER GTR 220CC, ROJO",CEDIS CDMX,MACROPAY ZACUALTIPAN CALLE OCAMPO,1396,10,3VMA2M3L0V2424182,1,$21967.05,0,$0,0,0
VELOCI MOTORS,"MOTO VELOCI RAZZER GTR 220CC, ROJO",CEDIS CDMX,MACROPAY ZIHUATANEJO CENTRO,1853,10,3VMA2M3L4T2421010,1,$21492.30,0,$0,0,0
VELOCI MOTORS,"MOTO VELOCI RAZZER GTR 220CC, ROJO",CEDIS CDMX,MACROPAY ZIMATLAN CENTRO,1846,10,3VMA2M3L3T2406059,1,$21726.08,0,$0,0,0
VELOCI MOTORS,"MOTO VELOCI RAZZER GTR 220CC, ROJO",CEDIS CDMX,MACROPAY ZIMATLAN CENTRO,1846,10,3VMA2M3LXT2405796,1,$21726.08,0,$0,0,0
VELOCI MOTORS,"MOTO VELOCI RAZZER GTR 220CC, ROJO",CEDIS CDMX,MACROPAY ZUMPANGO AV INSURGENTES,1813,10,3VMA2M3L8V2444423,1,$21943.21,0,$0,0,0
VELOCI MOTORS,"MOTO VELOCI RAZZER GTR 220CC, ROJO",CEDIS CDMX,MACROPAY ZUMPANGO FEDERICO,1244,10,3VMA2M3L1V2444344,1,$21943.21,0,$0,0,0
VELOCI MOTORS,"MOTO VELOCI RAZZER GTR 220CC, ROJO",CEDIS CDMX,PLAZA CHILPANCINGO,1889,10,3VMA2M3L0V2444285,1,$21944.33,0,$0,0,0
VELOCI MOTORS,"MOTO VELOCI RAZZER GTR 220CC, ROJO",CEDIS CDMX,PORTAL LOMAS ESTRELLA CDMX,1896,10,3VMA2M3L9V2425136,1,$22080.72,0,$0,0,0
VELOCI MOTORS,"MOTO VELOCI RAZZER GTR 220CC, ROJO",CEDIS CDMX,TECPAN DE GALEANA CENTRO,1929,10,3VMA2M3L0T2405757,1,$21926.55,0,$0,0,0
VELOCI MOTORS,"MOTO VELOCI RAZZER GTR 220CC, ROJO",CEDIS CDMX,TECPAN DE GALEANA CENTRO,1929,10,3VMA2M3L1T2405783,1,$21926.55,0,$0,0,0
VELOCI MOTORS,"MOTO VELOCI RAZZER GTR 220CC, ROJO",CEDIS CDMX,TECPAN DE GALEANA CENTRO,1929,10,3VMA2M3L6T2378516,1,$21926.55,0,$0,0,0
VELOCI MOTORS,"MOTO VELOCI RAZZER GTR 220CC, ROJO",CEDIS CDMX,TECPAN DE GALEANA CENTRO,1929,10,3VMA2M3L7T2416304,1,$21926.55,0,$0,0,0
VELOCI MOTORS,"MOTO VELOCI RAZZER GTR 220CC, ROJO",CEDIS CULIACAN,HERMOSILLO CENTRO MERCADO,1920,10,3VMA2M3L1V2444229,1,$21939.05,0,$0,0,0
VELOCI MOTORS,"MOTO VELOCI RAZZER GTR 220CC, ROJO",CEDIS CULIACAN,MACROPAY CANATLAN CENTRO,1871,10,3VMA2M3L0S2337118,1,$22443.34,0,$0,0,0
VELOCI MOTORS,"MOTO VELOCI RAZZER GTR 220CC, ROJO",CEDIS CULIACAN,MACROPAY CD OBREGON CENTRO,1891,10,3VMA2M3L7T2370179,1,$22424.87,0,$0,0,0
VELOCI MOTORS,"MOTO VELOCI RAZZER GTR 220CC, ROJO",CEDIS CULIACAN,MACROPAY CULIACAN EXPLANADA L33A,1848,10,3VMA2M3L8V2444292,1,$21939.04,0,$0,0,0
VELOCI MOTORS,"MOTO VELOCI RAZZER GTR 220CC, ROJO",CEDIS CULIACAN,MACROPAY HERMOSILLO CENTRO NORIEGA,1911,10,3VMA2M3L0V2444237,1,$21939.04,0,$0,0,0
VELOCI MOTORS,"MOTO VELOCI RAZZER GTR 220CC, ROJO",CEDIS CULIACAN,MACROPAY LA PAZ 16 DE SEPTIEMBRE,1730,10,3VMA2M3L9T2406096,1,$21826.11,0,$0,0,0
VELOCI MOTORS,"MOTO VELOCI RAZZER GTR 220CC, ROJO",CEDIS CULIACAN,MACROPAY LA PAZ MERCADO MADERO,1805,10,3VMA2M3L3T2406093,1,$21947.92,0,$0,0,0
VELOCI MOTORS,"MOTO VELOCI RAZZER GTR 220CC, ROJO",CEDIS CULIACAN,MACROPAY LOS CABOS PATIO L01E,1843,10,3VMA2M3L9V2444236,1,$21939.05,0,$0,0,0
VELOCI MOTORS,"MOTO VELOCI RAZZER GTR 220CC, ROJO",CEDIS CULIACAN,MACROPAY MAZATLAN CENTRO,1863,10,3VMA2M3L4T2406054,1,$21947.92,0,$0,0,0
VELOCI MOTORS,"MOTO VELOCI RAZZER GTR 220CC, ROJO",CEDIS CULIACAN,MACROPAY MAZATLAN GRAN PLAZA LE14,1814,10,3VMA2M3L8T2421012,1,$21947.92,0,$0,0,0
VELOCI MOTORS,"MOTO VELOCI RAZZER GTR 220CC, ROJO",CEDIS CULIACAN,MACROPAY MAZATLAN PLAZA ACAYA L7E,1826,10,3VMA2M3L7S2348648,1,$22443.34,0,$0,0,0
VELOCI MOTORS,"MOTO VELOCI RAZZER GTR 220CC, ROJO",CEDIS GDL,CEDIS MACROPAY GUADALAJARA,25,140,3VMA2M3L1T2416122,1,$22051.47,0,$0,0,0
VELOCI MOTORS,"MOTO VELOCI RAZZER GTR 220CC, ROJO",CEDIS GDL,CEDIS MACROPAY GUADALAJARA,25,140,3VMA2M3L5T2406032,1,$22051.47,0,$0,0,0
VELOCI MOTORS,"MOTO VELOCI RAZZER GTR 220CC, ROJO",CEDIS GDL,MACROPAY APATZINGAN CENTRO ANDRADE,1832,10,3VMA2M3L5V2425215,1,$22079.71,0,$0,0,0
VELOCI MOTORS,"MOTO VELOCI RAZZER GTR 220CC, ROJO",CEDIS GDL,MACROPAY APATZINGAN CENTRO CATEDRAL,1834,10,3VMA2M3L2T2380490,1,$22051.48,0,$0,0,0
VELOCI MOTORS,"MOTO VELOCI RAZZER GTR 220CC, ROJO",CEDIS GDL,MACROPAY COLIMA CENTRO MADERO,1932,10,3VMA2M3L6V2425241,1,$22065.59,0,$0,0,0
VELOCI MOTORS,"MOTO VELOCI RAZZER GTR 220CC, ROJO",CEDIS GDL,MACROPAY GDL EL FRESNO,1905,10,3VMA2M3L6S2348589,1,$22419.30,0,$0,0,0
VELOCI MOTORS,"MOTO VELOCI RAZZER GTR 220CC, ROJO",CEDIS GDL,MACROPAY GDL FIESTA ARBOLEDAS L1,1536,10,3VMA2M3L9T2406051,1,$22051.48,0,$0,0,0
VELOCI MOTORS,"MOTO VELOCI RAZZER GTR 220CC, ROJO",CEDIS GDL,MACROPAY GDL JUAREZ 665 CENTRO,1464,10,3VMA2M3L7T2405982,1,$22051.48,0,$0,0,0
VELOCI MOTORS,"MOTO VELOCI RAZZER GTR 220CC, ROJO",CEDIS GDL,MACROPAY GDL MOTOS PASEO ALCALDE,1919,10,3VMA2M3L5S2349605,1,$21735.47,0,$0,0,0
VELOCI MOTORS,"MOTO VELOCI RAZZER GTR 220CC, ROJO",CEDIS GDL,MACROPAY GDL MOTOS PASEO ALCALDE,1919,10,3VMA2M3L5T2416320,1,$21735.47,0,$0,0,0
VELOCI MOTORS,"MOTO VELOCI RAZZER GTR 220CC, ROJO",CEDIS GDL,MACROPAY LA PIEDAD CENTRO,1804,10,3VMA2M3L5T2416415,1,$21746.98,0,$0,0,0
VELOCI MOTORS,"MOTO VELOCI RAZZER GTR 220CC, ROJO",CEDIS GDL,MACROPAY MANZANILLO CENTRO AV MEXICO,1763,10,3VMA2M3L3T2421175,1,$22079.71,0,$0,0,0
VELOCI MOTORS,"MOTO VELOCI RAZZER GTR 220CC, ROJO",CEDIS GDL,MACROPAY TEPIC CENTRO,1867,10,3VMA2M3L4T2415904,1,$21507.52,0,$0,0,0
VELOCI MOTORS,"MOTO VELOCI RAZZER GTR 220CC, ROJO",CEDIS GDL,MACROPAY TEPIC PLAZA LA CANTERA L14,1850,10,3VMA2M3L2T2380635,1,$22369.59,0,$0,0,0
VELOCI MOTORS,"MOTO VELOCI RAZZER GTR 220CC, ROJO",CEDIS GDL,MACROPAY TEPIC PLAZA LA CANTERA L14,1850,10,3VMA2M3LXT2378518,1,$22369.59,0,$0,0,0
VELOCI MOTORS,"MOTO VELOCI RAZZER GTR 220CC, ROJO",CEDIS GDL,MACROPAY URUAPAN CENTRO,1816,10,3VMA2M3L0V2425221,1,$22079.71,0,$0,0,0
VELOCI MOTORS,"MOTO VELOCI RAZZER GTR 220CC, ROJO",CEDIS GDL,MACROPAY ZAMORA MICH FCO I MADERO 288,1706,10,3VMA2M3L2S2325990,1,$22120.84,0,$0,0,0
VELOCI MOTORS,"MOTO VELOCI RAZZER GTR 220CC, ROJO",CEDIS GDL,MACROPAY ZAPOPAN ALCALDE L16,1437,10,3VMA2M3L8S2348545,1,$22419.30,0,$0,0,0
VELOCI MOTORS,"MOTO VELOCI RAZZER GTR 220CC, ROJO",CEDIS GDL,MACROPAY ZAPOPAN GRAN TERRAZA BELENES 19,1602,10,3VMA2M3L1V2425261,1,$22079.71,0,$0,0,0
VELOCI MOTORS,"MOTO VELOCI RAZZER GTR 220CC, ROJO",CEDIS MID,CEDIS MERIDA,11,140,3VMA2M3L4V2424234,1,$27542.00,0,$0,0,0
VELOCI MOTORS,"MOTO VELOCI RAZZER GTR 220CC, ROJO",CEDIS MID,CEDIS MERIDA,11,140,3VMA2M3L4V2424279,1,$27542.00,0,$0,0,0
VELOCI MOTORS,"MOTO VELOCI RAZZER GTR 220CC, ROJO",CEDIS MID,CEDIS MERIDA,11,140,3VMA2M3L5V2424260,1,$27542.00,0,$0,0,0
VELOCI MOTORS,"MOTO VELOCI RAZZER GTR 220CC, ROJO",CEDIS MID,CEDIS MERIDA,11,140,3VMA2M3L8V2425161,1,$27542.00,0,$0,0,0
VELOCI MOTORS,"MOTO VELOCI RAZZER GTR 220CC, ROJO",CEDIS MID,CEDIS MERIDA PXGL,26,140,3VMA2M3L0V2425056,1,$22498.47,0,$0,0,0
VELOCI MOTORS,"MOTO VELOCI RAZZER GTR 220CC, ROJO",CEDIS MID,CEDIS MERIDA PXGL,26,140,3VMA2M3L1V2444814,1,$22498.47,0,$0,0,0
VELOCI MOTORS,"MOTO VELOCI RAZZER GTR 220CC, ROJO",CEDIS MID,MACROPAY CHAMPOTON CALLE 32,1113,10,3VMA2M3L3V2424953,1,$21974.83,0,$0,0,0
VELOCI MOTORS,"MOTO VELOCI RAZZER GTR 220CC, ROJO",CEDIS MID,MACROPAY CHT MOTOS OTHON,1738,10,3VMA2M3L3V2444751,1,$22615.10,0,$0,0,0
VELOCI MOTORS,"MOTO VELOCI RAZZER GTR 220CC, ROJO",CEDIS MID,MACROPAY CHT MOTOS OTHON,1738,10,3VMA2M3L6V2424221,1,$22615.10,0,$0,0,0
VELOCI MOTORS,"MOTO VELOCI RAZZER GTR 220CC, ROJO",CEDIS MID,MACROPAY CUN CHEDRAUI MUNDO MAYA,1877,10,3VMA2M3L2V2425057,1,$22559.79,0,$0,0,0
VELOCI MOTORS,"MOTO VELOCI RAZZER GTR 220CC, ROJO",CEDIS MID,MACROPAY CUN CHEDRAUI MUNDO MAYA,1877,10,3VMA2M3L6T2416360,1,$22559.79,0,$0,0,0
VELOCI MOTORS,"MOTO VELOCI RAZZER GTR 220CC, ROJO",CEDIS MID,MACROPAY ESCARCEGA H. MARTINEZ,1098,10,3VMA2M3LXT2406091,1,$22014.91,0,$0,0,0
VELOCI MOTORS,"MOTO VELOCI RAZZER GTR 220CC, ROJO",CEDIS MID,MACROPAY ESCARCEGA J SIERRA MOTOS,1797,10,3VMA2M3L1T2405735,1,$22171.04,0,$0,0,0
VELOCI MOTORS,"MOTO VELOCI RAZZER GTR 220CC, ROJO",CEDIS MID,MACROPAY ESCARCEGA J SIERRA MOTOS,1797,10,3VMA2M3L2T2421071,1,$22171.04,0,$0,0,0
VELOCI MOTORS,"MOTO VELOCI RAZZER GTR 220CC, ROJO",CEDIS MID,MACROPAY ESCARCEGA J SIERRA MOTOS,1797,10,3VMA2M3L3V2425018,1,$22171.04,0,$0,0,0
VELOCI MOTORS,"MOTO VELOCI RAZZER GTR 220CC, ROJO",CEDIS MID,MACROPAY ESCARCEGA J SIERRA MOTOS,1797,10,3VMA2M3LXV2425260,1,$22171.04,0,$0,0,0
VELOCI MOTORS,"MOTO VELOCI RAZZER GTR 220CC, ROJO",CEDIS MID,MACROPAY JOSÉ MARIA MORELOS 2,1695,10,3VMA2M3L1V2444845,1,$22437.02,0,$0,0,0
VELOCI MOTORS,"MOTO VELOCI RAZZER GTR 220CC, ROJO",CEDIS MID,MACROPAY KANASIN CALLE 21,1454,10,3VMA2M3L2T2370140,1,$22014.90,0,$0,0,0
VELOCI MOTORS,"MOTO VELOCI RAZZER GTR 220CC, ROJO",CEDIS MID,MACROPAY MID GARCIA REJON,1006,10,3VMA2M3L9V2425038,1,$22437.02,0,$0,0,0
VELOCI MOTORS,"MOTO VELOCI RAZZER GTR 220CC, ROJO",CEDIS MID,MACROPAY MID GRAN SANTA FE L24A,1116,10,3VMA2M3L4V2425061,1,$22437.02,0,$0,0,0
VELOCI MOTORS,"MOTO VELOCI RAZZER GTR 220CC, ROJO",CEDIS MID,MACROPAY MID ORIENTE,1017,10,3VMA2M3L5V2444783,1,$22529.76,0,$0,0,0
VELOCI MOTORS,"MOTO VELOCI RAZZER GTR 220CC, ROJO",CEDIS MID,MACROPAY MID SENDERO SUPER,1021,10,3VMA2M3L5V2425084,1,$22437.02,0,$0,0,0
VELOCI MOTORS,"MOTO VELOCI RAZZER GTR 220CC, ROJO",CEDIS MID,MACROPAY OXKUTZCAB CALLE 25,1078,10,3VMA2M3L2T2420972,1,$21522.95,0,$0,0,0
VELOCI MOTORS,"MOTO VELOCI RAZZER GTR 220CC, ROJO",CEDIS MID,MACROPAY OXKUTZCAB CALLE 48,1048,10,3VMA2M3L8T2416389,1,$21516.09,0,$0,0,0
VELOCI MOTORS,"MOTO VELOCI RAZZER GTR 220CC, ROJO",CEDIS MID,MACROPAY PETO CALLE 31,1093,10,3VMA2M3L2V2425253,1,$22703.57,0,$0,0,0
VELOCI MOTORS,"MOTO VELOCI RAZZER GTR 220CC, ROJO",CEDIS MID,MACROPAY PLAYA AV JUAREZ PLUS,1909,10,3VMA2M3L0V2425042,1,$22504.26,0,$0,0,0
VELOCI MOTORS,"MOTO VELOCI RAZZER GTR 220CC, ROJO",CEDIS MID,MACROPAY PLAYA AV JUAREZ PLUS,1909,10,3VMA2M3L4V2425237,1,$22504.26,0,$0,0,0
VELOCI MOTORS,"MOTO VELOCI RAZZER GTR 220CC, ROJO",CEDIS MID,MACROPAY PLAYA CHEDRAUI L18,2007,10,3VMA2M3L6V2425238,1,$22500.41,0,$0,0,0
VELOCI MOTORS,"MOTO VELOCI RAZZER GTR 220CC, ROJO",CEDIS MID,MACROPAY PROGRESO CALLE 27,1042,10,3VMA2M3L2V2425141,1,$22712.73,0,$0,0,0
VELOCI MOTORS,"MOTO VELOCI RAZZER GTR 220CC, ROJO",CEDIS MID,MACROPAY PUERTO MORELOS L9,1103,10,3VMA2M3L1T2416153,1,$21527.58,0,$0,0,0
VELOCI MOTORS,"MOTO VELOCI RAZZER GTR 220CC, ROJO",CEDIS MID,MACROPAY TEKAX PALACIO,1047,10,3VMA2M3L0T2416404,1,$21516.09,0,$0,0,0
VELOCI MOTORS,"MOTO VELOCI RAZZER GTR 220CC, ROJO",CEDIS MID,MACROPAY TICUL CALLE 28,1085,10,3VMA2M3LXT2421075,1,$21522.94,0,$0,0,0
VELOCI MOTORS,"MOTO VELOCI RAZZER GTR 220CC, ROJO",CEDIS MID,MACROPAY TULUM ARRICE MOTOS,1844,10,3VMA2M3L7V2425250,1,$22498.47,0,$0,0,0
VELOCI MOTORS,"MOTO VELOCI RAZZER GTR 220CC, ROJO",CEDIS MID,MACROPAY TULUM CHEDRAUI L01 PLUS,1916,10,3VMA2M3L1T2416377,1,$21516.09,0,$0,0,0
VELOCI MOTORS,"MOTO VELOCI RAZZER GTR 220CC, ROJO",CEDIS MID,MACROPAY UMAN CENTRO,1928,10,3VMA2M3L1V2424966,1,$22529.76,0,$0,0,0
VELOCI MOTORS,"MOTO VELOCI RAZZER GTR 220CC, ROJO",CEDIS MID,MACROPAY VALLADOLID MOTOS CALLE 39,1748,10,3VMA2M3L2V2425012,1,$22483.39,0,$0,0,0
VELOCI MOTORS,"MOTO VELOCI RAZZER GTR 220CC, ROJO",CEDIS MID,MACROPAY VALLADOLID MOTOS CALLE 39,1748,10,3VMA2M3L7V2444168,1,$22483.39,0,$0,0,0
VELOCI MOTORS,"MOTO VELOCI RAZZER GTR 220CC, ROJO",CEDIS SALTILLO,CEDIS SALTILLO,29,140,3VMA2M3L9V2446164,1,$21944.12,0,$0,0,0
VELOCI MOTORS,"MOTO VELOCI RAZZER GTR 220CC, ROJO",CEDIS SALTILLO,CEDIS SALTILLO,29,140,3VMA2M3LXT2380544,1,$21944.12,0,$0,0,0
VELOCI MOTORS,"MOTO VELOCI RAZZER GTR 220CC, ROJO",CEDIS SALTILLO,CIUDAD VICTORIA CENTRO,1944,10,3VMA2M3L1V2446160,1,$21944.12,0,$0,0,0
VELOCI MOTORS,"MOTO VELOCI RAZZER GTR 220CC, ROJO",CEDIS SALTILLO,DELICIAS CHIHUAHUA CENTRO,1946,10,3VMA2M3L4V2446167,1,$21944.12,0,$0,0,0
VELOCI MOTORS,"MOTO VELOCI RAZZER GTR 220CC, ROJO",CEDIS SALTILLO,DELICIAS CHIHUAHUA CENTRO,1946,10,3VMA2M3L8T2415968,1,$21944.12,0,$0,0,0
VELOCI MOTORS,"MOTO VELOCI RAZZER GTR 220CC, ROJO",CEDIS SALTILLO,MACROPAY APODACA CITADINA LP11,1551,10,3VMA2M3L5T2405902,1,$21718.27,0,$0,0,0
VELOCI MOTORS,"MOTO VELOCI RAZZER GTR 220CC, ROJO",CEDIS SALTILLO,MACROPAY CD JUAREZ CENTRO,1913,10,3VMA2M3L7T2405903,1,$21718.27,0,$0,0,0
VELOCI MOTORS,"MOTO VELOCI RAZZER GTR 220CC, ROJO",CEDIS SALTILLO,MACROPAY CHIHUAHUA SENDERO LF12,1925,10,3VMA2M3L8T2416201,1,$21718.27,0,$0,0,0
VELOCI MOTORS,"MOTO VELOCI RAZZER GTR 220CC, ROJO",CEDIS SALTILLO,MACROPAY NUEVO LEON LINARES CENTRO,1729,10,3VMA2M3L1T2416007,1,$21718.27,0,$0,0,0
VELOCI MOTORS,"MOTO VELOCI RAZZER GTR 220CC, ROJO",CEDIS SALTILLO,MACROPAY RIO BRAVO SORIANA,1587,10,3VMA2M3L3T2405848,1,$21718.27,0,$0,0,0
VELOCI MOTORS,"MOTO VELOCI RAZZER GTR 220CC, ROJO",CEDIS SALTILLO,MACROPAY SALTILLO SENDERO SUR LE7-9,1923,10,3VMA2M3L8T2416036,1,$21563.30,0,$0,0,0
VELOCI MOTORS,"MOTO VELOCI RAZZER GTR 220CC, ROJO",CEDIS SALTILLO,MACROPAY SAN PEDRO COAHUILA CENTRO,1859,10,3VMA2M3L6V2446168,1,$21944.13,0,$0,0,0
VELOCI MOTORS,"MOTO VELOCI RAZZER GTR 220CC, ROJO",CEDIS SALTILLO,MACROPAY STA CATARINA SENDERO LC08,1924,10,3VMA2M3L3T2406109,1,$21944.12,0,$0,0,0
VELOCI MOTORS,"MOTO VELOCI RAZZER GTR 220CC, ROJO",CEDIS SALTILLO,MACROPAY TORREON CENTRO,1772,10,3VMA2M3L4T2421203,1,$21944.12,0,$0,0,0
VELOCI MOTORS,"MOTO VELOCI RAZZER GTR 220CC, ROJO",CEDIS SALTILLO,MACROPAY TORREON CENTRO HIDALGO,1941,10,3VMA2M3L0V2446196,1,$21944.13,0,$0,0,0
VELOCI MOTORS,"MOTO VELOCI RAZZER GTR 220CC, ROJO",CEDIS SALTILLO,PARRAL CHIHUAHUA CENTRO,1945,10,3VMA2M3L7V2446163,1,$21944.12,0,$0,0,0
VELOCI MOTORS,"MOTO VELOCI RAZZER GTR 220CC, ROJO",CEDIS SAN LUIS,CD MANTE CENTRO,1888,10,3VMA2M3L5S2348843,1,$22346.45,0,$0,0,0
VELOCI MOTORS,"MOTO VELOCI RAZZER GTR 220CC, ROJO",CEDIS SAN LUIS,CEDIS SAN LUIS,27,140,3VMA2M3LXT2416099,1,$22608.82,0,$0,0,0
VELOCI MOTORS,"MOTO VELOCI RAZZER GTR 220CC, ROJO",CEDIS SAN LUIS,MACROPAY CD MADERO CENTRO 1RO DE MAYO,1756,10,3VMA2M3L2V2444983,1,$22608.82,0,$0,0,0
VELOCI MOTORS,"MOTO VELOCI RAZZER GTR 220CC, ROJO",CEDIS SAN LUIS,MACROPAY CENTRO HNOS ALDAMA,1817,10,3VMA2M3L6S2336698,1,$22443.34,0,$0,0,0
VELOCI MOTORS,"MOTO VELOCI RAZZER GTR 220CC, ROJO",CEDIS SAN LUIS,MACROPAY FRESNILLO CENTRO,1886,10,3VMA2M3L9V2445001,1,$22608.82,0,$0,0,0
VELOCI MOTORS,"MOTO VELOCI RAZZER GTR 220CC, ROJO",CEDIS SAN LUIS,MACROPAY LEON VIA ALTA L1043,1765,10,3VMA2M3L1V2444991,1,$22608.82,0,$0,0,0
VELOCI MOTORS,"MOTO VELOCI RAZZER GTR 220CC, ROJO",CEDIS SAN LUIS,MACROPAY SALAMANCA PLAZA VIA ALTA L1018A,1415,10,3VMA2M3L6V2444954,1,$22608.82,0,$0,0,0
VELOCI MOTORS,"MOTO VELOCI RAZZER GTR 220CC, ROJO",CEDIS SAN LUIS,MACROPAY SAN FCO DEL RINCON GALERIAS,1822,10,3VMA2M3L6V2444968,1,$22608.82,0,$0,0,0
VELOCI MOTORS,"MOTO VELOCI RAZZER GTR 220CC, ROJO",CEDIS SAN LUIS,MACROPAY SOLEDAD DE GRACIANO CENTRO,1837,10,3VMA2M3L5T2375400,1,$22608.82,0,$0,0,0
VELOCI MOTORS,"MOTO VELOCI RAZZER GTR 220CC, ROJO",CEDIS SAN LUIS,MACROPAY TAMPICO CENTRO ADUANA,1753,10,3VMA2M3LXT2420993,1,$21585.89,0,$0,0,0
VELOCI MOTORS,"MOTO VELOCI RAZZER GTR 220CC, ROJO",CEDIS TAB PXGL,CEDIS MACROPAY TABASCO PXGL,14,140,3VMA2M3L0V2444335,1,$22183.61,0,$0,0,0
VELOCI MOTORS,"MOTO VELOCI RAZZER GTR 220CC, ROJO",CEDIS TAB PXGL,CEDIS MACROPAY TABASCO PXGL,14,140,3VMA2M3L1V2425146,1,$22183.61,0,$0,0,0
VELOCI MOTORS,"MOTO VELOCI RAZZER GTR 220CC, ROJO",CEDIS TAB PXGL,MACROPAY ACAYUCAN CENTRO,1789,10,3VMA2M3L2T2421006,1,$21586.38,0,$0,0,0
VELOCI MOTORS,"MOTO VELOCI RAZZER GTR 220CC, ROJO",CEDIS TAB PXGL,MACROPAY ACAYUCAN CENTRO,1789,10,3VMA2M3L9T2416286,1,$21586.38,0,$0,0,0
VELOCI MOTORS,"MOTO VELOCI RAZZER GTR 220CC, ROJO",CEDIS TAB PXGL,MACROPAY CARDENAS CENTRAL,1743,10,3VMA2M3L5V2444816,1,$21937.21,0,$0,0,0
VELOCI MOTORS,"MOTO VELOCI RAZZER GTR 220CC, ROJO",CEDIS TAB PXGL,MACROPAY CARDENAS PORTALES CENTRO,1802,10,3VMA2M3L2T2405906,1,$21641.81,0,$0,0,0
VELOCI MOTORS,"MOTO VELOCI RAZZER GTR 220CC, ROJO",CEDIS TAB PXGL,MACROPAY CARDENAS PORTALES CENTRO,1802,10,3VMA2M3L3T2420964,1,$21641.81,0,$0,0,0
VELOCI MOTORS,"MOTO VELOCI RAZZER GTR 220CC, ROJO",CEDIS TAB PXGL,MACROPAY CD DEL CARMEN CALLE 22 MOTOS,1811,10,3VMA2M3L9V2444446,1,$21938.23,0,$0,0,0
VELOCI MOTORS,"MOTO VELOCI RAZZER GTR 220CC, ROJO",CEDIS TAB PXGL,MACROPAY CD. DEL CARMEN CALLE 33,1171,10,3VMA2M3LXV2444763,1,$21938.07,0,$0,0,0
VELOCI MOTORS,"MOTO VELOCI RAZZER GTR 220CC, ROJO",CEDIS TAB PXGL,MACROPAY COATZA MERCADO MORELOS,1803,10,3VMA2M3L3T2420995,1,$21833.75,0,$0,0,0
VELOCI MOTORS,"MOTO VELOCI RAZZER GTR 220CC, ROJO",CEDIS TAB PXGL,MACROPAY COATZA MERCADO MORELOS,1803,10,3VMA2M3L5T2375381,1,$21833.75,0,$0,0,0
VELOCI MOTORS,"MOTO VELOCI RAZZER GTR 220CC, ROJO",CEDIS TAB PXGL,MACROPAY COATZACOALCOS JUAREZ MOTOS,1796,10,3VMA2M3L7V2444333,1,$21938.23,0,$0,0,0
VELOCI MOTORS,"MOTO VELOCI RAZZER GTR 220CC, ROJO",CEDIS TAB PXGL,MACROPAY COMALCALCO SANCHEZ,1099,10,3VMA2M3L2V2444448,1,$22183.61,0,$0,0,0
VELOCI MOTORS,"MOTO VELOCI RAZZER GTR 220CC, ROJO",CEDIS TAB PXGL,MACROPAY COSAMALOAPAN HIDALGO,1715,10,3VMA2M3L0T2375367,1,$22191.58,0,$0,0,0
VELOCI MOTORS,"MOTO VELOCI RAZZER GTR 220CC, ROJO",CEDIS TAB PXGL,MACROPAY COSAMALOAPAN OCAMPO,1241,10,3VMA2M3L0T2380309,1,$22358.67,0,$0,0,0
VELOCI MOTORS,"MOTO VELOCI RAZZER GTR 220CC, ROJO",CEDIS TAB PXGL,MACROPAY HUIMANGUILLO AV ESCOBAR,1281,10,3VMA2M3L5V2444332,1,$21937.86,0,$0,0,0
VELOCI MOTORS,"MOTO VELOCI RAZZER GTR 220CC, ROJO",CEDIS TAB PXGL,MACROPAY HUIMANGUILLO AV ESCOBAR,1281,10,3VMA2M3L9V2444804,1,$21937.86,0,$0,0,0
VELOCI MOTORS,"MOTO VELOCI RAZZER GTR 220CC, ROJO",CEDIS TAB PXGL,MACROPAY LERDO DE TEJADA ENRIQUEZ,1200,10,3VMA2M3L0T2415950,1,$21957.10,0,$0,0,0
VELOCI MOTORS,"MOTO VELOCI RAZZER GTR 220CC, ROJO",CEDIS TAB PXGL,MACROPAY LERDO DE TEJADA ENRIQUEZ,1200,10,3VMA2M3L9T2380325,1,$21957.10,0,$0,0,0
VELOCI MOTORS,"MOTO VELOCI RAZZER GTR 220CC, ROJO",CEDIS TAB PXGL,MACROPAY MATIAS ROMERO 16 SEPT,1263,10,3VMA2M3L1T2416038,1,$21688.13,0,$0,0,0
VELOCI MOTORS,"MOTO VELOCI RAZZER GTR 220CC, ROJO",CEDIS TAB PXGL,MACROPAY MATIAS ROMERO MOTOS CENTRO,1868,10,3VMA2M3L7T2416030,1,$21723.65,0,$0,0,0
VELOCI MOTORS,"MOTO VELOCI RAZZER GTR 220CC, ROJO",CEDIS TAB PXGL,MACROPAY MATIAS ROMERO MOTOS CENTRO,1868,10,3VMA2M3L8T2416005,1,$21723.65,0,$0,0,0
VELOCI MOTORS,"MOTO VELOCI RAZZER GTR 220CC, ROJO",CEDIS TAB PXGL,MACROPAY MATIAS ROMERO MOTOS CENTRO,1868,10,3VMA2M3L9V2444799,1,$21723.65,0,$0,0,0
VELOCI MOTORS,"MOTO VELOCI RAZZER GTR 220CC, ROJO",CEDIS TAB PXGL,MACROPAY MINATITLAN MIGUEL HID MOTOS,1827,10,3VMA2M3L7V2444817,1,$21937.67,0,$0,0,0
VELOCI MOTORS,"MOTO VELOCI RAZZER GTR 220CC, ROJO",CEDIS TAB PXGL,MACROPAY MINATITLAN MIGUEL HIDALGO,1375,10,3VMA2M3L0V2444805,1,$21938.07,0,$0,0,0
VELOCI MOTORS,"MOTO VELOCI RAZZER GTR 220CC, ROJO",CEDIS TAB PXGL,MACROPAY PARAISO CENTRO,1819,10,3VMA2M3L4V2444774,1,$21938.07,0,$0,0,0
VELOCI MOTORS,"MOTO VELOCI RAZZER GTR 220CC, ROJO",CEDIS TAB PXGL,MACROPAY PIJIJIAPAN CENTRAL,1628,10,3VMA2M3L8V2444437,1,$21938.07,0,$0,0,0
VELOCI MOTORS,"MOTO VELOCI RAZZER GTR 220CC, ROJO",CEDIS TAB PXGL,MACROPAY TAPACHULA 1A PONIENTE,1175,10,3VMA2M3L7T2420966,1,$21708.96,0,$0,0,0
VELOCI MOTORS,"MOTO VELOCI RAZZER GTR 220CC, ROJO",CEDIS TAB PXGL,MACROPAY TAPACHULA 1A PONIENTE,1175,10,3VMA2M3L8V2425239,1,$21708.96,0,$0,0,0
VELOCI MOTORS,"MOTO VELOCI RAZZER GTR 220CC, ROJO",CEDIS TAB PXGL,MACROPAY TEAPA GREGORIO,1124,10,3VMA2M3L6T2416424,1,$21817.45,0,$0,0,0
VELOCI MOTORS,"MOTO VELOCI RAZZER GTR 220CC, ROJO",CEDIS TAB PXGL,MACROPAY TENOSIQUE CALLE 28,1268,10,3VMA2M3L7V2444820,1,$21938.07,0,$0,0,0
VELOCI MOTORS,"MOTO VELOCI RAZZER GTR 220CC, ROJO",CEDIS TAB PXGL,MACROPAY TUX 5 SUR ORIENTE,1939,10,3VMA2M3L6V2444890,1,$21938.07,0,$0,0,0
VELOCI MOTORS,"MOTO VELOCI RAZZER GTR 220CC, ROJO",CEDIS TAB PXGL,MACROPAY TUX MOTOS NOVENA SUR,1875,10,3VMA2M3L5V2444458,1,$21938.07,0,$0,0,0
VELOCI MOTORS,"MOTO VELOCI RAZZER GTR 220CC, ROJO",CEDIS TAB PXGL,MACROPAY TUX PRIMERA PONIENTE SUR,1578,10,3VMA2M3L0V2444450,1,$22054.46,0,$0,0,0
VELOCI MOTORS,"MOTO VELOCI RAZZER GTR 220CC, ROJO",CEDIS TAB PXGL,MACROPAY TUXTEPEC 20 DE NOV,1134,10,3VMA2M3L3V2444815,1,$21938.07,0,$0,0,0
VELOCI MOTORS,"MOTO VELOCI RAZZER GTR 220CC, ROJO",CEDIS TAB PXGL,MACROPAY VER SAN ANDRES MOTOS,1798,10,3VMA2M3L2T2415996,1,$21957.10,0,$0,0,0
VELOCI MOTORS,"MOTO VELOCI RAZZER GTR 220CC, ROJO",CEDIS TAB PXGL,MACROPAY VER SAN ANDRES MOTOS,1798,10,3VMA2M3LXT2378423,1,$21957.10,0,$0,0,0
VELOCI MOTORS,"MOTO VELOCI RAZZER GTR 220CC, ROJO",CEDIS TAB PXGL,MACROPAY VILLA LERDO DE TEJADA 2 316,1768,10,3VMA2M3L5T2375669,1,$21893.80,0,$0,0,0
VELOCI MOTORS,"MOTO VELOCI RAZZER GTR 220CC, ROJO",PROVEEDOR,ENSENADA CENTRO GASTELUM,1949,10,3VMA2M3L3V2424855,1,$21965.50,0,$0,0,0
VELOCI MOTORS,"MOTO VELOCI RAZZER GTR 220CC, ROJO",PROVEEDOR,MACROPAY MISION SOLER TIJUANA,1824,10,3VMA2M3L9T2424422,1,$21965.49,0,$0,0,0
VELOCI MOTORS,"MOTO VELOCI RAZZER GTR 220CC, ROJO",PROVEEDOR,MACROPAY TECATE BAJA PASCUAL ORTIZ,1444,10,3VMA2M3L0V2424943,1,$21965.49,0,$0,0,0
VELOCI MOTORS,"MOTO VELOCI RAZZER GTR 220CC, ROJO",PROVEEDOR,MACROPAY TECATE BAJA PASCUAL ORTIZ,1444,10,3VMA2M3L4V2424833,1,$21965.49,0,$0,0,0
VELOCI MOTORS,"MOTO VELOCI RAZZER HYPER SPORT 330, ROJO",CEDIS CDMX,ACATLAN INDEPENDENCIA,1943,10,3VMA3ND13V2452574,1,$28881.46,0,$0,0,0
VELOCI MOTORS,"MOTO VELOCI RAZZER HYPER SPORT 330, ROJO",CEDIS CDMX,CE. LOG. PXGL,21,140,3VMA3ND16V2452634,1,$28937.22,0,$0,0,0
VELOCI MOTORS,"MOTO VELOCI RAZZER HYPER SPORT 330, ROJO",CEDIS CDMX,CENTRO LAGO DE GUADALUPE EDOMEX,1885,10,3VMA3ND17V2452576,1,$28946.04,0,$0,0,0
VELOCI MOTORS,"MOTO VELOCI RAZZER HYPER SPORT 330, ROJO",CEDIS CDMX,MACROPAY ALAMO CENTRO,1870,10,3VMA3ND18T2437856,1,$29113.37,0,$0,0,0
VELOCI MOTORS,"MOTO VELOCI RAZZER HYPER SPORT 330, ROJO",CEDIS CDMX,MACROPAY APIZACO CARRANZA,1198,10,3VMA3ND18V2452649,1,$28821.49,0,$0,0,0
VELOCI MOTORS,"MOTO VELOCI RAZZER HYPER SPORT 330, ROJO",CEDIS CDMX,MACROPAY ATIZAPAN VILLAS HACIENDA,1866,10,3VMA3ND17V2459687,1,$28881.47,0,$0,0,0
VELOCI MOTORS,"MOTO VELOCI RAZZER HYPER SPORT 330, ROJO",CEDIS CDMX,MACROPAY ATLIXCO MOTOS 3 SUR,1847,10,3VMA3ND12V2452503,1,$29138.40,0,$0,0,0
VELOCI MOTORS,"MOTO VELOCI RAZZER HYPER SPORT 330, ROJO",CEDIS CDMX,MACROPAY CDMX COYOACAN CANTIL L20,1614,10,3VMA3ND15V2452737,1,$28923.96,0,$0,0,0
VELOCI MOTORS,"MOTO VELOCI RAZZER HYPER SPORT 330, ROJO",CEDIS CDMX,MACROPAY CDMX CUAUHTEMOC LE2,1439,10,3VMA3ND18V2452733,1,$28923.96,0,$0,0,0
VELOCI MOTORS,"MOTO VELOCI RAZZER HYPER SPORT 330, ROJO",CEDIS CDMX,MACROPAY CDMX PARQUE TEPEYAC L204,1780,10,3VMA3ND14V2452731,1,$28923.96,0,$0,0,0
VELOCI MOTORS,"MOTO VELOCI RAZZER HYPER SPORT 330, ROJO",CEDIS CDMX,MACROPAY CDMX REPUBLICA DE BRASIL,1733,10,3VMA3ND11T2421627,1,$29352.84,0,$0,0,0
VELOCI MOTORS,"MOTO VELOCI RAZZER HYPER SPORT 330, ROJO",CEDIS CDMX,MACROPAY CDMX SERVIPLAZA EL ROSARIO,1422,10,3VMA3ND1XT2421478,1,$29352.84,0,$0,0,0
VELOCI MOTORS,"MOTO VELOCI RAZZER HYPER SPORT 330, ROJO",CEDIS CDMX,MACROPAY CDMX SORIANA IZTAPALAPA REF L3,1535,10,3VMA3ND11V2452573,1,$28946.04,0,$0,0,0
VELOCI MOTORS,"MOTO VELOCI RAZZER HYPER SPORT 330, ROJO",CEDIS CDMX,MACROPAY CDMX VIA MIXHUCA L4,1315,10,3VMA3ND14V2452583,1,$28881.46,0,$0,0,0
VELOCI MOTORS,"MOTO VELOCI RAZZER HYPER SPORT 330, ROJO",CEDIS CDMX,MACROPAY CHIMALHUACAN PLAZA L48,1301,10,3VMA3ND16V2452696,1,$28904.72,0,$0,0,0
VELOCI MOTORS,"MOTO VELOCI RAZZER HYPER SPORT 330, ROJO",CEDIS CDMX,MACROPAY COACALCO COSMOPOL LE125,1407,10,3VMA3ND11V2459801,1,$28881.47,0,$0,0,0
VELOCI MOTORS,"MOTO VELOCI RAZZER HYPER SPORT 330, ROJO",CEDIS CDMX,MACROPAY COACALCO POWER CENTER,1362,10,3VMA3ND16T2437855,1,$29352.84,0,$0,0,0
VELOCI MOTORS,"MOTO VELOCI RAZZER HYPER SPORT 330, ROJO",CEDIS CDMX,MACROPAY CUAU CENTRO SAN MIGUEL L15,1303,10,3VMA3ND19V2459691,1,$28881.47,0,$0,0,0
VELOCI MOTORS,"MOTO VELOCI RAZZER HYPER SPORT 330, ROJO",CEDIS CDMX,MACROPAY CUAUTLA CAPITAN M ANZUREZ 93B,1710,10,3VMA3ND19V2452546,1,$28881.47,0,$0,0,0
VELOCI MOTORS,"MOTO VELOCI RAZZER HYPER SPORT 330, ROJO",CEDIS CDMX,MACROPAY EZEQUIEL MONTES CENTRO,1903,10,3VMA3ND15V2459784,1,$28909.34,0,$0,0,0
VELOCI MOTORS,"MOTO VELOCI RAZZER HYPER SPORT 330, ROJO",CEDIS CDMX,MACROPAY HUAJUAPAN CENTRO,1779,10,3VMA3ND11V2452430,1,$28923.95,0,$0,0,0
VELOCI MOTORS,"MOTO VELOCI RAZZER HYPER SPORT 330, ROJO",CEDIS CDMX,MACROPAY HUAJUAPAN NUYOO,1140,10,3VMA3ND19V2452434,1,$28923.96,0,$0,0,0
VELOCI MOTORS,"MOTO VELOCI RAZZER HYPER SPORT 330, ROJO",CEDIS CDMX,MACROPAY HUEJUTLA CARRETERA L3,1312,10,3VMA3ND14V2452485,1,$28937.22,0,$0,0,0
VELOCI MOTORS,"MOTO VELOCI RAZZER HYPER SPORT 330, ROJO",CEDIS CDMX,MACROPAY HUICHAPAN HIDALGO SAN JOSE,1414,10,3VMA3ND1XV2452572,1,$28937.22,0,$0,0,0
VELOCI MOTORS,"MOTO VELOCI RAZZER HYPER SPORT 330, ROJO",CEDIS CDMX,MACROPAY IXMIQUILPAN PLAZA LNL29,1257,10,3VMA3ND14T2437840,1,$29113.38,0,$0,0,0
VELOCI MOTORS,"MOTO VELOCI RAZZER HYPER SPORT 330, ROJO",CEDIS CDMX,MACROPAY JIUTEPEC CUAUHNAHUAC,1869,10,3VMA3ND11V2452735,1,$28923.96,0,$0,0,0
VELOCI MOTORS,"MOTO VELOCI RAZZER HYPER SPORT 330, ROJO",CEDIS CDMX,MACROPAY JOJUTLA CENTRO,1854,10,3VMA3ND18V2452716,1,$28923.95,0,$0,0,0
VELOCI MOTORS,"MOTO VELOCI RAZZER HYPER SPORT 330, ROJO",CEDIS CDMX,MACROPAY LERMA SORIANA CENTRO L10,1823,10,3VMA3ND13T2438171,1,$29352.84,0,$0,0,0
VELOCI MOTORS,"MOTO VELOCI RAZZER HYPER SPORT 330, ROJO",CEDIS CDMX,MACROPAY NAUCALPAN ING MILITARES,1790,10,3VMA3ND12V2452422,1,$30973.35,0,$0,0,0
VELOCI MOTORS,"MOTO VELOCI RAZZER HYPER SPORT 330, ROJO",CEDIS CDMX,MACROPAY NICOLAS ROMERO TOWNCENTER LB06,1432,10,3VMA3ND15V2452639,1,$28881.47,0,$0,0,0
VELOCI MOTORS,"MOTO VELOCI RAZZER HYPER SPORT 330, ROJO",CEDIS CDMX,MACROPAY OAX MINA L318,1371,10,3VMA3ND14V2452647,1,$28870.12,0,$0,0,0
VELOCI MOTORS,"MOTO VELOCI RAZZER HYPER SPORT 330, ROJO",CEDIS CDMX,MACROPAY ORIZABA NORTE 4 ESQ OTE 3,1881,10,3VMA3ND10V2452550,1,$28881.47,0,$0,0,0
VELOCI MOTORS,"MOTO VELOCI RAZZER HYPER SPORT 330, ROJO",CEDIS CDMX,MACROPAY PINOTEPA LAS FLORES L1,1456,10,3VMA3ND13V2452364,1,$28881.47,0,$0,0,0
VELOCI MOTORS,"MOTO VELOCI RAZZER HYPER SPORT 330, ROJO",CEDIS CDMX,MACROPAY PUE LOMA BELLA L5,1195,10,3VMA3ND16V2452620,1,$28923.95,0,$0,0,0
VELOCI MOTORS,"MOTO VELOCI RAZZER HYPER SPORT 330, ROJO",CEDIS CDMX,MACROPAY SAN JUAN DEL RIO JUAREZ 24B,1478,10,3VMA3ND13V2452641,1,$28937.22,0,$0,0,0
VELOCI MOTORS,"MOTO VELOCI RAZZER HYPER SPORT 330, ROJO",CEDIS CDMX,MACROPAY TECAMACHALCO 9 ORIENTE,1203,10,3VMA3ND1XV2452653,1,$28937.22,0,$0,0,0
VELOCI MOTORS,"MOTO VELOCI RAZZER HYPER SPORT 330, ROJO",CEDIS CDMX,MACROPAY TEHUACAN 5 SUR,1138,10,3VMA3ND14V2452356,1,$28937.23,0,$0,0,0
VELOCI MOTORS,"MOTO VELOCI RAZZER HYPER SPORT 330, ROJO",CEDIS CDMX,MACROPAY TIZAYUCA ALAMEDA COMERCIAL L04,1285,10,3VMA3ND14V2452695,1,$28927.98,0,$0,0,0
VELOCI MOTORS,"MOTO VELOCI RAZZER HYPER SPORT 330, ROJO",CEDIS CDMX,MACROPAY TIZAYUCA BULEVAR,1240,10,3VMA3ND16V2459793,1,$28881.46,0,$0,0,0
VELOCI MOTORS,"MOTO VELOCI RAZZER HYPER SPORT 330, ROJO",CEDIS CDMX,MACROPAY TLALNE MULTI VALLE DORADO L25A,1295,10,3VMA3ND11T2438184,1,$29352.84,0,$0,0,0
VELOCI MOTORS,"MOTO VELOCI RAZZER HYPER SPORT 330, ROJO",CEDIS CDMX,MACROPAY TLALNEPANTLA CENTRO,1902,10,3VMA3ND14V2452616,1,$28881.47,0,$0,0,0
VELOCI MOTORS,"MOTO VELOCI RAZZER HYPER SPORT 330, ROJO",CEDIS CDMX,MACROPAY TLALNEPANTLA ENCUENTRO L29,1400,10,3VMA3ND12V2452727,1,$28927.98,0,$0,0,0
VELOCI MOTORS,"MOTO VELOCI RAZZER HYPER SPORT 330, ROJO",CEDIS CDMX,MACROPAY TLALNEPANTLA MULTI ARBOLEDAS,1755,10,3VMA3ND17V2459804,1,$28881.47,0,$0,0,0
VELOCI MOTORS,"MOTO VELOCI RAZZER HYPER SPORT 330, ROJO",CEDIS CDMX,MACROPAY TOLUCA GRAND PLAZA L7,1433,10,3VMA3ND18V2452554,1,$28946.04,0,$0,0,0
VELOCI MOTORS,"MOTO VELOCI RAZZER HYPER SPORT 330, ROJO",CEDIS CDMX,MACROPAY TOLUCA HIDALGO MOTOS,1747,10,3VMA3ND11V2452704,1,$28927.98,0,$0,0,0
VELOCI MOTORS,"MOTO VELOCI RAZZER HYPER SPORT 330, ROJO",CEDIS CDMX,MACROPAY VERACRUZ AV MATAMOROS NORTE,1721,10,3VMA3ND1XT2437891,1,$29233.10,0,$0,0,0
VELOCI MOTORS,"MOTO VELOCI RAZZER HYPER SPORT 330, ROJO",CEDIS CDMX,MACROPAY ZIMATLAN CENTRO,1846,10,3VMA3ND19V2452658,1,$28923.96,0,$0,0,0
VELOCI MOTORS,"MOTO VELOCI RAZZER HYPER SPORT 330, ROJO",CEDIS CDMX,MACROPAY ZUMPANGO AV INSURGENTES,1813,10,3VMA3ND14V2452518,1,$28913.75,0,$0,0,0
VELOCI MOTORS,"MOTO VELOCI RAZZER HYPER SPORT 330, ROJO",CEDIS CDMX,SORIANA MERCADO CENTRAL TULTITLAN,1880,10,3VMA3ND16V2459776,1,$28881.46,0,$0,0,0
VELOCI MOTORS,"MOTO VELOCI RAZZER HYPER SPORT 330, ROJO",CEDIS CULIACAN,MACROPAY CD OBREGON CENTRO,1891,10,3VMA3ND11T2438671,1,$29352.84,0,$0,0,0
VELOCI MOTORS,"MOTO VELOCI RAZZER HYPER SPORT 330, ROJO",CEDIS CULIACAN,MACROPAY GUAYMAS CENTRO 112,1882,10,3VMA3ND18T2421902,1,$29352.84,0,$0,0,0
VELOCI MOTORS,"MOTO VELOCI RAZZER HYPER SPORT 330, ROJO",CEDIS CULIACAN,MACROPAY GUAYMAS CENTRO 112,1882,10,3VMA3ND1XT2438782,1,$29352.84,0,$0,0,0
VELOCI MOTORS,"MOTO VELOCI RAZZER HYPER SPORT 330, ROJO",CEDIS CULIACAN,MACROPAY HERMOSILLO CENTRO NORIEGA,1911,10,3VMA3ND11T2421630,1,$29352.84,0,$0,0,0
VELOCI MOTORS,"MOTO VELOCI RAZZER HYPER SPORT 330, ROJO",CEDIS CULIACAN,MACROPAY HERMOSILLO CENTRO NORIEGA,1911,10,3VMA3ND13T2421628,1,$29352.84,0,$0,0,0
VELOCI MOTORS,"MOTO VELOCI RAZZER HYPER SPORT 330, ROJO",CEDIS CULIACAN,MACROPAY LA PAZ MERCADO MADERO,1805,10,3VMA3ND14T2426563,1,$29352.84,0,$0,0,0
VELOCI MOTORS,"MOTO VELOCI RAZZER HYPER SPORT 330, ROJO",CEDIS CULIACAN,MACROPAY LOS MOCHIS CENTRO,1852,10,3VMA3ND15T2426037,1,$29352.84,0,$0,0,0
VELOCI MOTORS,"MOTO VELOCI RAZZER HYPER SPORT 330, ROJO",CEDIS GDL,LOMAS DE POLANCO GUADALAJARA,1884,10,3VMA3ND13T2437859,1,$29352.84,0,$0,0,0
VELOCI MOTORS,"MOTO VELOCI RAZZER HYPER SPORT 330, ROJO",CEDIS GDL,MACROPAY APATZINGAN CENTRO ANDRADE,1832,10,3VMA3ND11T2421949,1,$29352.84,0,$0,0,0
VELOCI MOTORS,"MOTO VELOCI RAZZER HYPER SPORT 330, ROJO",CEDIS GDL,MACROPAY GDL EL FRESNO,1905,10,3VMA3ND14T2421895,1,$29352.84,0,$0,0,0
VELOCI MOTORS,"MOTO VELOCI RAZZER HYPER SPORT 330, ROJO",CEDIS GDL,MACROPAY GDL JESUS GONZALEZ ORTEGA,1520,10,3VMA3ND18T2438814,1,$29352.84,0,$0,0,0
VELOCI MOTORS,"MOTO VELOCI RAZZER HYPER SPORT 330, ROJO",CEDIS GDL,MACROPAY GDL MOTOS PASEO ALCALDE,1919,10,3VMA3ND14T2438700,1,$29352.84,0,$0,0,0
VELOCI MOTORS,"MOTO VELOCI RAZZER HYPER SPORT 330, ROJO",CEDIS GDL,MACROPAY GDL PEDRO LOZA,1516,10,3VMA3ND11T2421871,1,$29352.84,0,$0,0,0
VELOCI MOTORS,"MOTO VELOCI RAZZER HYPER SPORT 330, ROJO",CEDIS GDL,MACROPAY GDL PLAZA INDEPENDENCIA L1-5,1435,10,3VMA3ND16T2438701,1,$29352.84,0,$0,0,0
VELOCI MOTORS,"MOTO VELOCI RAZZER HYPER SPORT 330, ROJO",CEDIS GDL,MACROPAY MANZANILLO CENTRO AV MEXICO,1763,10,3VMA3ND1XT2421965,1,$29352.84,0,$0,0,0
VELOCI MOTORS,"MOTO VELOCI RAZZER HYPER SPORT 330, ROJO",CEDIS GDL,MACROPAY TECOMAN ALDAMA 52,1571,10,3VMA3ND16T2421977,1,$29352.84,0,$0,0,0
VELOCI MOTORS,"MOTO VELOCI RAZZER HYPER SPORT 330, ROJO",CEDIS GDL,MACROPAY ZAPOPAN AV HIDALGO,1508,10,3VMA3ND10T2425880,1,$29352.84,0,$0,0,0
VELOCI MOTORS,"MOTO VELOCI RAZZER HYPER SPORT 330, ROJO",CEDIS GDL,MACROPAY ZAPOTLANEJO PORFIRIO DIAZ,1517,10,3VMA3ND13T2426019,1,$29352.84,0,$0,0,0
VELOCI MOTORS,"MOTO VELOCI RAZZER HYPER SPORT 330, ROJO",CEDIS MID,CEDIS MERIDA,11,140,3VMA3ND10T2438810,1,$31711.28,0,$0,0,0
VELOCI MOTORS,"MOTO VELOCI RAZZER HYPER SPORT 330, ROJO",CEDIS MID,CEDIS MERIDA,11,140,3VMA3ND13T2438719,1,$31711.28,0,$0,0,0
VELOCI MOTORS,"MOTO VELOCI RAZZER HYPER SPORT 330, ROJO",CEDIS MID,CEDIS MERIDA,11,140,3VMA3ND13V2459783,1,$31711.28,0,$0,0,0
VELOCI MOTORS,"MOTO VELOCI RAZZER HYPER SPORT 330, ROJO",CEDIS MID,CEDIS MERIDA,11,140,3VMA3ND18V2452392,1,$31711.28,0,$0,0,0
VELOCI MOTORS,"MOTO VELOCI RAZZER HYPER SPORT 330, ROJO",CEDIS MID,CEDIS MERIDA,11,140,3VMA3ND1XV2452376,1,$31711.28,0,$0,0,0
VELOCI MOTORS,"MOTO VELOCI RAZZER HYPER SPORT 330, ROJO",CEDIS MID,MACROPAY CHT HEROES 2,1122,10,3VMA3ND1XV2452409,1,$31711.28,0,$0,0,0
VELOCI MOTORS,"MOTO VELOCI RAZZER HYPER SPORT 330, ROJO",CEDIS MID,MACROPAY TIZIMIN MERCADO,1053,10,3VMA3ND12T2438680,1,$29029.12,0,$0,0,0
VELOCI MOTORS,"MOTO VELOCI RAZZER HYPER SPORT 330, ROJO",CEDIS SALTILLO,CEDIS SALTILLO,29,140,3VMA3ND10T2438824,1,$29337.38,0,$0,0,0
VELOCI MOTORS,"MOTO VELOCI RAZZER HYPER SPORT 330, ROJO",CEDIS SALTILLO,CEDIS SALTILLO,29,140,3VMA3ND11T2426570,1,$29337.38,0,$0,0,0
VELOCI MOTORS,"MOTO VELOCI RAZZER HYPER SPORT 330, ROJO",CEDIS SALTILLO,CEDIS SALTILLO,29,140,3VMA3ND16T2425978,1,$29337.38,0,$0,0,0
VELOCI MOTORS,"MOTO VELOCI RAZZER HYPER SPORT 330, ROJO",CEDIS SALTILLO,CEDIS SALTILLO,29,140,3VMA3ND16T2426550,1,$29337.38,0,$0,0,0
VELOCI MOTORS,"MOTO VELOCI RAZZER HYPER SPORT 330, ROJO",CEDIS SALTILLO,CEDIS SALTILLO,29,140,3VMA3ND17T2425956,1,$29337.38,0,$0,0,0
VELOCI MOTORS,"MOTO VELOCI RAZZER HYPER SPORT 330, ROJO",CEDIS SALTILLO,CEDIS SALTILLO,29,140,3VMA3ND17T2426587,1,$29337.38,0,$0,0,0
VELOCI MOTORS,"MOTO VELOCI RAZZER HYPER SPORT 330, ROJO",CEDIS SALTILLO,CEDIS SALTILLO,29,140,3VMA3ND19T2426574,1,$29337.38,0,$0,0,0
VELOCI MOTORS,"MOTO VELOCI RAZZER HYPER SPORT 330, ROJO",CEDIS SALTILLO,CIUDAD VICTORIA CENTRO,1944,10,3VMA3ND1XT2425983,1,$29337.37,0,$0,0,0
VELOCI MOTORS,"MOTO VELOCI RAZZER HYPER SPORT 330, ROJO",CEDIS SALTILLO,DELICIAS CHIHUAHUA CENTRO,1946,10,3VMA3ND15T2438821,1,$29337.37,0,$0,0,0
VELOCI MOTORS,"MOTO VELOCI RAZZER HYPER SPORT 330, ROJO",CEDIS SALTILLO,MACROPAY MATAMOROS CENTRO ABASOLO,1904,10,3VMA3ND13T2426604,1,$29337.38,0,$0,0,0
VELOCI MOTORS,"MOTO VELOCI RAZZER HYPER SPORT 330, ROJO",CEDIS SALTILLO,MACROPAY MTY CENTRO CUAUHTEMOC L131,1560,10,3VMA3ND18T2438697,1,$29337.38,0,$0,0,0
VELOCI MOTORS,"MOTO VELOCI RAZZER HYPER SPORT 330, ROJO",CEDIS SALTILLO,MACROPAY NUEVO LEON LINARES CENTRO,1729,10,3VMA3ND18T2425982,1,$29443.36,0,$0,0,0
VELOCI MOTORS,"MOTO VELOCI RAZZER HYPER SPORT 330, ROJO",CEDIS SALTILLO,MACROPAY SABINAS CENTRO,1938,10,3VMA3ND10T2425989,1,$29337.38,0,$0,0,0
VELOCI MOTORS,"MOTO VELOCI RAZZER HYPER SPORT 330, ROJO",CEDIS SALTILLO,MACROPAY TORREON CENTRO,1772,10,3VMA3ND1XT2426048,1,$29337.38,0,$0,0,0
VELOCI MOTORS,"MOTO VELOCI RAZZER HYPER SPORT 330, ROJO",CEDIS SALTILLO,MACROPAY TORREON CENTRO HIDALGO,1941,10,3VMA3ND18T2426548,1,$29337.38,0,$0,0,0
VELOCI MOTORS,"MOTO VELOCI RAZZER HYPER SPORT 330, ROJO",CEDIS SALTILLO,PARRAL CHIHUAHUA CENTRO,1945,10,3VMA3ND1XT2438751,1,$29337.38,0,$0,0,0
VELOCI MOTORS,"MOTO VELOCI RAZZER HYPER SPORT 330, ROJO",CEDIS SAN LUIS,CD MANTE CENTRO,1888,10,3VMA3ND10T2421974,1,$29369.08,0,$0,0,0
VELOCI MOTORS,"MOTO VELOCI RAZZER HYPER SPORT 330, ROJO",CEDIS SAN LUIS,MACROPAY SAN LUIS DE LA PAZ CENTRO,1855,10,3VMA3ND11V2459703,1,$28937.59,0,$0,0,0
VELOCI MOTORS,"MOTO VELOCI RAZZER HYPER SPORT 330, ROJO",CEDIS TAB PXGL,CEDIS MACROPAY TABASCO PXGL,14,140,3VMA3ND11V2452623,1,$29077.12,0,$0,0,0
VELOCI MOTORS,"MOTO VELOCI RAZZER HYPER SPORT 330, ROJO",CEDIS TAB PXGL,MACROPAY ACAYUCAN CENTRO,1789,10,3VMA3ND11T2421529,1,$29356.23,0,$0,0,0
VELOCI MOTORS,"MOTO VELOCI RAZZER HYPER SPORT 330, ROJO",CEDIS TAB PXGL,MACROPAY CARDENAS PORTALES CENTRO,1802,10,3VMA3ND19V2452689,1,$28921.80,0,$0,0,0
VELOCI MOTORS,"MOTO VELOCI RAZZER HYPER SPORT 330, ROJO",CEDIS TAB PXGL,MACROPAY CD DEL CARMEN CALLE 22 MOTOS,1811,10,3VMA3ND1XV2452684,1,$28921.80,0,$0,0,0
VELOCI MOTORS,"MOTO VELOCI RAZZER HYPER SPORT 330, ROJO",CEDIS TAB PXGL,MACROPAY COMALCALCO CHEDRAUI L 2,1211,10,3VMA3ND15V2452687,1,$28921.80,0,$0,0,0
VELOCI MOTORS,"MOTO VELOCI RAZZER HYPER SPORT 330, ROJO",CEDIS TAB PXGL,MACROPAY COMALCALCO REFORMA,1218,10,3VMA3ND19V2452708,1,$28921.80,0,$0,0,0
VELOCI MOTORS,"MOTO VELOCI RAZZER HYPER SPORT 330, ROJO",CEDIS TAB PXGL,MACROPAY COMITAN SUR ORIENTE,1105,10,3VMA3ND17V2452724,1,$28921.80,0,$0,0,0
VELOCI MOTORS,"MOTO VELOCI RAZZER HYPER SPORT 330, ROJO",CEDIS TAB PXGL,MACROPAY JUAN RODRIGUEZ VER CENTRO,1860,10,3VMA3ND10T2426608,1,$28921.80,0,$0,0,0
VELOCI MOTORS,"MOTO VELOCI RAZZER HYPER SPORT 330, ROJO",CEDIS TAB PXGL,MACROPAY MATIAS ROMERO MOTOS CENTRO,1868,10,3VMA3ND19T2420841,1,$29584.87,0,$0,0,0
VELOCI MOTORS,"MOTO VELOCI RAZZER HYPER SPORT 330, ROJO",CEDIS TAB PXGL,MACROPAY MINATITLAN L46C CHEDRAUI,1213,10,3VMA3ND16T2438648,1,$29353.14,0,$0,0,0
VELOCI MOTORS,"MOTO VELOCI RAZZER HYPER SPORT 330, ROJO",CEDIS TAB PXGL,MACROPAY MINATITLAN MIGUEL HID MOTOS,1827,10,3VMA3ND12V2452694,1,$28994.20,0,$0,0,0
VELOCI MOTORS,"MOTO VELOCI RAZZER HYPER SPORT 330, ROJO",CEDIS TAB PXGL,MACROPAY MINATITLAN MIGUEL HID MOTOS,1827,10,3VMA3ND18T2421544,1,$28994.20,0,$0,0,0
VELOCI MOTORS,"MOTO VELOCI RAZZER HYPER SPORT 330, ROJO",CEDIS TAB PXGL,MACROPAY MINATITLAN MIGUEL HID MOTOS,1827,10,3VMA3ND18T2421916,1,$28994.20,0,$0,0,0
VELOCI MOTORS,"MOTO VELOCI RAZZER HYPER SPORT 330, ROJO",CEDIS TAB PXGL,MACROPAY TEAPA CHACUIBA L9,1356,10,3VMA3ND13V2452543,1,$28921.80,0,$0,0,0
VELOCI MOTORS,"MOTO VELOCI RAZZER HYPER SPORT 330, ROJO",CEDIS TAB PXGL,MACROPAY TUX 5 SUR ORIENTE,1939,10,3VMA3ND14V2452700,1,$28921.80,0,$0,0,0
VELOCI MOTORS,"MOTO VELOCI RAZZER HYPER SPORT 330, ROJO",CEDIS TAB PXGL,MACROPAY TUX MOTOS NOVENA SUR,1875,10,3VMA3ND14V2452597,1,$28978.71,0,$0,0,0
VELOCI MOTORS,"MOTO VELOCI RAZZER HYPER SPORT 330, ROJO",CEDIS TAB PXGL,MACROPAY TUX MOTOS NOVENA SUR,1875,10,3VMA3ND1XV2452720,1,$28978.71,0,$0,0,0
VELOCI MOTORS,"MOTO VELOCI RAZZER HYPER SPORT 330, ROJO",CEDIS TAB PXGL,MACROPAY TUX PRIMERA PONIENTE SUR,1578,10,3VMA3ND18V2452702,1,$29035.61,0,$0,0,0
VELOCI MOTORS,"MOTO VELOCI RAZZER HYPER SPORT 330, ROJO",CEDIS TAB PXGL,MACROPAY TUXTEPEC 20 DE NOV,1134,10,3VMA3ND10V2452709,1,$28921.80,0,$0,0,0
VELOCI MOTORS,"MOTO VELOCI RAZZER HYPER SPORT 330, ROJO",CEDIS TAB PXGL,MACROPAY VER SAN ANDRES MOTOS,1798,10,3VMA3ND10T2437852,1,$28921.80,0,$0,0,0
VELOCI MOTORS,"MOTO VELOCI RAZZER HYPER SPORT 330, ROJO",CEDIS TAB PXGL,MACROPAY VER SAN ANDRES MOTOS,1798,10,3VMA3ND11T2437892,1,$28921.80,0,$0,0,0
VELOCI MOTORS,"MOTO VELOCI RAZZER HYPER SPORT 330, ROJO",CEDIS TAB PXGL,MACROPAY VERACRUZ CD ISLA RAUL SANDOVAL,1760,10,3VMA3ND19T2437865,1,$28921.80,0,$0,0,0
VELOCI MOTORS,"MOTO VELOCI RAZZER HYPER SPORT 330, ROJO",PROVEEDOR,ENSENADA CENTRO GASTELUM,1949,10,3VMA3ND17T2437864,1,$29532.44,0,$0,0,0
VELOCI MOTORS,"MOTO VELOCI RAZZER HYPER SPORT 330, ROJO",PROVEEDOR,MACROPAY MISION SOLER TIJUANA,1824,10,3VMA3ND12T2438808,1,$29532.44,0,$0,0,0
VELOCI MOTORS,"MOTO VELOCI RAZZER HYPER SPORT 330, ROJO",PROVEEDOR,MACROPAY MISION SOLER TIJUANA,1824,10,3VMA3ND18T2437873,1,$29532.44,0,$0,0,0
VELOCI MOTORS,"MOTO VELOCI RAZZER HYPER SPORT 330, ROJO",PROVEEDOR,MACROPAY TECATE BAJA PASCUAL ORTIZ,1444,10,3VMA3ND10T2438662,1,$29532.44,0,$0,0,0
VELOCI MOTORS,"MOTO VELOCI RAZZER HYPER SPORT 330, ROJO",PROVEEDOR,MACROPAY TECATE JUAREZ,1567,10,3VMA3ND15T2437863,1,$29532.44,0,$0,0,0
VELOCI MOTORS,"MOTO VELOCI REVENGE DYNAMIK  220CC, GRIS",CEDIS CDMX,CE. LOG. PXGL,21,140,3VMA2M331T2442672,1,$22429.52,0,$0,0,0
VELOCI MOTORS,"MOTO VELOCI REVENGE DYNAMIK  220CC, GRIS",CEDIS CDMX,CE. LOG. PXGL,21,140,3VMA2M334T2442889,1,$22429.52,0,$0,0,0
VELOCI MOTORS,"MOTO VELOCI REVENGE DYNAMIK  220CC, GRIS",CEDIS CDMX,CE. LOG. PXGL,21,140,3VMA2M339T2442824,1,$22429.52,0,$0,0,0
VELOCI MOTORS,"MOTO VELOCI REVENGE DYNAMIK  220CC, GRIS",CEDIS CDMX,MACROPAY APAN REFORMA,1366,10,3VMA2M333S2346749,1,$21845.76,0,$0,0,0
VELOCI MOTORS,"MOTO VELOCI REVENGE DYNAMIK  220CC, GRIS",CEDIS CDMX,MACROPAY APAXCO CENTRO,1849,10,3VMA2M332V2453022,1,$22429.52,0,$0,0,0
VELOCI MOTORS,"MOTO VELOCI REVENGE DYNAMIK  220CC, GRIS",CEDIS CDMX,MACROPAY CHALCO SORIANA LA CONCHITA L08,1596,10,3VMA2M337V2453369,1,$22415.99,0,$0,0,0
VELOCI MOTORS,"MOTO VELOCI REVENGE DYNAMIK  220CC, GRIS",CEDIS CDMX,MACROPAY CIUDAD CARDEL CENTRO,1906,10,3VMA2M338V2453249,1,$22429.52,0,$0,0,0
VELOCI MOTORS,"MOTO VELOCI REVENGE DYNAMIK  220CC, GRIS",CEDIS CDMX,MACROPAY EZEQUIEL MONTES CENTRO,1903,10,3VMA2M333T2442902,1,$21576.51,0,$0,0,0
VELOCI MOTORS,"MOTO VELOCI REVENGE DYNAMIK  220CC, GRIS",CEDIS CDMX,MACROPAY GUTIERREZ ZAMORA CENTRO,1776,10,3VMA2M331T2392775,1,$22461.04,0,$0,0,0
VELOCI MOTORS,"MOTO VELOCI REVENGE DYNAMIK  220CC, GRIS",CEDIS CDMX,MACROPAY HUAJUAPAN CENTRO,1779,10,3VMA2M330T2429010,1,$21611.96,0,$0,0,0
VELOCI MOTORS,"MOTO VELOCI REVENGE DYNAMIK  220CC, GRIS",CEDIS CDMX,MACROPAY JIUTEPEC CUAUHNAHUAC,1869,10,3VMA2M337V2452156,1,$22161.15,0,$0,0,0
VELOCI MOTORS,"MOTO VELOCI REVENGE DYNAMIK  220CC, GRIS",CEDIS CDMX,MACROPAY METZTITLÁN ISAAC PIÑA,1300,10,3VMA2M335T2442691,1,$21695.89,0,$0,0,0
VELOCI MOTORS,"MOTO VELOCI REVENGE DYNAMIK  220CC, GRIS",CEDIS CDMX,MACROPAY MOR PUENTE DE IXTLA,1739,10,3VMA2M337T2430557,1,$21630.47,0,$0,0,0
VELOCI MOTORS,"MOTO VELOCI REVENGE DYNAMIK  220CC, GRIS",CEDIS CDMX,MACROPAY MOR ZAPATA AV. NO REELECCIÓN,1704,10,3VMA2M338T2442684,1,$21727.14,0,$0,0,0
VELOCI MOTORS,"MOTO VELOCI REVENGE DYNAMIK  220CC, GRIS",CEDIS CDMX,MACROPAY NAOLINCO PLAZA MAYOR,1273,10,3VMA2M338T2428994,1,$21630.47,0,$0,0,0
VELOCI MOTORS,"MOTO VELOCI REVENGE DYNAMIK  220CC, GRIS",CEDIS CDMX,MACROPAY NOCHIXTLAN PROGRESO,1321,10,3VMA2M330T2442680,1,$21727.14,0,$0,0,0
VELOCI MOTORS,"MOTO VELOCI REVENGE DYNAMIK  220CC, GRIS",CEDIS CDMX,MACROPAY OAX MINA L318,1371,10,3VMA2M338T2377979,1,$21823.14,0,$0,0,0
VELOCI MOTORS,"MOTO VELOCI REVENGE DYNAMIK  220CC, GRIS",CEDIS CDMX,MACROPAY PACHUCA VERTICE L13,1288,10,3VMA2M331V2453366,1,$22035.22,0,$0,0,0
VELOCI MOTORS,"MOTO VELOCI REVENGE DYNAMIK  220CC, GRIS",CEDIS CDMX,MACROPAY PACHUCA VERTICE L13,1288,10,3VMA2M332T2416551,1,$22035.22,0,$0,0,0
VELOCI MOTORS,"MOTO VELOCI REVENGE DYNAMIK  220CC, GRIS",CEDIS CDMX,MACROPAY PEROTE HUMBOLDT,1190,10,3VMA2M333V2452154,1,$22415.99,0,$0,0,0
VELOCI MOTORS,"MOTO VELOCI REVENGE DYNAMIK  220CC, GRIS",CEDIS CDMX,MACROPAY PEROTE HUMBOLDT,1190,10,3VMA2M339V2452157,1,$22415.99,0,$0,0,0
VELOCI MOTORS,"MOTO VELOCI REVENGE DYNAMIK  220CC, GRIS",CEDIS CDMX,MACROPAY PUE 2 NORTE,1150,10,3VMA2M334T2381849,1,$22376.15,0,$0,0,0
VELOCI MOTORS,"MOTO VELOCI REVENGE DYNAMIK  220CC, GRIS",CEDIS CDMX,MACROPAY PUE LOMA BELLA L5,1195,10,3VMA2M331T2442820,1,$21813.10,0,$0,0,0
VELOCI MOTORS,"MOTO VELOCI REVENGE DYNAMIK  220CC, GRIS",CEDIS CDMX,MACROPAY PUEBLA LIBRES CENTRO,1801,10,3VMA2M33XT2442833,1,$21576.51,0,$0,0,0
VELOCI MOTORS,"MOTO VELOCI REVENGE DYNAMIK  220CC, GRIS",CEDIS CDMX,MACROPAY QRO LAS AMERICAS L172,1299,10,3VMA2M334T2369832,1,$22955.89,0,$0,0,0
VELOCI MOTORS,"MOTO VELOCI REVENGE DYNAMIK  220CC, GRIS",CEDIS CDMX,MACROPAY SANTA MARIA HUATULCO DR JARQUIN,1265,10,3VMA2M339T2424033,1,$21854.84,0,$0,0,0
VELOCI MOTORS,"MOTO VELOCI REVENGE DYNAMIK  220CC, GRIS",CEDIS CDMX,MACROPAY TEXMELUCAN CENTRO 2,1774,10,3VMA2M335T2442884,1,$21512.48,0,$0,0,0
VELOCI MOTORS,"MOTO VELOCI REVENGE DYNAMIK  220CC, GRIS",CEDIS CDMX,MACROPAY TLANALAPA 16 DE ENERO,1243,10,3VMA2M334T2393001,1,$21963.47,0,$0,0,0
VELOCI MOTORS,"MOTO VELOCI REVENGE DYNAMIK  220CC, GRIS",CEDIS CDMX,MACROPAY TLAX PARQUE VERTICE L14,1224,10,3VMA2M33XT2442685,1,$21727.14,0,$0,0,0
VELOCI MOTORS,"MOTO VELOCI REVENGE DYNAMIK  220CC, GRIS",CEDIS CDMX,MACROPAY TOLUCA CENTRO MATAMOROS 215,1705,10,3VMA2M33XT2402896,1,$22263.09,0,$0,0,0
VELOCI MOTORS,"MOTO VELOCI REVENGE DYNAMIK  220CC, GRIS",CEDIS CDMX,MACROPAY TOLUCA GRAND PLAZA L7,1433,10,3VMA2M333T2442916,1,$21575.24,0,$0,0,0
VELOCI MOTORS,"MOTO VELOCI REVENGE DYNAMIK  220CC, GRIS",CEDIS CDMX,MACROPAY TULANCINGO 1ERO DE MAYO,1248,10,3VMA2M335V2453421,1,$22429.52,0,$0,0,0
VELOCI MOTORS,"MOTO VELOCI REVENGE DYNAMIK  220CC, GRIS",CEDIS CDMX,MACROPAY TULANCINGO CUAHUTEMOC L6,1250,10,3VMA2M330V2453391,1,$22429.52,0,$0,0,0
VELOCI MOTORS,"MOTO VELOCI REVENGE DYNAMIK  220CC, GRIS",CEDIS CDMX,MACROPAY VER CENTRO HIDALGO,1883,10,3VMA2M332V2452145,1,$22235.73,0,$0,0,0
VELOCI MOTORS,"MOTO VELOCI REVENGE DYNAMIK  220CC, GRIS",CEDIS CDMX,MACROPAY VERACRUZ AV MATAMOROS NORTE,1721,10,3VMA2M33XT2367373,1,$22055.47,0,$0,0,0
VELOCI MOTORS,"MOTO VELOCI REVENGE DYNAMIK  220CC, GRIS",CEDIS CDMX,MACROPAY ZACUALTIPAN CALLE OCAMPO,1396,10,3VMA2M33XT2442671,1,$21695.89,0,$0,0,0
VELOCI MOTORS,"MOTO VELOCI REVENGE DYNAMIK  220CC, GRIS",CEDIS CDMX,MACROPAY ZIHUATANEJO CENTRO,1853,10,3VMA2M334V2453376,1,$22429.52,0,$0,0,0
VELOCI MOTORS,"MOTO VELOCI REVENGE DYNAMIK  220CC, GRIS",CEDIS CDMX,MACROPAY ZIMATLAN CENTRO,1846,10,3VMA2M332T2430157,1,$21623.53,0,$0,0,0
VELOCI MOTORS,"MOTO VELOCI REVENGE DYNAMIK  220CC, GRIS",CEDIS CDMX,MACROPAY ZIMATLAN CENTRO,1846,10,3VMA2M332T2430210,1,$21623.53,0,$0,0,0
VELOCI MOTORS,"MOTO VELOCI REVENGE DYNAMIK  220CC, GRIS",CEDIS CDMX,MACROPAY ZINACANTEPEC PLAZA MÍA L15,1308,10,3VMA2M330V2453388,1,$22429.52,0,$0,0,0
VELOCI MOTORS,"MOTO VELOCI REVENGE DYNAMIK  220CC, GRIS",CEDIS CDMX,MACROPAY ZUMPANGO AV INSURGENTES,1813,10,3VMA2M333V2453420,1,$22429.52,0,$0,0,0
VELOCI MOTORS,"MOTO VELOCI REVENGE DYNAMIK  220CC, GRIS",CEDIS CDMX,PLAZA CHILPANCINGO,1889,10,3VMA2M33XV2453382,1,$22429.52,0,$0,0,0
VELOCI MOTORS,"MOTO VELOCI REVENGE DYNAMIK  220CC, GRIS",CEDIS CULIACAN,MACROPAY HERMOSILLO CENTRO NORIEGA,1911,10,3VMA2M336V2452083,1,$22585.10,0,$0,0,0
VELOCI MOTORS,"MOTO VELOCI REVENGE DYNAMIK  220CC, GRIS",CEDIS CULIACAN,MACROPAY LOS CABOS PATIO L01E,1843,10,3VMA2M330V2452144,1,$22585.10,0,$0,0,0
VELOCI MOTORS,"MOTO VELOCI REVENGE DYNAMIK  220CC, GRIS",CEDIS CULIACAN,MACROPAY MAZATLAN CENTRO,1863,10,3VMA2M33XV2452166,1,$22585.10,0,$0,0,0
VELOCI MOTORS,"MOTO VELOCI REVENGE DYNAMIK  220CC, GRIS",CEDIS GDL,COLIMA PLAZA SAN FERNANDO,1947,10,3VMA2M333V2452977,1,$22585.10,0,$0,0,0
VELOCI MOTORS,"MOTO VELOCI REVENGE DYNAMIK  220CC, GRIS",CEDIS GDL,MACROPAY APATZINGAN CENTRO CATEDRAL,1834,10,3VMA2M338S2356158,1,$21651.33,0,$0,0,0
VELOCI MOTORS,"MOTO VELOCI REVENGE DYNAMIK  220CC, GRIS",CEDIS GDL,MACROPAY GDL PASEO ALCALDE,1418,10,3VMA2M330V2452970,1,$22585.10,0,$0,0,0
VELOCI MOTORS,"MOTO VELOCI REVENGE DYNAMIK  220CC, GRIS",CEDIS GDL,MACROPAY LA PIEDAD CENTRO,1804,10,3VMA2M335V2452964,1,$22585.10,0,$0,0,0
VELOCI MOTORS,"MOTO VELOCI REVENGE DYNAMIK  220CC, GRIS",CEDIS MID,CEDIS MERIDA,11,140,3VMA2M331V2452315,1,$23661.82,0,$0,0,0
VELOCI MOTORS,"MOTO VELOCI REVENGE DYNAMIK  220CC, GRIS",CEDIS MID,CEDIS MERIDA,11,140,3VMA2M333V2452347,1,$23661.82,0,$0,0,0
VELOCI MOTORS,"MOTO VELOCI REVENGE DYNAMIK  220CC, GRIS",CEDIS MID,CEDIS MERIDA,11,140,3VMA2M339V2452305,1,$23661.82,0,$0,0,0
VELOCI MOTORS,"MOTO VELOCI REVENGE DYNAMIK  220CC, GRIS",CEDIS MID,MACROPAY CUN CHEDRAUI MUNDO MAYA,1877,10,3VMA2M336T2423888,1,$22854.06,0,$0,0,0
VELOCI MOTORS,"MOTO VELOCI REVENGE DYNAMIK  220CC, GRIS",CEDIS MID,MACROPAY CUN CHEDRAUI MUNDO MAYA,1877,10,3VMA2M336V2452326,1,$22854.06,0,$0,0,0
VELOCI MOTORS,"MOTO VELOCI REVENGE DYNAMIK  220CC, GRIS",CEDIS MID,MACROPAY CUN PLAZA HEROES MOTOS,1752,10,3VMA2M335V2452947,1,$22585.10,0,$0,0,0
VELOCI MOTORS,"MOTO VELOCI REVENGE DYNAMIK  220CC, GRIS",CEDIS MID,MACROPAY ESCARCEGA J SIERRA MOTOS,1797,10,3VMA2M333T2416705,1,$21992.73,0,$0,0,0
VELOCI MOTORS,"MOTO VELOCI REVENGE DYNAMIK  220CC, GRIS",CEDIS MID,MACROPAY HUNUCMA CALLE 27,1087,10,3VMA2M339T2430074,1,$21507.52,0,$0,0,0
VELOCI MOTORS,"MOTO VELOCI REVENGE DYNAMIK  220CC, GRIS",CEDIS MID,MACROPAY MID EMILIO SEIJO,1069,10,3VMA2M334V2452163,1,$22585.10,0,$0,0,0
VELOCI MOTORS,"MOTO VELOCI REVENGE DYNAMIK  220CC, GRIS",CEDIS MID,MACROPAY MID EULOGIO,1015,10,3VMA2M337V2452965,1,$22585.10,0,$0,0,0
VELOCI MOTORS,"MOTO VELOCI REVENGE DYNAMIK  220CC, GRIS",CEDIS MID,MACROPAY OXKUTZCAB CALLE 48,1048,10,3VMA2M332T2423760,1,$21507.52,0,$0,0,0
VELOCI MOTORS,"MOTO VELOCI REVENGE DYNAMIK  220CC, GRIS",CEDIS MID,MACROPAY PETO CALLE 31,1093,10,3VMA2M333V2452297,1,$23661.82,0,$0,0,0
VELOCI MOTORS,"MOTO VELOCI REVENGE DYNAMIK  220CC, GRIS",CEDIS MID,MACROPAY TIZIMIN MI PLAZA L 6,1734,10,3VMA2M330V2452306,1,$22585.10,0,$0,0,0
VELOCI MOTORS,"MOTO VELOCI REVENGE DYNAMIK  220CC, GRIS",CEDIS MID,MACROPAY TULUM CHEDRAUI L01 PLUS,1916,10,3VMA2M334T2417118,1,$21507.52,0,$0,0,0
VELOCI MOTORS,"MOTO VELOCI REVENGE DYNAMIK  220CC, GRIS",CEDIS MID,MACROPAY VALLADOLID MOTOS CALLE 39,1748,10,3VMA2M338V2452313,1,$22585.10,0,$0,0,0
VELOCI MOTORS,"MOTO VELOCI REVENGE DYNAMIK  220CC, GRIS",CEDIS SALTILLO,DELICIAS CHIHUAHUA CENTRO,1946,10,3VMA2M338V2452277,1,$22585.10,0,$0,0,0
VELOCI MOTORS,"MOTO VELOCI REVENGE DYNAMIK  220CC, GRIS",CEDIS SALTILLO,MACROPAY SABINAS CENTRO,1938,10,3VMA2M332V2452324,1,$22585.10,0,$0,0,0
VELOCI MOTORS,"MOTO VELOCI REVENGE DYNAMIK  220CC, GRIS",CEDIS SALTILLO,MACROPAY TORREON CENTRO,1772,10,3VMA2M330V2452208,1,$22585.10,0,$0,0,0
VELOCI MOTORS,"MOTO VELOCI REVENGE DYNAMIK  220CC, GRIS",CEDIS SALTILLO,MACROPAY TORREON CENTRO HIDALGO,1941,10,3VMA2M330V2452290,1,$22585.10,0,$0,0,0
VELOCI MOTORS,"MOTO VELOCI REVENGE DYNAMIK  220CC, GRIS",CEDIS SAN LUIS,HEB EJERCITO TAMPICO,1930,10,3VMA2M336V2452309,1,$22585.10,0,$0,0,0
VELOCI MOTORS,"MOTO VELOCI REVENGE DYNAMIK  220CC, GRIS",CEDIS SAN LUIS,MACROPAY SALAMANCA PLAZA VIA ALTA L1018A,1415,10,3VMA2M334V2452311,1,$22585.10,0,$0,0,0
VELOCI MOTORS,"MOTO VELOCI REVENGE DYNAMIK  220CC, GRIS",CEDIS SAN LUIS,MACROPAY SLP CENTRO REFORMA,1841,10,3VMA2M337V2452304,1,$22585.10,0,$0,0,0
VELOCI MOTORS,"MOTO VELOCI REVENGE DYNAMIK  220CC, GRIS",CEDIS SAN LUIS,MACROPAY SLP RIO VERDE CENTRO,1759,10,3VMA2M339V2452319,1,$22585.10,0,$0,0,0
VELOCI MOTORS,"MOTO VELOCI REVENGE DYNAMIK  220CC, GRIS",CEDIS SAN LUIS,MACROPAY SLP RIO VERDE CENTRO,1759,10,3VMA2M33XV2452281,1,$22585.10,0,$0,0,0
VELOCI MOTORS,"MOTO VELOCI REVENGE DYNAMIK  220CC, GRIS",CEDIS TAB PXGL,MACROPAY CD DEL CARMEN CALLE 22 MOTOS,1811,10,3VMA2M335V2452916,1,$22585.10,0,$0,0,0
VELOCI MOTORS,"MOTO VELOCI REVENGE DYNAMIK  220CC, GRIS",CEDIS TAB PXGL,MACROPAY CD DEL CARMEN CALLE 22 MOTOS,1811,10,3VMA2M335V2453130,1,$22585.10,0,$0,0,0
VELOCI MOTORS,"MOTO VELOCI REVENGE DYNAMIK  220CC, GRIS",CEDIS TAB PXGL,MACROPAY CD. DEL CARMEN CALLE 33,1171,10,3VMA2M335T2428998,1,$21519.69,0,$0,0,0
VELOCI MOTORS,"MOTO VELOCI REVENGE DYNAMIK  220CC, GRIS",CEDIS TAB PXGL,MACROPAY COSAMALOAPAN OCAMPO,1241,10,3VMA2M334V2452194,1,$22585.10,0,$0,0,0
VELOCI MOTORS,"MOTO VELOCI REVENGE DYNAMIK  220CC, GRIS",CEDIS TAB PXGL,MACROPAY CUNDUACAN CENTRAL,1125,10,3VMA2M337V2452917,1,$22585.10,0,$0,0,0
VELOCI MOTORS,"MOTO VELOCI REVENGE DYNAMIK  220CC, GRIS",CEDIS TAB PXGL,MACROPAY HUIMANGUILLO AV ESCOBAR,1281,10,3VMA2M333V2452865,1,$22585.10,0,$0,0,0
VELOCI MOTORS,"MOTO VELOCI REVENGE DYNAMIK  220CC, GRIS",CEDIS TAB PXGL,MACROPAY HUIMANGUILLO AV ESCOBAR,1281,10,3VMA2M338V2452862,1,$22585.10,0,$0,0,0
VELOCI MOTORS,"MOTO VELOCI REVENGE DYNAMIK  220CC, GRIS",CEDIS TAB PXGL,MACROPAY HUIMANGUILLO BENITO JUAREZ,1699,10,3VMA2M33XV2452183,1,$22585.10,0,$0,0,0
VELOCI MOTORS,"MOTO VELOCI REVENGE DYNAMIK  220CC, GRIS",CEDIS TAB PXGL,MACROPAY HUIXTLA ZARAGOZA,1184,10,3VMA2M33XT2430097,1,$21519.70,0,$0,0,0
VELOCI MOTORS,"MOTO VELOCI REVENGE DYNAMIK  220CC, GRIS",CEDIS TAB PXGL,MACROPAY JUAN RODRIGUEZ VER CENTRO,1860,10,3VMA2M332V2452940,1,$22585.10,0,$0,0,0
VELOCI MOTORS,"MOTO VELOCI REVENGE DYNAMIK  220CC, GRIS",CEDIS TAB PXGL,MACROPAY TUX 5 SUR ORIENTE,1939,10,3VMA2M33XV2453205,1,$22585.10,0,$0,0,0
VELOCI MOTORS,"MOTO VELOCI REVENGE DYNAMIK  220CC, GRIS",CEDIS TAB PXGL,MACROPAY TUX 6TA SUR PONIENTE,1080,10,3VMA2M331V2452931,1,$22585.10,0,$0,0,0
VELOCI MOTORS,"MOTO VELOCI REVENGE DYNAMIK  220CC, GRIS",CEDIS TAB PXGL,MACROPAY TUX MOTOS NOVENA SUR,1875,10,3VMA2M33XV2453222,1,$22585.10,0,$0,0,0
VELOCI MOTORS,"MOTO VELOCI RUBAK EVO SPORT 220, NARANJA",CEDIS CDMX,MACROPAY ACAPULCO JESUS CARRANZA,1761,10,3VMA2MH19T2426825,1,$17559.76,0,$0,0,0
VELOCI MOTORS,"MOTO VELOCI RUBAK EVO SPORT 220, NARANJA",CEDIS CDMX,MACROPAY COACALCO COSMOPOL LE125,1407,10,3VMA2MH18T2426816,1,$17559.76,0,$0,0,0
VELOCI MOTORS,"MOTO VELOCI RUBAK EVO SPORT 220, NARANJA",CEDIS CDMX,MACROPAY IXMIQUILPAN PLAZA LNL29,1257,10,3VMA2MH16T2426278,1,$17559.76,0,$0,0,0
VELOCI MOTORS,"MOTO VELOCI RUBAK EVO SPORT 220, NARANJA",CEDIS CDMX,MACROPAY NAUCALPAN MULTI SAN MATEO LE5,1294,10,3VMA2MH19T2426694,1,$17559.76,0,$0,0,0
VELOCI MOTORS,"MOTO VELOCI RUBAK EVO SPORT 220, NARANJA",CEDIS CDMX,MACROPAY PINOTEPA LAS FLORES L1,1456,10,3VMA2MH16T2426314,1,$17559.76,0,$0,0,0
VELOCI MOTORS,"MOTO VELOCI RUBAK EVO SPORT 220, NARANJA",CEDIS CDMX,MACROPAY PUEBLA LIBRES CENTRO,1801,10,3VMA2MH12T2426777,1,$17559.76,0,$0,0,0
VELOCI MOTORS,"MOTO VELOCI RUBAK EVO SPORT 220, NARANJA",CEDIS CDMX,MACROPAY TUXPAN PIPILA,1260,10,3VMA2MH12T2426293,1,$17559.76,0,$0,0,0
VELOCI MOTORS,"MOTO VELOCI RUBAK EVO SPORT 220, NARANJA",CEDIS CDMX,MACROPAY VER CENTRO INDEPENDENCIA,1897,10,3VMA2MH1XT2426817,1,$17559.76,0,$0,0,0
VELOCI MOTORS,"MOTO VELOCI RUBAK EVO SPORT 220, NARANJA",CEDIS CDMX,MACROPAY VERACRUZ AV MATAMOROS NORTE,1721,10,3VMA2MH15T2426658,1,$17559.76,0,$0,0,0
VELOCI MOTORS,"MOTO VELOCI RUBAK EVO SPORT 220, NARANJA",CEDIS CULIACAN,MACROPAY LA PAZ MERCADO MADERO,1805,10,3VMA2MH10T2426390,1,$17559.76,0,$0,0,0
VELOCI MOTORS,"MOTO VELOCI RUBAK EVO SPORT 220, NARANJA",CEDIS CULIACAN,MACROPAY LA PAZ MERCADO MADERO,1805,10,3VMA2MH14T2426411,1,$17559.76,0,$0,0,0
VELOCI MOTORS,"MOTO VELOCI RUBAK EVO SPORT 220, NARANJA",CEDIS CULIACAN,MACROPAY MAZATLAN CENTRO,1863,10,3VMA2MH13T2426383,1,$17559.76,0,$0,0,0
VELOCI MOTORS,"MOTO VELOCI RUBAK EVO SPORT 220, NARANJA",CEDIS GDL,MACROPAY APATZINGAN CENTRO ANDRADE,1832,10,3VMA2MH14T2426750,1,$17559.76,0,$0,0,0
VELOCI MOTORS,"MOTO VELOCI RUBAK EVO SPORT 220, NARANJA",CEDIS GDL,MACROPAY COLIMA CENTRO MADERO,1932,10,3VMA2MH10T2426762,1,$17559.76,0,$0,0,0
VELOCI MOTORS,"MOTO VELOCI RUBAK EVO SPORT 220, NARANJA",CEDIS GDL,MACROPAY ZAPOPAN GRAN TERRAZA BELENES 19,1602,10,3VMA2MH14T2427204,1,$17559.76,0,$0,0,0
VELOCI MOTORS,"MOTO VELOCI RUBAK EVO SPORT 220, NARANJA",CEDIS MID,MACROPAY ESCARCEGA J SIERRA MOTOS,1797,10,3VMA2MH11T2426690,1,$17559.76,0,$0,0,0
VELOCI MOTORS,"MOTO VELOCI RUBAK EVO SPORT 220, NARANJA",CEDIS MID,MACROPAY TULUM ARRICE MOTOS,1844,10,3VMA2MH16T2427155,1,$17559.76,0,$0,0,0
VELOCI MOTORS,"MOTO VELOCI RUBAK EVO SPORT 220, NARANJA",CEDIS MID,MACROPAY TULUM CHEDRAUI L01 PLUS,1916,10,3VMA2MH12T2426780,1,$17559.76,0,$0,0,0
VELOCI MOTORS,"MOTO VELOCI RUBAK EVO SPORT 220, NARANJA",CEDIS MID,MACROPAY UMAN CENTRO,1928,10,3VMA2MH16T2426717,1,$17559.76,0,$0,0,0
VELOCI MOTORS,"MOTO VELOCI RUBAK EVO SPORT 220, NARANJA",CEDIS SALTILLO,MACROPAY SALTILLO SENDERO SUR LE7-9,1923,10,3VMA2MH14T2426926,1,$18456.72,0,$0,0,0
VELOCI MOTORS,"MOTO VELOCI RUBAK EVO SPORT 220, NARANJA",CEDIS SAN LUIS,MACROPAY ZACATECAS INDEPENDENCIA,1887,10,3VMA2MH17T2426662,1,$17559.76,0,$0,0,0
VELOCI MOTORS,"MOTO VELOCI RUBAK EVO SPORT 220, NARANJA",CEDIS SAN LUIS,MACROPAY ZACATECAS INDEPENDENCIA,1887,10,3VMA2MH19T2426758,1,$17559.76,0,$0,0,0
VELOCI MOTORS,"MOTO VELOCI RUBAK EVO SPORT 220, NARANJA",CEDIS TAB PXGL,MACROPAY CD DEL CARMEN ZENTRALIA,1064,10,3VMA2MH10T2426714,1,$17559.76,0,$0,0,0
VELOCI MOTORS,"MOTO VELOCI RUBAK EVO SPORT 220, NARANJA",PROVEEDOR,ENSENADA CENTRO GASTELUM,1949,10,3VMA2MH19T2427053,1,$17739.36,0,$0,0,0
VELOCI MOTORS,"MOTO VELOCI RUBAK EVO SPORT 220, NARANJA",PROVEEDOR,MACROPAY TECATE BAJA PASCUAL ORTIZ,1444,10,3VMA2MH19T2427120,1,$17739.36,0,$0,0,0
VELOCI MOTORS,"MOTO VELOCI RUBAK EVO SPORT 220, NARANJA",PROVEEDOR,MACROPAY TIJ PLAZA 5 Y 10 L25D,1412,10,3VMA2MH17T2433711,1,$17739.36,0,$0,0,0
VELOCI MOTORS,"MOTO VELOCI RUBAK EVO TRAIL 220CC, VERDE",CEDIS CDMX,ACATLAN INDEPENDENCIA,1943,10,3VMA2MJ10V2460844,1,$18860.13,0,$0,0,0
VELOCI MOTORS,"MOTO VELOCI RUBAK EVO TRAIL 220CC, VERDE",CEDIS CDMX,IGUALA PLUS CENTRO,1940,10,3VMA2MJ12V2460862,1,$18860.12,0,$0,0,0
VELOCI MOTORS,"MOTO VELOCI RUBAK EVO TRAIL 220CC, VERDE",CEDIS CDMX,IGUALA PLUS CENTRO,1940,10,3VMA2MJ13V2460854,1,$18860.12,0,$0,0,0
VELOCI MOTORS,"MOTO VELOCI RUBAK EVO TRAIL 220CC, VERDE",CEDIS CDMX,MACROPAY ACAPULCO CHED PIE DE LA C,1851,10,3VMA2MJ16V2460847,1,$18860.12,0,$0,0,0
VELOCI MOTORS,"MOTO VELOCI RUBAK EVO TRAIL 220CC, VERDE",CEDIS CDMX,MACROPAY CDMX PLAZA TLATELOLCO L N1 18,1720,10,3VMA2MJ10V2460830,1,$18860.12,0,$0,0,0
VELOCI MOTORS,"MOTO VELOCI RUBAK EVO TRAIL 220CC, VERDE",CEDIS CDMX,MACROPAY CHIMALHUACAN PLAZA L48,1301,10,3VMA2MJ1XV2460883,1,$18860.13,0,$0,0,0
VELOCI MOTORS,"MOTO VELOCI RUBAK EVO TRAIL 220CC, VERDE",CEDIS CDMX,MACROPAY CUAU CHEDRAUI LAGO DE GPE L03,1474,10,3VMA2MJ1XV2439855,1,$18624.29,0,$0,0,0
VELOCI MOTORS,"MOTO VELOCI RUBAK EVO TRAIL 220CC, VERDE",CEDIS CDMX,MACROPAY CUAUTITLAN SORIANA LF-5,1291,10,3VMA2MJ13V2439938,1,$18413.52,0,$0,0,0
VELOCI MOTORS,"MOTO VELOCI RUBAK EVO TRAIL 220CC, VERDE",CEDIS CDMX,MACROPAY EMILIANO ZAPATA CHEDRAUI LD08,1479,10,3VMA2MJ10V2439976,1,$18624.30,0,$0,0,0
VELOCI MOTORS,"MOTO VELOCI RUBAK EVO TRAIL 220CC, VERDE",CEDIS CDMX,MACROPAY GUTIERREZ ZAMORA CENTRO,1776,10,3VMA2MJ15T2413533,1,$15113.70,0,$0,0,0
VELOCI MOTORS,"MOTO VELOCI RUBAK EVO TRAIL 220CC, VERDE",CEDIS CDMX,MACROPAY HUEHUETOCA PLAZA CAÑADA,1873,10,3VMA2MJ12V2439977,1,$18735.76,0,$0,0,0
VELOCI MOTORS,"MOTO VELOCI RUBAK EVO TRAIL 220CC, VERDE",CEDIS CDMX,MACROPAY LOS REYES CENTRO TEPOZAN LC24,1783,10,3VMA2MJ11V2460867,1,$18860.13,0,$0,0,0
VELOCI MOTORS,"MOTO VELOCI RUBAK EVO TRAIL 220CC, VERDE",CEDIS CDMX,MACROPAY MEGA SORIANA SAN MIGUEL,1351,10,3VMA2MJ14V2439981,1,$18413.52,0,$0,0,0
VELOCI MOTORS,"MOTO VELOCI RUBAK EVO TRAIL 220CC, VERDE",CEDIS CDMX,MACROPAY PACHUCA GRAN PATIO LS84,1296,10,3VMA2MJ17V2439876,1,$18413.52,0,$0,0,0
VELOCI MOTORS,"MOTO VELOCI RUBAK EVO TRAIL 220CC, VERDE",CEDIS CDMX,MACROPAY QRO WALMART ESFERA,1447,10,3VMA2MJ12T2432668,1,$15083.83,0,$0,0,0
VELOCI MOTORS,"MOTO VELOCI RUBAK EVO TRAIL 220CC, VERDE",CEDIS CDMX,MACROPAY SANTA MARIA HUATULCO DR JARQUIN,1265,10,3VMA2MJ10T2413505,1,$15196.21,0,$0,0,0
VELOCI MOTORS,"MOTO VELOCI RUBAK EVO TRAIL 220CC, VERDE",CEDIS CDMX,MACROPAY TEHUACAN 5 SUR,1138,10,3VMA2MJ18V2440065,1,$18860.13,0,$0,0,0
VELOCI MOTORS,"MOTO VELOCI RUBAK EVO TRAIL 220CC, VERDE",CEDIS CDMX,MACROPAY TIZAYUCA ALAMEDA COMERCIAL L04,1285,10,3VMA2MJ19T2388975,1,$17013.41,0,$0,0,0
VELOCI MOTORS,"MOTO VELOCI RUBAK EVO TRAIL 220CC, VERDE",CEDIS CDMX,MACROPAY TLALNEPANTLA ENCUENTRO L29,1400,10,3VMA2MJ11V2439985,1,$18735.76,0,$0,0,0
VELOCI MOTORS,"MOTO VELOCI RUBAK EVO TRAIL 220CC, VERDE",CEDIS CDMX,MACROPAY TOLUCA HIDALGO MOTOS,1747,10,3VMA2MJ12V2440112,1,$18624.30,0,$0,0,0
VELOCI MOTORS,"MOTO VELOCI RUBAK EVO TRAIL 220CC, VERDE",CEDIS CDMX,MACROPAY TUXPAN MERCADO,1261,10,3VMA2MJ16V2439979,1,$18413.53,0,$0,0,0
VELOCI MOTORS,"MOTO VELOCI RUBAK EVO TRAIL 220CC, VERDE",CEDIS CDMX,MACROPAY VER TANTOYUCA FCO I MADERO,1727,10,3VMA2MJ13V2460885,1,$18860.13,0,$0,0,0
VELOCI MOTORS,"MOTO VELOCI RUBAK EVO TRAIL 220CC, VERDE",CEDIS CDMX,MACROPAY VER TANTOYUCA FCO I MADERO,1727,10,3VMA2MJ16V2460881,1,$18860.13,0,$0,0,0
VELOCI MOTORS,"MOTO VELOCI RUBAK EVO TRAIL 220CC, VERDE",CEDIS CDMX,MACROPAY XALAPA CAMPO DE TIRO L7,1270,10,3VMA2MJ10V2440058,1,$15136.81,0,$0,0,0
VELOCI MOTORS,"MOTO VELOCI RUBAK EVO TRAIL 220CC, VERDE",CEDIS CDMX,MACROPAY ZACATLAN CALLE 5,1166,10,3VMA2MJ18T2389003,1,$15402.51,0,$0,0,0
VELOCI MOTORS,"MOTO VELOCI RUBAK EVO TRAIL 220CC, VERDE",CEDIS CDMX,PUEBLA 18 PONIENTE,1895,10,3VMA2MJ10V2460861,1,$18860.12,0,$0,0,0
VELOCI MOTORS,"MOTO VELOCI RUBAK EVO TRAIL 220CC, VERDE",CEDIS CDMX,TECPAN DE GALEANA CENTRO,1929,10,3VMA2MJ11V2439811,1,$18636.83,0,$0,0,0
VELOCI MOTORS,"MOTO VELOCI RUBAK EVO TRAIL 220CC, VERDE",CEDIS CDMX,TECPAN DE GALEANA CENTRO,1929,10,3VMA2MJ11V2460870,1,$18636.83,0,$0,0,0
VELOCI MOTORS,"MOTO VELOCI RUBAK EVO TRAIL 220CC, VERDE",CEDIS CDMX,TLATLAUQUITEPEC CENTRO,1942,10,3VMA2MJ16V2460864,1,$18860.12,0,$0,0,0
VELOCI MOTORS,"MOTO VELOCI RUBAK EVO TRAIL 220CC, VERDE",CEDIS CULIACAN,MACROPAY CULIACAN EXPLANADA L33A,1848,10,3VMA2MJ19V2440012,1,$18887.76,0,$0,0,0
VELOCI MOTORS,"MOTO VELOCI RUBAK EVO TRAIL 220CC, VERDE",CEDIS CULIACAN,MACROPAY LA PAZ 16 DE SEPTIEMBRE,1730,10,3VMA2MJ19T2427452,1,$15124.37,0,$0,0,0
VELOCI MOTORS,"MOTO VELOCI RUBAK EVO TRAIL 220CC, VERDE",CEDIS CULIACAN,MACROPAY LA PAZ MERCADO MADERO,1805,10,3VMA2MJ11V2439808,1,$18469.61,0,$0,0,0
VELOCI MOTORS,"MOTO VELOCI RUBAK EVO TRAIL 220CC, VERDE",CEDIS CULIACAN,MACROPAY LA PAZ MERCADO MADERO,1805,10,3VMA2MJ17V2439909,1,$18469.61,0,$0,0,0
VELOCI MOTORS,"MOTO VELOCI RUBAK EVO TRAIL 220CC, VERDE",CEDIS CULIACAN,MACROPAY LOS MOCHIS CENTRO,1852,10,3VMA2MJ15V2439939,1,$18469.61,0,$0,0,0
VELOCI MOTORS,"MOTO VELOCI RUBAK EVO TRAIL 220CC, VERDE",CEDIS CULIACAN,MACROPAY MAZATLAN CENTRO,1863,10,3VMA2MJ16T2413704,1,$18469.60,0,$0,0,0
VELOCI MOTORS,"MOTO VELOCI RUBAK EVO TRAIL 220CC, VERDE",CEDIS CULIACAN,MACROPAY MAZATLAN PLAZA ACAYA L7E,1826,10,3VMA2MJ13V2439969,1,$15124.36,0,$0,0,0
VELOCI MOTORS,"MOTO VELOCI RUBAK EVO TRAIL 220CC, VERDE",CEDIS GDL,MACROPAY APATZINGAN CENTRO ANDRADE,1832,10,3VMA2MJ11V2439923,1,$16376.55,0,$0,0,0
VELOCI MOTORS,"MOTO VELOCI RUBAK EVO TRAIL 220CC, VERDE",CEDIS GDL,MACROPAY APATZINGAN CENTRO CATEDRAL,1834,10,3VMA2MJ11V2439937,1,$16376.55,0,$0,0,0
VELOCI MOTORS,"MOTO VELOCI RUBAK EVO TRAIL 220CC, VERDE",CEDIS GDL,MACROPAY COLIMA CENTRO MADERO,1932,10,3VMA2MJ13T2413577,1,$16376.55,0,$0,0,0
VELOCI MOTORS,"MOTO VELOCI RUBAK EVO TRAIL 220CC, VERDE",CEDIS GDL,MACROPAY GDL EL FRESNO,1905,10,3VMA2MJ12T2413599,1,$16376.55,0,$0,0,0
VELOCI MOTORS,"MOTO VELOCI RUBAK EVO TRAIL 220CC, VERDE",CEDIS GDL,MACROPAY GDL PLAZA INDEPENDENCIA L1-5,1435,10,3VMA2MJ13T2413398,1,$16376.55,0,$0,0,0
VELOCI MOTORS,"MOTO VELOCI RUBAK EVO TRAIL 220CC, VERDE",CEDIS GDL,MACROPAY JAL TONALA JAVIER MINA,1521,10,3VMA2MJ12V2440028,1,$16376.55,0,$0,0,0
VELOCI MOTORS,"MOTO VELOCI RUBAK EVO TRAIL 220CC, VERDE",CEDIS GDL,MACROPAY MANZANILLO CENTRO AV MEXICO,1763,10,3VMA2MJ17T2413615,1,$15120.95,0,$0,0,0
VELOCI MOTORS,"MOTO VELOCI RUBAK EVO TRAIL 220CC, VERDE",CEDIS MID,CEDIS MERIDA,11,140,3VMA2MJ11V2467107,1,$20044.22,0,$0,0,0
VELOCI MOTORS,"MOTO VELOCI RUBAK EVO TRAIL 220CC, VERDE",CEDIS MID,CEDIS MERIDA,11,140,3VMA2MJ13V2467335,1,$20044.22,0,$0,0,0
VELOCI MOTORS,"MOTO VELOCI RUBAK EVO TRAIL 220CC, VERDE",CEDIS MID,CEDIS MERIDA,11,140,3VMA2MJ16V2440050,1,$20044.22,0,$0,0,0
VELOCI MOTORS,"MOTO VELOCI RUBAK EVO TRAIL 220CC, VERDE",CEDIS MID,CEDIS MERIDA,11,140,3VMA2MJ16V2467314,1,$20044.22,0,$0,0,0
VELOCI MOTORS,"MOTO VELOCI RUBAK EVO TRAIL 220CC, VERDE",CEDIS MID,CEDIS MERIDA,11,140,3VMA2MJ17V2440025,1,$20044.22,0,$0,0,0
VELOCI MOTORS,"MOTO VELOCI RUBAK EVO TRAIL 220CC, VERDE",CEDIS MID,CEDIS MERIDA,11,140,3VMA2MJ18V2440048,1,$20044.22,0,$0,0,0
VELOCI MOTORS,"MOTO VELOCI RUBAK EVO TRAIL 220CC, VERDE",CEDIS MID,CEDIS MERIDA,11,140,3VMA2MJ1XV2467333,1,$20044.22,0,$0,0,0
VELOCI MOTORS,"MOTO VELOCI RUBAK EVO TRAIL 220CC, VERDE",CEDIS MID,MACROPAY  MID OUTLET CALLE 56,2014,10,3VMA2MJ1XV2440052,1,$19273.12,0,$0,0,0
VELOCI MOTORS,"MOTO VELOCI RUBAK EVO TRAIL 220CC, VERDE",CEDIS MID,MACROPAY CAMPECHE CALLE 53 CATEDRAL,1754,10,3VMA2MJ19V2440060,1,$20124.22,0,$0,0,0
VELOCI MOTORS,"MOTO VELOCI RUBAK EVO TRAIL 220CC, VERDE",CEDIS MID,MACROPAY CARRILLO PTO JUAREZ,1120,10,3VMA2MJ15T2413631,1,$15137.26,0,$0,0,0
VELOCI MOTORS,"MOTO VELOCI RUBAK EVO TRAIL 220CC, VERDE",CEDIS MID,MACROPAY CUN PLAZA HEROES MOTOS,1752,10,3VMA2MJ13V2440023,1,$19175.68,0,$0,0,0
VELOCI MOTORS,"MOTO VELOCI RUBAK EVO TRAIL 220CC, VERDE",CEDIS MID,MACROPAY CUN PLAZA HEROES MOTOS,1752,10,3VMA2MJ16V2439819,1,$19175.68,0,$0,0,0
VELOCI MOTORS,"MOTO VELOCI RUBAK EVO TRAIL 220CC, VERDE",CEDIS MID,MACROPAY ESCARCEGA J SIERRA MOTOS,1797,10,3VMA2MJ16V2439884,1,$18887.76,0,$0,0,0
VELOCI MOTORS,"MOTO VELOCI RUBAK EVO TRAIL 220CC, VERDE",CEDIS MID,MACROPAY KANASIN CALLE 21,1454,10,3VMA2MJ18V2440129,1,$18887.76,0,$0,0,0
VELOCI MOTORS,"MOTO VELOCI RUBAK EVO TRAIL 220CC, VERDE",CEDIS MID,MACROPAY MID EMILIO SEIJO,1069,10,3VMA2MJ15V2440055,1,$19149.12,0,$0,0,0
VELOCI MOTORS,"MOTO VELOCI RUBAK EVO TRAIL 220CC, VERDE",CEDIS MID,MACROPAY MID GRAN SANTA FE L24A,1116,10,3VMA2MJ12T2432444,1,$15137.26,0,$0,0,0
VELOCI MOTORS,"MOTO VELOCI RUBAK EVO TRAIL 220CC, VERDE",CEDIS MID,MACROPAY PETO CALLE 31,1093,10,3VMA2MJ15V2440041,1,$20124.22,0,$0,0,0
VELOCI MOTORS,"MOTO VELOCI RUBAK EVO TRAIL 220CC, VERDE",CEDIS MID,MACROPAY PROGRESO CALLE 27,1042,10,3VMA2MJ13V2439843,1,$18887.76,0,$0,0,0
VELOCI MOTORS,"MOTO VELOCI RUBAK EVO TRAIL 220CC, VERDE",CEDIS MID,MACROPAY PROGRESO MOTOS CALLE 27,1934,10,3VMA2MJ11V2440022,1,$18887.76,0,$0,0,0
VELOCI MOTORS,"MOTO VELOCI RUBAK EVO TRAIL 220CC, VERDE",CEDIS MID,MACROPAY VALLADOLID MOTOS CALLE 39,1748,10,3VMA2MJ13T2413711,1,$15137.26,0,$0,0,0
VELOCI MOTORS,"MOTO VELOCI RUBAK EVO TRAIL 220CC, VERDE",CEDIS SALTILLO,CEDIS SALTILLO,29,140,3VMA2MJ15V2439830,1,$18223.76,0,$0,0,0
VELOCI MOTORS,"MOTO VELOCI RUBAK EVO TRAIL 220CC, VERDE",CEDIS SALTILLO,CEDIS SALTILLO,29,140,3VMA2MJ19V2439975,1,$18223.76,0,$0,0,0
VELOCI MOTORS,"MOTO VELOCI RUBAK EVO TRAIL 220CC, VERDE",CEDIS SALTILLO,DELICIAS CHIHUAHUA CENTRO,1946,10,3VMA2MJ13V2440071,1,$18223.76,0,$0,0,0
VELOCI MOTORS,"MOTO VELOCI RUBAK EVO TRAIL 220CC, VERDE",CEDIS SALTILLO,MACROPAY STA CATARINA SENDERO LC08,1924,10,3VMA2MJ19V2439958,1,$17559.76,0,$0,0,0
VELOCI MOTORS,"MOTO VELOCI RUBAK EVO TRAIL 220CC, VERDE",CEDIS SALTILLO,PARRAL CHIHUAHUA CENTRO,1945,10,3VMA2MJ18V2439983,1,$18223.76,0,$0,0,0
VELOCI MOTORS,"MOTO VELOCI RUBAK EVO TRAIL 220CC, VERDE",CEDIS SAN LUIS,CEDIS SAN LUIS,27,140,3VMA2MJ12V2440014,1,$18294.94,0,$0,0,0
VELOCI MOTORS,"MOTO VELOCI RUBAK EVO TRAIL 220CC, VERDE",CEDIS SAN LUIS,MACROPAY AGUASCALIENTES V ASUNCION,1857,10,3VMA2MJ19V2440026,1,$18294.94,0,$0,0,0
VELOCI MOTORS,"MOTO VELOCI RUBAK EVO TRAIL 220CC, VERDE",CEDIS SAN LUIS,MACROPAY CD MADERO CENTRO 1RO DE MAYO,1756,10,3VMA2MJ16V2440047,1,$18294.94,0,$0,0,0
VELOCI MOTORS,"MOTO VELOCI RUBAK EVO TRAIL 220CC, VERDE",CEDIS SAN LUIS,MACROPAY SAN LUIS DE LA PAZ CENTRO,1855,10,3VMA2MJ19T2432540,1,$15083.82,0,$0,0,0
VELOCI MOTORS,"MOTO VELOCI RUBAK EVO TRAIL 220CC, VERDE",CEDIS SAN LUIS,MACROPAY SLP CENTRO PIPILA,1788,10,3VMA2MJ16V2440033,1,$18294.94,0,$0,0,0
VELOCI MOTORS,"MOTO VELOCI RUBAK EVO TRAIL 220CC, VERDE",CEDIS SAN LUIS,MACROPAY SLP RIO VERDE CENTRO,1759,10,3VMA2MJ17V2440008,1,$18294.94,0,$0,0,0
VELOCI MOTORS,"MOTO VELOCI RUBAK EVO TRAIL 220CC, VERDE",CEDIS SAN LUIS,MACROPAY SOLEDAD DE GRACIANO CENTRO,1837,10,3VMA2MJ17T2427465,1,$15083.83,0,$0,0,0
VELOCI MOTORS,"MOTO VELOCI RUBAK EVO TRAIL 220CC, VERDE",CEDIS TAB PXGL,CEDIS MACROPAY TABASCO PXGL,14,140,3VMA2MJ11V2467057,1,$19717.98,0,$0,0,0
VELOCI MOTORS,"MOTO VELOCI RUBAK EVO TRAIL 220CC, VERDE",CEDIS TAB PXGL,CEDIS MACROPAY TABASCO PXGL,14,140,3VMA2MJ14V2467361,1,$19717.98,0,$0,0,0
VELOCI MOTORS,"MOTO VELOCI RUBAK EVO TRAIL 220CC, VERDE",CEDIS TAB PXGL,CEDIS MACROPAY TABASCO PXGL,14,140,3VMA2MJ14V2467389,1,$19717.98,0,$0,0,0
VELOCI MOTORS,"MOTO VELOCI RUBAK EVO TRAIL 220CC, VERDE",CEDIS TAB PXGL,CEDIS MACROPAY TABASCO PXGL,14,140,3VMA2MJ17V2467290,1,$19717.98,0,$0,0,0
VELOCI MOTORS,"MOTO VELOCI RUBAK EVO TRAIL 220CC, VERDE",CEDIS TAB PXGL,MACROPAY AGUA DULCE OBRERA,1749,10,3VMA2MJ16T2413685,1,$15136.53,0,$0,0,0
VELOCI MOTORS,"MOTO VELOCI RUBAK EVO TRAIL 220CC, VERDE",CEDIS TAB PXGL,MACROPAY COATZACOALCOS JUAREZ MOTOS,1796,10,3VMA2MJ16V2439920,1,$18714.65,0,$0,0,0
VELOCI MOTORS,"MOTO VELOCI RUBAK EVO TRAIL 220CC, VERDE",CEDIS TAB PXGL,MACROPAY CUNDUACAN CENTRAL,1125,10,3VMA2MJ17T2413517,1,$15129.23,0,$0,0,0
VELOCI MOTORS,"MOTO VELOCI RUBAK EVO TRAIL 220CC, VERDE",CEDIS TAB PXGL,MACROPAY HUIMANGUILLO AV ESCOBAR,1281,10,3VMA2MJ19V2440172,1,$19216.32,0,$0,0,0
VELOCI MOTORS,"MOTO VELOCI RUBAK EVO TRAIL 220CC, VERDE",CEDIS TAB PXGL,MACROPAY HUIMANGUILLO BENITO JUAREZ,1699,10,3VMA2MJ16T2400340,1,$18714.65,0,$0,0,0
VELOCI MOTORS,"MOTO VELOCI RUBAK EVO TRAIL 220CC, VERDE",CEDIS TAB PXGL,MACROPAY JUAN RODRIGUEZ VER CENTRO,1860,10,3VMA2MJ13V2460837,1,$18887.76,0,$0,0,0
VELOCI MOTORS,"MOTO VELOCI RUBAK EVO TRAIL 220CC, VERDE",CEDIS TAB PXGL,MACROPAY LERDO DE TEJADA ENRIQUEZ,1200,10,3VMA2MJ19V2460843,1,$18887.76,0,$0,0,0
VELOCI MOTORS,"MOTO VELOCI RUBAK EVO TRAIL 220CC, VERDE",CEDIS TAB PXGL,MACROPAY MINATITLAN MIGUEL HID MOTOS,1827,10,3VMA2MJ17V2439943,1,$16921.95,0,$0,0,0
VELOCI MOTORS,"MOTO VELOCI RUBAK EVO TRAIL 220CC, VERDE",CEDIS TAB PXGL,MACROPAY MINATITLAN MIGUEL HID MOTOS,1827,10,3VMA2MJ1XT2413575,1,$16921.95,0,$0,0,0
VELOCI MOTORS,"MOTO VELOCI RUBAK EVO TRAIL 220CC, VERDE",CEDIS TAB PXGL,MACROPAY TEAPA GREGORIO,1124,10,3VMA2MJ12V2460876,1,$18887.76,0,$0,0,0
VELOCI MOTORS,"MOTO VELOCI RUBAK EVO TRAIL 220CC, VERDE",CEDIS TAB PXGL,MACROPAY TUX MOTOS NOVENA SUR,1875,10,3VMA2MJ19V2467050,1,$18887.76,0,$0,0,0
VELOCI MOTORS,"MOTO VELOCI RUBAK EVO TRAIL 220CC, VERDE",CEDIS TAB PXGL,MACROPAY TUXTEPEC 20 DE NOV,1134,10,3VMA2MJ17V2439991,1,$18830.06,0,$0,0,0
VELOCI MOTORS,"MOTO VELOCI RUBAK EVO TRAIL 220CC, VERDE",CEDIS TAB PXGL,MACROPAY VER SAN ANDRES MOTOS,1798,10,3VMA2MJ17V2460825,1,$18887.76,0,$0,0,0
VELOCI MOTORS,"MOTO VELOCI RUBAK EVO TRAIL 220CC, VERDE",CEDIS TAB PXGL,MACROPAY VER SAN ANDRES MOTOS,1798,10,3VMA2MJ17V2460856,1,$18887.76,0,$0,0,0
VELOCI MOTORS,"MOTO VELOCI RUBAK EVO TRAIL 220CC, VERDE",CEDIS TAB PXGL,MACROPAY VERACRUZ CD ISLA RAUL SANDOVAL,1760,10,3VMA2MJ14V2440001,1,$18830.05,0,$0,0,0
VELOCI MOTORS,"MOTO VELOCI RUBAK EVO TRAIL 220CC, VERDE",CEDIS TAB PXGL,MACROPAY VILLA LERDO DE TEJADA 2 316,1768,10,3VMA2MJ15V2460841,1,$18887.76,0,$0,0,0
VELOCI MOTORS,"MOTO VELOCI RUBAK EVO TRAIL 220CC, VERDE",VENTA DINAMO,MACROPAY SALINA CRUZ PABELLON L5,1142,10,3VMA2MJ12V2467052,1,$18887.76,0,$0,0,0
VELOCI MOTORS,"MOTO VELOCI SNAKE GT TRAIL 250CC, GRIS",CEDIS CDMX,ACATLAN INDEPENDENCIA,1943,10,3VMA2GN13T2443559,1,$24591.62,0,$0,0,0
VELOCI MOTORS,"MOTO VELOCI SNAKE GT TRAIL 250CC, GRIS",CEDIS CDMX,CE. LOG. PXGL,21,140,3VMA2GM06T2428286,1,$24591.61,0,$0,0,0
VELOCI MOTORS,"MOTO VELOCI SNAKE GT TRAIL 250CC, GRIS",CEDIS CDMX,MACROPAY ALAMO CENTRO,1870,10,3VMA2GM05T2428327,1,$24540.04,0,$0,0,0
VELOCI MOTORS,"MOTO VELOCI SNAKE GT TRAIL 250CC, GRIS",CEDIS CDMX,MACROPAY APAN REFORMA,1366,10,3VMA2GM0XT2428307,1,$24591.61,0,$0,0,0
VELOCI MOTORS,"MOTO VELOCI SNAKE GT TRAIL 250CC, GRIS",CEDIS CDMX,MACROPAY APAXCO CENTRO,1849,10,3VMA2GM03T2411686,1,$24591.62,0,$0,0,0
VELOCI MOTORS,"MOTO VELOCI SNAKE GT TRAIL 250CC, GRIS",CEDIS CDMX,MACROPAY ATLIXCO MORALEDA,1275,10,3VMA2GM08T2408265,1,$25227.72,0,$0,0,0
VELOCI MOTORS,"MOTO VELOCI SNAKE GT TRAIL 250CC, GRIS",CEDIS CDMX,MACROPAY CDMX PASAJE FERRERIA L21B,1329,10,3VMA2GM0XT2428310,1,$24540.04,0,$0,0,0
VELOCI MOTORS,"MOTO VELOCI SNAKE GT TRAIL 250CC, GRIS",CEDIS CDMX,MACROPAY CDMX PLAZA EXHIBIMEX L16,1403,10,3VMA2GN16T2443541,1,$24591.62,0,$0,0,0
VELOCI MOTORS,"MOTO VELOCI SNAKE GT TRAIL 250CC, GRIS",CEDIS CDMX,MACROPAY CHIMALHUACAN PLAZA L48,1301,10,3VMA2GM01T2428308,1,$24591.61,0,$0,0,0
VELOCI MOTORS,"MOTO VELOCI SNAKE GT TRAIL 250CC, GRIS",CEDIS CDMX,MACROPAY CIUDAD CARDEL CENTRO,1906,10,3VMA2GN18T2443556,1,$24591.61,0,$0,0,0
VELOCI MOTORS,"MOTO VELOCI SNAKE GT TRAIL 250CC, GRIS",CEDIS CDMX,MACROPAY COYOTEPEC P DE LA CONSTITUCION,1425,10,3VMA2GN17T2443547,1,$24591.62,0,$0,0,0
VELOCI MOTORS,"MOTO VELOCI SNAKE GT TRAIL 250CC, GRIS",CEDIS CDMX,MACROPAY COYOTEPEC P DE LA CONSTITUCION,1425,10,3VMA2GN19T2443565,1,$24591.62,0,$0,0,0
VELOCI MOTORS,"MOTO VELOCI SNAKE GT TRAIL 250CC, GRIS",CEDIS CDMX,MACROPAY CUAU SORIANA TEPALCAPA L1,1533,10,3VMA2GM0XT2428288,1,$24591.61,0,$0,0,0
VELOCI MOTORS,"MOTO VELOCI SNAKE GT TRAIL 250CC, GRIS",CEDIS CDMX,MACROPAY CUERNA SANTOS DEGOLLADO,1694,10,3VMA2GM09T2428296,1,$24591.62,0,$0,0,0
VELOCI MOTORS,"MOTO VELOCI SNAKE GT TRAIL 250CC, GRIS",CEDIS CDMX,MACROPAY EL PUEBLITO CITADINA L30,1480,10,3VMA2GM05T2428277,1,$24591.62,0,$0,0,0
VELOCI MOTORS,"MOTO VELOCI SNAKE GT TRAIL 250CC, GRIS",CEDIS CDMX,MACROPAY EZEQUIEL MONTES CENTRO,1903,10,3VMA2GM06T2428322,1,$24591.62,0,$0,0,0
VELOCI MOTORS,"MOTO VELOCI SNAKE GT TRAIL 250CC, GRIS",CEDIS CDMX,MACROPAY HGO CUAUTEPEC CENTRO,1795,10,3VMA2GM00T2428297,1,$24591.62,0,$0,0,0
VELOCI MOTORS,"MOTO VELOCI SNAKE GT TRAIL 250CC, GRIS",CEDIS CDMX,MACROPAY HGO PROGRESO DE OBREGON,1402,10,3VMA2GM03T2428293,1,$24591.61,0,$0,0,0
VELOCI MOTORS,"MOTO VELOCI SNAKE GT TRAIL 250CC, GRIS",CEDIS CDMX,MACROPAY HUAJUAPAN B. JUAREZ,1129,10,3VMA2GN16T2443524,1,$24540.04,0,$0,0,0
VELOCI MOTORS,"MOTO VELOCI SNAKE GT TRAIL 250CC, GRIS",CEDIS CDMX,MACROPAY HUEJUTLA CARRETERA L3,1312,10,3VMA2GM07T2428278,1,$24591.61,0,$0,0,0
VELOCI MOTORS,"MOTO VELOCI SNAKE GT TRAIL 250CC, GRIS",CEDIS CDMX,MACROPAY HUICHAPAN HIDALGO SAN JOSE,1414,10,3VMA2GM0XT2428338,1,$24591.61,0,$0,0,0
VELOCI MOTORS,"MOTO VELOCI SNAKE GT TRAIL 250CC, GRIS",CEDIS CDMX,MACROPAY JIUTEPEC CUAUHNAHUAC,1869,10,3VMA2GN18T2443539,1,$25235.72,0,$0,0,0
VELOCI MOTORS,"MOTO VELOCI SNAKE GT TRAIL 250CC, GRIS",CEDIS CDMX,MACROPAY LOS REYES CENTRO TEPOZAN LC24,1783,10,3VMA2GM0XT2428324,1,$24591.62,0,$0,0,0
VELOCI MOTORS,"MOTO VELOCI SNAKE GT TRAIL 250CC, GRIS",CEDIS CDMX,MACROPAY MEXICALTZINGO NARCISO MENDOZA,1787,10,3VMA2GM06T2428353,1,$25083.50,0,$0,0,0
VELOCI MOTORS,"MOTO VELOCI SNAKE GT TRAIL 250CC, GRIS",CEDIS CDMX,MACROPAY MEXICALTZINGO NARCISO MENDOZA,1787,10,3VMA2GN16T2443376,1,$25083.50,0,$0,0,0
VELOCI MOTORS,"MOTO VELOCI SNAKE GT TRAIL 250CC, GRIS",CEDIS CDMX,MACROPAY MEXICALTZINGO NARCISO MENDOZA,1787,10,3VMA2GN19T2443470,1,$25083.50,0,$0,0,0
VELOCI MOTORS,"MOTO VELOCI SNAKE GT TRAIL 250CC, GRIS",CEDIS CDMX,MACROPAY NEZA CHEDRAUI ESTADIO,1458,10,3VMA2GM06T2411679,1,$24812.17,0,$0,0,0
VELOCI MOTORS,"MOTO VELOCI SNAKE GT TRAIL 250CC, GRIS",CEDIS CDMX,MACROPAY OAX ALDAMA,1153,10,3VMA2GM09T2428315,1,$24565.82,0,$0,0,0
VELOCI MOTORS,"MOTO VELOCI SNAKE GT TRAIL 250CC, GRIS",CEDIS CDMX,MACROPAY ORIZABA NORTE 4 ESQ OTE 3,1881,10,3VMA2GN17T2443550,1,$24591.62,0,$0,0,0
VELOCI MOTORS,"MOTO VELOCI SNAKE GT TRAIL 250CC, GRIS",CEDIS CDMX,MACROPAY PACHUCA EXPLANADA RF35,1237,10,3VMA2GM00T2428283,1,$24591.61,0,$0,0,0
VELOCI MOTORS,"MOTO VELOCI SNAKE GT TRAIL 250CC, GRIS",CEDIS CDMX,MACROPAY PUE CHEDRAUI L1,1246,10,3VMA2GM03T2411669,1,$24812.16,0,$0,0,0
VELOCI MOTORS,"MOTO VELOCI SNAKE GT TRAIL 250CC, GRIS",CEDIS CDMX,MACROPAY PUE MOMOXPAN LB5,1289,10,3VMA2GM0XT2428517,1,$25238.20,0,$0,0,0
VELOCI MOTORS,"MOTO VELOCI SNAKE GT TRAIL 250CC, GRIS",CEDIS CDMX,MACROPAY SANTA MARIA HUATULCO DR JARQUIN,1265,10,3VMA2GM05T2428313,1,$25238.20,0,$0,0,0
VELOCI MOTORS,"MOTO VELOCI SNAKE GT TRAIL 250CC, GRIS",CEDIS CDMX,MACROPAY SANTA MARIA HUATULCO DR JARQUIN,1265,10,3VMA2GM08T2428340,1,$25238.20,0,$0,0,0
VELOCI MOTORS,"MOTO VELOCI SNAKE GT TRAIL 250CC, GRIS",CEDIS CDMX,MACROPAY TECAMAC MACROPLAZA LF14,1830,10,3VMA2GM01T2408317,1,$25298.65,0,$0,0,0
VELOCI MOTORS,"MOTO VELOCI SNAKE GT TRAIL 250CC, GRIS",CEDIS CDMX,MACROPAY TEHUACAN 5 SUR,1138,10,3VMA2GM05T2428330,1,$24591.62,0,$0,0,0
VELOCI MOTORS,"MOTO VELOCI SNAKE GT TRAIL 250CC, GRIS",CEDIS CDMX,MACROPAY TENANCINGO CENTRO,1815,10,3VMA2GM08T2428290,1,$24540.04,0,$0,0,0
VELOCI MOTORS,"MOTO VELOCI SNAKE GT TRAIL 250CC, GRIS",CEDIS CDMX,MACROPAY TEZONTEPEC ALLENDE,1258,10,3VMA2GM07T2428281,1,$24591.62,0,$0,0,0
VELOCI MOTORS,"MOTO VELOCI SNAKE GT TRAIL 250CC, GRIS",CEDIS CDMX,MACROPAY TLALNEPANTLA CENTRO,1902,10,3VMA2GM02T2428303,1,$25228.99,0,$0,0,0
VELOCI MOTORS,"MOTO VELOCI SNAKE GT TRAIL 250CC, GRIS",CEDIS CDMX,MACROPAY TOLUCA HIDALGO MOTOS,1747,10,3VMA2GM05T2428358,1,$25238.20,0,$0,0,0
VELOCI MOTORS,"MOTO VELOCI SNAKE GT TRAIL 250CC, GRIS",CEDIS CDMX,MACROPAY VER CENTRO HIDALGO,1883,10,3VMA2GM01T2428339,1,$25238.20,0,$0,0,0
VELOCI MOTORS,"MOTO VELOCI SNAKE GT TRAIL 250CC, GRIS",CEDIS CDMX,MACROPAY VERACRUZ AV MATAMOROS NORTE,1721,10,3VMA2GM03T2428309,1,$25234.25,0,$0,0,0
VELOCI MOTORS,"MOTO VELOCI SNAKE GT TRAIL 250CC, GRIS",CEDIS CDMX,MACROPAY ZIMATLAN CENTRO,1846,10,3VMA2GM04T2428335,1,$24540.04,0,$0,0,0
VELOCI MOTORS,"MOTO VELOCI SNAKE GT TRAIL 250CC, GRIS",CEDIS CDMX,MACROPAY ZINACANTEPEC PLAZA MÍA L15,1308,10,3VMA2GN15T2443532,1,$24540.04,0,$0,0,0
VELOCI MOTORS,"MOTO VELOCI SNAKE GT TRAIL 250CC, GRIS",CEDIS CDMX,MACROPAY ZUMPANGO AV INSURGENTES,1813,10,3VMA2GM08T2428287,1,$24591.62,0,$0,0,0
VELOCI MOTORS,"MOTO VELOCI SNAKE GT TRAIL 250CC, GRIS",CEDIS CDMX,MACROPAY ZUMPANGO FEDERICO,1244,10,3VMA2GM01T2428275,1,$24591.61,0,$0,0,0
VELOCI MOTORS,"MOTO VELOCI SNAKE GT TRAIL 250CC, GRIS",CEDIS CDMX,TECPAN DE GALEANA CENTRO,1929,10,3VMA2GM05T2428280,1,$24591.61,0,$0,0,0
VELOCI MOTORS,"MOTO VELOCI SNAKE GT TRAIL 250CC, GRIS",CEDIS CULIACAN,MACROPAY CD OBREGON CENTRO,1891,10,3VMA2GM0XT2428369,1,$25249.39,0,$0,0,0
VELOCI MOTORS,"MOTO VELOCI SNAKE GT TRAIL 250CC, GRIS",CEDIS CULIACAN,MACROPAY HERMOSILLO CENTRO NORIEGA,1911,10,3VMA2GM09T2411644,1,$24818.36,0,$0,0,0
VELOCI MOTORS,"MOTO VELOCI SNAKE GT TRAIL 250CC, GRIS",CEDIS GDL,COLIMA PLAZA SAN FERNANDO,1947,10,3VMA2GN14T2443604,1,$24195.75,0,$0,0,0
VELOCI MOTORS,"MOTO VELOCI SNAKE GT TRAIL 250CC, GRIS",CEDIS MID,BACALAR AVENIDA 7,1908,10,3VMA2GM09T2411661,1,$24519.49,0,$0,0,0
VELOCI MOTORS,"MOTO VELOCI SNAKE GT TRAIL 250CC, GRIS",CEDIS MID,CEDIS MERIDA,11,140,3VMA2GN15V2445963,1,$24409.76,0,$0,0,0
VELOCI MOTORS,"MOTO VELOCI SNAKE GT TRAIL 250CC, GRIS",CEDIS MID,CEDIS MERIDA,11,140,3VMA2GN16V2445955,1,$24409.76,0,$0,0,0
VELOCI MOTORS,"MOTO VELOCI SNAKE GT TRAIL 250CC, GRIS",CEDIS MID,MACROPAY CAMPECHE CALLE 53 CATEDRAL,1754,10,3VMA2GM03T2411638,1,$24382.85,0,$0,0,0
VELOCI MOTORS,"MOTO VELOCI SNAKE GT TRAIL 250CC, GRIS",CEDIS MID,MACROPAY CUN CHEDRAUI MUNDO MAYA,1877,10,3VMA2GM0XT2428520,1,$24798.02,0,$0,0,0
VELOCI MOTORS,"MOTO VELOCI SNAKE GT TRAIL 250CC, GRIS",CEDIS MID,MACROPAY CUN CHEDRAUI MUNDO MAYA,1877,10,3VMA2GN11T2443382,1,$24798.02,0,$0,0,0
VELOCI MOTORS,"MOTO VELOCI SNAKE GT TRAIL 250CC, GRIS",CEDIS MID,MACROPAY CUN CHEDRAUI MUNDO MAYA,1877,10,3VMA2GN11T2443432,1,$24798.02,0,$0,0,0
VELOCI MOTORS,"MOTO VELOCI SNAKE GT TRAIL 250CC, GRIS",CEDIS MID,MACROPAY CUN PLAZA HEROES MOTOS,1752,10,3VMA2GM07T2428491,1,$24519.49,0,$0,0,0
VELOCI MOTORS,"MOTO VELOCI SNAKE GT TRAIL 250CC, GRIS",CEDIS MID,MACROPAY CUN PLAZA HEROES MOTOS,1752,10,3VMA2GM07T2428507,1,$24519.49,0,$0,0,0
VELOCI MOTORS,"MOTO VELOCI SNAKE GT TRAIL 250CC, GRIS",CEDIS MID,MACROPAY ESCARCEGA J SIERRA MOTOS,1797,10,3VMA2GM05T2428361,1,$25248.34,0,$0,0,0
VELOCI MOTORS,"MOTO VELOCI SNAKE GT TRAIL 250CC, GRIS",CEDIS MID,MACROPAY MID CALLE NUEVA,1019,10,3VMA2GN13V2445962,1,$24378.69,0,$0,0,0
VELOCI MOTORS,"MOTO VELOCI SNAKE GT TRAIL 250CC, GRIS",CEDIS MID,MACROPAY MID MACROPLAZA SUPER,1014,10,3VMA2GM08T2428371,1,$25246.24,0,$0,0,0
VELOCI MOTORS,"MOTO VELOCI SNAKE GT TRAIL 250CC, GRIS",CEDIS MID,MACROPAY PETO CALLE 31,1093,10,3VMA2GN10T2443440,1,$24378.69,0,$0,0,0
VELOCI MOTORS,"MOTO VELOCI SNAKE GT TRAIL 250CC, GRIS",CEDIS MID,MACROPAY PUERTO MORELOS L9,1103,10,3VMA2GM06T2406725,1,$25249.39,0,$0,0,0
VELOCI MOTORS,"MOTO VELOCI SNAKE GT TRAIL 250CC, GRIS",CEDIS MID,MACROPAY TULUM ARRICE MOTOS,1844,10,3VMA2GM05T2428487,1,$24380.84,0,$0,0,0
VELOCI MOTORS,"MOTO VELOCI SNAKE GT TRAIL 250CC, GRIS",CEDIS MID,MACROPAY TULUM CHEDRAUI L01 PLUS,1916,10,3VMA2GM03T2428343,1,$24607.60,0,$0,0,0
VELOCI MOTORS,"MOTO VELOCI SNAKE GT TRAIL 250CC, GRIS",CEDIS SALTILLO,CEDIS SALTILLO,29,140,3VMA2GN14T2443425,1,$24438.65,0,$0,0,0
VELOCI MOTORS,"MOTO VELOCI SNAKE GT TRAIL 250CC, GRIS",CEDIS SALTILLO,CIUDAD VICTORIA CENTRO,1944,10,3VMA2GN19T2443551,1,$24438.65,0,$0,0,0
VELOCI MOTORS,"MOTO VELOCI SNAKE GT TRAIL 250CC, GRIS",CEDIS SALTILLO,DELICIAS CHIHUAHUA CENTRO,1946,10,3VMA2GN19T2443422,1,$24438.66,0,$0,0,0
VELOCI MOTORS,"MOTO VELOCI SNAKE GT TRAIL 250CC, GRIS",CEDIS SALTILLO,MACROPAY CHIHUAHUA SENDERO LF12,1925,10,3VMA2GM07T2406846,1,$25413.97,0,$0,0,0
VELOCI MOTORS,"MOTO VELOCI SNAKE GT TRAIL 250CC, GRIS",CEDIS SALTILLO,MACROPAY ESCOBEDO CITADINA L03A,1550,10,3VMA2GN12T2443536,1,$24592.65,0,$0,0,0
VELOCI MOTORS,"MOTO VELOCI SNAKE GT TRAIL 250CC, GRIS",CEDIS SALTILLO,MACROPAY MTY CENTRO CUAUHTEMOC L131,1560,10,3VMA2GM07T2428393,1,$25413.97,0,$0,0,0
VELOCI MOTORS,"MOTO VELOCI SNAKE GT TRAIL 250CC, GRIS",CEDIS SALTILLO,PARRAL CHIHUAHUA CENTRO,1945,10,3VMA2GN11T2443561,1,$24438.65,0,$0,0,0
VELOCI MOTORS,"MOTO VELOCI SNAKE GT TRAIL 250CC, GRIS",CEDIS SAN LUIS,CEDIS SAN LUIS,27,140,3VMA2GM04T2408134,1,$24366.79,0,$0,0,0
VELOCI MOTORS,"MOTO VELOCI SNAKE GT TRAIL 250CC, GRIS",CEDIS SAN LUIS,CEDIS SAN LUIS,27,140,3VMA2GM07T2406734,1,$24366.79,0,$0,0,0
VELOCI MOTORS,"MOTO VELOCI SNAKE GT TRAIL 250CC, GRIS",CEDIS SAN LUIS,CEDIS SAN LUIS,27,140,3VMA2GM08T2406709,1,$24366.79,0,$0,0,0
VELOCI MOTORS,"MOTO VELOCI SNAKE GT TRAIL 250CC, GRIS",CEDIS SAN LUIS,CEDIS SAN LUIS,27,140,3VMA2GN12T2443455,1,$24366.79,0,$0,0,0
VELOCI MOTORS,"MOTO VELOCI SNAKE GT TRAIL 250CC, GRIS",CEDIS SAN LUIS,MACROPAY FRESNILLO CENTRO,1886,10,3VMA2GM06T2408118,1,$24366.80,0,$0,0,0
VELOCI MOTORS,"MOTO VELOCI SNAKE GT TRAIL 250CC, GRIS",CEDIS SAN LUIS,MACROPAY FRESNILLO CENTRO,1886,10,3VMA2GN13T2443450,1,$24366.80,0,$0,0,0
VELOCI MOTORS,"MOTO VELOCI SNAKE GT TRAIL 250CC, GRIS",CEDIS SAN LUIS,MACROPAY SLP CENTRO PIPILA,1788,10,3VMA2GN16T2443460,1,$24366.80,0,$0,0,0
VELOCI MOTORS,"MOTO VELOCI SNAKE GT TRAIL 250CC, GRIS",CEDIS TAB PXGL,CEDIS MACROPAY TABASCO PXGL,14,140,3VMA2GN15T2443529,1,$24979.00,0,$0,0,0
VELOCI MOTORS,"MOTO VELOCI SNAKE GT TRAIL 250CC, GRIS",CEDIS TAB PXGL,MACROPAY BERRIOZABAL CENTRAL NORTE L2,1335,10,3VMA2GM02T2411646,1,$24660.24,0,$0,0,0
VELOCI MOTORS,"MOTO VELOCI SNAKE GT TRAIL 250CC, GRIS",CEDIS TAB PXGL,MACROPAY CARDENAS PORTALES CENTRO,1802,10,3VMA2GM03T2408299,1,$25105.71,0,$0,0,0
VELOCI MOTORS,"MOTO VELOCI SNAKE GT TRAIL 250CC, GRIS",CEDIS TAB PXGL,MACROPAY CD DEL CARMEN CALLE 22 MOTOS,1811,10,3VMA2GN14T2443540,1,$24660.24,0,$0,0,0
VELOCI MOTORS,"MOTO VELOCI SNAKE GT TRAIL 250CC, GRIS",CEDIS TAB PXGL,MACROPAY COATZACOALCOS JUAREZ MOTOS,1796,10,3VMA2GN12T2443522,1,$24757.10,0,$0,0,0
VELOCI MOTORS,"MOTO VELOCI SNAKE GT TRAIL 250CC, GRIS",CEDIS TAB PXGL,MACROPAY COMALCALCO SANCHEZ,1099,10,3VMA2GM05T2428490,1,$24660.24,0,$0,0,0
VELOCI MOTORS,"MOTO VELOCI SNAKE GT TRAIL 250CC, GRIS",CEDIS TAB PXGL,MACROPAY JUAN RODRIGUEZ VER CENTRO,1860,10,3VMA2GN18T2443542,1,$24660.24,0,$0,0,0
VELOCI MOTORS,"MOTO VELOCI SNAKE GT TRAIL 250CC, GRIS",CEDIS TAB PXGL,MACROPAY MACUSPANA MOTOS,1901,10,3VMA2GM02T2428320,1,$25249.39,0,$0,0,0
VELOCI MOTORS,"MOTO VELOCI SNAKE GT TRAIL 250CC, GRIS",CEDIS TAB PXGL,MACROPAY MINATITLAN MIGUEL HID MOTOS,1827,10,3VMA2GN11T2443513,1,$24660.24,0,$0,0,0
VELOCI MOTORS,"MOTO VELOCI SNAKE GT TRAIL 250CC, GRIS",CEDIS TAB PXGL,MACROPAY TUX 5 SUR ORIENTE,1939,10,3VMA2GN19T2443596,1,$24660.24,0,$0,0,0
VELOCI MOTORS,"MOTO VELOCI SNAKE GT TRAIL 250CC, GRIS",CEDIS TAB PXGL,MACROPAY TUX MOTOS NOVENA SUR,1875,10,3VMA2GM00T2428512,1,$24761.51,0,$0,0,0
VELOCI MOTORS,"MOTO VELOCI SNAKE GT TRAIL 250CC, GRIS",CEDIS TAB PXGL,MACROPAY TUX MOTOS NOVENA SUR,1875,10,3VMA2GN19T2443534,1,$24761.51,0,$0,0,0
VELOCI MOTORS,"MOTO VELOCI SNAKE GT TRAIL 250CC, GRIS",CEDIS TAB PXGL,MACROPAY TUXTEPEC 20 DE NOV,1134,10,3VMA2GM00T2411628,1,$24709.86,0,$0,0,0
VELOCI MOTORS,"MOTO VELOCI SNAKE GT TRAIL 250CC, GRIS",CEDIS TAB PXGL,MACROPAY VER SAN ANDRES MOTOS,1798,10,3VMA2GM00T2411662,1,$24660.24,0,$0,0,0
VELOCI MOTORS,"MOTO VELOCI SNAKE GT TRAIL 250CC, GRIS",PROVEEDOR,ENSENADA CENTRO GASTELUM,1949,10,3VMA2GM0XT2411653,1,$25258.02,0,$0,0,0
VELOCI MOTORS,"MOTO VELOCI SNAKE GT TRAIL 250CC, GRIS",PROVEEDOR,MACROPAY MISION SOLER TIJUANA,1824,10,3VMA2GM01T2411668,1,$25258.01,0,$0,0,0
VELOCI MOTORS,"MOTO VELOCI SNAKE GT TRAIL 250CC, GRIS",PROVEEDOR,MACROPAY MISION SOLER TIJUANA,1824,10,3VMA2GM07T2411643,1,$25258.01,0,$0,0,0
VELOCI MOTORS,"MOTO VELOCI SNAKE GT TRAIL 250CC, GRIS",PROVEEDOR,MACROPAY MISION SOLER TIJUANA,1824,10,3VMA2GM08T2411652,1,$25258.01,0,$0,0,0
VELOCI MOTORS,"MOTO VELOCI SNAKE GT TRAIL 250CC, GRIS",PROVEEDOR,MACROPAY TECATE BAJA PASCUAL ORTIZ,1444,10,3VMA2GM08T2411666,1,$25258.01,0,$0,0,0
VELOCI MOTORS,"MOTO VELOCI SNAKE GT TRAIL 250CC, GRIS",PROVEEDOR,MACROPAY TECATE BAJA PASCUAL ORTIZ,1444,10,3VMA2GM09T2411627,1,$25258.01,0,$0,0,0
VELOCI MOTORS,"MOTO VELOCI SNAKE GT TRAIL 250CC, GRIS",PROVEEDOR,MACROPAY TIJ PLAZA 5 Y 10 L25D,1412,10,3VMA2GN12T2443472,1,$25258.01,0,$0,0,0
VELOCI MOTORS,"MOTO VELOCI SNAKE GT TRAIL 250CC, GRIS",PROVEEDOR,MACROPAY TIJ PLAZA LOS OLIVOS L10,1899,10,3VMA2GM01T2406891,1,$24818.36,0,$0,0,0
VELOCI MOTORS,"MOTO VELOCI SNAKE GT TRAIL 250CC, GRIS",PROVEEDOR,MACROPAY TIJUANA MORA STA FE  L4,1556,10,3VMA2GM00T2406669,1,$24818.36,0,$0,0,0
VELOCI MOTORS,"MOTO VELOCI SNAKE GT TRAIL 250CC, GRIS",PROVEEDOR,MACROPAY TIJUANA PASEO 2000 LD-PB-04,1368,10,3VMA2GM05T2406649,1,$25258.01,0,$0,0,0
VELOCI MOTORS,"MOTO VELOCI SYRIUS RS SPORT 20, AMARILLO",CEDIS CDMX,MACROPAY APAN REFORMA,1366,10,3VMA2F390T2417830,1,$16593.72,0,$0,0,0
VELOCI MOTORS,"MOTO VELOCI SYRIUS RS SPORT 20, AMARILLO",CEDIS CDMX,MACROPAY BANDERILLA JUAREZ,1202,10,3VMA2F390T2417858,1,$16593.72,0,$0,0,0
VELOCI MOTORS,"MOTO VELOCI SYRIUS RS SPORT 20, AMARILLO",CEDIS CDMX,MACROPAY CIUDAD CARDEL CENTRO,1906,10,3VMA2F390T2417780,1,$16593.72,0,$0,0,0
VELOCI MOTORS,"MOTO VELOCI SYRIUS RS SPORT 20, AMARILLO",CEDIS CDMX,MACROPAY HUAMANTLA ALLENDE NTE,1514,10,3VMA2F399T2417793,1,$16593.72,0,$0,0,0
VELOCI MOTORS,"MOTO VELOCI SYRIUS RS SPORT 20, AMARILLO",CEDIS CDMX,MACROPAY HUAMANTLA MORELOS PTE,1769,10,3VMA2F398T2431233,1,$16593.72,0,$0,0,0
VELOCI MOTORS,"MOTO VELOCI SYRIUS RS SPORT 20, AMARILLO",CEDIS CDMX,MACROPAY PLAZA COACALCO CHEDRAUI L1,1611,10,3VMA2F39XT2387204,1,$16162.69,0,$0,0,0
VELOCI MOTORS,"MOTO VELOCI SYRIUS RS SPORT 20, AMARILLO",CEDIS CDMX,MACROPAY TECAMAC MACROPLAZA LF14,1830,10,3VMA2F399T2417857,1,$16593.72,0,$0,0,0
VELOCI MOTORS,"MOTO VELOCI SYRIUS RS SPORT 20, AMARILLO",CEDIS CDMX,MACROPAY TOLUCA HIDALGO MOTOS,1747,10,3VMA2F397T2417789,1,$16593.72,0,$0,0,0
VELOCI MOTORS,"MOTO VELOCI SYRIUS RS SPORT 20, AMARILLO",CEDIS CDMX,MACROPAY VER CENTRO HIDALGO,1883,10,3VMA2F395T2431223,1,$16593.72,0,$0,0,0
VELOCI MOTORS,"MOTO VELOCI SYRIUS RS SPORT 20, AMARILLO",CEDIS CDMX,MACROPAY VER CENTRO INDEPENDENCIA,1897,10,3VMA2F397T2417923,1,$16593.72,0,$0,0,0
VELOCI MOTORS,"MOTO VELOCI SYRIUS RS SPORT 20, AMARILLO",CEDIS CDMX,MACROPAY VERACRUZ AV MATAMOROS NORTE,1721,10,3VMA2F391T2417786,1,$16593.72,0,$0,0,0
VELOCI MOTORS,"MOTO VELOCI SYRIUS RS SPORT 20, AMARILLO",CEDIS CULIACAN,MACROPAY LA PAZ 16 DE SEPTIEMBRE,1730,10,3VMA2F391T2431073,1,$16593.72,0,$0,0,0
VELOCI MOTORS,"MOTO VELOCI SYRIUS RS SPORT 20, AMARILLO",CEDIS CULIACAN,MACROPAY LA PAZ MERCADO MADERO,1805,10,3VMA2F393T2431074,1,$16593.72,0,$0,0,0
VELOCI MOTORS,"MOTO VELOCI SYRIUS RS SPORT 20, AMARILLO",CEDIS CULIACAN,MACROPAY LOS MOCHIS CENTRO,1852,10,3VMA2F395T2431075,1,$16593.72,0,$0,0,0
VELOCI MOTORS,"MOTO VELOCI SYRIUS RS SPORT 20, AMARILLO",CEDIS CULIACAN,MACROPAY MAZATLAN CENTRO,1863,10,3VMA2F399V2444088,1,$16809.24,0,$0,0,0
VELOCI MOTORS,"MOTO VELOCI SYRIUS RS SPORT 20, AMARILLO",CEDIS CULIACAN,MACROPAY MAZATLAN PLAZA ACAYA L7E,1826,10,3VMA2F398T2431085,1,$16593.72,0,$0,0,0
VELOCI MOTORS,"MOTO VELOCI SYRIUS RS SPORT 20, AMARILLO",CEDIS GDL,MACROPAY APATZINGAN CENTRO ANDRADE,1832,10,3VMA2F392T2431194,1,$16593.72,0,$0,0,0
VELOCI MOTORS,"MOTO VELOCI SYRIUS RS SPORT 20, AMARILLO",CEDIS GDL,MACROPAY APATZINGAN CENTRO CATEDRAL,1834,10,3VMA2F391T2417772,1,$16593.72,0,$0,0,0
VELOCI MOTORS,"MOTO VELOCI SYRIUS RS SPORT 20, AMARILLO",CEDIS GDL,MACROPAY COLIMA CENTRO MADERO,1932,10,3VMA2F392T2431146,1,$16593.72,0,$0,0,0
VELOCI MOTORS,"MOTO VELOCI SYRIUS RS SPORT 20, AMARILLO",CEDIS GDL,MACROPAY GDL EL FRESNO,1905,10,3VMA2F39XT2431122,1,$16593.72,0,$0,0,0
VELOCI MOTORS,"MOTO VELOCI SYRIUS RS SPORT 20, AMARILLO",CEDIS GDL,MACROPAY GDL PASEO ALCALDE,1418,10,3VMA2F391T2417688,1,$16593.72,0,$0,0,0
VELOCI MOTORS,"MOTO VELOCI SYRIUS RS SPORT 20, AMARILLO",CEDIS GDL,MACROPAY GDL PLAZA INDEPENDENCIA L1-5,1435,10,3VMA2F392T2431096,1,$16593.72,0,$0,0,0
VELOCI MOTORS,"MOTO VELOCI SYRIUS RS SPORT 20, AMARILLO",CEDIS GDL,MACROPAY MANZANILLO PUNTO BAHIA L A13,1736,10,3VMA2F390T2431064,1,$16593.72,0,$0,0,0
VELOCI MOTORS,"MOTO VELOCI SYRIUS RS SPORT 20, AMARILLO",CEDIS GDL,MORELIA AV LAZARO CARDENAS,1937,10,3VMA2F391T2431087,1,$16593.72,0,$0,0,0
VELOCI MOTORS,"MOTO VELOCI SYRIUS RS SPORT 20, AMARILLO",CEDIS MID,MACROPAY ESCARCEGA H. MARTINEZ,1098,10,3VMA2F397T2417839,1,$16593.72,0,$0,0,0
VELOCI MOTORS,"MOTO VELOCI SYRIUS RS SPORT 20, AMARILLO",CEDIS MID,MACROPAY ESCARCEGA J SIERRA MOTOS,1797,10,3VMA2F397T2431112,1,$16545.82,0,$0,0,0
VELOCI MOTORS,"MOTO VELOCI SYRIUS RS SPORT 20, AMARILLO",CEDIS MID,MACROPAY MID CALLE 67,1012,10,3VMA2F397V2444123,1,$16593.72,0,$0,0,0
VELOCI MOTORS,"MOTO VELOCI SYRIUS RS SPORT 20, AMARILLO",CEDIS MID,MACROPAY MID CHEDRAUI NTE,1001,10,3VMA2F397T2431188,1,$16545.83,0,$0,0,0
VELOCI MOTORS,"MOTO VELOCI SYRIUS RS SPORT 20, AMARILLO",CEDIS MID,MACROPAY MID MACROPLAZA L B21,1013,10,3VMA2F390V2444058,1,$16593.72,0,$0,0,0
VELOCI MOTORS,"MOTO VELOCI SYRIUS RS SPORT 20, AMARILLO",CEDIS MID,MACROPAY PROGRESO MOTOS CALLE 27,1934,10,3VMA2F397T2431109,1,$16545.82,0,$0,0,0
VELOCI MOTORS,"MOTO VELOCI SYRIUS RS SPORT 20, AMARILLO",CEDIS MID,MACROPAY TICUL CALLE 28,1085,10,3VMA2F39XT2417849,1,$16525.30,0,$0,0,0
VELOCI MOTORS,"MOTO VELOCI SYRIUS RS SPORT 20, AMARILLO",CEDIS MID,MACROPAY TIZIMIN MI PLAZA L 6,1734,10,3VMA2F399T2417843,1,$16593.72,0,$0,0,0
VELOCI MOTORS,"MOTO VELOCI SYRIUS RS SPORT 20, AMARILLO",CEDIS MID,MACROPAY TULUM ARRICE MOTOS,1844,10,3VMA2F395V2444119,1,$16593.72,0,$0,0,0
VELOCI MOTORS,"MOTO VELOCI SYRIUS RS SPORT 20, AMARILLO",CEDIS MID,MACROPAY TULUM CHEDRAUI L01 PLUS,1916,10,3VMA2F395V2444086,1,$16555.69,0,$0,0,0
VELOCI MOTORS,"MOTO VELOCI SYRIUS RS SPORT 20, AMARILLO",CEDIS MID,MACROPAY UMAN CENTRO,1928,10,3VMA2F398V2444146,1,$16593.72,0,$0,0,0
VELOCI MOTORS,"MOTO VELOCI SYRIUS RS SPORT 20, AMARILLO",CEDIS MID,MACROPAY VALLADOLID MOTOS CALLE 39,1748,10,3VMA2F393T2376058,1,$17024.76,0,$0,0,0
VELOCI MOTORS,"MOTO VELOCI SYRIUS RS SPORT 20, AMARILLO",CEDIS SALTILLO,MACROPAY MTY CENTRO SANTIAGO TAPIA,1874,10,3VMA2F394T2376117,1,$17024.76,0,$0,0,0
VELOCI MOTORS,"MOTO VELOCI SYRIUS RS SPORT 20, AMARILLO",CEDIS SALTILLO,MACROPAY SABINAS CENTRO,1938,10,3VMA2F391V2444120,1,$16593.72,0,$0,0,0
VELOCI MOTORS,"MOTO VELOCI SYRIUS RS SPORT 20, AMARILLO",CEDIS SALTILLO,MACROPAY SALTILLO SENDERO SUR LE7-9,1923,10,3VMA2F398V2443983,1,$16593.72,0,$0,0,0
VELOCI MOTORS,"MOTO VELOCI SYRIUS RS SPORT 20, AMARILLO",CEDIS SALTILLO,MACROPAY SAN PEDRO COAHUILA CENTRO,1859,10,3VMA2F390V2444142,1,$16593.72,0,$0,0,0
VELOCI MOTORS,"MOTO VELOCI SYRIUS RS SPORT 20, AMARILLO",CEDIS SALTILLO,MACROPAY STA CATARINA SENDERO LC08,1924,10,3VMA2F395T2431142,1,$16622.45,0,$0,0,0
VELOCI MOTORS,"MOTO VELOCI SYRIUS RS SPORT 20, AMARILLO",CEDIS SALTILLO,MACROPAY TORREON CENTRO,1772,10,3VMA2F399V2444138,1,$16593.72,0,$0,0,0
VELOCI MOTORS,"MOTO VELOCI SYRIUS RS SPORT 20, AMARILLO",CEDIS SALTILLO,MACROPAY TORREON CENTRO HIDALGO,1941,10,3VMA2F394V2444127,1,$16593.72,0,$0,0,0
VELOCI MOTORS,"MOTO VELOCI SYRIUS RS SPORT 20, AMARILLO",CEDIS SALTILLO,PARRAL CHIHUAHUA CENTRO,1945,10,3VMA2F398V2444017,1,$16593.72,0,$0,0,0
VELOCI MOTORS,"MOTO VELOCI SYRIUS RS SPORT 20, AMARILLO",CEDIS SAN LUIS,CD MANTE CENTRO,1888,10,3VMA2F396T2431067,1,$16593.72,0,$0,0,0
VELOCI MOTORS,"MOTO VELOCI SYRIUS RS SPORT 20, AMARILLO",CEDIS SAN LUIS,MACROPAY SALAMANCA PLAZA VIA ALTA L1018A,1415,10,3VMA2F391T2376138,1,$16593.72,0,$0,0,0
VELOCI MOTORS,"MOTO VELOCI SYRIUS RS SPORT 20, AMARILLO",CEDIS SAN LUIS,MACROPAY SLP CENTRO PIPILA,1788,10,3VMA2F396T2431098,1,$16593.72,0,$0,0,0
VELOCI MOTORS,"MOTO VELOCI SYRIUS RS SPORT 20, AMARILLO",CEDIS SAN LUIS,MACROPAY SLP CENTRO REFORMA,1841,10,3VMA2F390T2417651,1,$16593.72,0,$0,0,0
VELOCI MOTORS,"MOTO VELOCI SYRIUS RS SPORT 20, AMARILLO",CEDIS SAN LUIS,MACROPAY SOLEDAD DE GRACIANO CENTRO,1837,10,3VMA2F390T2417617,1,$16593.72,0,$0,0,0
VELOCI MOTORS,"MOTO VELOCI SYRIUS RS SPORT 20, AMARILLO",CEDIS SAN LUIS,SAN LUIS POTOSI FUNDADORES,1912,10,3VMA2F393T2431088,1,$16593.72,0,$0,0,0
VELOCI MOTORS,"MOTO VELOCI SYRIUS RS SPORT 20, AMARILLO",CEDIS TAB PXGL,MACROPAY CD DEL CARMEN CALLE 22,1773,10,3VMA2F397T2431174,1,$16593.72,0,$0,0,0
VELOCI MOTORS,"MOTO VELOCI SYRIUS RS SPORT 20, AMARILLO",CEDIS TAB PXGL,MACROPAY CD DEL CARMEN CALLE 22 MOTOS,1811,10,3VMA2F391T2431154,1,$16593.72,0,$0,0,0
VELOCI MOTORS,"MOTO VELOCI SYRIUS RS SPORT 20, AMARILLO",CEDIS TAB PXGL,MACROPAY CD DEL CARMEN CALLE 22 MOTOS,1811,10,3VMA2F394T2431133,1,$16593.72,0,$0,0,0
VELOCI MOTORS,"MOTO VELOCI SYRIUS RS SPORT 20, AMARILLO",CEDIS TAB PXGL,MACROPAY COATZA MERCADO MORELOS,1803,10,3VMA2F390T2431162,1,$16593.72,0,$0,0,0
VELOCI MOTORS,"MOTO VELOCI SYRIUS RS SPORT 20, AMARILLO",CEDIS TAB PXGL,MACROPAY TUX 8 PONIENTE NTE,1186,10,3VMA2F398T2431166,1,$16593.72,0,$0,0,0
VELOCI MOTORS,"MOTO VELOCI SYRIUS RS SPORT 20, AMARILLO",PROVEEDOR,MACROPAY TIJUANA MORA STA FE  L4,1556,10,3VMA2F39XT2376140,1,$17024.76,0,$0,0,0
VELOCI MOTORS,"MOTO VELOCI SYRIUS RS SPORT 20, AMARILLO",PROVEEDOR,MACROPAY TIJUANA OASIS L20,1540,10,3VMA2F396T2376166,1,$17024.76,0,$0,0,0
VELOCI MOTORS,"MOTO VELOCI THYRON EVO SPORT 200C, VERDE",CEDIS CDMX,CE. LOG. PXGL,21,140,3VMA2FN08T2439329,1,$20542.35,0,$0,0,0
VELOCI MOTORS,"MOTO VELOCI THYRON EVO SPORT 200C, VERDE",CEDIS CDMX,CE. LOG. PXGL,21,140,3VMA2FN0XT2440269,1,$20542.35,0,$0,0,0
VELOCI MOTORS,"MOTO VELOCI THYRON EVO SPORT 200C, VERDE",CEDIS CDMX,HUATUSCO CENTRO VER,1936,10,3VMA2FN04V2439122,1,$20724.51,0,$0,0,0
VELOCI MOTORS,"MOTO VELOCI THYRON EVO SPORT 200C, VERDE",CEDIS CDMX,IGUALA PLUS CENTRO,1940,10,3VMA2FN06V2451997,1,$20542.34,0,$0,0,0
VELOCI MOTORS,"MOTO VELOCI THYRON EVO SPORT 200C, VERDE",CEDIS CDMX,MACROPAY CDMX ENCUENTRO OCEANIA L SC08,1723,10,3VMA2FN01T2440323,1,$20481.62,0,$0,0,0
VELOCI MOTORS,"MOTO VELOCI THYRON EVO SPORT 200C, VERDE",CEDIS CDMX,MACROPAY CDMX PLAZA INN L40D,1399,10,3VMA2FN00T2440345,1,$20481.62,0,$0,0,0
VELOCI MOTORS,"MOTO VELOCI THYRON EVO SPORT 200C, VERDE",CEDIS CDMX,MACROPAY CDMX PLAZA LAS TORRES L G02,1741,10,3VMA2FN02T2440296,1,$20481.62,0,$0,0,0
VELOCI MOTORS,"MOTO VELOCI THYRON EVO SPORT 200C, VERDE",CEDIS CDMX,MACROPAY CDMX REPUBLICA DEL SALVADOR,1728,10,3VMA2FN05V2451750,1,$20542.34,0,$0,0,0
VELOCI MOTORS,"MOTO VELOCI THYRON EVO SPORT 200C, VERDE",CEDIS CDMX,MACROPAY CIUDAD CARDEL CENTRO,1906,10,3VMA2FN06T2440351,1,$20481.62,0,$0,0,0
VELOCI MOTORS,"MOTO VELOCI THYRON EVO SPORT 200C, VERDE",CEDIS CDMX,MACROPAY CUAU CENTELLA L37,1302,10,3VMA2FN04V2440383,1,$20724.51,0,$0,0,0
VELOCI MOTORS,"MOTO VELOCI THYRON EVO SPORT 200C, VERDE",CEDIS CDMX,MACROPAY CUAU CHEDRAUI LAGO DE GPE L03,1474,10,3VMA2FN01T2422744,1,$20050.59,0,$0,0,0
VELOCI MOTORS,"MOTO VELOCI THYRON EVO SPORT 200C, VERDE",CEDIS CDMX,MACROPAY TLALNEPANTLA MULTI ARBOLEDAS,1755,10,3VMA2FN04T2422799,1,$20050.59,0,$0,0,0
VELOCI MOTORS,"MOTO VELOCI THYRON EVO SPORT 200C, VERDE",CEDIS CDMX,MACROPAY TOLUCA CHED ALF DEL MAZO L11,1373,10,3VMA2FN05T2440339,1,$20481.62,0,$0,0,0
VELOCI MOTORS,"MOTO VELOCI THYRON EVO SPORT 200C, VERDE",CEDIS CDMX,SORIANA MERCADO CENTRAL TULTITLAN,1880,10,3VMA2FN02V2451768,1,$20542.34,0,$0,0,0
VELOCI MOTORS,"MOTO VELOCI THYRON EVO SPORT 200C, VERDE",CEDIS CDMX,TECPAN DE GALEANA CENTRO,1929,10,3VMA2FN08T2440318,1,$20481.62,0,$0,0,0
VELOCI MOTORS,"MOTO VELOCI THYRON EVO SPORT 200C, VERDE",CEDIS CULIACAN,MACROPAY DURANGO CENTRO,1865,10,3VMA2FN04T2439361,1,$20481.62,0,$0,0,0
VELOCI MOTORS,"MOTO VELOCI THYRON EVO SPORT 200C, VERDE",CEDIS CULIACAN,MACROPAY LA PAZ 16 DE SEPTIEMBRE,1730,10,3VMA2FN07T2439371,1,$20481.62,0,$0,0,0
VELOCI MOTORS,"MOTO VELOCI THYRON EVO SPORT 200C, VERDE",CEDIS GDL,JALOSTOTITLAN CENTRO,1914,10,3VMA2FN06V2439204,1,$20625.30,0,$0,0,0
VELOCI MOTORS,"MOTO VELOCI THYRON EVO SPORT 200C, VERDE",CEDIS GDL,JALOSTOTITLAN CENTRO,1914,10,3VMA2FN07V2440541,1,$20625.30,0,$0,0,0
VELOCI MOTORS,"MOTO VELOCI THYRON EVO SPORT 200C, VERDE",CEDIS GDL,MACROPAY GDL MOTOS PASEO ALCALDE,1919,10,3VMA2FN00T2439373,1,$20266.11,0,$0,0,0
VELOCI MOTORS,"MOTO VELOCI THYRON EVO SPORT 200C, VERDE",CEDIS GDL,MACROPAY GDL MOTOS PASEO ALCALDE,1919,10,3VMA2FN03V2440598,1,$20266.11,0,$0,0,0
VELOCI MOTORS,"MOTO VELOCI THYRON EVO SPORT 200C, VERDE",CEDIS GDL,MACROPAY GDL PASEO ALCALDE,1418,10,3VMA2FN00V2440560,1,$20050.59,0,$0,0,0
VELOCI MOTORS,"MOTO VELOCI THYRON EVO SPORT 200C, VERDE",CEDIS GDL,MACROPAY GDL PLAZA INDEPENDENCIA L1-5,1435,10,3VMA2FN09V2440573,1,$20625.30,0,$0,0,0
VELOCI MOTORS,"MOTO VELOCI THYRON EVO SPORT 200C, VERDE",CEDIS GDL,MACROPAY LA PIEDAD CENTRO,1804,10,3VMA2FN00T2440183,1,$20481.62,0,$0,0,0
VELOCI MOTORS,"MOTO VELOCI THYRON EVO SPORT 200C, VERDE",CEDIS GDL,MACROPAY MICH LAZARO CARDENAS CENTRO,1812,10,3VMA2FN05T2439367,1,$20481.62,0,$0,0,0
VELOCI MOTORS,"MOTO VELOCI THYRON EVO SPORT 200C, VERDE",CEDIS MID,CEDIS MERIDA,11,140,3VMA2FN07V2451989,1,$20481.62,0,$0,0,0
VELOCI MOTORS,"MOTO VELOCI THYRON EVO SPORT 200C, VERDE",CEDIS MID,MACROPAY CHT MOTOS OTHON,1738,10,3VMA2FN05V2451800,1,$20481.62,0,$0,0,0
VELOCI MOTORS,"MOTO VELOCI THYRON EVO SPORT 200C, VERDE",CEDIS MID,MACROPAY ESCARCEGA H. MARTINEZ,1098,10,3VMA2FN03T2438332,1,$20481.62,0,$0,0,0
VELOCI MOTORS,"MOTO VELOCI THYRON EVO SPORT 200C, VERDE",CEDIS MID,MACROPAY ESCARCEGA J SIERRA MOTOS,1797,10,3VMA2FN01T2439298,1,$20481.62,0,$0,0,0
VELOCI MOTORS,"MOTO VELOCI THYRON EVO SPORT 200C, VERDE",CEDIS MID,MACROPAY HECELCHAKAN CALLE 20,1057,10,3VMA2FN06T2422707,1,$20050.59,0,$0,0,0
VELOCI MOTORS,"MOTO VELOCI THYRON EVO SPORT 200C, VERDE",CEDIS MID,MACROPAY PETO CALLE 31,1093,10,3VMA2FN07T2438348,1,$20481.62,0,$0,0,0
VELOCI MOTORS,"MOTO VELOCI THYRON EVO SPORT 200C, VERDE",CEDIS MID,MACROPAY PROGRESO MOTOS CALLE 27,1934,10,3VMA2FN03V2451875,1,$20912.66,0,$0,0,0
VELOCI MOTORS,"MOTO VELOCI THYRON EVO SPORT 200C, VERDE",CEDIS MID,MACROPAY TIZIMIN MI PLAZA L 6,1734,10,3VMA2FN0XT2438358,1,$20481.62,0,$0,0,0
VELOCI MOTORS,"MOTO VELOCI THYRON EVO SPORT 200C, VERDE",CEDIS SALTILLO,CIUDAD VICTORIA CENTRO,1944,10,3VMA2FN00V2451882,1,$20912.66,0,$0,0,0
VELOCI MOTORS,"MOTO VELOCI THYRON EVO SPORT 200C, VERDE",CEDIS SALTILLO,DELICIAS CHIHUAHUA CENTRO,1946,10,3VMA2FN04V2452050,1,$20912.66,0,$0,0,0
VELOCI MOTORS,"MOTO VELOCI THYRON EVO SPORT 200C, VERDE",CEDIS SALTILLO,MACROPAY MATAMOROS CHED DEL NIÑO,1898,10,3VMA2FN06T2439359,1,$20373.86,0,$0,0,0
VELOCI MOTORS,"MOTO VELOCI THYRON EVO SPORT 200C, VERDE",CEDIS SALTILLO,MACROPAY SABINAS CENTRO,1938,10,3VMA2FN09V2451881,1,$20912.66,0,$0,0,0
VELOCI MOTORS,"MOTO VELOCI THYRON EVO SPORT 200C, VERDE",CEDIS SALTILLO,MACROPAY SALTILLO PLAZA REAL L008,1482,10,3VMA2FN06T2422609,1,$20373.86,0,$0,0,0
VELOCI MOTORS,"MOTO VELOCI THYRON EVO SPORT 200C, VERDE",CEDIS SALTILLO,MACROPAY SALTILLO SENDERO SUR LE7-9,1923,10,3VMA2FN07V2451863,1,$20912.66,0,$0,0,0
VELOCI MOTORS,"MOTO VELOCI THYRON EVO SPORT 200C, VERDE",CEDIS SALTILLO,MACROPAY TORREON CENTRO,1772,10,3VMA2FN09V2451718,1,$20912.66,0,$0,0,0
VELOCI MOTORS,"MOTO VELOCI THYRON EVO SPORT 200C, VERDE",CEDIS SALTILLO,MACROPAY TORREON CENTRO HIDALGO,1941,10,3VMA2FN00V2451865,1,$20912.66,0,$0,0,0
VELOCI MOTORS,"MOTO VELOCI THYRON EVO SPORT 200C, VERDE",CEDIS SALTILLO,PARRAL CHIHUAHUA CENTRO,1945,10,3VMA2FN03V2451794,1,$20912.66,0,$0,0,0
VELOCI MOTORS,"MOTO VELOCI THYRON EVO SPORT 200C, VERDE",CEDIS SAN LUIS,FRESNILLO CENTRO REFORMA,1917,10,3VMA2FN00V2440557,1,$20050.59,0,$0,0,0
VELOCI MOTORS,"MOTO VELOCI THYRON EVO SPORT 200C, VERDE",CEDIS SAN LUIS,MACROPAY SAN LUIS DE LA PAZ CENTRO,1855,10,3VMA2FN0XV2440565,1,$20050.59,0,$0,0,0
VELOCI MOTORS,"MOTO VELOCI THYRON EVO SPORT 200C, VERDE",CEDIS SAN LUIS,MACROPAY SLP CENTRO REFORMA,1841,10,3VMA2FN05V2463994,1,$20567.83,0,$0,0,0
VELOCI MOTORS,"MOTO VELOCI THYRON EVO SPORT 200C, VERDE",CEDIS SAN LUIS,MACROPAY SLP RIO VERDE CENTRO,1759,10,3VMA2FN00V2463997,1,$20567.83,0,$0,0,0
VELOCI MOTORS,"MOTO VELOCI THYRON EVO SPORT 200C, VERDE",CEDIS TAB PXGL,CEDIS MACROPAY TABASCO PXGL,14,140,3VMA2FN01V2463992,1,$20517.54,0,$0,0,0
VELOCI MOTORS,"MOTO VELOCI THYRON EVO SPORT 200C, VERDE",CEDIS TAB PXGL,CEDIS MACROPAY TABASCO PXGL,14,140,3VMA2FN06V2464023,1,$20517.54,0,$0,0,0
VELOCI MOTORS,"MOTO VELOCI THYRON EVO SPORT 200C, VERDE",CEDIS TAB PXGL,CEDIS MACROPAY TABASCO PXGL,14,140,3VMA2FN0XV2464087,1,$20517.54,0,$0,0,0
VELOCI MOTORS,"MOTO VELOCI THYRON EVO SPORT 200C, VERDE",CEDIS TAB PXGL,MACROPAY ACAYUCAN CENTRO,1789,10,3VMA2FN09V2464016,1,$20517.54,0,$0,0,0
VELOCI MOTORS,"MOTO VELOCI THYRON EVO SPORT 200C, VERDE",CEDIS TAB PXGL,MACROPAY ARRIAGA CENTRAL SUR,1187,10,3VMA2FN08V2464007,1,$20553.46,0,$0,0,0
VELOCI MOTORS,"MOTO VELOCI THYRON EVO SPORT 200C, VERDE",CEDIS TAB PXGL,MACROPAY CHI TONALA AV HIDALGO,1580,10,3VMA2FN08V2463990,1,$20553.46,0,$0,0,0
VELOCI MOTORS,"MOTO VELOCI THYRON EVO SPORT 200C, VERDE",CEDIS TAB PXGL,MACROPAY COATZA MERCADO MORELOS,1803,10,3VMA2FN00V2452045,1,$20912.66,0,$0,0,0
VELOCI MOTORS,"MOTO VELOCI THYRON EVO SPORT 200C, VERDE",CEDIS TAB PXGL,MACROPAY COATZACOALCOS JUAREZ MOTOS,1796,10,3VMA2FN09V2463996,1,$20517.54,0,$0,0,0
VELOCI MOTORS,"MOTO VELOCI THYRON EVO SPORT 200C, VERDE",CEDIS TAB PXGL,MACROPAY COMALCALCO SANCHEZ,1099,10,3VMA2FN01V2451843,1,$20517.54,0,$0,0,0
VELOCI MOTORS,"MOTO VELOCI THYRON EVO SPORT 200C, VERDE",CEDIS TAB PXGL,MACROPAY CUNDUACAN CENTRAL,1125,10,3VMA2FN02V2451818,1,$20481.63,0,$0,0,0
VELOCI MOTORS,"MOTO VELOCI THYRON EVO SPORT 200C, VERDE",CEDIS TAB PXGL,MACROPAY CUNDUACAN CENTRAL,1125,10,3VMA2FN03V2439127,1,$20481.63,0,$0,0,0
VELOCI MOTORS,"MOTO VELOCI THYRON EVO SPORT 200C, VERDE",CEDIS TAB PXGL,MACROPAY LERDO DE TEJADA ENRIQUEZ,1200,10,3VMA2FN02V2464018,1,$20517.54,0,$0,0,0
VELOCI MOTORS,"MOTO VELOCI THYRON EVO SPORT 200C, VERDE",CEDIS TAB PXGL,MACROPAY MAPASTEPEC FCO SARABIA,1420,10,3VMA2FN03V2464013,1,$20553.46,0,$0,0,0
VELOCI MOTORS,"MOTO VELOCI THYRON EVO SPORT 200C, VERDE",CEDIS TAB PXGL,MACROPAY MINATITLAN L5B-6B CHEDRAUI,1212,10,3VMA2FN02T2439259,1,$20481.62,0,$0,0,0
VELOCI MOTORS,"MOTO VELOCI THYRON EVO SPORT 200C, VERDE",CEDIS TAB PXGL,MACROPAY MINATITLAN MIGUEL HID MOTOS,1827,10,3VMA2FN05V2464000,1,$20553.46,0,$0,0,0
VELOCI MOTORS,"MOTO VELOCI THYRON EVO SPORT 200C, VERDE",CEDIS TAB PXGL,MACROPAY TAPACHULA PLAZA INN,1696,10,3VMA2FN01T2439267,1,$20481.62,0,$0,0,0
VELOCI MOTORS,"MOTO VELOCI THYRON EVO SPORT 200C, VERDE",CEDIS TAB PXGL,MACROPAY TIERRA BLANCA CENTRO,1771,10,3VMA2FN04T2439263,1,$20481.62,0,$0,0,0
VELOCI MOTORS,"MOTO VELOCI THYRON EVO SPORT 200C, VERDE",CEDIS TAB PXGL,MACROPAY TUX 6TA SUR PONIENTE,1080,10,3VMA2FN09V2439200,1,$20050.59,0,$0,0,0
VELOCI MOTORS,"MOTO VELOCI THYRON EVO SPORT 200C, VERDE",CEDIS TAB PXGL,MACROPAY TUX MOTOS NOVENA SUR,1875,10,3VMA2FN01V2452040,1,$20912.66,0,$0,0,0
VELOCI MOTORS,"MOTO VELOCI THYRON EVO SPORT 200C, VERDE",CEDIS TAB PXGL,MACROPAY VERACRUZ CD ISLA RAUL SANDOVAL,1760,10,3VMA2FN03V2463993,1,$20553.46,0,$0,0,0
VELOCI MOTORS,"MOTO VELOCI THYRON EVO SPORT 200C, VERDE",PROVEEDOR,ENSENADA CENTRO GASTELUM,1949,10,3VMA2FN00T2438322,1,$20661.22,0,$0,0,0
VELOCI MOTORS,"MOTO VELOCI THYRON EVO SPORT 200C, VERDE",PROVEEDOR,ENSENADA CENTRO GASTELUM,1949,10,3VMA2FN09T2438299,1,$20661.22,0,$0,0,0
VELOCI MOTORS,"MOTO VELOCI THYRON EVO SPORT 200C, VERDE",PROVEEDOR,MACROPAY MISION SOLER TIJUANA,1824,10,3VMA2FN03T2438301,1,$20661.22,0,$0,0,0
VELOCI MOTORS,"MOTO VELOCI THYRON EVO SPORT 200C, VERDE",PROVEEDOR,MACROPAY MISION SOLER TIJUANA,1824,10,3VMA2FN05T2438302,1,$20661.22,0,$0,0,0
VELOCI MOTORS,"MOTO VELOCI THYRON EVO SPORT 200C, VERDE",PROVEEDOR,MACROPAY MISION SOLER TIJUANA,1824,10,3VMA2FN07T2438298,1,$20661.22,0,$0,0,0
VELOCI MOTORS,"MOTO VELOCI THYRON EVO SPORT 200C, VERDE",PROVEEDOR,MACROPAY MISION SOLER TIJUANA,1824,10,3VMA2FN07T2438303,1,$20661.22,0,$0,0,0
VELOCI MOTORS,"MOTO VELOCI THYRON EVO SPORT 200C, VERDE",PROVEEDOR,MACROPAY TIJ PLAZA MONARCA LC42,1430,10,3VMA2FN0XT2438294,1,$20661.22,0,$0,0,0
VELOCI MOTORS,"MOTO VELOCI THYRON EVO SPORT 200C, VERDE",VENTA DINAMO,MACROPAY SALINA CRUZ PABELLON L5,1142,10,3VMA2FN0XV2463876,1,$20517.54,0,$0,0,0
VELOCI MOTORS,"MOTO VELOCI XEVERUS EVO PRO 330CC, GRIS",CEDIS CDMX,MACROPAY CHIAUTEMPAN IGNACIO PICAZO,1469,10,3VMA3NA16T2419201,1,$28240.77,0,$0,0,0
VELOCI MOTORS,"MOTO VELOCI XEVERUS EVO PRO 330CC, GRIS",CEDIS CDMX,MACROPAY QRO WALMART ESFERA,1447,10,3VMA3NA17T2419269,1,$28240.77,0,$0,0,0
VELOCI MOTORS,"MOTO VELOCI XEVERUS EVO PRO 330CC, GRIS",CEDIS CULIACAN,MACROPAY HERMOSILLO CENTRO NORIEGA,1911,10,3VMA3NA17T2419241,1,$27809.73,0,$0,0,0
VELOCI MOTORS,"MOTO VELOCI XEVERUS EVO PRO 330CC, GRIS",CEDIS MID,CEDIS MERIDA,11,140,3VMA3NA11T2419221,1,$31895.01,0,$0,0,0
VELOCI MOTORS,"MOTO VELOCI XEVERUS EVO PRO 330CC, GRIS",CEDIS MID,CEDIS MERIDA,11,140,3VMA3NA12T2419230,1,$31895.01,0,$0,0,0
VELOCI MOTORS,"MOTO VELOCI XEVERUS EVO PRO 330CC, GRIS",CEDIS MID,CEDIS MERIDA,11,140,3VMA3NA16T2419229,1,$31895.01,0,$0,0,0
VELOCI MOTORS,"MOTO VELOCI XEVERUS EVO PRO 330CC, GRIS",CEDIS MID,CEDIS MERIDA,11,140,3VMA3NA1XT2419234,1,$31895.01,0,$0,0,0
VELOCI MOTORS,"MOTO VELOCI XEVERUS EVO PRO 330CC, GRIS",CEDIS SALTILLO,CEDIS SALTILLO,29,140,3VMA3NA13T2419222,1,$27982.15,0,$0,0,0
VELOCI MOTORS,"MOTO VELOCI XEVERUS EVO PRO 330CC, GRIS",CEDIS SALTILLO,CEDIS SALTILLO,29,140,3VMA3NA16T2419232,1,$27982.15,0,$0,0,0
VELOCI MOTORS,"MOTO VELOCI XEVERUS EVO PRO 330CC, GRIS",CEDIS SALTILLO,CEDIS SALTILLO,29,140,3VMA3NA17T2419238,1,$27982.15,0,$0,0,0
VELOCI MOTORS,"MOTO VELOCI XEVERUS EVO PRO 330CC, GRIS",CEDIS SALTILLO,CEDIS SALTILLO,29,140,3VMA3NA17T2432099,1,$27982.15,0,$0,0,0
VELOCI MOTORS,"MOTO VELOCI XEVERUS EVO PRO 330CC, GRIS",CEDIS SALTILLO,CIUDAD VICTORIA CENTRO,1944,10,3VMA3NA19T2432055,1,$27982.14,0,$0,0,0
VELOCI MOTORS,"MOTO VELOCI XEVERUS EVO PRO 330CC, GRIS",CEDIS SALTILLO,MACROPAY TORREON CENTRO,1772,10,3VMA3NA19T2419256,1,$27982.15,0,$0,0,0
VELOCI MOTORS,"MOTO VELOCI XEVERUS EVO PRO 330CC, GRIS",CEDIS SAN LUIS,CD MANTE CENTRO,1888,10,3VMA3NA18T2419202,1,$28240.77,0,$0,0,0
VELOCI MOTORS,"MOTO VELOCI XEVERUS EVO PRO 330CC, GRIS",CEDIS SAN LUIS,CEDIS SAN LUIS,27,140,3VMA3NA12T2419194,1,$28815.49,0,$0,0,0
VELOCI MOTORS,"MOTO VELOCI XEVERUS EVO PRO 330CC, GRIS",CEDIS SAN LUIS,MACROPAY SAN LUIS DE LA PAZ CENTRO,1855,10,3VMA3NA10V2460491,1,$28815.48,0,$0,0,0
VELOCI MOTORS,"MOTO VELOCI XEVERUS EVO PRO 330CC, GRIS",CEDIS SAN LUIS,MACROPAY SLP CENTRO PIPILA,1788,10,3VMA3NA18V2460481,1,$28815.48,0,$0,0,0
VELOCI MOTORS,"MOTO VELOCI XEVERUS EVO PRO 330CC, GRIS",CEDIS TAB PXGL,MACROPAY COATZACOALCOS JUAREZ MOTOS,1796,10,3VMA3NA13T2419253,1,$28039.62,0,$0,0,0
VELOCI MOTORS,"MOTO VELOCI XEVERUS EVO PRO 330CC, GRIS",CEDIS TAB PXGL,MACROPAY COATZACOALCOS JUAREZ MOTOS,1796,10,3VMA3NA15T2405094,1,$28039.62,0,$0,0,0
VELOCI MOTORS,"MOTO VELOCI XEVERUS EVO PRO 330CC, GRIS",CEDIS TAB PXGL,MACROPAY MACUSPANA MOTOS,1901,10,3VMA3NA19T2405082,1,$28154.56,0,$0,0,0
VELOCI MOTORS,"MOTO VELOCI XEVERUS EVO PRO 330CC, GRIS",CEDIS TAB PXGL,MACROPAY VER SAN ANDRES MOTOS,1798,10,3VMA3NA19T2432069,1,$28154.57,0,$0,0,0
VELOCI MOTORS,"MOTO VELOCI XEVERUS EVO PRO 330CC, GRIS",PROVEEDOR,MACROPAY MISION SOLER TIJUANA,1824,10,3VMA3NA11T2414830,1,$27809.73,0,$0,0,0
VELOCI MOTORS,"MOTO VELOCI XEVERUS EVO PRO 330CC, NEGRO",CEDIS CDMX,MACROPAY ATOTONILCO REP DE CUBA,1365,10,3VMA3NA15T2441982,1,$28671.80,0,$0,0,0
VELOCI MOTORS,"MOTO VELOCI XEVERUS EVO PRO 330CC, NEGRO",CEDIS CDMX,MACROPAY CARBONERAS UNIV HIDALGO,1324,10,3VMA3NA16T2441876,1,$28671.80,0,$0,0,0
VELOCI MOTORS,"MOTO VELOCI XEVERUS EVO PRO 330CC, NEGRO",CEDIS CDMX,MACROPAY CDMX VIA MIXHUCA L4,1315,10,3VMA3NA1XT2441976,1,$28671.80,0,$0,0,0
VELOCI MOTORS,"MOTO VELOCI XEVERUS EVO PRO 330CC, NEGRO",CEDIS CDMX,MACROPAY COACALCO COSMOPOL LE125,1407,10,3VMA3NA16T2441893,1,$28671.80,0,$0,0,0
VELOCI MOTORS,"MOTO VELOCI XEVERUS EVO PRO 330CC, NEGRO",CEDIS CDMX,MACROPAY JIUTEPEC CUAUHNAHUAC,1869,10,3VMA3NA19T2441967,1,$28671.80,0,$0,0,0
VELOCI MOTORS,"MOTO VELOCI XEVERUS EVO PRO 330CC, NEGRO",CEDIS CDMX,MACROPAY JOJUTLA CENTRO,1854,10,3VMA3NA16T2441909,1,$28671.80,0,$0,0,0
VELOCI MOTORS,"MOTO VELOCI XEVERUS EVO PRO 330CC, NEGRO",CEDIS CDMX,MACROPAY MEGA SORIANA SAN MIGUEL,1351,10,3VMA3NA15T2437639,1,$28671.80,0,$0,0,0
VELOCI MOTORS,"MOTO VELOCI XEVERUS EVO PRO 330CC, NEGRO",CEDIS CDMX,MACROPAY NAOLINCO PLAZA MAYOR,1273,10,3VMA3NA15T2441979,1,$28671.80,0,$0,0,0
VELOCI MOTORS,"MOTO VELOCI XEVERUS EVO PRO 330CC, NEGRO",CEDIS CDMX,MACROPAY PIRAMIDES JUSTO SIERRA,1298,10,3VMA3NA19T2441886,1,$28671.80,0,$0,0,0
VELOCI MOTORS,"MOTO VELOCI XEVERUS EVO PRO 330CC, NEGRO",CEDIS CDMX,MACROPAY TECAMAC MACROPLAZA LF14,1830,10,3VMA3NA16T2441988,1,$28671.80,0,$0,0,0
VELOCI MOTORS,"MOTO VELOCI XEVERUS EVO PRO 330CC, NEGRO",CEDIS CDMX,MACROPAY TECAMACHALCO 9 ORIENTE,1203,10,3VMA3NA15T2441920,1,$28671.80,0,$0,0,0
VELOCI MOTORS,"MOTO VELOCI XEVERUS EVO PRO 330CC, NEGRO",CEDIS CDMX,MACROPAY TEHUACAN 5 SUR,1138,10,3VMA3NA14T2441911,1,$28671.80,0,$0,0,0
VELOCI MOTORS,"MOTO VELOCI XEVERUS EVO PRO 330CC, NEGRO",CEDIS CDMX,MACROPAY TOLUCA HIDALGO MOTOS,1747,10,3VMA3NA15T2437558,1,$28671.80,0,$0,0,0
VELOCI MOTORS,"MOTO VELOCI XEVERUS EVO PRO 330CC, NEGRO",CEDIS CDMX,MACROPAY VER CENTRO HIDALGO,1883,10,3VMA3NA16T2441912,1,$28671.80,0,$0,0,0
VELOCI MOTORS,"MOTO VELOCI XEVERUS EVO PRO 330CC, NEGRO",CEDIS CDMX,MACROPAY VER CENTRO HIDALGO,1883,10,3VMA3NA17T2441840,1,$28671.80,0,$0,0,0
VELOCI MOTORS,"MOTO VELOCI XEVERUS EVO PRO 330CC, NEGRO",CEDIS CDMX,MACROPAY ZAACHILA CENTRO,1777,10,3VMA3NA18T2441975,1,$28671.80,0,$0,0,0
VELOCI MOTORS,"MOTO VELOCI XEVERUS EVO PRO 330CC, NEGRO",CEDIS CULIACAN,MACROPAY LA PAZ MERCADO MADERO,1805,10,3VMA3NA11T2442109,1,$28671.80,0,$0,0,0
VELOCI MOTORS,"MOTO VELOCI XEVERUS EVO PRO 330CC, NEGRO",CEDIS CULIACAN,MACROPAY LA PAZ PLAZA PASEO L35,1658,10,3VMA3NA15T2437768,1,$28671.80,0,$0,0,0
VELOCI MOTORS,"MOTO VELOCI XEVERUS EVO PRO 330CC, NEGRO",CEDIS CULIACAN,MACROPAY LA PAZ PLAZA PASEO L35,1658,10,3VMA3NA18T2437747,1,$28671.80,0,$0,0,0
VELOCI MOTORS,"MOTO VELOCI XEVERUS EVO PRO 330CC, NEGRO",CEDIS GDL,CEDIS MACROPAY GUADALAJARA,25,140,3VMA3NA17T2441921,1,$28671.80,0,$0,0,0
VELOCI MOTORS,"MOTO VELOCI XEVERUS EVO PRO 330CC, NEGRO",CEDIS GDL,MACROPAY APATZINGAN CENTRO ANDRADE,1832,10,3VMA3NA17T2442020,1,$28671.80,0,$0,0,0
VELOCI MOTORS,"MOTO VELOCI XEVERUS EVO PRO 330CC, NEGRO",CEDIS GDL,MACROPAY TEPIC CENTRO,1867,10,3VMA3NA18T2437781,1,$28671.80,0,$0,0,0
VELOCI MOTORS,"MOTO VELOCI XEVERUS EVO PRO 330CC, NEGRO",CEDIS MID,MACROPAY CHT MOTOS OTHON,1738,10,3VMA3NA16T2442123,1,$28671.80,0,$0,0,0
VELOCI MOTORS,"MOTO VELOCI XEVERUS EVO PRO 330CC, NEGRO",CEDIS MID,MACROPAY CUN CHEDRAUI MUNDO MAYA,1877,10,3VMA3NA19T2437725,1,$28671.80,0,$0,0,0
VELOCI MOTORS,"MOTO VELOCI XEVERUS EVO PRO 330CC, NEGRO",CEDIS MID,MACROPAY CUN PLAZA HEROES,1063,10,3VMA3NA12T2437730,1,$28671.80,0,$0,0,0
VELOCI MOTORS,"MOTO VELOCI XEVERUS EVO PRO 330CC, NEGRO",CEDIS SALTILLO,DELICIAS CHIHUAHUA CENTRO,1946,10,3VMA3NA18T2437764,1,$28671.80,0,$0,0,0
VELOCI MOTORS,"MOTO VELOCI XEVERUS EVO PRO 330CC, NEGRO",CEDIS SALTILLO,MACROPAY SABINAS CENTRO,1938,10,3VMA3NA13T2437719,1,$28671.80,0,$0,0,0
VELOCI MOTORS,"MOTO VELOCI XEVERUS EVO PRO 330CC, NEGRO",CEDIS SALTILLO,PARRAL CHIHUAHUA CENTRO,1945,10,3VMA3NA16T2437763,1,$28671.80,0,$0,0,0
VELOCI MOTORS,"MOTO VELOCI XEVERUS EVO PRO 330CC, NEGRO",CEDIS TAB PXGL,MACROPAY BERRIOZABAL CENTRAL NORTE L2,1335,10,3VMA3NA1XT2441850,1,$28671.80,0,$0,0,0
VELOCI MOTORS,"MOTO VELOCI XEVERUS EVO PRO 330CC, NEGRO",CEDIS TAB PXGL,MACROPAY HUIMANGUILLO BENITO JUAREZ,1699,10,3VMA3NA11T2449707,1,$28671.80,0,$0,0,0
VELOCI MOTORS,"MOTO VELOCI XEVERUS EVO PRO 330CC, NEGRO",CEDIS TAB PXGL,MACROPAY JUCHITAN 16 DE SEPTIEMBRE,1146,10,3VMA3NA12T2437548,1,$28671.80,0,$0,0,0
VELOCI MOTORS,"MOTO VELOCI XEVERUS EVO PRO 330CC, NEGRO",CEDIS TAB PXGL,MACROPAY MINATITLAN L5B-6B CHEDRAUI,1212,10,3VMA3NA18T2437537,1,$28671.80,0,$0,0,0
VELOCI MOTORS,"MOTO VELOCI XEVERUS EVO PRO 330CC, NEGRO",CEDIS TAB PXGL,MACROPAY NANCHITAL CENTRO,1786,10,3VMA3NA11T2441929,1,$28671.80,0,$0,0,0
VELOCI MOTORS,"MOTO VELOCI XEVERUS EVO PRO 330CC, NEGRO",CEDIS TAB PXGL,MACROPAY TUX 5 SUR ORIENTE,1939,10,3VMA3NA1XT2449737,1,$28671.80,0,$0,0,0
VELOCI MOTORS,"MOTO VELOCI XEVERUS EVO PRO 330CC, NEGRO",CEDIS TAB PXGL,MACROPAY TUXTEPEC 20 DE NOV,1134,10,3VMA3NA13T2449689,1,$28671.80,0,$0,0,0
VELOCI MOTORS,"MOTO VELOCI XEVERUS EVO PRO 330CC, NEGRO",PROVEEDOR,MACROPAY MISION SOLER TIJUANA,1824,10,3VMA3NA17T2441983,1,$28851.40,0,$0,0,0
VELOCI MOTORS,"MOTO VELOCI XEVERUS EVO PRO 330CC, NEGRO",PROVEEDOR,MACROPAY TECATE BAJA PASCUAL ORTIZ,1444,10,3VMA3NA18T2441958,1,$28851.40,0,$0,0,0
VELOCI MOTORS,"MOTO VELOCI XEVERUS EVO PRO 330CC, ROJO",CEDIS CDMX,ACATLAN INDEPENDENCIA,1943,10,3VMA3NA17V2454669,1,$29039.89,0,$0,0,0
VELOCI MOTORS,"MOTO VELOCI XEVERUS EVO PRO 330CC, ROJO",CEDIS CDMX,IGUALA PLUS CENTRO,1940,10,3VMA3NA16V2454694,1,$29039.89,0,$0,0,0
VELOCI MOTORS,"MOTO VELOCI XEVERUS EVO PRO 330CC, ROJO",CEDIS CDMX,MACROPAY AMOZOC GRAN BODEGA,1179,10,3VMA3NA18V2445477,1,$29008.41,0,$0,0,0
VELOCI MOTORS,"MOTO VELOCI XEVERUS EVO PRO 330CC, ROJO",CEDIS CDMX,MACROPAY CIUDAD CARDEL CENTRO,1906,10,3VMA3NA17V2445728,1,$29039.89,0,$0,0,0
VELOCI MOTORS,"MOTO VELOCI XEVERUS EVO PRO 330CC, ROJO",CEDIS CDMX,MACROPAY CRUCECITA HUATULCO EL MADERO L6,1266,10,3VMA3NA15T2403006,1,$28037.35,0,$0,0,0
VELOCI MOTORS,"MOTO VELOCI XEVERUS EVO PRO 330CC, ROJO",CEDIS CDMX,MACROPAY CUAUTLA CAPITAN M ANZUREZ 93B,1710,10,3VMA3NA17V2445468,1,$29008.41,0,$0,0,0
VELOCI MOTORS,"MOTO VELOCI XEVERUS EVO PRO 330CC, ROJO",CEDIS CDMX,MACROPAY EMILIANO ZAPATA CHEDRAUI LD08,1479,10,3VMA3NA10V2445702,1,$28969.07,0,$0,0,0
VELOCI MOTORS,"MOTO VELOCI XEVERUS EVO PRO 330CC, ROJO",CEDIS CDMX,MACROPAY LOS REYES CENTRO TEPOZAN LC24,1783,10,3VMA3NA12V2445720,1,$29008.41,0,$0,0,0
VELOCI MOTORS,"MOTO VELOCI XEVERUS EVO PRO 330CC, ROJO",CEDIS CDMX,MACROPAY OAX MINA L318,1371,10,3VMA3NA14V2445704,1,$29008.41,0,$0,0,0
VELOCI MOTORS,"MOTO VELOCI XEVERUS EVO PRO 330CC, ROJO",CEDIS CDMX,MACROPAY PEROTE HUMBOLDT,1190,10,3VMA3NA14V2445640,1,$29008.42,0,$0,0,0
VELOCI MOTORS,"MOTO VELOCI XEVERUS EVO PRO 330CC, ROJO",CEDIS CDMX,MACROPAY SANTA MARIA HUATULCO DR JARQUIN,1265,10,3VMA3NA1XT2383772,1,$28679.53,0,$0,0,0
VELOCI MOTORS,"MOTO VELOCI XEVERUS EVO PRO 330CC, ROJO",CEDIS CDMX,MACROPAY TENANCINGO CENTRO,1815,10,3VMA3NA11V2445496,1,$29008.41,0,$0,0,0
VELOCI MOTORS,"MOTO VELOCI XEVERUS EVO PRO 330CC, ROJO",CEDIS CDMX,MACROPAY TEXMELUCAN CENTRO 2,1774,10,3VMA3NA13T2435338,1,$28199.18,0,$0,0,0
VELOCI MOTORS,"MOTO VELOCI XEVERUS EVO PRO 330CC, ROJO",CEDIS CDMX,MACROPAY TEZONTEPEC ALLENDE,1258,10,3VMA3NA12V2445622,1,$28910.74,0,$0,0,0
VELOCI MOTORS,"MOTO VELOCI XEVERUS EVO PRO 330CC, ROJO",CEDIS CDMX,MACROPAY TLALNEPANTLA MULTI ARBOLEDAS,1755,10,3VMA3NA11V2445479,1,$29039.89,0,$0,0,0
VELOCI MOTORS,"MOTO VELOCI XEVERUS EVO PRO 330CC, ROJO",CEDIS CDMX,MACROPAY TOLUCA GRAND PLAZA L7,1433,10,3VMA3NA17V2445633,1,$29039.89,0,$0,0,0
VELOCI MOTORS,"MOTO VELOCI XEVERUS EVO PRO 330CC, ROJO",CEDIS CDMX,MACROPAY TOLUCA HIDALGO MOTOS,1747,10,3VMA3NA13V2445628,1,$29039.89,0,$0,0,0
VELOCI MOTORS,"MOTO VELOCI XEVERUS EVO PRO 330CC, ROJO",CEDIS CDMX,MACROPAY VER CENTRO INDEPENDENCIA,1897,10,3VMA3NA14V2445492,1,$29008.41,0,$0,0,0
VELOCI MOTORS,"MOTO VELOCI XEVERUS EVO PRO 330CC, ROJO",CEDIS CDMX,MACROPAY VERACRUZ AV MATAMOROS NORTE,1721,10,3VMA3NA12V2445474,1,$29008.41,0,$0,0,0
VELOCI MOTORS,"MOTO VELOCI XEVERUS EVO PRO 330CC, ROJO",CEDIS CDMX,MACROPAY ZIMAPAN CORONA,1325,10,3VMA3NA15T2414765,1,$27778.73,0,$0,0,0
VELOCI MOTORS,"MOTO VELOCI XEVERUS EVO PRO 330CC, ROJO",CEDIS CULIACAN,MACROPAY CANATLAN CENTRO,1871,10,3VMA3NA15V2445646,1,$29102.84,0,$0,0,0
VELOCI MOTORS,"MOTO VELOCI XEVERUS EVO PRO 330CC, ROJO",CEDIS CULIACAN,MACROPAY CD OBREGON CENTRO,1891,10,3VMA3NA14T2415034,1,$27713.95,0,$0,0,0
VELOCI MOTORS,"MOTO VELOCI XEVERUS EVO PRO 330CC, ROJO",CEDIS CULIACAN,MACROPAY DURANGO CENTRO B JUAREZ,1864,10,3VMA3NA11T2435399,1,$27713.95,0,$0,0,0
VELOCI MOTORS,"MOTO VELOCI XEVERUS EVO PRO 330CC, ROJO",CEDIS CULIACAN,MACROPAY HERMOSILLO CENTRO NORIEGA,1911,10,3VMA3NA14V2445654,1,$29102.84,0,$0,0,0
VELOCI MOTORS,"MOTO VELOCI XEVERUS EVO PRO 330CC, ROJO",CEDIS CULIACAN,MACROPAY LA PAZ 16 DE SEPTIEMBRE,1730,10,3VMA3NA11V2445613,1,$28929.23,0,$0,0,0
VELOCI MOTORS,"MOTO VELOCI XEVERUS EVO PRO 330CC, ROJO",CEDIS CULIACAN,MACROPAY LA PAZ PLAZA PASEO L35,1658,10,3VMA3NA10V2445683,1,$28755.61,0,$0,0,0
VELOCI MOTORS,"MOTO VELOCI XEVERUS EVO PRO 330CC, ROJO",CEDIS CULIACAN,MACROPAY MAZATLAN CENTRO,1863,10,3VMA3NA16T2414953,1,$27713.95,0,$0,0,0
VELOCI MOTORS,"MOTO VELOCI XEVERUS EVO PRO 330CC, ROJO",CEDIS GDL,COLIMA PLAZA SAN FERNANDO,1947,10,3VMA3NA19T2435411,1,$28240.77,0,$0,0,0
VELOCI MOTORS,"MOTO VELOCI XEVERUS EVO PRO 330CC, ROJO",CEDIS GDL,MACROPAY APATZINGAN CENTRO CATEDRAL,1834,10,3VMA3NA1XT2435241,1,$28240.77,0,$0,0,0
VELOCI MOTORS,"MOTO VELOCI XEVERUS EVO PRO 330CC, ROJO",CEDIS MID,CEDIS MERIDA,11,140,3VMA3NA19T2403168,1,$32766.63,0,$0,0,0
VELOCI MOTORS,"MOTO VELOCI XEVERUS EVO PRO 330CC, ROJO",CEDIS MID,MACROPAY CHT HEROES 2,1122,10,3VMA3NA12T2403061,1,$28671.80,0,$0,0,0
VELOCI MOTORS,"MOTO VELOCI XEVERUS EVO PRO 330CC, ROJO",CEDIS MID,MACROPAY CUN PLAZA HEROES MOTOS,1752,10,3VMA3NA19T2414977,1,$28874.26,0,$0,0,0
VELOCI MOTORS,"MOTO VELOCI XEVERUS EVO PRO 330CC, ROJO",CEDIS MID,MACROPAY ESCARCEGA J SIERRA MOTOS,1797,10,3VMA3NA10T2402944,1,$28240.77,0,$0,0,0
VELOCI MOTORS,"MOTO VELOCI XEVERUS EVO PRO 330CC, ROJO",CEDIS MID,MACROPAY MID PLAZA DORADA 3,1010,10,3VMA3NA13T2402940,1,$28240.77,0,$0,0,0
VELOCI MOTORS,"MOTO VELOCI XEVERUS EVO PRO 330CC, ROJO",CEDIS MID,MACROPAY TULUM ARRICE MOTOS,1844,10,3VMA3NA18V2445687,1,$28874.26,0,$0,0,0
VELOCI MOTORS,"MOTO VELOCI XEVERUS EVO PRO 330CC, ROJO",CEDIS SALTILLO,CEDIS SALTILLO,29,140,3VMA3NA18T2383883,1,$28340.37,0,$0,0,0
VELOCI MOTORS,"MOTO VELOCI XEVERUS EVO PRO 330CC, ROJO",CEDIS SALTILLO,DELICIAS CHIHUAHUA CENTRO,1946,10,3VMA3NA18V2445723,1,$28340.37,0,$0,0,0
VELOCI MOTORS,"MOTO VELOCI XEVERUS EVO PRO 330CC, ROJO",CEDIS SALTILLO,MACROPAY CD JUAREZ PLAZA MALL,1921,10,3VMA3NA10V2445473,1,$28340.38,0,$0,0,0
VELOCI MOTORS,"MOTO VELOCI XEVERUS EVO PRO 330CC, ROJO",CEDIS SALTILLO,PARRAL CHIHUAHUA CENTRO,1945,10,3VMA3NA17V2445471,1,$28340.38,0,$0,0,0
VELOCI MOTORS,"MOTO VELOCI XEVERUS EVO PRO 330CC, ROJO",CEDIS SAN LUIS,CEDIS SAN LUIS,27,140,3VMA3NA16T2415066,1,$28650.25,0,$0,0,0
VELOCI MOTORS,"MOTO VELOCI XEVERUS EVO PRO 330CC, ROJO",CEDIS SAN LUIS,CEDIS SAN LUIS,27,140,3VMA3NA16T2435141,1,$28650.25,0,$0,0,0
VELOCI MOTORS,"MOTO VELOCI XEVERUS EVO PRO 330CC, ROJO",CEDIS SAN LUIS,MACROPAY SAN LUIS DE LA PAZ CENTRO,1855,10,3VMA3NA1XV2454519,1,$28650.25,0,$0,0,0
VELOCI MOTORS,"MOTO VELOCI XEVERUS EVO PRO 330CC, ROJO",CEDIS SAN LUIS,MACROPAY TAMPICO CENTRO ADUANA,1753,10,3VMA3NA19T2403008,1,$27917.50,0,$0,0,0
VELOCI MOTORS,"MOTO VELOCI XEVERUS EVO PRO 330CC, ROJO",CEDIS TAB PXGL,CEDIS MACROPAY TABASCO PXGL,14,140,3VMA3NA19V2454513,1,$29360.12,0,$0,0,0
VELOCI MOTORS,"MOTO VELOCI XEVERUS EVO PRO 330CC, ROJO",CEDIS TAB PXGL,MACROPAY CARDENAS PORTALES CENTRO,1802,10,3VMA3NA17V2445518,1,$28886.67,0,$0,0,0
VELOCI MOTORS,"MOTO VELOCI XEVERUS EVO PRO 330CC, ROJO",CEDIS TAB PXGL,MACROPAY CD. DEL CARMEN CALLE 33,1171,10,3VMA3NA19T2415000,1,$28238.16,0,$0,0,0
VELOCI MOTORS,"MOTO VELOCI XEVERUS EVO PRO 330CC, ROJO",CEDIS TAB PXGL,MACROPAY COATZACOALCOS JUAREZ MOTOS,1796,10,3VMA3NA15T2435261,1,$28238.15,0,$0,0,0
VELOCI MOTORS,"MOTO VELOCI XEVERUS EVO PRO 330CC, ROJO",CEDIS TAB PXGL,MACROPAY COMALCALCO SANCHEZ,1099,10,3VMA3NA18V2445527,1,$28886.67,0,$0,0,0
VELOCI MOTORS,"MOTO VELOCI XEVERUS EVO PRO 330CC, ROJO",CEDIS TAB PXGL,MACROPAY MAPASTEPEC FCO SARABIA,1420,10,3VMA3NA10V2445523,1,$28886.67,0,$0,0,0
VELOCI MOTORS,"MOTO VELOCI XEVERUS EVO PRO 330CC, ROJO",CEDIS TAB PXGL,MACROPAY MINATITLAN MIGUEL HID MOTOS,1827,10,3VMA3NA19V2454673,1,$29071.96,0,$0,0,0
VELOCI MOTORS,"MOTO VELOCI XEVERUS EVO PRO 330CC, ROJO",CEDIS TAB PXGL,MACROPAY TAPACHULA AV NORTE,1109,10,3VMA3NA12T2435220,1,$28562.42,0,$0,0,0
VELOCI MOTORS,"MOTO VELOCI XEVERUS EVO PRO 330CC, ROJO",CEDIS TAB PXGL,MACROPAY TAPACHULA AV NORTE,1109,10,3VMA3NA19V2445519,1,$28562.42,0,$0,0,0
VELOCI MOTORS,"MOTO VELOCI XEVERUS EVO PRO 330CC, ROJO",CEDIS TAB PXGL,MACROPAY TUX MOTOS NOVENA SUR,1875,10,3VMA3NA15V2454671,1,$29071.96,0,$0,0,0
VELOCI MOTORS,"MOTO VELOCI XEVERUS EVO PRO 330CC, ROJO",CEDIS TAB PXGL,MACROPAY VER SAN ANDRES MOTOS,1798,10,3VMA3NA12T2415002,1,$28236.42,0,$0,0,0
VELOCI MOTORS,"MOTO VELOCI XEVERUS EVO PRO 330CC, ROJO",CEDIS TAB PXGL,MACROPAY VERACRUZ CD ISLA RAUL SANDOVAL,1760,10,3VMA3NA14T2415051,1,$28886.66,0,$0,0,0
VELOCI MOTORS,"MOTO VELOCI XEVERUS EVO PRO 330CC, ROJO",CEDIS TAB PXGL,MACROPAY VILLA LERDO DE TEJADA 2 316,1768,10,3VMA3NA1XV2454682,1,$29214.83,0,$0,0,0
VELOCI MOTORS,"MOTO VELOCI XEVERUS EVO PRO 330CC, ROJO",PROVEEDOR,MACROPAY MISION SOLER TIJUANA,1824,10,3VMA3NA15T2419173,1,$27809.73,0,$0,0,0
VELOCI MOTORS,"MOTO VELOCI XEVERUS EVO PRO 330CC, ROJO",PROVEEDOR,MACROPAY TIJ PLAZA 5 Y 10 L25D,1412,10,3VMA3NA11T2415038,1,$27809.73,0,$0,0,0
VELOCI MOTORS,"MOTO VELOCI XEVERUS PRO XR4 300C, ROJO",CEDIS CDMX,MACROPAY CDMX PLAZA TLATELOLCO L N1 18,1720,10,3VMA3KP08S2354069,1,$28490.59,0,$0,0,0
VELOCI MOTORS,"MOTO VELOCI XEVERUS PRO XR4 300C, ROJO",CEDIS TAB PXGL,MACROPAY COATZACOALCOS JUAREZ,1429,10,3VMA3KP02S2340412,1,$28991.97,0,$0,0,0
VELOCI MOTORS,"MOTOCARRO VELOCI COVALT 300CC, BLANCO",CEDIS MID,MACROPAY CUN PLAZA HEROES MOTOS,1752,10,3VMB2K3U4T2435927,1,$45793.10,0,$0,0,0
VELOCI MOTORS,"MOTOCARRO VELOCI COVALT 300CC, BLANCO",CEDIS SAN LUIS,CD MANTE CENTRO,1888,10,3VMB2K3U5T2380856,1,$46008.38,0,$0,0,0
VELOCI MOTORS,"MOTOCARRO VELOCI COVALT 300CC, BLANCO",CEDIS SAN LUIS,MACROPAY SLP RIO VERDE CENTRO,1759,10,3VMB2K3UXT2408392,1,$45146.55,0,$0,0,0
BAJAJ,"MOTO BAJAJ PULSAR N 125CC CARB, CITRUS",CEDIS CULIACAN,CEDIS CULIACAN,28,140,MD2C19BX3TWH51407,0,$0.00,0,$0,1,29567
BAJAJ,"MOTO BAJAJ PULSAR N 125CC CARB, CITRUS",CEDIS CULIACAN,CEDIS CULIACAN,28,140,MD2C19BX7TWH51409,0,$0.00,0,$0,1,29567
BAJAJ,"MOTO BAJAJ PULSAR N 125CC CARB, CITRUS",CEDIS MID,CEDIS MERIDA PXGL,26,140,MD2C19BX3TWJ51063,0,$0.00,0,$0,1,29567
BAJAJ,"MOTO BAJAJ PULSAR N 125CC CARB, CITRUS",CEDIS MID,CEDIS MERIDA PXGL,26,140,MD2C19BX8TWJ50961,0,$0.00,0,$0,1,29567
BAJAJ,"MOTO BAJAJ PULSAR N 125CC CARB, CITRUS",CEDIS MID,CEDIS MERIDA PXGL,26,140,MD2C19BX8TWJ51060,0,$0.00,0,$0,1,29567
BAJAJ,"MOTO BAJAJ PULSAR N 125CC CARB, CITRUS",CEDIS MID,CEDIS MERIDA PXGL,26,140,MD2C19BXXTWJ51061,0,$0.00,0,$0,1,29567
BAJAJ,"MOTO BAJAJ PULSAR N 125CC CARB, CITRUS",CEDIS SALTILLO,CEDIS SALTILLO,29,140,MD2C19BX5TWH51456,0,$0.00,0,$0,1,29567
BAJAJ,"MOTO BAJAJ PULSAR N 125CC CARB, CITRUS",CEDIS SALTILLO,CEDIS SALTILLO,29,140,MD2C19BX7TWH51457,0,$0.00,0,$0,1,29567
BAJAJ,"MOTO BAJAJ PULSAR N 125CC CARB, CITRUS",CEDIS TAB PXGL,CEDIS MACROPAY TABASCO PXGL,14,140,MD2C19BX0TWJ51067,0,$0.00,0,$0,1,29567
BAJAJ,"MOTO BAJAJ PULSAR N 125CC CARB, CITRUS",CEDIS TAB PXGL,CEDIS MACROPAY TABASCO PXGL,14,140,MD2C19BX5TWJ51064,0,$0.00,0,$0,1,29567
BAJAJ,"MOTO BAJAJ PULSAR N 125CC CARB, CITRUS",CEDIS TAB PXGL,CEDIS MACROPAY TABASCO PXGL,14,140,MD2C19BX7TWJ51065,0,$0.00,0,$0,1,29567
BAJAJ,"MOTO BAJAJ PULSAR N 125CC CARB, PURPURA",CEDIS CULIACAN,CEDIS CULIACAN,28,140,MD2C19BX1TWJ51207,0,$0.00,0,$0,1,29567
BAJAJ,"MOTO BAJAJ PULSAR N 125CC CARB, PURPURA",CEDIS CULIACAN,CEDIS CULIACAN,28,140,MD2C19BX1TWJ51210,0,$0.00,0,$0,1,29567
BAJAJ,"MOTO BAJAJ PULSAR N 125CC CARB, PURPURA",CEDIS CULIACAN,CEDIS CULIACAN,28,140,MD2C19BX3TWJ51208,0,$0.00,0,$0,1,29567
BAJAJ,"MOTO BAJAJ PULSAR N 125CC CARB, PURPURA",CEDIS CULIACAN,CEDIS CULIACAN,28,140,MD2C19BX3TWJ51211,0,$0.00,0,$0,1,29567
BAJAJ,"MOTO BAJAJ PULSAR N 125CC CARB, PURPURA",CEDIS CULIACAN,CEDIS CULIACAN,28,140,MD2C19BX5TWJ51209,0,$0.00,0,$0,1,29567
BAJAJ,"MOTO BAJAJ PULSAR N 125CC CARB, PURPURA",CEDIS MID,CEDIS MERIDA PXGL,26,140,MD2C19BX0TWJ54177,0,$0.00,0,$0,1,29567
BAJAJ,"MOTO BAJAJ PULSAR N 125CC CARB, PURPURA",CEDIS MID,CEDIS MERIDA PXGL,26,140,MD2C19BX2TWJ54231,0,$0.00,0,$0,1,29567
BAJAJ,"MOTO BAJAJ PULSAR N 125CC CARB, PURPURA",CEDIS MID,CEDIS MERIDA PXGL,26,140,MD2C19BX5TWJ53946,0,$0.00,0,$0,1,29567
BAJAJ,"MOTO BAJAJ PULSAR N 125CC CARB, PURPURA",CEDIS MID,CEDIS MERIDA PXGL,26,140,MD2C19BX8TWJ54234,0,$0.00,0,$0,1,29567
BAJAJ,"MOTO BAJAJ PULSAR N 125CC CARB, PURPURA",CEDIS MID,CEDIS MERIDA PXGL,26,140,MD2C19BX9TWJ54176,0,$0.00,0,$0,1,29567
BAJAJ,"MOTO BAJAJ PULSAR N 125CC CARB, PURPURA",CEDIS SALTILLO,CEDIS SALTILLO,29,140,MD2C19BX5TWJ51212,0,$0.00,0,$0,1,29567
BAJAJ,"MOTO BAJAJ PULSAR N 125CC CARB, PURPURA",CEDIS SALTILLO,CEDIS SALTILLO,29,140,MD2C19BX9TWJ51214,0,$0.00,0,$0,1,29567
BAJAJ,"MOTO BAJAJ PULSAR N 125CC CARB, PURPURA",CEDIS TAB PXGL,CEDIS MACROPAY TABASCO PXGL,14,140,MD2C19BX0TWJ54275,0,$0.00,0,$0,1,29567
BAJAJ,"MOTO BAJAJ PULSAR N 125CC CARB, PURPURA",CEDIS TAB PXGL,CEDIS MACROPAY TABASCO PXGL,14,140,MD2C19BX7TWJ54175,0,$0.00,0,$0,1,29567
BAJAJ,"MOTO BAJAJ PULSAR N 125CC CARB, PURPURA",CEDIS TAB PXGL,CEDIS MACROPAY TABASCO PXGL,14,140,MD2C19BX9TWJ54274,0,$0.00,0,$0,1,29567
BAJAJ,"MOTO BAJAJ PULSAR N 125CC CARB, ROJO",CEDIS CDMX,CE. LOG. PXGL,21,140,MD2C19BX1TWH52233,0,$0.00,0,$0,1,29567
BAJAJ,"MOTO BAJAJ PULSAR N 125CC CARB, ROJO",CEDIS CULIACAN,CEDIS CULIACAN,28,140,MD2C19BX6TWH52910,0,$0.00,0,$0,1,29567
BAJAJ,"MOTO BAJAJ PULSAR N 125CC CARB, ROJO",CEDIS CULIACAN,CEDIS CULIACAN,28,140,MD2C19BX8TWH52908,0,$0.00,0,$0,1,29567
BAJAJ,"MOTO BAJAJ PULSAR N 125CC CARB, ROJO",CEDIS CULIACAN,CEDIS CULIACAN,28,140,MD2C19BX8TWH52911,0,$0.00,0,$0,1,29567
BAJAJ,"MOTO BAJAJ PULSAR N 125CC CARB, ROJO",CEDIS MID,CEDIS MERIDA PXGL,26,140,MD2C19BX0TWH52109,0,$0.00,0,$0,1,29567
BAJAJ,"MOTO BAJAJ PULSAR N 125CC CARB, ROJO",CEDIS MID,CEDIS MERIDA PXGL,26,140,MD2C19BX3TWH52167,0,$0.00,0,$0,1,29567
BAJAJ,"MOTO BAJAJ PULSAR N 125CC CARB, ROJO",CEDIS MID,CEDIS MERIDA PXGL,26,140,MD2C19BX3TWH52959,0,$0.00,1,$29567,0,0
BAJAJ,"MOTO BAJAJ PULSAR N 125CC CARB, ROJO",CEDIS MID,CEDIS MERIDA PXGL,26,140,MD2C19BX7TWH52107,0,$0.00,0,$0,1,29567
BAJAJ,"MOTO BAJAJ PULSAR N 125CC CARB, ROJO",CEDIS MID,CEDIS MERIDA PXGL,26,140,MD2C19BX9TWH52111,0,$0.00,0,$0,1,29567
BAJAJ,"MOTO BAJAJ PULSAR N 125CC CARB, ROJO",CEDIS SALTILLO,CEDIS SALTILLO,29,140,MD2C19BX3TWH52914,0,$0.00,0,$0,1,29567
BAJAJ,"MOTO BAJAJ PULSAR N 125CC CARB, ROJO",CEDIS SALTILLO,CEDIS SALTILLO,29,140,MD2C19BX7TWH52916,0,$0.00,0,$0,1,29567
BAJAJ,"MOTO BAJAJ PULSAR N 125CC CARB, ROJO",CEDIS TAB PXGL,CEDIS MACROPAY TABASCO PXGL,14,140,MD2C19BX4TWH52131,0,$0.00,0,$0,1,29567
BAJAJ,"MOTO BAJAJ PULSAR N 125CC CARB, ROJO",CEDIS TAB PXGL,CEDIS MACROPAY TABASCO PXGL,14,140,MD2C19BX6TWH52132,0,$0.00,0,$0,1,29567
BAJAJ,"MOTO BAJAJ PULSAR N 125CC, PURPURA",CEDIS CULIACAN,CEDIS CULIACAN,28,140,MD2C19BX5TWK67705,0,$0.00,0,$0,1,32927
BAJAJ,"MOTO BAJAJ PULSAR N 125CC, PURPURA",CEDIS MID,CEDIS MERIDA PXGL,26,140,MD2C19BX8TWL73372,0,$0.00,0,$0,1,32927
BAJAJ,"MOTO BAJAJ PULSAR N 125CC, ROJO",CEDIS SALTILLO,CEDIS SALTILLO,29,140,MD2C19BX1TWK66003,0,$0.00,0,$0,1,32927
BAJAJ,"MOTO BAJAJ PULSAR N 160CC, AZUL",CEDIS CDMX,CE. LOG. PXGL,21,140,MD2B54DX9TCM95305,0,$0.00,1,$35615,0,0
BAJAJ,"MOTO BAJAJ PULSAR N 160CC, AZUL",CEDIS CDMX,CE. LOG. PXGL,21,140,MD2B54DXXTCM95314,0,$0.00,1,$35615,0,0
BAJAJ,"MOTO BAJAJ PULSAR N 160CC, AZUL",CEDIS CULIACAN,CEDIS CULIACAN,28,140,MD2B54DX5TCL87313,0,$0.00,0,$0,1,35615
BAJAJ,"MOTO BAJAJ PULSAR N 160CC, AZUL",CEDIS CULIACAN,CEDIS CULIACAN,28,140,MD2B54DX7TCL87314,0,$0.00,0,$0,1,35615
BAJAJ,"MOTO BAJAJ PULSAR N 160CC, AZUL",CEDIS SALTILLO,CEDIS SALTILLO,29,140,MD2B54DX7TCL87328,0,$0.00,0,$0,1,35615
BAJAJ,"MOTO BAJAJ PULSAR N 160CC, AZUL",CEDIS SALTILLO,CEDIS SALTILLO,29,140,MD2B54DX9TCL87329,0,$0.00,0,$0,1,35615
BAJAJ,"MOTO BAJAJ PULSAR N 160CC, AZUL",CEDIS TAB PXGL,CEDIS MACROPAY TABASCO PXGL,14,140,MD2B54DX1TCK82803,0,$0.00,0,$0,1,35615
BAJAJ,"MOTO BAJAJ PULSAR N 160CC, AZUL",CEDIS TAB PXGL,CEDIS MACROPAY TABASCO PXGL,14,140,MD2B54DX5TCK82805,0,$0.00,0,$0,1,35615
BAJAJ,"MOTO BAJAJ PULSAR N 160CC, PERLA",CEDIS CDMX,CE. LOG. PXGL,21,140,MD2B54DX8TCK80997,0,$0.00,1,$35615,0,0
BAJAJ,"MOTO BAJAJ PULSAR N 160CC, PERLA",CEDIS CULIACAN,CEDIS CULIACAN,28,140,MD2B54DX1TCK81036,0,$0.00,0,$0,1,35615
BAJAJ,"MOTO BAJAJ PULSAR N 160CC, PERLA",CEDIS CULIACAN,CEDIS CULIACAN,28,140,MD2B54DX3TCK81040,0,$0.00,0,$0,1,35615
BAJAJ,"MOTO BAJAJ PULSAR N 160CC, PERLA",CEDIS CULIACAN,CEDIS CULIACAN,28,140,MD2B54DX5TCK81038,0,$0.00,0,$0,1,35615
BAJAJ,"MOTO BAJAJ PULSAR N 160CC, PERLA",CEDIS SALTILLO,CEDIS SALTILLO,29,140,MD2B54DX6TCK81033,0,$0.00,0,$0,1,35615
BAJAJ,"MOTO BAJAJ PULSAR N 160CC, PERLA",CEDIS SALTILLO,CEDIS SALTILLO,29,140,MD2B54DX8TCK81034,0,$0.00,0,$0,1,35615
BAJAJ,"MOTO BAJAJ PULSAR N 160CC, PERLA",CEDIS SAN LUIS,CEDIS SAN LUIS,27,140,MD2B54DX2TCK81028,0,$0.00,1,$35615,0,0
BAJAJ,"MOTO BAJAJ PULSAR N 250CC UG, AMARILLO",CEDIS MID,CEDIS MERIDA PXGL,26,140,MD2B97FX2TCK83655,0,$0.00,1,$42335,0,0
BAJAJ,"MOTO BAJAJ PULSAR N 250CC UG, AZUL",CEDIS CULIACAN,CEDIS CULIACAN,28,140,MD2B97FX1TCL91717,0,$0.00,0,$0,1,42335
BAJAJ,"MOTO BAJAJ PULSAR N 250CC UG, AZUL",CEDIS CULIACAN,CEDIS CULIACAN,28,140,MD2B97FX3TCL91718,0,$0.00,0,$0,1,42335
BAJAJ,"MOTO BAJAJ PULSAR N 250CC UG, AZUL",CEDIS CULIACAN,CEDIS CULIACAN,28,140,MD2B97FX4TCL91713,0,$0.00,0,$0,1,42335
BAJAJ,"MOTO BAJAJ PULSAR N 250CC UG, AZUL",CEDIS CULIACAN,CEDIS CULIACAN,28,140,MD2B97FX5TCL91722,0,$0.00,0,$0,1,42335
BAJAJ,"MOTO BAJAJ PULSAR N 250CC UG, AZUL",CEDIS CULIACAN,CEDIS CULIACAN,28,140,MD2B97FX6TCL91714,0,$0.00,0,$0,1,42335
BAJAJ,"MOTO BAJAJ PULSAR N 250CC UG, AZUL",CEDIS SALTILLO,CEDIS SALTILLO,29,140,MD2B97FX0TCL91756,0,$0.00,0,$0,1,42335
BAJAJ,"MOTO BAJAJ PULSAR N 250CC UG, AZUL",CEDIS SALTILLO,CEDIS SALTILLO,29,140,MD2B97FX2TCL91760,0,$0.00,0,$0,1,42335
BAJAJ,"MOTO BAJAJ PULSAR N 250CC UG, AZUL",CEDIS SALTILLO,CEDIS SALTILLO,29,140,MD2B97FX7TCL91723,0,$0.00,0,$0,1,42335
BODESA,"MOTO BDS CASTORO 180CC, AMARILLO",CEDIS CDMX,CE. LOG. PXGL,21,140,HZ2TCALR1TZ015340,0,$0.00,0,$0,1,21725
BODESA,"MOTO BDS CASTORO 180CC, AMARILLO",CEDIS CDMX,CE. LOG. PXGL,21,140,HZ2TCALR4TZ012531,0,$0.00,0,$0,1,21725
BODESA,"MOTO BDS CASTORO 180CC, AMARILLO",CEDIS CULIACAN,CEDIS CULIACAN,28,140,HZ2TCALR1TZ008758,0,$0.00,0,$0,1,21699
BODESA,"MOTO BDS CASTORO 180CC, AMARILLO",CEDIS CULIACAN,CEDIS CULIACAN,28,140,HZ2TCALR2TZ012589,0,$0.00,0,$0,1,21699
BODESA,"MOTO BDS CASTORO 180CC, AMARILLO",CEDIS CULIACAN,CEDIS CULIACAN,28,140,HZ2TCALR3TZ012620,0,$0.00,0,$0,1,21699
BODESA,"MOTO BDS CASTORO 180CC, AMARILLO",CEDIS CULIACAN,CEDIS CULIACAN,28,140,HZ2TCALR5TZ012702,0,$0.00,0,$0,1,21699
BODESA,"MOTO BDS CASTORO 180CC, AMARILLO",CEDIS CULIACAN,CEDIS CULIACAN,28,140,HZ2TCALR7TZ008778,0,$0.00,0,$0,1,21699
BODESA,"MOTO BDS CASTORO 180CC, AMARILLO",CEDIS CULIACAN,CEDIS CULIACAN,28,140,HZ2TCALR8TZ012709,0,$0.00,0,$0,1,21699
BODESA,"MOTO BDS CASTORO 180CC, AMARILLO",CEDIS MID,CEDIS MERIDA PXGL,26,140,3SABD1GD0T1001349,0,$0.00,0,$0,1,22399
BODESA,"MOTO BDS CASTORO 180CC, AMARILLO",CEDIS MID,CEDIS MERIDA PXGL,26,140,3SABD1GD1T1001215,0,$0.00,0,$0,1,22399
BODESA,"MOTO BDS CASTORO 180CC, AMARILLO",CEDIS MID,CEDIS MERIDA PXGL,26,140,3SABD1GD2T1001269,0,$0.00,0,$0,1,22399
BODESA,"MOTO BDS CASTORO 180CC, AMARILLO",CEDIS MID,CEDIS MERIDA PXGL,26,140,3SABD1GD6T1001243,0,$0.00,0,$0,1,22399
BODESA,"MOTO BDS CASTORO 180CC, AMARILLO",CEDIS MID,CEDIS MERIDA PXGL,26,140,3SABD1GD6T1001369,0,$0.00,0,$0,1,22399
BODESA,"MOTO BDS CASTORO 180CC, AMARILLO",CEDIS MID,CEDIS MERIDA PXGL,26,140,3SABD1GD7T1001235,0,$0.00,0,$0,1,22399
BODESA,"MOTO BDS CASTORO 180CC, AMARILLO",CEDIS MID,CEDIS MERIDA PXGL,26,140,3SABD1GD7T1001283,0,$0.00,0,$0,1,22399
BODESA,"MOTO BDS CASTORO 180CC, AMARILLO",CEDIS MID,CEDIS MERIDA PXGL,26,140,3SABD1GD7T1001297,0,$0.00,0,$0,1,22399
BODESA,"MOTO BDS CASTORO 180CC, AMARILLO",CEDIS MID,CEDIS MERIDA PXGL,26,140,3SABD1GDXT1001312,0,$0.00,0,$0,1,22399
BODESA,"MOTO BDS CASTORO 180CC, AMARILLO",CEDIS MID,CEDIS MERIDA PXGL,26,140,HZ2TCALR0TZ012753,0,$0.00,0,$0,1,22399
BODESA,"MOTO BDS CASTORO 180CC, AMARILLO",CEDIS MID,CEDIS MERIDA PXGL,26,140,HZ2TCALR1TZ012762,0,$0.00,0,$0,1,22399
BODESA,"MOTO BDS CASTORO 180CC, AMARILLO",CEDIS MID,CEDIS MERIDA PXGL,26,140,HZ2TCALR2TZ008915,0,$0.00,0,$0,1,22399
BODESA,"MOTO BDS CASTORO 180CC, AMARILLO",CEDIS MID,CEDIS MERIDA PXGL,26,140,HZ2TCALR3TZ008910,0,$0.00,0,$0,1,22399
BODESA,"MOTO BDS CASTORO 180CC, AMARILLO",CEDIS MID,CEDIS MERIDA PXGL,26,140,HZ2TCALR6TZ008920,0,$0.00,0,$0,1,22399
BODESA,"MOTO BDS CASTORO 180CC, AMARILLO",CEDIS MID,CEDIS MERIDA PXGL,26,140,HZ2TCALR6TZ008934,0,$0.00,0,$0,1,22399
BODESA,"MOTO BDS CASTORO 180CC, AMARILLO",CEDIS MID,CEDIS MERIDA PXGL,26,140,HZ2TCALRXTZ008757,0,$0.00,0,$0,1,22399
BODESA,"MOTO BDS CASTORO 180CC, AMARILLO",CEDIS MID,CEDIS MERIDA PXGL,26,140,HZ2TCALRXTZ008905,0,$0.00,0,$0,1,22399
BODESA,"MOTO BDS CASTORO 180CC, AMARILLO",CEDIS SALTILLO,CEDIS SALTILLO,29,140,HZ2TCALR1TZ010834,0,$0.00,0,$0,1,22199
BODESA,"MOTO BDS CASTORO 180CC, AMARILLO",CEDIS SALTILLO,CEDIS SALTILLO,29,140,HZ2TCALR1TZ010851,0,$0.00,0,$0,1,22199
BODESA,"MOTO BDS CASTORO 180CC, AMARILLO",CEDIS SALTILLO,CEDIS SALTILLO,29,140,HZ2TCALR2TZ010812,0,$0.00,0,$0,1,22199
BODESA,"MOTO BDS CASTORO 180CC, AMARILLO",CEDIS SALTILLO,CEDIS SALTILLO,29,140,HZ2TCALR5TZ010805,0,$0.00,0,$0,1,22199
BODESA,"MOTO BDS CASTORO 180CC, AMARILLO",CEDIS SALTILLO,CEDIS SALTILLO,29,140,HZ2TCALR6TZ012644,0,$0.00,0,$0,1,22199
BODESA,"MOTO BDS CASTORO 180CC, AMARILLO",CEDIS SALTILLO,CEDIS SALTILLO,29,140,HZ2TCALR9TZ009396,0,$0.00,0,$0,1,22199
BODESA,"MOTO BDS CASTORO 180CC, AMARILLO",CEDIS SALTILLO,CEDIS SALTILLO,29,140,HZ2TCALRXTZ009343,0,$0.00,0,$0,1,22199
BODESA,"MOTO BDS CASTORO 180CC, AMARILLO",CEDIS SALTILLO,CEDIS SALTILLO,29,140,HZ2TCALRXTZ010458,0,$0.00,0,$0,1,22199
BODESA,"MOTO BDS CASTORO 180CC, AMARILLO",CEDIS SAN LUIS,CEDIS SAN LUIS,27,140,3SABD1GD1T1000761,0,$0.00,0,$0,1,21699
BODESA,"MOTO BDS CASTORO 180CC, AMARILLO",CEDIS SAN LUIS,CEDIS SAN LUIS,27,140,3SABD1GD1T1001229,0,$0.00,0,$0,1,21699
BODESA,"MOTO BDS CASTORO 180CC, AMARILLO",CEDIS SAN LUIS,CEDIS SAN LUIS,27,140,3SABD1GD2T1001272,0,$0.00,0,$0,1,21699
BODESA,"MOTO BDS CASTORO 180CC, AMARILLO",CEDIS SAN LUIS,CEDIS SAN LUIS,27,140,3SABD1GD3T1001362,0,$0.00,0,$0,1,21699
BODESA,"MOTO BDS CASTORO 180CC, AMARILLO",CEDIS SAN LUIS,CEDIS SAN LUIS,27,140,3SABD1GD9T1001270,0,$0.00,0,$0,1,21699
BODESA,"MOTO BDS CASTORO 180CC, AMARILLO",CEDIS SAN LUIS,CEDIS SAN LUIS,27,140,HZ2TCALR0TZ009349,0,$0.00,0,$0,1,21699
BODESA,"MOTO BDS CASTORO 180CC, AMARILLO",CEDIS SAN LUIS,CEDIS SAN LUIS,27,140,HZ2TCALR0TZ010324,0,$0.00,0,$0,1,21699
BODESA,"MOTO BDS CASTORO 180CC, AMARILLO",CEDIS SAN LUIS,CEDIS SAN LUIS,27,140,HZ2TCALR2TZ010339,0,$0.00,0,$0,1,21699
BODESA,"MOTO BDS CASTORO 180CC, AMARILLO",CEDIS SAN LUIS,CEDIS SAN LUIS,27,140,HZ2TCALR4TZ009354,0,$0.00,0,$0,1,21699
BODESA,"MOTO BDS CASTORO 180CC, AMARILLO",CEDIS TAB PXGL,CEDIS MACROPAY TABASCO PXGL,14,140,3SABD1GD0T1001268,0,$0.00,0,$0,1,22399
BODESA,"MOTO BDS CASTORO 180CC, AMARILLO",CEDIS TAB PXGL,CEDIS MACROPAY TABASCO PXGL,14,140,3SABD1GD4T1001211,0,$0.00,0,$0,1,22399
BODESA,"MOTO BDS CASTORO 180CC, AMARILLO",CEDIS TAB PXGL,CEDIS MACROPAY TABASCO PXGL,14,140,3SABD1GD4T1001354,0,$0.00,0,$0,1,22399
BODESA,"MOTO BDS CASTORO 180CC, AMARILLO",CEDIS TAB PXGL,CEDIS MACROPAY TABASCO PXGL,14,140,3SABD1GD9T1001303,0,$0.00,0,$0,1,22399
BODESA,"MOTO BDS CASTORO 180CC, AMARILLO",CEDIS TAB PXGL,CEDIS MACROPAY TABASCO PXGL,14,140,3SABD1GDXT1001116,0,$0.00,0,$0,1,22399
BODESA,"MOTO BDS CASTORO 180CC, AZUL",CEDIS CDMX,CE. LOG. PXGL,21,140,HZ2TCALRXTZ010203,0,$0.00,0,$0,1,22022
BODESA,"MOTO BDS CASTORO 180CC, AZUL",CEDIS CULIACAN,CEDIS CULIACAN,28,140,3SABD1GD0T1000556,0,$0.00,0,$0,1,21699
BODESA,"MOTO BDS CASTORO 180CC, AZUL",CEDIS CULIACAN,CEDIS CULIACAN,28,140,HZ2TCALR6TZ011073,0,$0.00,0,$0,1,21699
BODESA,"MOTO BDS CASTORO 180CC, AZUL",CEDIS SALTILLO,CEDIS SALTILLO,29,140,HZ2TCALR2TZ010695,0,$0.00,0,$0,1,22199
BODESA,"MOTO BDS CASTORO 180CC, AZUL",CEDIS SALTILLO,CEDIS SALTILLO,29,140,HZ2TCALR2TZ010728,0,$0.00,0,$0,1,22199
BODESA,"MOTO BDS CASTORO 180CC, AZUL",CEDIS SALTILLO,CEDIS SALTILLO,29,140,HZ2TCALR3TZ010687,0,$0.00,0,$0,1,22199
BODESA,"MOTO BDS CASTORO 180CC, AZUL",CEDIS SALTILLO,CEDIS SALTILLO,29,140,HZ2TCALR3TZ010690,0,$0.00,0,$0,1,22199
BODESA,"MOTO BDS CASTORO 180CC, AZUL",CEDIS SALTILLO,CEDIS SALTILLO,29,140,HZ2TCALR4TZ010679,0,$0.00,0,$0,1,22199
BODESA,"MOTO BDS CASTORO 180CC, AZUL",CEDIS SALTILLO,CEDIS SALTILLO,29,140,HZ2TCALR5TZ010724,0,$0.00,0,$0,1,22199
BODESA,"MOTO BDS CASTORO 180CC, AZUL",CEDIS SALTILLO,CEDIS SALTILLO,29,140,HZ2TCALR7TZ010675,0,$0.00,0,$0,1,22199
BODESA,"MOTO BDS CASTORO 180CC, AZUL",CEDIS SALTILLO,CEDIS SALTILLO,29,140,HZ2TCALR8TZ010698,0,$0.00,0,$0,1,22199
BODESA,"MOTO BDS CASTORO 180CC, AZUL",CEDIS SALTILLO,CEDIS SALTILLO,29,140,HZ2TCALR9TZ010712,0,$0.00,0,$0,1,22199
BODESA,"MOTO BDS CASTORO 180CC, AZUL",CEDIS SALTILLO,CEDIS SALTILLO,29,140,HZ2TCALRXTZ010735,0,$0.00,0,$0,1,22199
BODESA,"MOTO BDS CASTORO 180CC, AZUL",CEDIS SAN LUIS,CEDIS SAN LUIS,27,140,HZ2TCALR0TZ010758,0,$0.00,0,$0,1,21699
BODESA,"MOTO BDS CASTORO 180CC, AZUL",CEDIS SAN LUIS,CEDIS SAN LUIS,27,140,HZ2TCALR3TZ010723,0,$0.00,0,$0,1,21699
BODESA,"MOTO BDS CASTORO 180CC, AZUL",CEDIS SAN LUIS,CEDIS SAN LUIS,27,140,HZ2TCALR4TZ010665,0,$0.00,0,$0,1,21699
BODESA,"MOTO BDS CASTORO 180CC, AZUL",CEDIS SAN LUIS,CEDIS SAN LUIS,27,140,HZ2TCALR4TZ012013,0,$0.00,0,$0,1,21699
BODESA,"MOTO BDS CASTORO 180CC, AZUL",CEDIS SAN LUIS,CEDIS SAN LUIS,27,140,HZ2TCALR9TZ011679,0,$0.00,0,$0,1,21699
BODESA,"MOTO BDS CASTORO 180CC, AZUL",CEDIS SAN LUIS,CEDIS SAN LUIS,27,140,HZ2TCALRXTZ010122,0,$0.00,0,$0,1,21699
BODESA,"MOTO BDS CASTORO 180CC, AZUL",CEDIS SAN LUIS,CEDIS SAN LUIS,27,140,HZ2TCALRXTZ012002,0,$0.00,0,$0,1,21699
BODESA,"MOTO BDS CASTORO 180CC, AZUL",CEDIS TAB PXGL,CEDIS MACROPAY TABASCO PXGL,14,140,3SABD1GD5T1000648,0,$0.00,0,$0,1,22399
BODESA,"MOTO BDS CASTORO 180CC, AZUL",CEDIS TAB PXGL,CEDIS MACROPAY TABASCO PXGL,14,140,3SABD1GD6T1000626,0,$0.00,0,$0,1,22399
BODESA,"MOTO BDS CASTORO 180CC, AZUL",CEDIS TAB PXGL,CEDIS MACROPAY TABASCO PXGL,14,140,3SABD1GD7T1000635,0,$0.00,0,$0,1,22399
BODESA,"MOTO BDS CASTORO 180CC, AZUL",CEDIS TAB PXGL,CEDIS MACROPAY TABASCO PXGL,14,140,HZ2TCALR8TZ011172,0,$0.00,0,$0,1,22399
BODESA,"MOTO BDS CASTORO 180CC, AZUL",CEDIS TAB PXGL,CEDIS MACROPAY TABASCO PXGL,14,140,HZ2TCALR9TZ011181,0,$0.00,0,$0,1,22399
BODESA,"MOTO BDS CASTORO 180CC, AZUL",CEDIS TAB PXGL,CEDIS MACROPAY TABASCO PXGL,14,140,HZ2TCALRXTZ011142,0,$0.00,0,$0,1,22399
BODESA,"MOTO BDS HAWK 200CC, NEGRO",CEDIS CDMX,CE. LOG. PXGL,21,140,3SAGE1GA6T1001462,0,$0.00,1,$22679,0,0
BODESA,"MOTO BDS HAWK 200CC, NEGRO",CEDIS CDMX,CE. LOG. PXGL,21,140,3SAGE1GA6T1002868,0,$0.00,0,$0,1,22679
BODESA,"MOTO BDS HAWK 200CC, NEGRO",CEDIS CDMX,CE. LOG. PXGL,21,140,3SAGE1GA9T1002699,0,$0.00,0,$0,1,22679
BODESA,"MOTO BDS HAWK 200CC, NEGRO",CEDIS CDMX,CE. LOG. PXGL,21,140,3SAGE1GAXT1003022,0,$0.00,1,$22679,0,0
BODESA,"MOTO BDS HAWK 200CC, NEGRO",CEDIS CDMX,CE. LOG. PXGL,21,140,LGVSMPC05TZ120129,0,$0.00,1,$22679,0,0
BODESA,"MOTO BDS HAWK 200CC, NEGRO",CEDIS MID,CEDIS MERIDA PXGL,26,140,3SAGE1GA0T1002767,0,$0.00,0,$0,1,23286
BODESA,"MOTO BDS HAWK 200CC, NEGRO",CEDIS MID,CEDIS MERIDA PXGL,26,140,3SAGE1GA1T1002986,0,$0.00,0,$0,1,23286
BODESA,"MOTO BDS HAWK 200CC, NEGRO",CEDIS MID,CEDIS MERIDA PXGL,26,140,3SAGE1GA2T1002995,0,$0.00,0,$0,1,23286
BODESA,"MOTO BDS HAWK 200CC, NEGRO",CEDIS MID,CEDIS MERIDA PXGL,26,140,3SAGE1GA3T1003024,0,$0.00,0,$0,1,23286
BODESA,"MOTO BDS HAWK 200CC, NEGRO",CEDIS MID,CEDIS MERIDA PXGL,26,140,3SAGE1GA3V1003009,0,$0.00,0,$0,1,23286
BODESA,"MOTO BDS HAWK 200CC, NEGRO",CEDIS MID,CEDIS MERIDA PXGL,26,140,3SAGE1GA5V1002962,0,$0.00,0,$0,1,23286
BODESA,"MOTO BDS HAWK 200CC, NEGRO",CEDIS MID,CEDIS MERIDA PXGL,26,140,3SAGE1GA6V1002694,0,$0.00,0,$0,1,23286
BODESA,"MOTO BDS HAWK 200CC, NEGRO",CEDIS MID,CEDIS MERIDA PXGL,26,140,3SAGE1GA7T1002264,0,$0.00,0,$0,1,23286
BODESA,"MOTO BDS HAWK 200CC, NEGRO",CEDIS MID,CEDIS MERIDA PXGL,26,140,3SAGE1GA7V1002672,0,$0.00,0,$0,1,23286
BODESA,"MOTO BDS HAWK 200CC, NEGRO",CEDIS MID,CEDIS MERIDA PXGL,26,140,3SAGE1GA8T1002127,0,$0.00,0,$0,1,23286
BODESA,"MOTO BDS HAWK 200CC, NEGRO",CEDIS MID,CEDIS MERIDA PXGL,26,140,3SAGE1GA9V1002687,0,$0.00,0,$0,1,23286
BODESA,"MOTO BDS HAWK 200CC, NEGRO",CEDIS MID,CEDIS MERIDA PXGL,26,140,3SAGE1GA9V1003032,0,$0.00,0,$0,1,23286
BODESA,"MOTO BDS HAWK 200CC, NEGRO",CEDIS MID,CEDIS MERIDA PXGL,26,140,3SAGE1GAXT1002842,0,$0.00,0,$0,1,23286
BODESA,"MOTO BDS HAWK 200CC, NEGRO",CEDIS SAN LUIS,CEDIS SAN LUIS,27,140,3SAGE1GA1T1003006,0,$0.00,0,$0,1,22499
BODESA,"MOTO BDS HAWK 200CC, NEGRO",CEDIS SAN LUIS,CEDIS SAN LUIS,27,140,3SAGE1GA3T1003041,0,$0.00,0,$0,1,22499
BODESA,"MOTO BDS HAWK 200CC, NEGRO",CEDIS SAN LUIS,CEDIS SAN LUIS,27,140,3SAGE1GA4T1002237,0,$0.00,0,$0,1,22499
BODESA,"MOTO BDS HAWK 200CC, NEGRO",CEDIS SAN LUIS,CEDIS SAN LUIS,27,140,3SAGE1GA5T1001968,0,$0.00,0,$0,1,22499
BODESA,"MOTO BDS HAWK 200CC, NEGRO",CEDIS SAN LUIS,CEDIS SAN LUIS,27,140,3SAGE1GA5T1003008,0,$0.00,0,$0,1,22499
BODESA,"MOTO BDS HAWK 200CC, NEGRO",CEDIS SAN LUIS,CEDIS SAN LUIS,27,140,3SAGE1GA6T1002725,0,$0.00,0,$0,1,22499
BODESA,"MOTO BDS HAWK 200CC, NEGRO",CEDIS SAN LUIS,CEDIS SAN LUIS,27,140,3SAGE1GAXT1002677,0,$0.00,0,$0,1,22499
BODESA,"MOTO BDS HAWK 200CC, NEGRO",CEDIS SAN LUIS,CEDIS SAN LUIS,27,140,3SAGE1GAXT1002873,0,$0.00,0,$0,1,22499
BODESA,"MOTO BDS HAWK 200CC, NEGRO",CEDIS TAB PXGL,CEDIS MACROPAY TABASCO PXGL,14,140,3SAGE1GA0T1002834,0,$0.00,0,$0,1,23541
BODESA,"MOTO BDS HAWK 200CC, NEGRO",CEDIS TAB PXGL,CEDIS MACROPAY TABASCO PXGL,14,140,3SAGE1GA1T1002678,0,$0.00,0,$0,1,23541
BODESA,"MOTO BDS HAWK 200CC, NEGRO",CEDIS TAB PXGL,CEDIS MACROPAY TABASCO PXGL,14,140,3SAGE1GA2T1002723,0,$0.00,0,$0,1,23541
BODESA,"MOTO BDS HAWK 200CC, NEGRO",CEDIS TAB PXGL,CEDIS MACROPAY TABASCO PXGL,14,140,3SAGE1GA2T1002897,0,$0.00,0,$0,1,23541
BODESA,"MOTO BDS HAWK 200CC, NEGRO",CEDIS TAB PXGL,CEDIS MACROPAY TABASCO PXGL,14,140,3SAGE1GA4T1002674,0,$0.00,0,$0,1,23541
BODESA,"MOTO BDS HAWK 200CC, NEGRO",CEDIS TAB PXGL,CEDIS MACROPAY TABASCO PXGL,14,140,3SAGE1GA4T1003002,0,$0.00,0,$0,1,23541
BODESA,"MOTO BDS HAWK 200CC, NEGRO",CEDIS TAB PXGL,CEDIS MACROPAY TABASCO PXGL,14,140,3SAGE1GA6T1003003,0,$0.00,0,$0,1,23541
BODESA,"MOTO BDS HAWK 200CC, NEGRO",CEDIS TAB PXGL,CEDIS MACROPAY TABASCO PXGL,14,140,3SAGE1GA7T1002202,0,$0.00,0,$0,1,23541
BODESA,"MOTO BDS HAWK 200CC, NEGRO",CEDIS TAB PXGL,CEDIS MACROPAY TABASCO PXGL,14,140,3SAGE1GA8T1002676,0,$0.00,0,$0,1,23541
BODESA,"MOTO BDS HAWK 200CC, NEGRO",CEDIS TAB PXGL,CEDIS MACROPAY TABASCO PXGL,14,140,3SAGE1GA8T1002810,0,$0.00,0,$0,1,23541
BODESA,"MOTO BDS HAWK 200CC, NEGRO",CEDIS TAB PXGL,CEDIS MACROPAY TABASCO PXGL,14,140,3SAGE1GA9T1002220,0,$0.00,0,$0,1,23541
BODESA,"MOTO BDS HAWK 200CC, NEGRO",CEDIS TAB PXGL,CEDIS MACROPAY TABASCO PXGL,14,140,3SAGE1GA9T1002976,0,$0.00,0,$0,1,23541
BODESA,"MOTO BDS HAWK 200CC, NEGRO",CEDIS TAB PXGL,CEDIS MACROPAY TABASCO PXGL,14,140,3SAGE1GAXT1002954,0,$0.00,0,$0,1,23541
BODESA,"MOTO BDS HAWK 250CC, AZUL",CEDIS CDMX,CE. LOG. PXGL,21,140,3SAAF1GA0V1001608,0,$0.00,0,$0,1,24999
BODESA,"MOTO BDS HAWK 250CC, AZUL",CEDIS CDMX,CE. LOG. PXGL,21,140,3SAAF1GA1V1001603,0,$0.00,0,$0,1,24999
BODESA,"MOTO BDS HAWK 250CC, AZUL",CEDIS CDMX,CE. LOG. PXGL,21,140,3SAAF1GA1V1001634,0,$0.00,0,$0,1,24999
BODESA,"MOTO BDS HAWK 250CC, AZUL",CEDIS CDMX,CE. LOG. PXGL,21,140,3SAAF1GA3V1001568,0,$0.00,0,$0,1,24999
BODESA,"MOTO BDS HAWK 250CC, AZUL",CEDIS CDMX,CE. LOG. PXGL,21,140,3SAAF1GA3V1001764,0,$0.00,0,$0,1,24999
BODESA,"MOTO BDS HAWK 250CC, AZUL",CEDIS CDMX,CE. LOG. PXGL,21,140,3SAAF1GA4V1001577,0,$0.00,0,$0,1,24999
BODESA,"MOTO BDS HAWK 250CC, AZUL",CEDIS CDMX,CE. LOG. PXGL,21,140,3SAAF1GA5V1001538,0,$0.00,0,$0,1,24999
BODESA,"MOTO BDS HAWK 250CC, AZUL",CEDIS CDMX,CE. LOG. PXGL,21,140,3SAAF1GA5V1001765,0,$0.00,0,$0,1,24999
BODESA,"MOTO BDS HAWK 250CC, AZUL",CEDIS CDMX,CE. LOG. PXGL,21,140,3SAAF1GA5V1001796,0,$0.00,0,$0,1,24999
BODESA,"MOTO BDS HAWK 250CC, AZUL",CEDIS CDMX,CE. LOG. PXGL,21,140,3SAAF1GA6V1001757,0,$0.00,0,$0,1,24999
BODESA,"MOTO BDS HAWK 250CC, AZUL",CEDIS CDMX,CE. LOG. PXGL,21,140,3SAAF1GA7V1001525,0,$0.00,0,$0,1,24999
BODESA,"MOTO BDS HAWK 250CC, AZUL",CEDIS CDMX,CE. LOG. PXGL,21,140,3SAAF1GA7V1001668,0,$0.00,0,$0,1,24999
BODESA,"MOTO BDS HAWK 250CC, AZUL",CEDIS CDMX,CE. LOG. PXGL,21,140,3SAAF1GA7V1001816,0,$0.00,0,$0,1,24999
BODESA,"MOTO BDS HAWK 250CC, AZUL",CEDIS CDMX,CE. LOG. PXGL,21,140,3SAAF1GA9V1001736,0,$0.00,0,$0,1,24999
BODESA,"MOTO BDS HAWK 250CC, AZUL",CEDIS CDMX,CE. LOG. PXGL,21,140,3SAAF1GA9V1001817,0,$0.00,0,$0,1,24999
BODESA,"MOTO BDS HAWK 250CC, AZUL",CEDIS CDMX,CE. LOG. PXGL,21,140,3SAAF1GAXV1001700,0,$0.00,0,$0,1,24999
BODESA,"MOTO BDS HAWK 250CC, AZUL",CEDIS CULIACAN,CEDIS CULIACAN,28,140,3SAAF1GA2T1001154,0,$0.00,0,$0,1,24999
BODESA,"MOTO BDS HAWK 250CC, AZUL",CEDIS CULIACAN,CEDIS CULIACAN,28,140,3SAAF1GA3T1001504,0,$0.00,0,$0,1,24999
BODESA,"MOTO BDS HAWK 250CC, AZUL",CEDIS CULIACAN,CEDIS CULIACAN,28,140,3SAAF1GA6T1001223,0,$0.00,0,$0,1,24999
BODESA,"MOTO BDS HAWK 250CC, AZUL",CEDIS CULIACAN,CEDIS CULIACAN,28,140,LGVSNPC00TZ202010,0,$0.00,0,$0,1,24999
BODESA,"MOTO BDS HAWK 250CC, AZUL",CEDIS CULIACAN,CEDIS CULIACAN,28,140,LGVSNPC00TZ202086,0,$0.00,0,$0,1,24999
BODESA,"MOTO BDS HAWK 250CC, AZUL",CEDIS CULIACAN,CEDIS CULIACAN,28,140,LGVSNPC01TZ202002,0,$0.00,0,$0,1,24999
BODESA,"MOTO BDS HAWK 250CC, AZUL",CEDIS CULIACAN,CEDIS CULIACAN,28,140,LGVSNPC03TZ202020,0,$0.00,0,$0,1,24999
BODESA,"MOTO BDS HAWK 250CC, AZUL",CEDIS CULIACAN,CEDIS CULIACAN,28,140,LGVSNPC04TZ202172,0,$0.00,0,$0,1,24999
BODESA,"MOTO BDS HAWK 250CC, AZUL",CEDIS CULIACAN,CEDIS CULIACAN,28,140,LGVSNPC06TZ202027,0,$0.00,0,$0,1,24999
BODESA,"MOTO BDS HAWK 250CC, AZUL",CEDIS CULIACAN,CEDIS CULIACAN,28,140,LGVSNPC07TZ202019,0,$0.00,0,$0,1,24999
BODESA,"MOTO BDS HAWK 250CC, AZUL",CEDIS MID,CEDIS MERIDA PXGL,26,140,3SAAF1GA2V1001660,0,$0.00,0,$0,1,25699
BODESA,"MOTO BDS HAWK 250CC, AZUL",CEDIS MID,CEDIS MERIDA PXGL,26,140,3SAAF1GA3V1001618,0,$0.00,0,$0,1,25699
BODESA,"MOTO BDS HAWK 250CC, AZUL",CEDIS MID,CEDIS MERIDA PXGL,26,140,3SAAF1GA6V1001595,0,$0.00,0,$0,1,25699
BODESA,"MOTO BDS HAWK 250CC, AZUL",CEDIS MID,CEDIS MERIDA PXGL,26,140,3SAAF1GA7V1001539,0,$0.00,0,$0,1,25699
BODESA,"MOTO BDS HAWK 250CC, AZUL",CEDIS MID,CEDIS MERIDA PXGL,26,140,3SAAF1GA8V1001579,0,$0.00,0,$0,1,25699
BODESA,"MOTO BDS HAWK 250CC, AZUL",CEDIS SALTILLO,CEDIS SALTILLO,29,140,3SAAF1GA0T1001329,0,$0.00,0,$0,1,25499
BODESA,"MOTO BDS HAWK 250CC, AZUL",CEDIS SALTILLO,CEDIS SALTILLO,29,140,3SAAF1GA1T1001257,0,$0.00,0,$0,1,25499
BODESA,"MOTO BDS HAWK 250CC, AZUL",CEDIS SALTILLO,CEDIS SALTILLO,29,140,3SAAF1GA5T1001519,0,$0.00,0,$0,1,25499
BODESA,"MOTO BDS HAWK 250CC, AZUL",CEDIS SALTILLO,CEDIS SALTILLO,29,140,3SAAF1GA6T1001447,0,$0.00,0,$0,1,25499
BODESA,"MOTO BDS HAWK 250CC, AZUL",CEDIS SALTILLO,CEDIS SALTILLO,29,140,3SAAF1GA6T1001464,0,$0.00,0,$0,1,25499
BODESA,"MOTO BDS HAWK 250CC, AZUL",CEDIS SALTILLO,CEDIS SALTILLO,29,140,LGVSNPC03TZ202003,0,$0.00,1,$25499,0,0
BODESA,"MOTO BDS HAWK 250CC, AZUL",CEDIS SALTILLO,CEDIS SALTILLO,29,140,LGVSNPC07TZ202036,0,$0.00,0,$0,1,25499
BODESA,"MOTO BDS HAWK 250CC, AZUL",CEDIS TAB PXGL,CEDIS MACROPAY TABASCO PXGL,14,140,3SAAF1GA0T1001170,0,$0.00,0,$0,1,25699
BODESA,"MOTO BDS HAWK 250CC, AZUL",CEDIS TAB PXGL,CEDIS MACROPAY TABASCO PXGL,14,140,3SAAF1GA0T1001511,0,$0.00,0,$0,1,25699
BODESA,"MOTO BDS HAWK 250CC, AZUL",CEDIS TAB PXGL,CEDIS MACROPAY TABASCO PXGL,14,140,3SAAF1GA1T1001498,0,$0.00,0,$0,1,25699
BODESA,"MOTO BDS HAWK 250CC, AZUL",CEDIS TAB PXGL,CEDIS MACROPAY TABASCO PXGL,14,140,3SAAF1GA2T1001302,0,$0.00,0,$0,1,25699
BODESA,"MOTO BDS HAWK 250CC, AZUL",CEDIS TAB PXGL,CEDIS MACROPAY TABASCO PXGL,14,140,3SAAF1GA3T1001146,0,$0.00,0,$0,1,25699
BODESA,"MOTO BDS HAWK 250CC, AZUL",CEDIS TAB PXGL,CEDIS MACROPAY TABASCO PXGL,14,140,3SAAF1GA3T1001292,0,$0.00,0,$0,1,25699
BODESA,"MOTO BDS HAWK 250CC, AZUL",CEDIS TAB PXGL,CEDIS MACROPAY TABASCO PXGL,14,140,3SAAF1GA3T1001471,0,$0.00,0,$0,1,25699
BODESA,"MOTO BDS HAWK 250CC, AZUL",CEDIS TAB PXGL,CEDIS MACROPAY TABASCO PXGL,14,140,3SAAF1GA6T1001495,0,$0.00,0,$0,1,25699
BODESA,"MOTO BDS HAWK 250CC, AZUL",CEDIS TAB PXGL,CEDIS MACROPAY TABASCO PXGL,14,140,3SAAF1GA8T1001370,0,$0.00,0,$0,1,25699
BODESA,"MOTO BDS HAWK 250CC, AZUL",CEDIS TAB PXGL,CEDIS MACROPAY TABASCO PXGL,14,140,3SAAF1GAXT1001435,0,$0.00,0,$0,1,25699
BODESA,"MOTO BDS HAWK 250CC, AZUL",CEDIS TAB PXGL,CEDIS MACROPAY TABASCO PXGL,14,140,LGVSNPC01TZ202131,0,$0.00,0,$0,1,25699
BODESA,"MOTO BDS HAWK 250CC, AZUL",CEDIS TAB PXGL,CEDIS MACROPAY TABASCO PXGL,14,140,LGVSNPC04TZ202009,0,$0.00,0,$0,1,25699
BODESA,"MOTO BDS HAWK 250CC, AZUL",CEDIS TAB PXGL,CEDIS MACROPAY TABASCO PXGL,14,140,LGVSNPC05TZ202035,0,$0.00,1,$25699,0,0
BODESA,"MOTO BDS HAWK GT 250CC, AZUL",CEDIS MID,CEDIS MERIDA PXGL,26,140,R66HYN1A1T1000945,0,$0.00,0,$0,1,39699
BODESA,"MOTO BDS HAWK GT 250CC, AZUL",CEDIS MID,CEDIS MERIDA PXGL,26,140,R66HYN1A1T1001013,0,$0.00,0,$0,1,39699
BODESA,"MOTO BDS HAWK GT 250CC, AZUL",CEDIS MID,CEDIS MERIDA PXGL,26,140,R66HYN1A7T1000884,0,$0.00,0,$0,1,39699
BODESA,"MOTO BDS JAMBO 220CC, ARENA",CEDIS SAN LUIS,CEDIS SAN LUIS,27,140,L9NYCMDA3V1000727,0,$0.00,0,$0,1,36999
BODESA,"MOTO BDS JAMBO 300CC, GRIS",CEDIS SAN LUIS,CEDIS SAN LUIS,27,140,H0JAJGB07T0002366,0,$0.00,0,$0,1,57999
BODESA,"MOTO BDS MAGMA 150CC, AZUL",CEDIS SALTILLO,CEDIS SALTILLO,29,140,LY4YJCKA3TK003171,0,$0.00,0,$0,1,21999
BODESA,"MOTO BDS MAGMA 150CC, AZUL",CEDIS SALTILLO,CEDIS SALTILLO,29,140,LY4YJCKA8TK002985,0,$0.00,0,$0,1,21999
BODESA,"MOTO BDS MAGMA 150CC, AZUL",CEDIS SAN LUIS,CEDIS SAN LUIS,27,140,LY4YJCKA5TK900217,0,$0.00,0,$0,1,21499
BODESA,"MOTO BDS MAGMA 150CC, AZUL",CEDIS SAN LUIS,CEDIS SAN LUIS,27,140,LY4YJCKA6TK900260,0,$0.00,0,$0,1,21499
BODESA,"MOTO BDS MAGMA 150CC, AZUL",CEDIS TAB PXGL,CEDIS MACROPAY TABASCO PXGL,14,140,LY4YJCKA0TK001913,0,$0.00,0,$0,1,22199
BODESA,"MOTO BDS MAGMA 150CC, AZUL",CEDIS TAB PXGL,CEDIS MACROPAY TABASCO PXGL,14,140,LY4YJCKA0TK900240,0,$0.00,0,$0,1,22199
BODESA,"MOTO BDS MAGMA 150CC, AZUL",CEDIS TAB PXGL,CEDIS MACROPAY TABASCO PXGL,14,140,LY4YJCKA2TK900658,0,$0.00,0,$0,1,22199
BODESA,"MOTO BDS MAGMA 150CC, AZUL",CEDIS TAB PXGL,CEDIS MACROPAY TABASCO PXGL,14,140,LY4YJCKA4TK001459,0,$0.00,0,$0,1,22199
BODESA,"MOTO BDS MAGMA 150CC, AZUL",CEDIS TAB PXGL,CEDIS MACROPAY TABASCO PXGL,14,140,LY4YJCKA4TK002546,0,$0.00,0,$0,1,22199
BODESA,"MOTO BDS MAGMA 150CC, AZUL",CEDIS TAB PXGL,CEDIS MACROPAY TABASCO PXGL,14,140,LY4YJCKA5TK001602,0,$0.00,0,$0,1,22199
BODESA,"MOTO BDS MAGMA 150CC, AZUL",CEDIS TAB PXGL,CEDIS MACROPAY TABASCO PXGL,14,140,LY4YJCKA5TK001924,0,$0.00,0,$0,1,22199
BODESA,"MOTO BDS MAGMA 150CC, AZUL",CEDIS TAB PXGL,CEDIS MACROPAY TABASCO PXGL,14,140,LY4YJCKAXTK001594,0,$0.00,0,$0,1,22199
BODESA,"MOTO BDS MAGMA 150CC, GRIS",CEDIS MID,CEDIS MERIDA PXGL,26,140,3SAAC1GC0T1000093,0,$0.00,0,$0,1,22199
BODESA,"MOTO BDS MAGMA 150CC, GRIS",CEDIS MID,CEDIS MERIDA PXGL,26,140,3SAAC1GC0T1000174,0,$0.00,0,$0,1,22199
BODESA,"MOTO BDS MAGMA 150CC, GRIS",CEDIS MID,CEDIS MERIDA PXGL,26,140,3SAAC1GC1T1000071,0,$0.00,0,$0,1,22199
BODESA,"MOTO BDS MAGMA 150CC, GRIS",CEDIS MID,CEDIS MERIDA PXGL,26,140,3SAAC1GC1T1000135,0,$0.00,0,$0,1,22199
BODESA,"MOTO BDS MAGMA 150CC, GRIS",CEDIS MID,CEDIS MERIDA PXGL,26,140,3SAAC1GC1T1000183,0,$0.00,0,$0,1,22199
BODESA,"MOTO BDS MAGMA 150CC, GRIS",CEDIS MID,CEDIS MERIDA PXGL,26,140,3SAAC1GC2T1000127,0,$0.00,0,$0,1,22199
BODESA,"MOTO BDS MAGMA 150CC, GRIS",CEDIS MID,CEDIS MERIDA PXGL,26,140,3SAAC1GC3T1000069,0,$0.00,0,$0,1,22199
BODESA,"MOTO BDS MAGMA 150CC, GRIS",CEDIS MID,CEDIS MERIDA PXGL,26,140,3SAAC1GCXT1000022,0,$0.00,0,$0,1,22199
BODESA,"MOTO BDS MAGMA 150CC, GRIS",CEDIS MID,CEDIS MERIDA PXGL,26,140,LY4YJCKA2TK900823,0,$0.00,0,$0,1,22199
BODESA,"MOTO BDS MAGMA 150CC, GRIS",CEDIS MID,CEDIS MERIDA PXGL,26,140,LY4YJCKA5TK900816,0,$0.00,0,$0,1,22199
BODESA,"MOTO BDS MAGMA 150CC, GRIS",CEDIS MID,CEDIS MERIDA PXGL,26,140,LY4YJCKA5TK900864,0,$0.00,0,$0,1,22199
BODESA,"MOTO BDS MAGMA 150CC, GRIS",CEDIS MID,CEDIS MERIDA PXGL,26,140,LY4YJCKA5TK900895,0,$0.00,0,$0,1,22199
BODESA,"MOTO BDS MAGMA 150CC, GRIS",CEDIS MID,CEDIS MERIDA PXGL,26,140,LY4YJCKA9TK900818,0,$0.00,0,$0,1,22199
BODESA,"MOTO BDS MAGMA 150CC, GRIS",CEDIS MID,CEDIS MERIDA PXGL,26,140,LY4YJCKA9TK900852,0,$0.00,0,$0,1,22199
BODESA,"MOTO BDS MAGMA 150CC, GRIS",CEDIS MID,CEDIS MERIDA PXGL,26,140,LY4YJCKAXTK900763,0,$0.00,0,$0,1,22199
BODESA,"MOTO BDS MAGMA 150CC, GRIS",CEDIS MID,CEDIS MERIDA PXGL,26,140,LY4YJCKAXTK900780,0,$0.00,0,$0,1,22199
BODESA,"MOTO BDS MAGMA 150CC, GRIS",CEDIS MID,CEDIS MERIDA PXGL,26,140,LY4YJCKAXTK900875,0,$0.00,0,$0,1,22199
BODESA,"MOTO BDS MAGMA 150CC, GRIS",CEDIS SAN LUIS,CEDIS SAN LUIS,27,140,LY4YJCKA2TK900787,0,$0.00,0,$0,1,21499
BODESA,"MOTO BDS MAGMA 150CC, GRIS",CEDIS SAN LUIS,CEDIS SAN LUIS,27,140,LY4YJCKA5TK900847,0,$0.00,0,$0,1,21499
BODESA,"MOTO BDS MAGMA 150CC, GRIS",CEDIS SAN LUIS,CEDIS SAN LUIS,27,140,LY4YJCKA6TK900761,0,$0.00,0,$0,1,21499
BODESA,"MOTO BDS MAGMA 150CC, GRIS",CEDIS TAB PXGL,CEDIS MACROPAY TABASCO PXGL,14,140,LY4YJCKA0TK900903,0,$0.00,0,$0,1,22199
BODESA,"MOTO BDS MAGMA 150CC, GRIS",CEDIS TAB PXGL,CEDIS MACROPAY TABASCO PXGL,14,140,LY4YJCKA3TK900765,0,$0.00,0,$0,1,22199
BODESA,"MOTO BDS MAGMA 150CC, NEGRO",CEDIS CDMX,CE. LOG. PXGL,21,140,LY4YJCKA1TK004948,0,$0.00,0,$0,1,21499
BODESA,"MOTO BDS MAGMA 150CC, NEGRO",CEDIS CDMX,CE. LOG. PXGL,21,140,LY4YJCKA3TK900197,0,$0.00,0,$0,1,21499
BODESA,"MOTO BDS MAGMA 150CC, NEGRO",CEDIS CDMX,CE. LOG. PXGL,21,140,LY4YJCKA7TK900199,0,$0.00,0,$0,1,21499
BODESA,"MOTO BDS MAGMA 150CC, NEGRO",CEDIS CULIACAN,CEDIS CULIACAN,28,140,LY4YJCKA0TK004066,0,$0.00,0,$0,1,21499
BODESA,"MOTO BDS MAGMA 150CC, NEGRO",CEDIS CULIACAN,CEDIS CULIACAN,28,140,LY4YJCKA4TK900161,0,$0.00,0,$0,1,21499
BODESA,"MOTO BDS MAGMA 150CC, NEGRO",CEDIS CULIACAN,CEDIS CULIACAN,28,140,LY4YJCKA5TK900198,0,$0.00,0,$0,1,21499
BODESA,"MOTO BDS MAGMA 150CC, NEGRO",CEDIS CULIACAN,CEDIS CULIACAN,28,140,LY4YJCKA6TK900212,0,$0.00,0,$0,1,21499
BODESA,"MOTO BDS MAGMA 150CC, NEGRO",CEDIS GDL,CEDIS MACROPAY GUADALAJARA,25,140,LY4YJCKA4TK900113,0,$0.00,0,$0,1,21499
BODESA,"MOTO BDS MAGMA 150CC, NEGRO",CEDIS TAB PXGL,CEDIS MACROPAY TABASCO PXGL,14,140,LY4YJCKA9TK004275,0,$0.00,0,$0,1,22199
BODESA,"MOTO BDS MAGMA 150CC, ROJO",CEDIS CULIACAN,CEDIS CULIACAN,28,140,LY4YJCKA0TK004522,0,$0.00,0,$0,1,21499
BODESA,"MOTO BDS MAGMA 150CC, ROJO",CEDIS CULIACAN,CEDIS CULIACAN,28,140,LY4YJCKA7TK004341,0,$0.00,0,$0,1,21499
BODESA,"MOTO BDS MAGMA 150CC, ROJO",CEDIS GDL,CEDIS MACROPAY GUADALAJARA,25,140,LY4YJCKA0TK001779,0,$0.00,1,$21569,0,0
BODESA,"MOTO BDS RHINO 200CC, AZUL",CEDIS CDMX,CE. LOG. PXGL,21,140,L9NYCDLB3T1001643,0,$0.00,0,$0,1,28999
BODESA,"MOTO BDS RHINO 200CC, AZUL",CEDIS CDMX,CE. LOG. PXGL,21,140,L9NYCDLBXT1001607,0,$0.00,0,$0,1,28999
BODESA,"MOTO BDS RHINO 200CC, AZUL",CEDIS SAN LUIS,CEDIS SAN LUIS,27,140,L9NYCDLB2T1001357,0,$0.00,0,$0,1,28999
BODESA,"MOTO BDS RHINO 200CC, AZUL",CEDIS SAN LUIS,CEDIS SAN LUIS,27,140,L9NYCDLB3V1001144,0,$0.00,0,$0,1,28999
BODESA,"MOTO BDS RHINO 200CC, AZUL",CEDIS SAN LUIS,CEDIS SAN LUIS,27,140,L9NYCDLB6V1001073,0,$0.00,0,$0,1,28999
BODESA,"MOTO BDS RHINO 200CC, AZUL",CEDIS SAN LUIS,CEDIS SAN LUIS,27,140,L9NYCDLB9V1000922,0,$0.00,0,$0,1,28999
BODESA,"MOTO BDS RHINO 200CC, AZUL",CEDIS TAB PXGL,CEDIS MACROPAY TABASCO PXGL,14,140,L9NYCDLB5V1001128,0,$0.00,0,$0,1,29699
BODESA,"MOTO BDS RHINO 200CC, AZUL",CEDIS TAB PXGL,CEDIS MACROPAY TABASCO PXGL,14,140,L9NYCDLB6T1001670,0,$0.00,0,$0,1,29699
BODESA,"MOTO BDS SAETA 150CC, AZUL",CEDIS CDMX,CE. LOG. PXGL,21,140,LXYSC1GAXS1859120,0,$0.00,1,$16241,0,0
BODESA,"MOTO BDS SAETA 150CC, AZUL",CEDIS CULIACAN,CEDIS CULIACAN,28,140,LDLXCKLA5T1005596,0,$0.00,0,$0,1,15850
BODESA,"MOTO BDS SAETA 150CC, AZUL",CEDIS CULIACAN,CEDIS CULIACAN,28,140,LDLXCKLA5T1005601,0,$0.00,0,$0,1,15850
BODESA,"MOTO BDS SAETA 150CC, AZUL",CEDIS CULIACAN,CEDIS CULIACAN,28,140,LDLXCKLA7T1005521,0,$0.00,0,$0,1,15850
BODESA,"MOTO BDS SAETA 150CC, AZUL",CEDIS SALTILLO,CEDIS SALTILLO,29,140,LDLXCKLA4T1034684,0,$0.00,0,$0,1,16350
BODESA,"MOTO BDS SAETA 150CC, AZUL",CEDIS SAN LUIS,CEDIS SAN LUIS,27,140,LDLXCKLA1T1034867,0,$0.00,0,$0,1,15850
BODESA,"MOTO BDS SAETA 150CC, AZUL",CEDIS SAN LUIS,CEDIS SAN LUIS,27,140,LDLXCKLA8T1034865,0,$0.00,0,$0,1,15850
BODESA,"MOTO BDS SAETA 150CC, AZUL",CEDIS TAB PXGL,CEDIS MACROPAY TABASCO PXGL,14,140,LDLXCKLA7T1034808,0,$0.00,0,$0,1,17228
BODESA,"MOTO BDS SAETA 150CC, AZUL",CEDIS TAB PXGL,CEDIS MACROPAY TABASCO PXGL,14,140,LDLXCKLA9T1034793,0,$0.00,0,$0,1,17228
BODESA,"MOTO BDS SB 180CC, BLANCO",CEDIS SALTILLO,CEDIS SALTILLO,29,140,3SABJ1GA8T1000240,0,$0.00,0,$0,1,19000
BODESA,"MOTO BDS SB 180CC, BLANCO",CEDIS SAN LUIS,CEDIS SAN LUIS,27,140,HZ2TCAL92TZ040022,0,$0.00,0,$0,1,18500
BODESA,"MOTO BDS SB 180CC, BLANCO",CEDIS SAN LUIS,CEDIS SAN LUIS,27,140,HZ2TCAL92TZ040053,0,$0.00,0,$0,1,18500
BODESA,"MOTO BDS SB 180CC, BLANCO",CEDIS TAB PXGL,CEDIS MACROPAY TABASCO PXGL,14,140,HZ2TCAL99TZ040034,0,$0.00,0,$0,1,19200
BODESA,"MOTO BDS SB 180CC, NEGRO",CEDIS GDL,CEDIS MACROPAY GUADALAJARA,25,140,HZ2TCAL9XTZ000285,0,$0.00,0,$0,1,18500
BODESA,"MOTO BDS SB 180CC, NEGRO",CEDIS SALTILLO,CEDIS SALTILLO,29,140,3SABJ1GA1T1000015,0,$0.00,0,$0,1,19000
BODESA,"MOTO BDS SB 180CC, NEGRO",CEDIS SALTILLO,CEDIS SALTILLO,29,140,3SABJ1GA2T1000041,0,$0.00,0,$0,1,19000
BODESA,"MOTO BDS SB 180CC, NEGRO",CEDIS SALTILLO,CEDIS SALTILLO,29,140,3SABJ1GA5T1000096,0,$0.00,0,$0,1,19000
BODESA,"MOTO BDS SB 180CC, NEGRO",CEDIS SALTILLO,CEDIS SALTILLO,29,140,3SABJ1GA8T1000092,0,$0.00,0,$0,1,19000
BODESA,"MOTO BDS SB 180CC, NEGRO",CEDIS SALTILLO,CEDIS SALTILLO,29,140,3SABJ1GAXT1000210,0,$0.00,0,$0,1,19000
BODESA,"MOTO BDS SB 180CC, NEGRO",CEDIS SAN LUIS,CEDIS SAN LUIS,27,140,3SABJ1GA7T1000505,0,$0.00,0,$0,1,18500
BODESA,"MOTO BDS SB 180CC, NEGRO",CEDIS SAN LUIS,CEDIS SAN LUIS,27,140,3SABJ1GA8T1000464,0,$0.00,0,$0,1,18500
BODESA,"MOTO BDS SB 180CC, NEGRO",CEDIS SAN LUIS,CEDIS SAN LUIS,27,140,HZ2TCAL9XTZ000304,0,$0.00,0,$0,1,18500
BODESA,"MOTO BDS SB 180CC, NEGRO",CEDIS TAB PXGL,CEDIS MACROPAY TABASCO PXGL,14,140,3SABJ1GA1T1000340,0,$0.00,0,$0,1,19200
BODESA,"MOTO BDS SB 180CC, NEGRO",CEDIS TAB PXGL,CEDIS MACROPAY TABASCO PXGL,14,140,3SABJ1GA4T1000431,0,$0.00,0,$0,1,19200
BODESA,"MOTO BDS SB 180CC, NEGRO",CEDIS TAB PXGL,CEDIS MACROPAY TABASCO PXGL,14,140,3SABJ1GA5T1000325,0,$0.00,0,$0,1,19200
BODESA,"MOTO BDS SB 180CC, NEGRO",CEDIS TAB PXGL,CEDIS MACROPAY TABASCO PXGL,14,140,3SABJ1GA9T1000361,0,$0.00,0,$0,1,19200
BODESA,"MOTO BDS STARK 220CC, ROJO",CEDIS MID,CEDIS MERIDA PXGL,26,140,3SACK1GA5T1000214,0,$0.00,0,$0,1,20550
BODESA,"MOTO BDS STARK 250CC, GRIS",CEDIS CDMX,CE. LOG. PXGL,21,140,LB425YCB0TC012434,0,$0.00,1,$24999,0,0
BODESA,"MOTO BDS STARK 250CC, GRIS",CEDIS CULIACAN,CEDIS CULIACAN,28,140,LB425YCB3TC012766,0,$0.00,1,$24999,0,0
BODESA,"MOTO BDS STARK 250CC, GRIS",CEDIS CULIACAN,CEDIS CULIACAN,28,140,LB425YCB4TC012839,0,$0.00,1,$24999,0,0
BODESA,"MOTO BDS STARK 250CC, GRIS",CEDIS MID,CEDIS MERIDA PXGL,26,140,LB425YCB2TC012693,0,$0.00,0,$0,1,25942
BODESA,"MOTO BDS STARK 250CC, GRIS",CEDIS MID,CEDIS MERIDA PXGL,26,140,LB425YCB6TC012664,0,$0.00,0,$0,1,25942
BODESA,"MOTO BDS STARK 250CC, GRIS",CEDIS MID,CEDIS MERIDA PXGL,26,140,LB425YCB6TC012700,0,$0.00,0,$0,1,25942
BODESA,"MOTO BDS STARK 250CC, GRIS",CEDIS SALTILLO,CEDIS SALTILLO,29,140,LB425YCB2TC012676,0,$0.00,0,$0,1,25499
BODESA,"MOTO BDS STARK 250CC, GRIS",CEDIS SALTILLO,CEDIS SALTILLO,29,140,LB425YCB3TC012704,0,$0.00,0,$0,1,25499
BODESA,"MOTO BDS STARK 250CC, GRIS",CEDIS SALTILLO,CEDIS SALTILLO,29,140,LB425YCB5TC012722,0,$0.00,0,$0,1,25499
BODESA,"MOTO BDS STARK 250CC, ROJO",CEDIS CULIACAN,CEDIS CULIACAN,28,140,LB425YCB3TC017403,0,$0.00,0,$0,1,24999
BODESA,"MOTO BDS STARK 250CC, ROJO",CEDIS SALTILLO,CEDIS SALTILLO,29,140,LB425YCB0TC011736,0,$0.00,1,$25499,0,0
BODESA,"MOTO BDS STARK 250CC, ROJO",CEDIS SALTILLO,CEDIS SALTILLO,29,140,LB425YCB6TC017458,0,$0.00,0,$0,1,25499
BODESA,"MOTO BDS STARK 250CC, ROJO",CEDIS SALTILLO,CEDIS SALTILLO,29,140,LB425YCB9TC012593,0,$0.00,0,$0,1,25499
BODESA,"MOTO BDS STARK 250CC, ROJO",CEDIS SALTILLO,CEDIS SALTILLO,29,140,LB425YCBXTC012635,0,$0.00,0,$0,1,25499
BODESA,"MOTO BDS STARK 250CC, ROJO",CEDIS SAN LUIS,CEDIS SAN LUIS,27,140,LB425YCB1TC017397,0,$0.00,0,$0,1,24999
BODESA,"MOTO BDS STARK 250CC, ROJO",CEDIS SAN LUIS,CEDIS SAN LUIS,27,140,LB425YCB2TC017361,0,$0.00,0,$0,1,24999
BODESA,"MOTO BDS STARK 300CC, AZUL",CEDIS CULIACAN,CEDIS CULIACAN,28,140,LB430Y5J4TC017255,0,$0.00,0,$0,1,26999
BODESA,"MOTO BDS STARK 300CC, AZUL",CEDIS CULIACAN,CEDIS CULIACAN,28,140,LB430Y5J6TC016852,0,$0.00,0,$0,1,26999
BODESA,"MOTO BDS STARK 300CC, AZUL",CEDIS CULIACAN,CEDIS CULIACAN,28,140,LB430Y5J7TC017217,0,$0.00,0,$0,1,26999
BODESA,"MOTO BDS STARK 300CC, AZUL",CEDIS CULIACAN,CEDIS CULIACAN,28,140,LB430Y5J8TC016903,0,$0.00,0,$0,1,26999
BODESA,"MOTO BDS STARK 300CC, AZUL",CEDIS GDL,CEDIS MACROPAY GUADALAJARA,25,140,LB430Y5JXTC016806,0,$0.00,1,$26999,0,0
BODESA,"MOTO BDS STARK 300CC, AZUL",CEDIS MID,CEDIS MERIDA PXGL,26,140,3SACG1GA1T1001202,0,$0.00,0,$0,1,27699
BODESA,"MOTO BDS STARK 300CC, AZUL",CEDIS MID,CEDIS MERIDA PXGL,26,140,3SACG1GA1T1001264,0,$0.00,0,$0,1,27699
BODESA,"MOTO BDS STARK 300CC, AZUL",CEDIS MID,CEDIS MERIDA PXGL,26,140,3SACG1GA4T1001212,0,$0.00,0,$0,1,27699
BODESA,"MOTO BDS STARK 300CC, AZUL",CEDIS SALTILLO,CEDIS SALTILLO,29,140,LB430Y5J6TC017158,0,$0.00,0,$0,1,27499
BODESA,"MOTO BDS STARK 300CC, AZUL",CEDIS TAB PXGL,CEDIS MACROPAY TABASCO PXGL,14,140,3SACG1GA0T1000896,0,$0.00,0,$0,1,27699
BODESA,"MOTO BDS STARK 300CC, AZUL",CEDIS TAB PXGL,CEDIS MACROPAY TABASCO PXGL,14,140,3SACG1GA4T1001033,0,$0.00,0,$0,1,27699
BODESA,"MOTO BDS STARK 300CC, AZUL",CEDIS TAB PXGL,CEDIS MACROPAY TABASCO PXGL,14,140,3SACG1GA7T1000863,0,$0.00,0,$0,1,27699
BODESA,"MOTO BDS STARK 300CC, ROJO",CEDIS CULIACAN,CEDIS CULIACAN,28,140,LB430Y5J1TC012966,0,$0.00,0,$0,1,26999
BODESA,"MOTO BDS STARK 300CC, ROJO",CEDIS CULIACAN,CEDIS CULIACAN,28,140,LB430Y5J4TC017045,0,$0.00,0,$0,1,26999
BODESA,"MOTO BDS STARK 300CC, ROJO",CEDIS CULIACAN,CEDIS CULIACAN,28,140,LB430Y5J7TC012986,0,$0.00,0,$0,1,26999
BODESA,"MOTO BDS STARK 300CC, ROJO",CEDIS GDL,CEDIS MACROPAY GUADALAJARA,25,140,LB430Y5J8TC017131,0,$0.00,0,$0,1,26999
BODESA,"MOTO BDS STARK 300CC, ROJO",CEDIS SAN LUIS,CEDIS SAN LUIS,27,140,LB430Y5J1TC012868,0,$0.00,0,$0,1,26999
BODESA,"MOTO BDS STARK 300CC, ROJO",CEDIS SAN LUIS,CEDIS SAN LUIS,27,140,LB430Y5J1TC016628,0,$0.00,0,$0,1,26999
BODESA,"MOTO BDS STARK 300CC, ROJO",CEDIS SAN LUIS,CEDIS SAN LUIS,27,140,LB430Y5J4TC016963,0,$0.00,0,$0,1,26999
BODESA,"MOTO BDS STARK 300CC, ROJO",CEDIS SAN LUIS,CEDIS SAN LUIS,27,140,LB430Y5J4TC017059,0,$0.00,0,$0,1,26999
BODESA,"MOTO BDS STARK 300CC, ROJO",CEDIS SAN LUIS,CEDIS SAN LUIS,27,140,LB430Y5J8TC016965,0,$0.00,0,$0,1,26999
BODESA,"MOTO BDS STARK 300CC, ROJO",CEDIS TAB PXGL,CEDIS MACROPAY TABASCO PXGL,14,140,LB430Y5J3TC016971,0,$0.00,0,$0,1,27699
BODESA,"MOTO BDS STARK 300CC, ROJO",CEDIS TAB PXGL,CEDIS MACROPAY TABASCO PXGL,14,140,LB430Y5J6SC054290,0,$0.00,0,$0,1,27699
BODESA,"MOTO BDS THUNDER 190CC, NEGRO",CEDIS CDMX,CE. LOG. PXGL,21,140,LGVSMD100TZ000241,0,$0.00,0,$0,1,16200
BODESA,"MOTO BDS THUNDER 190CC, NEGRO",CEDIS CDMX,CE. LOG. PXGL,21,140,LGVSMD100TZ000286,0,$0.00,0,$0,1,16200
BODESA,"MOTO BDS THUNDER 190CC, NEGRO",CEDIS CDMX,CE. LOG. PXGL,21,140,LGVSMD100TZ000319,0,$0.00,0,$0,1,16200
BODESA,"MOTO BDS THUNDER 190CC, NEGRO",CEDIS CDMX,CE. LOG. PXGL,21,140,LGVSMD100TZ000398,0,$0.00,0,$0,1,16200
BODESA,"MOTO BDS THUNDER 190CC, NEGRO",CEDIS CDMX,CE. LOG. PXGL,21,140,LGVSMD101TZ000264,0,$0.00,0,$0,1,16200
BODESA,"MOTO BDS THUNDER 190CC, NEGRO",CEDIS CDMX,CE. LOG. PXGL,21,140,LGVSMD102TZ000273,0,$0.00,0,$0,1,16200
BODESA,"MOTO BDS THUNDER 190CC, NEGRO",CEDIS CDMX,CE. LOG. PXGL,21,140,LGVSMD102TZ000354,0,$0.00,0,$0,1,16200
BODESA,"MOTO BDS THUNDER 190CC, NEGRO",CEDIS CDMX,CE. LOG. PXGL,21,140,LGVSMD103TZ000217,0,$0.00,0,$0,1,16200
BODESA,"MOTO BDS THUNDER 190CC, NEGRO",CEDIS CDMX,CE. LOG. PXGL,21,140,LGVSMD103TZ000220,0,$0.00,0,$0,1,16200
BODESA,"MOTO BDS THUNDER 190CC, NEGRO",CEDIS CDMX,CE. LOG. PXGL,21,140,LGVSMD103TZ000234,0,$0.00,0,$0,1,16200
BODESA,"MOTO BDS THUNDER 190CC, NEGRO",CEDIS CDMX,CE. LOG. PXGL,21,140,LGVSMD103TZ000380,0,$0.00,0,$0,1,16200
BODESA,"MOTO BDS THUNDER 190CC, NEGRO",CEDIS CDMX,CE. LOG. PXGL,21,140,LGVSMD103TZ000394,0,$0.00,0,$0,1,16200
BODESA,"MOTO BDS THUNDER 190CC, NEGRO",CEDIS CDMX,CE. LOG. PXGL,21,140,LGVSMD104TZ000291,0,$0.00,0,$0,1,16200
BODESA,"MOTO BDS THUNDER 190CC, NEGRO",CEDIS CDMX,CE. LOG. PXGL,21,140,LGVSMD104TZ000341,0,$0.00,0,$0,1,16200
BODESA,"MOTO BDS THUNDER 190CC, NEGRO",CEDIS CDMX,CE. LOG. PXGL,21,140,LGVSMD106TZ000339,0,$0.00,0,$0,1,16200
BODESA,"MOTO BDS THUNDER 190CC, NEGRO",CEDIS CDMX,CE. LOG. PXGL,21,140,LGVSMD107TZ000320,0,$0.00,0,$0,1,16200
BODESA,"MOTO BDS THUNDER 190CC, NEGRO",CEDIS CDMX,CE. LOG. PXGL,21,140,LGVSMD108TZ000312,0,$0.00,0,$0,1,16200
BODESA,"MOTO BDS THUNDER 190CC, NEGRO",CEDIS CDMX,CE. LOG. PXGL,21,140,LGVSMD108TZ000326,0,$0.00,0,$0,1,16200
BODESA,"MOTO BDS THUNDER 190CC, NEGRO",CEDIS CDMX,CE. LOG. PXGL,21,140,LGVSMD108TZ000357,0,$0.00,0,$0,1,16200
BODESA,"MOTO BDS THUNDER 190CC, NEGRO",CEDIS CDMX,CE. LOG. PXGL,21,140,LGVSMD109TZ000366,0,$0.00,0,$0,1,16200
BODESA,"MOTO BDS THUNDER 190CC, NEGRO",CEDIS CDMX,CE. LOG. PXGL,21,140,LGVSMD109TZ000397,0,$0.00,0,$0,1,16200
BODESA,"MOTO BDS THUNDER 190CC, NEGRO",CEDIS CDMX,CE. LOG. PXGL,21,140,LGVSMD10XTZ000330,0,$0.00,0,$0,1,16200
BODESA,"MOTO BDS THUNDER 190CC, NEGRO",CEDIS CDMX,CE. LOG. PXGL,21,140,LGVSMD10XTZ000392,0,$0.00,0,$0,1,16200
BODESA,"MOTO BDS THUNDER 190CC, NEGRO",CEDIS CDMX,CE. LOG. PXGL,21,140,LGVSMD10XTZ000411,0,$0.00,0,$0,1,16200
BODESA,"MOTO BDS THUNDER 190CC, NEGRO",CEDIS CULIACAN,CEDIS CULIACAN,28,140,LGVSMD100TZ000613,0,$0.00,0,$0,1,16200
BODESA,"MOTO BDS THUNDER 190CC, NEGRO",CEDIS CULIACAN,CEDIS CULIACAN,28,140,LGVSMD101TZ000605,0,$0.00,0,$0,1,16200
BODESA,"MOTO BDS THUNDER 190CC, NEGRO",CEDIS CULIACAN,CEDIS CULIACAN,28,140,LGVSMD102TZ000242,0,$0.00,0,$0,1,16200
BODESA,"MOTO BDS THUNDER 190CC, NEGRO",CEDIS CULIACAN,CEDIS CULIACAN,28,140,LGVSMD102TZ000290,0,$0.00,0,$0,1,16200
BODESA,"MOTO BDS THUNDER 190CC, NEGRO",CEDIS CULIACAN,CEDIS CULIACAN,28,140,LGVSMD104TZ000596,0,$0.00,0,$0,1,16200
BODESA,"MOTO BDS THUNDER 190CC, NEGRO",CEDIS CULIACAN,CEDIS CULIACAN,28,140,LGVSMD104TZ000601,0,$0.00,0,$0,1,16200
BODESA,"MOTO BDS THUNDER 190CC, NEGRO",CEDIS CULIACAN,CEDIS CULIACAN,28,140,LGVSMD105TZ000610,0,$0.00,0,$0,1,16200
BODESA,"MOTO BDS THUNDER 190CC, NEGRO",CEDIS CULIACAN,CEDIS CULIACAN,28,140,LGVSMD107TZ000494,0,$0.00,0,$0,1,16200
BODESA,"MOTO BDS THUNDER 190CC, NEGRO",CEDIS CULIACAN,CEDIS CULIACAN,28,140,LGVSMD109TZ000500,0,$0.00,0,$0,1,16200
BODESA,"MOTO BDS THUNDER 190CC, NEGRO",CEDIS CULIACAN,CEDIS CULIACAN,28,140,LGVSMD10XTZ000487,0,$0.00,0,$0,1,16200
BODESA,"MOTO BDS THUNDER 190CC, NEGRO",CEDIS MID,CEDIS MERIDA PXGL,26,140,LGVSMD100TZ000353,0,$0.00,0,$0,1,16900
BODESA,"MOTO BDS THUNDER 190CC, NEGRO",CEDIS MID,CEDIS MERIDA PXGL,26,140,LGVSMD103TZ000282,0,$0.00,0,$0,1,16900
BODESA,"MOTO BDS THUNDER 190CC, NEGRO",CEDIS MID,CEDIS MERIDA PXGL,26,140,LGVSMD105TZ000347,0,$0.00,0,$0,1,16900
BODESA,"MOTO BDS THUNDER 190CC, NEGRO",CEDIS MID,CEDIS MERIDA PXGL,26,140,LGVSMD106TZ000261,0,$0.00,0,$0,1,16900
BODESA,"MOTO BDS THUNDER 190CC, NEGRO",CEDIS MID,CEDIS MERIDA PXGL,26,140,LGVSMD106TZ000311,0,$0.00,0,$0,1,16900
BODESA,"MOTO BDS THUNDER 190CC, NEGRO",CEDIS MID,CEDIS MERIDA PXGL,26,140,LGVSMD106TZ000423,0,$0.00,0,$0,1,16900
BODESA,"MOTO BDS THUNDER 190CC, NEGRO",CEDIS MID,CEDIS MERIDA PXGL,26,140,LGVSMD109TZ000299,0,$0.00,0,$0,1,16900
BODESA,"MOTO BDS THUNDER 190CC, NEGRO",CEDIS MID,CEDIS MERIDA PXGL,26,140,LGVSMD109TZ000352,0,$0.00,0,$0,1,16900
BODESA,"MOTO BDS THUNDER 190CC, NEGRO",CEDIS MID,CEDIS MERIDA PXGL,26,140,LGVSMD10XTZ000229,0,$0.00,0,$0,1,16900
BODESA,"MOTO BDS THUNDER 190CC, NEGRO",CEDIS SAN LUIS,CEDIS SAN LUIS,27,140,LGVSMD100TZ000272,0,$0.00,0,$0,1,16200
BODESA,"MOTO BDS THUNDER 190CC, NEGRO",CEDIS SAN LUIS,CEDIS SAN LUIS,27,140,LGVSMD100TZ000384,0,$0.00,0,$0,1,16200
BODESA,"MOTO BDS THUNDER 190CC, NEGRO",CEDIS SAN LUIS,CEDIS SAN LUIS,27,140,LGVSMD101TZ000393,0,$0.00,0,$0,1,16200
BODESA,"MOTO BDS THUNDER 190CC, NEGRO",CEDIS SAN LUIS,CEDIS SAN LUIS,27,140,LGVSMD103TZ000251,0,$0.00,0,$0,1,16200
BODESA,"MOTO BDS THUNDER 190CC, NEGRO",CEDIS SAN LUIS,CEDIS SAN LUIS,27,140,LGVSMD103TZ000587,0,$0.00,0,$0,1,16200
BODESA,"MOTO BDS THUNDER 190CC, NEGRO",CEDIS SAN LUIS,CEDIS SAN LUIS,27,140,LGVSMD104TZ000503,0,$0.00,0,$0,1,16200
BODESA,"MOTO BDS THUNDER 190CC, NEGRO",CEDIS SAN LUIS,CEDIS SAN LUIS,27,140,LGVSMD106TZ000583,0,$0.00,0,$0,1,16200
BODESA,"MOTO BDS THUNDER 190CC, NEGRO",CEDIS SAN LUIS,CEDIS SAN LUIS,27,140,LGVSMD107TZ000558,0,$0.00,0,$0,1,16200
BODESA,"MOTO BDS THUNDER 190CC, NEGRO",CEDIS SAN LUIS,CEDIS SAN LUIS,27,140,LGVSMD108TZ000245,0,$0.00,0,$0,1,16200
BODESA,"MOTO BDS THUNDER 190CC, NEGRO",CEDIS SAN LUIS,CEDIS SAN LUIS,27,140,LGVSMD108TZ000276,0,$0.00,0,$0,1,16200
BODESA,"MOTO BDS THUNDER 190CC, NEGRO",CEDIS SAN LUIS,CEDIS SAN LUIS,27,140,LGVSMD108TZ000567,0,$0.00,0,$0,1,16200
BODESA,"MOTO BDS THUNDER 190CC, NEGRO",CEDIS SAN LUIS,CEDIS SAN LUIS,27,140,LGVSMD109TZ000271,0,$0.00,0,$0,1,16200
BODESA,"MOTO BDS THUNDER 190CC, NEGRO",CEDIS SAN LUIS,CEDIS SAN LUIS,27,140,LGVSMD109TZ000285,0,$0.00,0,$0,1,16200
BODESA,"MOTO BDS THUNDER 190CC, NEGRO",CEDIS SAN LUIS,CEDIS SAN LUIS,27,140,LGVSMD109TZ000531,0,$0.00,0,$0,1,16200
BODESA,"MOTO BDS THUNDER 190CC, NEGRO",CEDIS SAN LUIS,CEDIS SAN LUIS,27,140,LGVSMD10XTZ000246,0,$0.00,0,$0,1,16200
BODESA,"MOTO BDS THUNDER 190CC, NEGRO",CEDIS SAN LUIS,CEDIS SAN LUIS,27,140,LGVSMD10XTZ000280,0,$0.00,0,$0,1,16200
BODESA,"MOTO BDS THUNDER 190CC, NEGRO",CEDIS SAN LUIS,CEDIS SAN LUIS,27,140,LGVSMD10XTZ000554,0,$0.00,0,$0,1,16200
BODESA,"MOTO BDS THUNDER 190CC, NEGRO",CEDIS SAN LUIS,CEDIS SAN LUIS,27,140,LGVSMD10XTZ000571,0,$0.00,0,$0,1,16200
BODESA,"MOTO BDS THUNDER 190CC, NEGRO",CEDIS TAB PXGL,CEDIS MACROPAY TABASCO PXGL,14,140,LGVSMD100TZ000420,0,$0.00,0,$0,1,16900
BODESA,"MOTO BDS THUNDER 190CC, NEGRO",CEDIS TAB PXGL,CEDIS MACROPAY TABASCO PXGL,14,140,LGVSMD101TZ000281,0,$0.00,0,$0,1,16900
BODESA,"MOTO BDS THUNDER 190CC, NEGRO",CEDIS TAB PXGL,CEDIS MACROPAY TABASCO PXGL,14,140,LGVSMD102TZ000368,0,$0.00,0,$0,1,16900
BODESA,"MOTO BDS THUNDER 190CC, NEGRO",CEDIS TAB PXGL,CEDIS MACROPAY TABASCO PXGL,14,140,LGVSMD103TZ000296,0,$0.00,0,$0,1,16900
BODESA,"MOTO BDS THUNDER 190CC, NEGRO",CEDIS TAB PXGL,CEDIS MACROPAY TABASCO PXGL,14,140,LGVSMD103TZ000363,0,$0.00,0,$0,1,16900
BODESA,"MOTO BDS THUNDER 190CC, NEGRO",CEDIS TAB PXGL,CEDIS MACROPAY TABASCO PXGL,14,140,LGVSMD103TZ000377,0,$0.00,0,$0,1,16900
BODESA,"MOTO BDS THUNDER 190CC, NEGRO",CEDIS TAB PXGL,CEDIS MACROPAY TABASCO PXGL,14,140,LGVSMD103TZ000413,0,$0.00,0,$0,1,16900
BODESA,"MOTO BDS THUNDER 190CC, NEGRO",CEDIS TAB PXGL,CEDIS MACROPAY TABASCO PXGL,14,140,LGVSMD105TZ000283,0,$0.00,0,$0,1,16900
BODESA,"MOTO BDS THUNDER 190CC, NEGRO",CEDIS TAB PXGL,CEDIS MACROPAY TABASCO PXGL,14,140,LGVSMD105TZ000316,0,$0.00,0,$0,1,16900
BODESA,"MOTO BDS THUNDER 190CC, NEGRO",CEDIS TAB PXGL,CEDIS MACROPAY TABASCO PXGL,14,140,LGVSMD108TZ000634,0,$0.00,0,$0,1,16900
DINAMO,"MOTO DINAMO ADVENTURE ELITE 150C, BLANCO",CEDIS TAB PXGL,CEDIS MACROPAY TABASCO PXGL,14,140,3CUS1AAY8TX000067,0,$0.00,1,$21220,0,0
DINAMO,"MOTO DINAMO ADVENTURE ELITE 150CC, ROJO",CEDIS TAB PXGL,CEDIS MACROPAY TABASCO PXGL,14,140,3CUS1AAY5TX000172,0,$0.00,1,$20083,0,0
DINAMO,"MOTO DINAMO KF RACER 150CC, VERDE",CEDIS CDMX,CE. LOG. PXGL,21,140,3CUU2AKF4SX000262,0,$0.00,1,$16411,0,0
DINAMO,"MOTO DINAMO METRO 125CC, PLATA",CEDIS CDMX,CE. LOG. PXGL,21,140,3CUT3AMM2TX000055,0,$0.00,1,$21220,0,0
DINAMO,"MOTO DINAMO METRO 125CC, PLATA",CEDIS CDMX,CE. LOG. PXGL,21,140,3CUT3AMM3TX000002,0,$0.00,1,$21220,0,0
DINAMO,"MOTO DINAMO METRO 125CC, ROJO",CEDIS CDMX,CE. LOG. PXGL,21,140,3CUT3AMMXTX000160,0,$0.00,1,$21220,0,0
DINAMO,"MOTO DINAMO METRO 125CC, VERDE",CEDIS CDMX,CE. LOG. PXGL,21,140,3CUT3AMM4TX000168,0,$0.00,1,$21220,0,0
DINAMO,"MOTO DINAMO MONKEY 125CC, AMARILLO",CEDIS TAB PXGL,CEDIS MACROPAY TABASCO PXGL,14,140,3CUU2AMF5SX000266,0,$0.00,1,$20846,0,0
DINAMO,"MOTO DINAMO R2-GT 250CC, AMARILLO",CEDIS TAB PXGL,CEDIS MACROPAY TABASCO PXGL,14,140,3CUP2ARR8SX000102,0,$0.00,1,$33196,0,0
DINAMO,"MOTO DINAMO R2-GT 250CC, GRIS",CEDIS TAB PXGL,CEDIS MACROPAY TABASCO PXGL,14,140,3CUP2ARR2SX000287,0,$0.00,1,$33196,0,0
DINAMO,"MOTO DINAMO SCORPIO 200CC, BLANCO",CEDIS MID,CEDIS MERIDA PXGL,26,140,3CUD2ASP9SX000489,0,$0.00,1,$21480,0,0
DINAMO,"MOTO DINAMO SCORPIO 200CC, BLANCO",CEDIS TAB PXGL,CEDIS MACROPAY TABASCO PXGL,14,140,3CUD2ASP2TX000027,0,$0.00,1,$23881,0,0
DINAMO,"MOTO DINAMO SCORPIO 200CC, ROJO",CEDIS TAB PXGL,CEDIS MACROPAY TABASCO PXGL,14,140,3CUD2ASP6TX000046,0,$0.00,1,$23899,0,0
MOTO ROAD,"MOTO CARABELA BAT 150CC, NEGRO",CEDIS CDMX,CE. LOG. PXGL,21,140,3EFTAKAE4V1042190,0,$0.00,0,$0,1,13939
MOTO ROAD,"MOTO CARABELA BAT 150CC, NEGRO",CEDIS CDMX,CE. LOG. PXGL,21,140,3EFTAKAE7V1042166,0,$0.00,0,$0,1,13939
MOTO ROAD,"MOTO CARABELA BAT 150CC, NEGRO",CEDIS GDL,CEDIS MACROPAY GUADALAJARA,25,140,3EFTAKAE2V1042110,0,$0.00,0,$0,1,13939
MOTO ROAD,"MOTO CARABELA BAT 150CC, NEGRO",CEDIS GDL,CEDIS MACROPAY GUADALAJARA,25,140,3EFTAKAE6V1042191,0,$0.00,0,$0,1,13939
MOTO ROAD,"MOTO CARABELA BAT 150CC, NEGRO",CEDIS MID,CEDIS MERIDA PXGL,26,140,3EFTAKAE0V1042106,0,$0.00,0,$0,1,14118
MOTO ROAD,"MOTO CARABELA BAT 150CC, NEGRO",CEDIS MID,CEDIS MERIDA PXGL,26,140,3EFTAKAE1V1042115,0,$0.00,0,$0,1,14118
MOTO ROAD,"MOTO CARABELA BAT 150CC, NEGRO",CEDIS MID,CEDIS MERIDA PXGL,26,140,3EFTAKAE1V1042163,0,$0.00,0,$0,1,14118
MOTO ROAD,"MOTO CARABELA BAT 150CC, NEGRO",CEDIS MID,CEDIS MERIDA PXGL,26,140,3EFTAKAE6V1042157,0,$0.00,0,$0,1,14118
MOTO ROAD,"MOTO CARABELA BAT 150CC, NEGRO",CEDIS MID,CEDIS MERIDA PXGL,26,140,3EFTAKAE8V1042192,0,$0.00,0,$0,1,14118
MOTO ROAD,"MOTO CARABELA BAT 150CC, NEGRO",CEDIS SAN LUIS,CEDIS SAN LUIS,27,140,3EFTAKAE6V1042112,0,$0.00,0,$0,1,13939
MOTO ROAD,"MOTO CARABELA COYOTE 150CC, AZUL",CEDIS MID,CEDIS MERIDA PXGL,26,140,3EFBBKAL9S1022505,0,$0.00,1,$20577,0,0
MOTO ROAD,"MOTO CARABELA DAKOTA ADV 320CC, AMARILLO",CEDIS CULIACAN,CEDIS CULIACAN,28,140,3EFPDRA10T1792567,0,$0.00,0,$0,1,26551
MOTO ROAD,"MOTO CARABELA DAKOTA ADV 320CC, AMARILLO",CEDIS CULIACAN,CEDIS CULIACAN,28,140,3EFPDRA12T1792571,0,$0.00,0,$0,1,26551
MOTO ROAD,"MOTO CARABELA DAKOTA ADV 320CC, AMARILLO",CEDIS CULIACAN,CEDIS CULIACAN,28,140,3EFPDRA12T1792621,0,$0.00,0,$0,1,26551
MOTO ROAD,"MOTO CARABELA DAKOTA ADV 320CC, AMARILLO",CEDIS CULIACAN,CEDIS CULIACAN,28,140,3EFPDRA16T1792623,0,$0.00,0,$0,1,26551
MOTO ROAD,"MOTO CARABELA DAKOTA ADV 320CC, AMARILLO",CEDIS CULIACAN,CEDIS CULIACAN,28,140,3EFPDRA17T1792601,0,$0.00,0,$0,1,26551
MOTO ROAD,"MOTO CARABELA DAKOTA ADV 320CC, AMARILLO",CEDIS CULIACAN,CEDIS CULIACAN,28,140,3EFPDRA18T1792574,0,$0.00,0,$0,1,26551
MOTO ROAD,"MOTO CARABELA DAKOTA ADV 320CC, AMARILLO",CEDIS CULIACAN,CEDIS CULIACAN,28,140,3EFPDRA18T1792641,0,$0.00,0,$0,1,26551
MOTO ROAD,"MOTO CARABELA DAKOTA ADV 320CC, AMARILLO",CEDIS CULIACAN,CEDIS CULIACAN,28,140,3EFPDRA19T1792583,0,$0.00,0,$0,1,26551
MOTO ROAD,"MOTO CARABELA DAKOTA ADV 320CC, AMARILLO",CEDIS CULIACAN,CEDIS CULIACAN,28,140,3EFPDRA19T1792597,0,$0.00,0,$0,1,26551
MOTO ROAD,"MOTO CARABELA DAKOTA ADV 320CC, AMARILLO",CEDIS CULIACAN,CEDIS CULIACAN,28,140,3EFPDRA19T1792602,0,$0.00,0,$0,1,26551
MOTO ROAD,"MOTO CARABELA DAKOTA ADV 320CC, AMARILLO",CEDIS CULIACAN,CEDIS CULIACAN,28,140,3EFPDRA1XT1792642,0,$0.00,0,$0,1,26551
MOTO ROAD,"MOTO CARABELA DAKOTA ADV 320CC, AMARILLO",CEDIS GDL,CEDIS MACROPAY GUADALAJARA,25,140,3EFPDRA10T1787465,0,$0.00,0,$0,1,26551
MOTO ROAD,"MOTO CARABELA DAKOTA ADV 320CC, AMARILLO",CEDIS GDL,CEDIS MACROPAY GUADALAJARA,25,140,3EFPDRA13T1792305,0,$0.00,0,$0,1,26551
MOTO ROAD,"MOTO CARABELA DAKOTA ADV 320CC, AMARILLO",CEDIS GDL,CEDIS MACROPAY GUADALAJARA,25,140,3EFPDRA13V1795238,0,$0.00,0,$0,1,26551
MOTO ROAD,"MOTO CARABELA DAKOTA ADV 320CC, AMARILLO",CEDIS GDL,CEDIS MACROPAY GUADALAJARA,25,140,3EFPDRA14T1792605,0,$0.00,0,$0,1,26551
MOTO ROAD,"MOTO CARABELA DAKOTA ADV 320CC, AMARILLO",CEDIS GDL,CEDIS MACROPAY GUADALAJARA,25,140,3EFPDRA14V1795247,0,$0.00,0,$0,1,26551
MOTO ROAD,"MOTO CARABELA DAKOTA ADV 320CC, AMARILLO",CEDIS GDL,CEDIS MACROPAY GUADALAJARA,25,140,3EFPDRA16V1795203,0,$0.00,0,$0,1,26551
MOTO ROAD,"MOTO CARABELA DAKOTA ADV 320CC, AMARILLO",CEDIS GDL,CEDIS MACROPAY GUADALAJARA,25,140,3EFPDRA17T1792632,0,$0.00,0,$0,1,26551
MOTO ROAD,"MOTO CARABELA DAKOTA ADV 320CC, AMARILLO",CEDIS GDL,CEDIS MACROPAY GUADALAJARA,25,140,3EFPDRA17V1795243,0,$0.00,0,$0,1,26551
MOTO ROAD,"MOTO CARABELA DAKOTA ADV 320CC, AMARILLO",CEDIS GDL,CEDIS MACROPAY GUADALAJARA,25,140,3EFPDRA18T1792560,0,$0.00,0,$0,1,26551
MOTO ROAD,"MOTO CARABELA DAKOTA ADV 320CC, AMARILLO",CEDIS GDL,CEDIS MACROPAY GUADALAJARA,25,140,3EFPDRA19V1795194,0,$0.00,0,$0,1,26551
MOTO ROAD,"MOTO CARABELA DAKOTA ADV 320CC, AMARILLO",CEDIS GDL,CEDIS MACROPAY GUADALAJARA,25,140,3EFPDRA1XT1792320,0,$0.00,0,$0,1,26551
MOTO ROAD,"MOTO CARABELA DAKOTA ADV 320CC, AMARILLO",CEDIS MID,CEDIS MERIDA PXGL,26,140,3EFPDRA10T1787403,0,$0.00,0,$0,1,26737
MOTO ROAD,"MOTO CARABELA DAKOTA ADV 320CC, AMARILLO",CEDIS MID,CEDIS MERIDA PXGL,26,140,3EFPDRA10T1787434,0,$0.00,0,$0,1,26737
MOTO ROAD,"MOTO CARABELA DAKOTA ADV 320CC, AMARILLO",CEDIS MID,CEDIS MERIDA PXGL,26,140,3EFPDRA10T1792584,0,$0.00,0,$0,1,26737
MOTO ROAD,"MOTO CARABELA DAKOTA ADV 320CC, AMARILLO",CEDIS MID,CEDIS MERIDA PXGL,26,140,3EFPDRA11T1787426,0,$0.00,0,$0,1,26737
MOTO ROAD,"MOTO CARABELA DAKOTA ADV 320CC, AMARILLO",CEDIS MID,CEDIS MERIDA PXGL,26,140,3EFPDRA11T1792612,0,$0.00,0,$0,1,26737
MOTO ROAD,"MOTO CARABELA DAKOTA ADV 320CC, AMARILLO",CEDIS MID,CEDIS MERIDA PXGL,26,140,3EFPDRA12T1792554,0,$0.00,0,$0,1,26737
MOTO ROAD,"MOTO CARABELA DAKOTA ADV 320CC, AMARILLO",CEDIS MID,CEDIS MERIDA PXGL,26,140,3EFPDRA13T1792594,0,$0.00,0,$0,1,26737
MOTO ROAD,"MOTO CARABELA DAKOTA ADV 320CC, AMARILLO",CEDIS MID,CEDIS MERIDA PXGL,26,140,3EFPDRA15T1787431,0,$0.00,0,$0,1,26737
MOTO ROAD,"MOTO CARABELA DAKOTA ADV 320CC, AMARILLO",CEDIS MID,CEDIS MERIDA PXGL,26,140,3EFPDRA15T1792628,0,$0.00,0,$0,1,26737
MOTO ROAD,"MOTO CARABELA DAKOTA ADV 320CC, AMARILLO",CEDIS MID,CEDIS MERIDA PXGL,26,140,3EFPDRA16T1792573,0,$0.00,0,$0,1,26737
MOTO ROAD,"MOTO CARABELA DAKOTA ADV 320CC, AMARILLO",CEDIS MID,CEDIS MERIDA PXGL,26,140,3EFPDRA17T1787415,0,$0.00,0,$0,1,26737
MOTO ROAD,"MOTO CARABELA DAKOTA ADV 320CC, AMARILLO",CEDIS MID,CEDIS MERIDA PXGL,26,140,3EFPDRA19T1792566,0,$0.00,0,$0,1,26737
MOTO ROAD,"MOTO CARABELA DAKOTA ADV 320CC, AMARILLO",CEDIS MID,CEDIS MERIDA PXGL,26,140,3EFPDRA19T1792647,0,$0.00,0,$0,1,26737
MOTO ROAD,"MOTO CARABELA DAKOTA ADV 320CC, AMARILLO",CEDIS MID,CEDIS MERIDA PXGL,26,140,3EFPDRA1XT1792558,0,$0.00,0,$0,1,26737
MOTO ROAD,"MOTO CARABELA DAKOTA ADV 320CC, AMARILLO",CEDIS SALTILLO,CEDIS SALTILLO,29,140,3EFPDRA18T1789187,0,$0.00,1,$26551,0,0
MOTO ROAD,"MOTO CARABELA DAKOTA ADV 320CC, AMARILLO",CEDIS SAN LUIS,CEDIS SAN LUIS,27,140,3EFPDRA11T1792559,0,$0.00,0,$0,1,26551
MOTO ROAD,"MOTO CARABELA DAKOTA ADV 320CC, AMARILLO",CEDIS SAN LUIS,CEDIS SAN LUIS,27,140,3EFPDRA11T1792576,0,$0.00,0,$0,1,26551
MOTO ROAD,"MOTO CARABELA DAKOTA ADV 320CC, AMARILLO",CEDIS SAN LUIS,CEDIS SAN LUIS,27,140,3EFPDRA11T1792626,0,$0.00,0,$0,1,26551
MOTO ROAD,"MOTO CARABELA DAKOTA ADV 320CC, AMARILLO",CEDIS SAN LUIS,CEDIS SAN LUIS,27,140,3EFPDRA12T1792604,0,$0.00,0,$0,1,26551
MOTO ROAD,"MOTO CARABELA DAKOTA ADV 320CC, AMARILLO",CEDIS SAN LUIS,CEDIS SAN LUIS,27,140,3EFPDRA14T1792586,0,$0.00,0,$0,1,26551
MOTO ROAD,"MOTO CARABELA DAKOTA ADV 320CC, AMARILLO",CEDIS SAN LUIS,CEDIS SAN LUIS,27,140,3EFPDRA16T1792556,0,$0.00,0,$0,1,26551
MOTO ROAD,"MOTO CARABELA DAKOTA ADV 320CC, AMARILLO",CEDIS SAN LUIS,CEDIS SAN LUIS,27,140,3EFPDRA17T1789133,0,$0.00,0,$0,1,26551
MOTO ROAD,"MOTO CARABELA DAKOTA ADV 320CC, AMARILLO",CEDIS SAN LUIS,CEDIS SAN LUIS,27,140,3EFPDRA1XT1792561,0,$0.00,0,$0,1,26551
MOTO ROAD,"MOTO CARABELA DIRT 3 250CC, ROJO",CEDIS MID,CEDIS MERIDA PXGL,26,140,3EFRANAN8T1785654,0,$0.00,1,$27089,0,0
MOTO ROAD,"MOTO CARABELA HUNTER 110CC, BLANCO",CEDIS CULIACAN,CEDIS CULIACAN,28,140,3EFTAHAV3T1039281,0,$0.00,0,$0,1,12943
MOTO ROAD,"MOTO CARABELA HUNTER 110CC, BLANCO",CEDIS CULIACAN,CEDIS CULIACAN,28,140,3EFTAHAV5T1038262,0,$0.00,0,$0,1,12943
MOTO ROAD,"MOTO CARABELA HUNTER 110CC, BLANCO",CEDIS CULIACAN,CEDIS CULIACAN,28,140,3EFTAHAV7T1038263,0,$0.00,0,$0,1,12943
MOTO ROAD,"MOTO CARABELA HUNTER 110CC, BLANCO",CEDIS CULIACAN,CEDIS CULIACAN,28,140,3EFTAHAV9T1039253,0,$0.00,0,$0,1,12943
MOTO ROAD,"MOTO CARABELA HUNTER 110CC, BLANCO",CEDIS GDL,CEDIS MACROPAY GUADALAJARA,25,140,3EFTAHAV1T1038128,0,$0.00,0,$0,1,12943
MOTO ROAD,"MOTO CARABELA HUNTER 110CC, BLANCO",CEDIS GDL,CEDIS MACROPAY GUADALAJARA,25,140,3EFTAHAV1T1039277,0,$0.00,0,$0,1,12943
MOTO ROAD,"MOTO CARABELA HUNTER 110CC, BLANCO",CEDIS GDL,CEDIS MACROPAY GUADALAJARA,25,140,3EFTAHAV1T1039294,0,$0.00,0,$0,1,12943
MOTO ROAD,"MOTO CARABELA HUNTER 110CC, BLANCO",CEDIS GDL,CEDIS MACROPAY GUADALAJARA,25,140,3EFTAHAV2T1039272,0,$0.00,0,$0,1,12943
MOTO ROAD,"MOTO CARABELA HUNTER 110CC, BLANCO",CEDIS GDL,CEDIS MACROPAY GUADALAJARA,25,140,3EFTAHAV3T1038129,0,$0.00,0,$0,1,12943
MOTO ROAD,"MOTO CARABELA HUNTER 110CC, BLANCO",CEDIS GDL,CEDIS MACROPAY GUADALAJARA,25,140,3EFTAHAV3T1039278,0,$0.00,0,$0,1,12943
MOTO ROAD,"MOTO CARABELA HUNTER 110CC, BLANCO",CEDIS GDL,CEDIS MACROPAY GUADALAJARA,25,140,3EFTAHAV3T1039295,0,$0.00,0,$0,1,12943
MOTO ROAD,"MOTO CARABELA HUNTER 110CC, BLANCO",CEDIS GDL,CEDIS MACROPAY GUADALAJARA,25,140,3EFTAHAV4T1039287,0,$0.00,0,$0,1,12943
MOTO ROAD,"MOTO CARABELA HUNTER 110CC, BLANCO",CEDIS GDL,CEDIS MACROPAY GUADALAJARA,25,140,3EFTAHAV4T1039290,0,$0.00,0,$0,1,12943
MOTO ROAD,"MOTO CARABELA HUNTER 110CC, BLANCO",CEDIS GDL,CEDIS MACROPAY GUADALAJARA,25,140,3EFTAHAV5T1038195,0,$0.00,0,$0,1,12943
MOTO ROAD,"MOTO CARABELA HUNTER 110CC, BLANCO",CEDIS GDL,CEDIS MACROPAY GUADALAJARA,25,140,3EFTAHAV7T1039297,0,$0.00,0,$0,1,12943
MOTO ROAD,"MOTO CARABELA HUNTER 110CC, BLANCO",CEDIS GDL,CEDIS MACROPAY GUADALAJARA,25,140,3EFTAHAV8T1039292,0,$0.00,0,$0,1,12943
MOTO ROAD,"MOTO CARABELA HUNTER 110CC, BLANCO",CEDIS GDL,CEDIS MACROPAY GUADALAJARA,25,140,3EFTAHAVXT1038175,0,$0.00,0,$0,1,12943
MOTO ROAD,"MOTO CARABELA HUNTER 110CC, BLANCO",CEDIS MID,CEDIS MERIDA,11,140,3EFTAHAV0T1039318,0,$0.00,0,$0,1,13892
MOTO ROAD,"MOTO CARABELA HUNTER 110CC, BLANCO",CEDIS MID,CEDIS MERIDA,11,140,3EFTAHAV4T1039421,0,$0.00,0,$0,1,13892
MOTO ROAD,"MOTO CARABELA HUNTER 110CC, BLANCO",CEDIS MID,CEDIS MERIDA PXGL,26,140,3EFTAHAV1T1039408,0,$0.00,0,$0,1,13023
MOTO ROAD,"MOTO CARABELA HUNTER 110CC, BLANCO",CEDIS MID,CEDIS MERIDA PXGL,26,140,3EFTAHAV2T1039403,0,$0.00,0,$0,1,13023
MOTO ROAD,"MOTO CARABELA HUNTER 110CC, BLANCO",CEDIS MID,CEDIS MERIDA PXGL,26,140,3EFTAHAV4T1039337,0,$0.00,0,$0,1,13023
MOTO ROAD,"MOTO CARABELA HUNTER 110CC, BLANCO",CEDIS MID,CEDIS MERIDA PXGL,26,140,3EFTAHAV5T1039282,0,$0.00,0,$0,1,13023
MOTO ROAD,"MOTO CARABELA HUNTER 110CC, BLANCO",CEDIS MID,CEDIS MERIDA PXGL,26,140,3EFTAHAV5T1039363,0,$0.00,0,$0,1,13023
MOTO ROAD,"MOTO CARABELA HUNTER 110CC, BLANCO",CEDIS MID,CEDIS MERIDA PXGL,26,140,3EFTAHAV5T1039413,0,$0.00,0,$0,1,13023
MOTO ROAD,"MOTO CARABELA HUNTER 110CC, BLANCO",CEDIS MID,CEDIS MERIDA PXGL,26,140,3EFTAHAV6T1039257,0,$0.00,0,$0,1,13023
MOTO ROAD,"MOTO CARABELA HUNTER 110CC, BLANCO",CEDIS MID,CEDIS MERIDA PXGL,26,140,3EFTAHAV6T1039307,0,$0.00,0,$0,1,13023
MOTO ROAD,"MOTO CARABELA HUNTER 110CC, BLANCO",CEDIS MID,CEDIS MERIDA PXGL,26,140,3EFTAHAV7T1039333,0,$0.00,0,$0,1,13023
MOTO ROAD,"MOTO CARABELA HUNTER 110CC, BLANCO",CEDIS MID,CEDIS MERIDA PXGL,26,140,3EFTAHAV7T1039347,0,$0.00,0,$0,1,13023
MOTO ROAD,"MOTO CARABELA HUNTER 110CC, BLANCO",CEDIS MID,CEDIS MERIDA PXGL,26,140,3EFTAHAV8T1039356,0,$0.00,0,$0,1,13023
MOTO ROAD,"MOTO CARABELA HUNTER 110CC, BLANCO",CEDIS MID,CEDIS MERIDA PXGL,26,140,3EFTAHAV9T1039396,0,$0.00,0,$0,1,13023
MOTO ROAD,"MOTO CARABELA HUNTER 110CC, BLANCO",CEDIS SAN LUIS,CEDIS SAN LUIS,27,140,3EFTAHAV5T1039301,0,$0.00,0,$0,1,12943
MOTO ROAD,"MOTO CARABELA HUNTER 110CC, BLANCO",CEDIS SAN LUIS,CEDIS SAN LUIS,27,140,3EFTAHAV7T1039283,0,$0.00,0,$0,1,12943
MOTO ROAD,"MOTO CARABELA HUNTER 110CC, BLANCO",CEDIS SAN LUIS,CEDIS SAN LUIS,27,140,3EFTAHAV9T1039317,0,$0.00,0,$0,1,12943
MOTO ROAD,"MOTO CARABELA HUNTER 110CC, BLANCO",CEDIS SAN LUIS,CEDIS SAN LUIS,27,140,3EFTAHAVXT1039293,0,$0.00,0,$0,1,12943
MOTO ROAD,"MOTO CARABELA HUNTER 110CC, BLANCO",CEDIS SAN LUIS,CEDIS SAN LUIS,27,140,3EFTAHAVXT1039407,0,$0.00,0,$0,1,12943
MOTO ROAD,"MOTO CARABELA HUNTER 125CC, ROJO",CEDIS CDMX,CE. LOG. PXGL,21,140,3EFTAJAT2V1042004,0,$0.00,0,$0,1,13939
MOTO ROAD,"MOTO CARABELA HUNTER 125CC, ROJO",CEDIS CDMX,CE. LOG. PXGL,21,140,3EFTAJAT2V1042097,0,$0.00,0,$0,1,13939
MOTO ROAD,"MOTO CARABELA HUNTER 125CC, ROJO",CEDIS CULIACAN,CEDIS CULIACAN,28,140,3EFTAJAT0T1041513,0,$0.00,0,$0,1,13939
MOTO ROAD,"MOTO CARABELA HUNTER 125CC, ROJO",CEDIS CULIACAN,CEDIS CULIACAN,28,140,3EFTAJAT4T1041448,0,$0.00,0,$0,1,13939
MOTO ROAD,"MOTO CARABELA HUNTER 125CC, ROJO",CEDIS CULIACAN,CEDIS CULIACAN,28,140,3EFTAJAT4T1041594,0,$0.00,0,$0,1,13939
MOTO ROAD,"MOTO CARABELA HUNTER 125CC, ROJO",CEDIS CULIACAN,CEDIS CULIACAN,28,140,3EFTAJAT5T1041460,0,$0.00,0,$0,1,13939
MOTO ROAD,"MOTO CARABELA HUNTER 125CC, ROJO",CEDIS CULIACAN,CEDIS CULIACAN,28,140,3EFTAJAT8V1042041,0,$0.00,0,$0,1,13939
MOTO ROAD,"MOTO CARABELA HUNTER 125CC, ROJO",CEDIS GDL,CEDIS MACROPAY GUADALAJARA,25,140,3EFTAJAT0V1042003,0,$0.00,0,$0,1,13939
MOTO ROAD,"MOTO CARABELA HUNTER 125CC, ROJO",CEDIS GDL,CEDIS MACROPAY GUADALAJARA,25,140,3EFTAJAT0V1042051,0,$0.00,0,$0,1,13939
MOTO ROAD,"MOTO CARABELA HUNTER 125CC, ROJO",CEDIS GDL,CEDIS MACROPAY GUADALAJARA,25,140,3EFTAJAT0V1042082,0,$0.00,0,$0,1,13939
MOTO ROAD,"MOTO CARABELA HUNTER 125CC, ROJO",CEDIS GDL,CEDIS MACROPAY GUADALAJARA,25,140,3EFTAJAT2V1042083,0,$0.00,0,$0,1,13939
MOTO ROAD,"MOTO CARABELA HUNTER 125CC, ROJO",CEDIS GDL,CEDIS MACROPAY GUADALAJARA,25,140,3EFTAJAT3V1040469,0,$0.00,0,$0,1,13939
MOTO ROAD,"MOTO CARABELA HUNTER 125CC, ROJO",CEDIS GDL,CEDIS MACROPAY GUADALAJARA,25,140,3EFTAJAT3V1041945,0,$0.00,0,$0,1,13939
MOTO ROAD,"MOTO CARABELA HUNTER 125CC, ROJO",CEDIS GDL,CEDIS MACROPAY GUADALAJARA,25,140,3EFTAJAT3V1042030,0,$0.00,0,$0,1,13939
MOTO ROAD,"MOTO CARABELA HUNTER 125CC, ROJO",CEDIS GDL,CEDIS MACROPAY GUADALAJARA,25,140,3EFTAJAT4V1042098,0,$0.00,0,$0,1,13939
MOTO ROAD,"MOTO CARABELA HUNTER 125CC, ROJO",CEDIS GDL,CEDIS MACROPAY GUADALAJARA,25,140,3EFTAJAT5V1042031,0,$0.00,0,$0,1,13939
MOTO ROAD,"MOTO CARABELA HUNTER 125CC, ROJO",CEDIS GDL,CEDIS MACROPAY GUADALAJARA,25,140,3EFTAJAT5V1042076,0,$0.00,0,$0,1,13939
MOTO ROAD,"MOTO CARABELA HUNTER 125CC, ROJO",CEDIS GDL,CEDIS MACROPAY GUADALAJARA,25,140,3EFTAJAT6V1041938,0,$0.00,0,$0,1,13939
MOTO ROAD,"MOTO CARABELA HUNTER 125CC, ROJO",CEDIS GDL,CEDIS MACROPAY GUADALAJARA,25,140,3EFTAJAT6V1041941,0,$0.00,0,$0,1,13939
MOTO ROAD,"MOTO CARABELA HUNTER 125CC, ROJO",CEDIS GDL,CEDIS MACROPAY GUADALAJARA,25,140,3EFTAJAT6V1042068,0,$0.00,0,$0,1,13939
MOTO ROAD,"MOTO CARABELA HUNTER 125CC, ROJO",CEDIS GDL,CEDIS MACROPAY GUADALAJARA,25,140,3EFTAJAT6V1042099,0,$0.00,0,$0,1,13939
MOTO ROAD,"MOTO CARABELA HUNTER 125CC, ROJO",CEDIS GDL,CEDIS MACROPAY GUADALAJARA,25,140,3EFTAJAT7V1041947,0,$0.00,0,$0,1,13939
MOTO ROAD,"MOTO CARABELA HUNTER 125CC, ROJO",CEDIS GDL,CEDIS MACROPAY GUADALAJARA,25,140,3EFTAJAT7V1042015,0,$0.00,0,$0,1,13939
MOTO ROAD,"MOTO CARABELA HUNTER 125CC, ROJO",CEDIS GDL,CEDIS MACROPAY GUADALAJARA,25,140,3EFTAJAT8V1042055,0,$0.00,0,$0,1,13939
MOTO ROAD,"MOTO CARABELA HUNTER 125CC, ROJO",CEDIS GDL,CEDIS MACROPAY GUADALAJARA,25,140,3EFTAJAT9V1042095,0,$0.00,0,$0,1,13939
MOTO ROAD,"MOTO CARABELA HUNTER 125CC, ROJO",CEDIS GDL,CEDIS MACROPAY GUADALAJARA,25,140,3EFTAJATXV1041943,0,$0.00,0,$0,1,13939
MOTO ROAD,"MOTO CARABELA HUNTER 125CC, ROJO",CEDIS GDL,CEDIS MACROPAY GUADALAJARA,25,140,3EFTAJATXV1041957,0,$0.00,0,$0,1,13939
MOTO ROAD,"MOTO CARABELA HUNTER 125CC, ROJO",CEDIS GDL,CEDIS MACROPAY GUADALAJARA,25,140,3EFTAJATXV1041960,0,$0.00,0,$0,1,13939
MOTO ROAD,"MOTO CARABELA HUNTER 125CC, ROJO",CEDIS MID,CEDIS MERIDA PXGL,26,140,3EFTAJAT0V1042633,0,$0.00,0,$0,1,13939
MOTO ROAD,"MOTO CARABELA HUNTER 125CC, ROJO",CEDIS MID,CEDIS MERIDA PXGL,26,140,3EFTAJAT1V1042558,0,$0.00,0,$0,1,13939
MOTO ROAD,"MOTO CARABELA HUNTER 125CC, ROJO",CEDIS MID,CEDIS MERIDA PXGL,26,140,3EFTAJAT1V1042642,0,$0.00,0,$0,1,13939
MOTO ROAD,"MOTO CARABELA HUNTER 125CC, ROJO",CEDIS MID,CEDIS MERIDA PXGL,26,140,3EFTAJAT2V1042522,0,$0.00,0,$0,1,13939
MOTO ROAD,"MOTO CARABELA HUNTER 125CC, ROJO",CEDIS MID,CEDIS MERIDA PXGL,26,140,3EFTAJAT2V1042553,0,$0.00,0,$0,1,13939
MOTO ROAD,"MOTO CARABELA HUNTER 125CC, ROJO",CEDIS MID,CEDIS MERIDA PXGL,26,140,3EFTAJAT2V1042567,0,$0.00,0,$0,1,13939
MOTO ROAD,"MOTO CARABELA HUNTER 125CC, ROJO",CEDIS MID,CEDIS MERIDA PXGL,26,140,3EFTAJAT2V1042603,0,$0.00,0,$0,1,13939
MOTO ROAD,"MOTO CARABELA HUNTER 125CC, ROJO",CEDIS MID,CEDIS MERIDA PXGL,26,140,3EFTAJAT2V1042648,0,$0.00,0,$0,1,13939
MOTO ROAD,"MOTO CARABELA HUNTER 125CC, ROJO",CEDIS MID,CEDIS MERIDA PXGL,26,140,3EFTAJAT3V1042531,0,$0.00,0,$0,1,13939
MOTO ROAD,"MOTO CARABELA HUNTER 125CC, ROJO",CEDIS MID,CEDIS MERIDA PXGL,26,140,3EFTAJAT3V1042593,0,$0.00,0,$0,1,13939
MOTO ROAD,"MOTO CARABELA HUNTER 125CC, ROJO",CEDIS MID,CEDIS MERIDA PXGL,26,140,3EFTAJAT4V1042537,0,$0.00,0,$0,1,13939
MOTO ROAD,"MOTO CARABELA HUNTER 125CC, ROJO",CEDIS MID,CEDIS MERIDA PXGL,26,140,3EFTAJAT4V1042568,0,$0.00,0,$0,1,13939
MOTO ROAD,"MOTO CARABELA HUNTER 125CC, ROJO",CEDIS MID,CEDIS MERIDA PXGL,26,140,3EFTAJAT4V1042571,0,$0.00,0,$0,1,13939
MOTO ROAD,"MOTO CARABELA HUNTER 125CC, ROJO",CEDIS MID,CEDIS MERIDA PXGL,26,140,3EFTAJAT5V1042563,0,$0.00,0,$0,1,13939
MOTO ROAD,"MOTO CARABELA HUNTER 125CC, ROJO",CEDIS MID,CEDIS MERIDA PXGL,26,140,3EFTAJAT5V1042675,0,$0.00,0,$0,1,13939
MOTO ROAD,"MOTO CARABELA HUNTER 125CC, ROJO",CEDIS MID,CEDIS MERIDA PXGL,26,140,3EFTAJAT6V1042538,0,$0.00,0,$0,1,13939
MOTO ROAD,"MOTO CARABELA HUNTER 125CC, ROJO",CEDIS MID,CEDIS MERIDA PXGL,26,140,3EFTAJAT6V1042541,0,$0.00,0,$0,1,13939
MOTO ROAD,"MOTO CARABELA HUNTER 125CC, ROJO",CEDIS MID,CEDIS MERIDA PXGL,26,140,3EFTAJAT6V1042586,0,$0.00,0,$0,1,13939
MOTO ROAD,"MOTO CARABELA HUNTER 125CC, ROJO",CEDIS MID,CEDIS MERIDA PXGL,26,140,3EFTAJAT6V1042667,0,$0.00,0,$0,1,13939
MOTO ROAD,"MOTO CARABELA HUNTER 125CC, ROJO",CEDIS MID,CEDIS MERIDA PXGL,26,140,3EFTAJAT8V1042525,0,$0.00,0,$0,1,13939
MOTO ROAD,"MOTO CARABELA HUNTER 125CC, ROJO",CEDIS MID,CEDIS MERIDA PXGL,26,140,3EFTAJAT8V1042539,0,$0.00,0,$0,1,13939
MOTO ROAD,"MOTO CARABELA HUNTER 125CC, ROJO",CEDIS MID,CEDIS MERIDA PXGL,26,140,3EFTAJAT8V1042556,0,$0.00,0,$0,1,13939
MOTO ROAD,"MOTO CARABELA HUNTER 125CC, ROJO",CEDIS MID,CEDIS MERIDA PXGL,26,140,3EFTAJAT8V1042573,0,$0.00,0,$0,1,13939
MOTO ROAD,"MOTO CARABELA HUNTER 125CC, ROJO",CEDIS MID,CEDIS MERIDA PXGL,26,140,3EFTAJAT8V1042587,0,$0.00,0,$0,1,13939
MOTO ROAD,"MOTO CARABELA HUNTER 125CC, ROJO",CEDIS MID,CEDIS MERIDA PXGL,26,140,3EFTAJAT8V1042590,0,$0.00,0,$0,1,13939
MOTO ROAD,"MOTO CARABELA HUNTER 125CC, ROJO",CEDIS MID,CEDIS MERIDA PXGL,26,140,3EFTAJAT8V1042606,0,$0.00,0,$0,1,13939
MOTO ROAD,"MOTO CARABELA HUNTER 125CC, ROJO",CEDIS MID,CEDIS MERIDA PXGL,26,140,3EFTAJAT9V1042551,0,$0.00,0,$0,1,13939
MOTO ROAD,"MOTO CARABELA HUNTER 125CC, ROJO",CEDIS MID,CEDIS MERIDA PXGL,26,140,3EFTAJAT9V1042565,0,$0.00,0,$0,1,13939
MOTO ROAD,"MOTO CARABELA HUNTER 125CC, ROJO",CEDIS MID,CEDIS MERIDA PXGL,26,140,3EFTAJAT9V1042632,0,$0.00,0,$0,1,13939
MOTO ROAD,"MOTO CARABELA HUNTER 125CC, ROJO",CEDIS SAN LUIS,CEDIS SAN LUIS,27,140,3EFTAJAT0V1042518,0,$0.00,0,$0,1,13939
MOTO ROAD,"MOTO CARABELA HUNTER 125CC, ROJO",CEDIS SAN LUIS,CEDIS SAN LUIS,27,140,3EFTAJAT0V1042521,0,$0.00,0,$0,1,13939
MOTO ROAD,"MOTO CARABELA HUNTER 125CC, ROJO",CEDIS SAN LUIS,CEDIS SAN LUIS,27,140,3EFTAJAT1V1041975,0,$0.00,0,$0,1,13939
MOTO ROAD,"MOTO CARABELA HUNTER 125CC, ROJO",CEDIS SAN LUIS,CEDIS SAN LUIS,27,140,3EFTAJAT1V1042561,0,$0.00,0,$0,1,13939
MOTO ROAD,"MOTO CARABELA HUNTER 125CC, ROJO",CEDIS SAN LUIS,CEDIS SAN LUIS,27,140,3EFTAJAT1V1042575,0,$0.00,0,$0,1,13939
MOTO ROAD,"MOTO CARABELA HUNTER 125CC, ROJO",CEDIS SAN LUIS,CEDIS SAN LUIS,27,140,3EFTAJAT1V1042625,0,$0.00,0,$0,1,13939
MOTO ROAD,"MOTO CARABELA HUNTER 125CC, ROJO",CEDIS SAN LUIS,CEDIS SAN LUIS,27,140,3EFTAJAT2V1041984,0,$0.00,0,$0,1,13939
MOTO ROAD,"MOTO CARABELA HUNTER 125CC, ROJO",CEDIS SAN LUIS,CEDIS SAN LUIS,27,140,3EFTAJAT2V1042066,0,$0.00,0,$0,1,13939
MOTO ROAD,"MOTO CARABELA HUNTER 125CC, ROJO",CEDIS SAN LUIS,CEDIS SAN LUIS,27,140,3EFTAJAT2V1042519,0,$0.00,0,$0,1,13939
MOTO ROAD,"MOTO CARABELA HUNTER 125CC, ROJO",CEDIS SAN LUIS,CEDIS SAN LUIS,27,140,3EFTAJAT2V1042617,0,$0.00,0,$0,1,13939
MOTO ROAD,"MOTO CARABELA HUNTER 125CC, ROJO",CEDIS SAN LUIS,CEDIS SAN LUIS,27,140,3EFTAJAT3V1042514,0,$0.00,0,$0,1,13939
MOTO ROAD,"MOTO CARABELA HUNTER 125CC, ROJO",CEDIS SAN LUIS,CEDIS SAN LUIS,27,140,3EFTAJAT3V1042609,0,$0.00,0,$0,1,13939
MOTO ROAD,"MOTO CARABELA HUNTER 125CC, ROJO",CEDIS SAN LUIS,CEDIS SAN LUIS,27,140,3EFTAJAT3V1042612,0,$0.00,0,$0,1,13939
MOTO ROAD,"MOTO CARABELA HUNTER 125CC, ROJO",CEDIS SAN LUIS,CEDIS SAN LUIS,27,140,3EFTAJAT4V1041940,0,$0.00,0,$0,1,13939
MOTO ROAD,"MOTO CARABELA HUNTER 125CC, ROJO",CEDIS SAN LUIS,CEDIS SAN LUIS,27,140,3EFTAJAT4V1042618,0,$0.00,0,$0,1,13939
MOTO ROAD,"MOTO CARABELA HUNTER 125CC, ROJO",CEDIS SAN LUIS,CEDIS SAN LUIS,27,140,3EFTAJAT5V1042613,0,$0.00,0,$0,1,13939
MOTO ROAD,"MOTO CARABELA HUNTER 125CC, ROJO",CEDIS SAN LUIS,CEDIS SAN LUIS,27,140,3EFTAJAT6T1039894,0,$0.00,0,$0,1,13939
MOTO ROAD,"MOTO CARABELA HUNTER 125CC, ROJO",CEDIS SAN LUIS,CEDIS SAN LUIS,27,140,3EFTAJAT6V1042622,0,$0.00,0,$0,1,13939
MOTO ROAD,"MOTO CARABELA HUNTER 125CC, ROJO",CEDIS SAN LUIS,CEDIS SAN LUIS,27,140,3EFTAJAT7V1042516,0,$0.00,0,$0,1,13939
MOTO ROAD,"MOTO CARABELA HUNTER 125CC, ROJO",CEDIS SAN LUIS,CEDIS SAN LUIS,27,140,3EFTAJAT7V1042533,0,$0.00,0,$0,1,13939
MOTO ROAD,"MOTO CARABELA HUNTER 125CC, ROJO",CEDIS SAN LUIS,CEDIS SAN LUIS,27,140,3EFTAJAT8T1039850,0,$0.00,0,$0,1,13939
MOTO ROAD,"MOTO CARABELA HUNTER 125CC, ROJO",CEDIS SAN LUIS,CEDIS SAN LUIS,27,140,3EFTAJAT8T1039900,0,$0.00,0,$0,1,13939
MOTO ROAD,"MOTO CARABELA HUNTER 125CC, ROJO",CEDIS SAN LUIS,CEDIS SAN LUIS,27,140,3EFTAJAT8V1041939,0,$0.00,0,$0,1,13939
MOTO ROAD,"MOTO CARABELA HUNTER 125CC, ROJO",CEDIS SAN LUIS,CEDIS SAN LUIS,27,140,3EFTAJAT8V1041987,0,$0.00,0,$0,1,13939
MOTO ROAD,"MOTO CARABELA HUNTER 125CC, ROJO",CEDIS SAN LUIS,CEDIS SAN LUIS,27,140,3EFTAJAT8V1042623,0,$0.00,0,$0,1,13939
MOTO ROAD,"MOTO CARABELA HUNTER 125CC, ROJO",CEDIS SAN LUIS,CEDIS SAN LUIS,27,140,3EFTAJAT9V1042047,0,$0.00,0,$0,1,13939
MOTO ROAD,"MOTO CARABELA HUNTER 125CC, ROJO",CEDIS SAN LUIS,CEDIS SAN LUIS,27,140,3EFTAJAT9V1042629,0,$0.00,0,$0,1,13939
MOTO ROAD,"MOTO CARABELA HUNTER 125CC, ROJO",CEDIS SAN LUIS,CEDIS SAN LUIS,27,140,3EFTAJATXV1042008,0,$0.00,0,$0,1,13939
MOTO ROAD,"MOTO CARABELA HUNTER 125CC, ROJO",CEDIS SAN LUIS,CEDIS SAN LUIS,27,140,3EFTAJATXV1042610,0,$0.00,0,$0,1,13939
MOTO ROAD,"MOTO CARABELA HUNTER 125CC, ROJO",CEDIS TAB PXGL,CEDIS MACROPAY TABASCO PXGL,14,140,3EFTAJAT8V1042072,0,$0.00,0,$0,1,15182
MOTO ROAD,"MOTO CARABELA HUNTER 125CC, ROJO",CEDIS TAB PXGL,CEDIS MACROPAY TABASCO PXGL,14,140,3EFTAJAT9V1042033,0,$0.00,0,$0,1,15182
MOTO ROAD,"MOTO CARABELA HUNTER 125CC, ROJO",CEDIS TAB PXGL,CEDIS MACROPAY TABASCO PXGL,14,140,3EFTAJATXV1042073,0,$0.00,0,$0,1,15182
MOTO ROAD,"MOTO CARABELA INDY 250CC, NEGRO",CEDIS CDMX,CE. LOG. PXGL,21,140,3EFCANAJ6V1022599,0,$0.00,0,$0,1,21103
MOTO ROAD,"MOTO CARABELA INDY 250CC, NEGRO",CEDIS CDMX,CE. LOG. PXGL,21,140,3EFCANAJ8V1022295,0,$0.00,1,$21103,0,0
MOTO ROAD,"MOTO CARABELA INDY 250CC, NEGRO",CEDIS CDMX,CE. LOG. PXGL,21,140,3EFCANAJXV1022508,0,$0.00,0,$0,1,21103
MOTO ROAD,"MOTO CARABELA INDY 250CC, NEGRO",CEDIS CULIACAN,CEDIS CULIACAN,28,140,3EFCANAJ0V1021917,0,$0.00,0,$0,1,20909
MOTO ROAD,"MOTO CARABELA INDY 250CC, NEGRO",CEDIS CULIACAN,CEDIS CULIACAN,28,140,3EFCANAJ0V1021979,0,$0.00,0,$0,1,20909
MOTO ROAD,"MOTO CARABELA INDY 250CC, NEGRO",CEDIS CULIACAN,CEDIS CULIACAN,28,140,3EFCANAJ1V1021909,0,$0.00,0,$0,1,20909
MOTO ROAD,"MOTO CARABELA INDY 250CC, NEGRO",CEDIS CULIACAN,CEDIS CULIACAN,28,140,3EFCANAJ1V1021988,0,$0.00,0,$0,1,20909
MOTO ROAD,"MOTO CARABELA INDY 250CC, NEGRO",CEDIS CULIACAN,CEDIS CULIACAN,28,140,3EFCANAJ1V1022297,0,$0.00,0,$0,1,20909
MOTO ROAD,"MOTO CARABELA INDY 250CC, NEGRO",CEDIS CULIACAN,CEDIS CULIACAN,28,140,3EFCANAJ2V1021935,0,$0.00,0,$0,1,20909
MOTO ROAD,"MOTO CARABELA INDY 250CC, NEGRO",CEDIS CULIACAN,CEDIS CULIACAN,28,140,3EFCANAJ2V1021949,0,$0.00,0,$0,1,20909
MOTO ROAD,"MOTO CARABELA INDY 250CC, NEGRO",CEDIS CULIACAN,CEDIS CULIACAN,28,140,3EFCANAJ2V1022308,0,$0.00,0,$0,1,20909
MOTO ROAD,"MOTO CARABELA INDY 250CC, NEGRO",CEDIS CULIACAN,CEDIS CULIACAN,28,140,3EFCANAJ3V1022558,0,$0.00,0,$0,1,20909
MOTO ROAD,"MOTO CARABELA INDY 250CC, NEGRO",CEDIS CULIACAN,CEDIS CULIACAN,28,140,3EFCANAJ5V1022514,0,$0.00,0,$0,1,20909
MOTO ROAD,"MOTO CARABELA INDY 250CC, NEGRO",CEDIS CULIACAN,CEDIS CULIACAN,28,140,3EFCANAJ8V1021969,0,$0.00,0,$0,1,20909
MOTO ROAD,"MOTO CARABELA INDY 250CC, NEGRO",CEDIS CULIACAN,CEDIS CULIACAN,28,140,3EFCANAJ8V1021986,0,$0.00,0,$0,1,20909
MOTO ROAD,"MOTO CARABELA INDY 250CC, NEGRO",CEDIS CULIACAN,CEDIS CULIACAN,28,140,3EFCANAJ9V1022368,0,$0.00,0,$0,1,20909
MOTO ROAD,"MOTO CARABELA INDY 250CC, NEGRO",CEDIS CULIACAN,CEDIS CULIACAN,28,140,3EFCANAJXV1022301,0,$0.00,0,$0,1,20909
MOTO ROAD,"MOTO CARABELA INDY 250CC, NEGRO",CEDIS GDL,CEDIS MACROPAY GUADALAJARA,25,140,3EFCANAJ9V1022354,0,$0.00,0,$0,1,20909
MOTO ROAD,"MOTO CARABELA INDY 250CC, NEGRO",CEDIS MID,CEDIS MERIDA PXGL,26,140,3EFCANAJ0V1025062,0,$0.00,0,$0,1,20909
MOTO ROAD,"MOTO CARABELA INDY 250CC, NEGRO",CEDIS MID,CEDIS MERIDA PXGL,26,140,3EFCANAJ8V1021793,0,$0.00,0,$0,1,20909
MOTO ROAD,"MOTO CARABELA INDY 250CC, NEGRO",CEDIS MID,CEDIS MERIDA PXGL,26,140,3EFCANAJXV1025053,0,$0.00,0,$0,1,20909
MOTO ROAD,"MOTO CARABELA INDY 250CC, NEGRO",CEDIS SAN LUIS,CEDIS SAN LUIS,27,140,3EFCANAJ0V1021805,0,$0.00,0,$0,1,20909
MOTO ROAD,"MOTO CARABELA INDY 250CC, NEGRO",CEDIS SAN LUIS,CEDIS SAN LUIS,27,140,3EFCANAJ2T1040028,0,$0.00,0,$0,1,20909
MOTO ROAD,"MOTO CARABELA INDY 250CC, NEGRO",CEDIS SAN LUIS,CEDIS SAN LUIS,27,140,3EFCANAJ2V1021904,0,$0.00,0,$0,1,20909
MOTO ROAD,"MOTO CARABELA INDY 250CC, NEGRO",CEDIS SAN LUIS,CEDIS SAN LUIS,27,140,3EFCANAJ2V1022583,0,$0.00,0,$0,1,20909
MOTO ROAD,"MOTO CARABELA INDY 250CC, NEGRO",CEDIS SAN LUIS,CEDIS SAN LUIS,27,140,3EFCANAJ3T1044623,0,$0.00,0,$0,1,20909
MOTO ROAD,"MOTO CARABELA INDY 250CC, NEGRO",CEDIS SAN LUIS,CEDIS SAN LUIS,27,140,3EFCANAJ4V1022519,0,$0.00,0,$0,1,20909
MOTO ROAD,"MOTO CARABELA INDY 250CC, NEGRO",CEDIS SAN LUIS,CEDIS SAN LUIS,27,140,3EFCANAJ7V1022580,0,$0.00,0,$0,1,20909
MOTO ROAD,"MOTO CARABELA INDY 250CC, NEGRO",CEDIS SAN LUIS,CEDIS SAN LUIS,27,140,3EFCANAJ8V1022524,0,$0.00,0,$0,1,20909
MOTO ROAD,"MOTO CARABELA INDY 250CC, NEGRO",CEDIS SAN LUIS,CEDIS SAN LUIS,27,140,3EFCANAJXV1022461,0,$0.00,0,$0,1,20909
MOTO ROAD,"MOTO CARABELA INDY 250CC, NEGRO",CEDIS TAB PXGL,CEDIS MACROPAY TABASCO PXGL,14,140,3EFCANAJ6V1022490,0,$0.00,0,$0,1,21296
MOTO ROAD,"MOTO CARABELA INDY 250CC, NEGRO",CEDIS TAB PXGL,CEDIS MACROPAY TABASCO PXGL,14,140,3EFCANAJ9V1022497,0,$0.00,0,$0,1,21296
MOTO ROAD,"MOTO CARABELA KRONOS 200CC, AZUL",CEDIS CULIACAN,CEDIS CULIACAN,28,140,3EFTAMAX0V1023357,0,$0.00,0,$0,1,16594
MOTO ROAD,"MOTO CARABELA KRONOS 200CC, AZUL",CEDIS CULIACAN,CEDIS CULIACAN,28,140,3EFTAMAX3V1023319,0,$0.00,0,$0,1,16594
MOTO ROAD,"MOTO CARABELA KRONOS 200CC, AZUL",CEDIS CULIACAN,CEDIS CULIACAN,28,140,3EFTAMAX4V1023345,0,$0.00,0,$0,1,16594
MOTO ROAD,"MOTO CARABELA KRONOS 200CC, AZUL",CEDIS CULIACAN,CEDIS CULIACAN,28,140,3EFTAMAX4V1023376,0,$0.00,0,$0,1,16594
MOTO ROAD,"MOTO CARABELA KRONOS 200CC, AZUL",CEDIS CULIACAN,CEDIS CULIACAN,28,140,3EFTAMAX5V1021409,0,$0.00,0,$0,1,16594
MOTO ROAD,"MOTO CARABELA KRONOS 200CC, AZUL",CEDIS CULIACAN,CEDIS CULIACAN,28,140,3EFTAMAX5V1023323,0,$0.00,0,$0,1,16594
MOTO ROAD,"MOTO CARABELA KRONOS 200CC, AZUL",CEDIS CULIACAN,CEDIS CULIACAN,28,140,3EFTAMAX5V1023368,0,$0.00,0,$0,1,16594
MOTO ROAD,"MOTO CARABELA KRONOS 200CC, AZUL",CEDIS CULIACAN,CEDIS CULIACAN,28,140,3EFTAMAX6V1021662,0,$0.00,0,$0,1,16594
MOTO ROAD,"MOTO CARABELA KRONOS 200CC, AZUL",CEDIS CULIACAN,CEDIS CULIACAN,28,140,3EFTAMAX6V1023394,0,$0.00,0,$0,1,16594
MOTO ROAD,"MOTO CARABELA KRONOS 200CC, AZUL",CEDIS CULIACAN,CEDIS CULIACAN,28,140,3EFTAMAX7V1023078,0,$0.00,0,$0,1,16594
MOTO ROAD,"MOTO CARABELA KRONOS 200CC, AZUL",CEDIS CULIACAN,CEDIS CULIACAN,28,140,3EFTAMAX8V1023283,0,$0.00,0,$0,1,16594
MOTO ROAD,"MOTO CARABELA KRONOS 200CC, AZUL",CEDIS CULIACAN,CEDIS CULIACAN,28,140,3EFTAMAX8V1023378,0,$0.00,0,$0,1,16594
MOTO ROAD,"MOTO CARABELA KRONOS 200CC, AZUL",CEDIS CULIACAN,CEDIS CULIACAN,28,140,3EFTAMAX8V1023414,0,$0.00,0,$0,1,16594
MOTO ROAD,"MOTO CARABELA KRONOS 200CC, AZUL",CEDIS CULIACAN,CEDIS CULIACAN,28,140,3EFTAMAX9V1023275,0,$0.00,0,$0,1,16594
MOTO ROAD,"MOTO CARABELA KRONOS 200CC, AZUL",CEDIS CULIACAN,CEDIS CULIACAN,28,140,3EFTAMAX9V1023406,0,$0.00,0,$0,1,16594
MOTO ROAD,"MOTO CARABELA KRONOS 200CC, AZUL",CEDIS CULIACAN,CEDIS CULIACAN,28,140,3EFTAMAXXV1023415,0,$0.00,0,$0,1,16594
MOTO ROAD,"MOTO CARABELA KRONOS 200CC, AZUL",CEDIS GDL,CEDIS MACROPAY GUADALAJARA,25,140,3EFTAMAX2V1021710,0,$0.00,0,$0,1,16594
MOTO ROAD,"MOTO CARABELA KRONOS 200CC, AZUL",CEDIS GDL,CEDIS MACROPAY GUADALAJARA,25,140,3EFTAMAX3V1023370,0,$0.00,0,$0,1,16594
MOTO ROAD,"MOTO CARABELA KRONOS 200CC, AZUL",CEDIS GDL,CEDIS MACROPAY GUADALAJARA,25,140,3EFTAMAX9V1023390,0,$0.00,0,$0,1,16594
MOTO ROAD,"MOTO CARABELA KRONOS 200CC, AZUL",CEDIS GDL,CEDIS MACROPAY GUADALAJARA,25,140,3EFTAMAXXV1023284,0,$0.00,0,$0,1,16594
MOTO ROAD,"MOTO CARABELA KRONOS 200CC, AZUL",CEDIS MID,CEDIS MERIDA PXGL,26,140,3EFTAMAX0T1042469,0,$0.00,0,$0,1,16594
MOTO ROAD,"MOTO CARABELA KRONOS 200CC, AZUL",CEDIS MID,CEDIS MERIDA PXGL,26,140,3EFTAMAX1T1043792,0,$0.00,0,$0,1,16594
MOTO ROAD,"MOTO CARABELA KRONOS 200CC, AZUL",CEDIS MID,CEDIS MERIDA PXGL,26,140,3EFTAMAX4T1043883,0,$0.00,0,$0,1,16594
MOTO ROAD,"MOTO CARABELA KRONOS 200CC, AZUL",CEDIS MID,CEDIS MERIDA PXGL,26,140,3EFTAMAX6T1043917,0,$0.00,0,$0,1,16594
MOTO ROAD,"MOTO CARABELA KRONOS 200CC, AZUL",CEDIS MID,CEDIS MERIDA PXGL,26,140,3EFTAMAXXT1043726,0,$0.00,0,$0,1,16594
MOTO ROAD,"MOTO CARABELA KRONOS 200CC, AZUL",CEDIS MID,CEDIS MERIDA PXGL,26,140,3EFTAMAXXT1043998,0,$0.00,0,$0,1,16594
MOTO ROAD,"MOTO CARABELA KRONOS 200CC, AZUL",CEDIS SAN LUIS,CEDIS SAN LUIS,27,140,3EFTAMAX0T1043699,0,$0.00,0,$0,1,16594
MOTO ROAD,"MOTO CARABELA KRONOS 200CC, AZUL",CEDIS SAN LUIS,CEDIS SAN LUIS,27,140,3EFTAMAX0T1043914,0,$0.00,0,$0,1,16594
MOTO ROAD,"MOTO CARABELA KRONOS 200CC, AZUL",CEDIS SAN LUIS,CEDIS SAN LUIS,27,140,3EFTAMAX1T1043825,0,$0.00,0,$0,1,16594
MOTO ROAD,"MOTO CARABELA KRONOS 200CC, AZUL",CEDIS SAN LUIS,CEDIS SAN LUIS,27,140,3EFTAMAX1T1043971,0,$0.00,0,$0,1,16594
MOTO ROAD,"MOTO CARABELA KRONOS 200CC, AZUL",CEDIS SAN LUIS,CEDIS SAN LUIS,27,140,3EFTAMAX3T1043776,0,$0.00,0,$0,1,16594
MOTO ROAD,"MOTO CARABELA KRONOS 200CC, AZUL",CEDIS SAN LUIS,CEDIS SAN LUIS,27,140,3EFTAMAX4T1043611,0,$0.00,0,$0,1,16594
MOTO ROAD,"MOTO CARABELA KRONOS 200CC, AZUL",CEDIS SAN LUIS,CEDIS SAN LUIS,27,140,3EFTAMAX5T1043889,0,$0.00,0,$0,1,16594
MOTO ROAD,"MOTO CARABELA KRONOS 200CC, AZUL",CEDIS SAN LUIS,CEDIS SAN LUIS,27,140,3EFTAMAX6T1043819,0,$0.00,0,$0,1,16594
MOTO ROAD,"MOTO CARABELA KRONOS 200CC, AZUL",CEDIS SAN LUIS,CEDIS SAN LUIS,27,140,3EFTAMAX9T1043930,0,$0.00,0,$0,1,16594
MOTO ROAD,"MOTO CARABELA KRONOS 200CC, AZUL",CEDIS SAN LUIS,CEDIS SAN LUIS,27,140,3EFTAMAXXT1043919,0,$0.00,0,$0,1,16594
MOTO ROAD,"MOTO CARABELA KRONOS 200CC, AZUL",CEDIS TAB PXGL,CEDIS MACROPAY TABASCO PXGL,14,140,3EFTAMAX7T1043960,0,$0.00,1,$17117,0,0
MOTO ROAD,"MOTO CARABELA KRONOS 200CC, AZUL",CEDIS TAB PXGL,CEDIS MACROPAY TABASCO PXGL,14,140,3EFTAMAX8T1043935,0,$0.00,1,$17117,0,0
MOTO ROAD,"MOTO CARABELA KRONOS 200CC, TITANIO",CEDIS CDMX,CE. LOG. PXGL,21,140,3EFTAMAX3T1043518,0,$0.00,1,$16594,0,0
MOTO ROAD,"MOTO CARABELA KRONOS 200CC, TITANIO",CEDIS CULIACAN,CEDIS CULIACAN,28,140,3EFTAMAX0V1021141,0,$0.00,0,$0,1,16594
MOTO ROAD,"MOTO CARABELA KRONOS 200CC, TITANIO",CEDIS GDL,CEDIS MACROPAY GUADALAJARA,25,140,3EFTAMAX1V1021083,0,$0.00,0,$0,1,16594
MOTO ROAD,"MOTO CARABELA KRONOS 200CC, TITANIO",CEDIS GDL,CEDIS MACROPAY GUADALAJARA,25,140,3EFTAMAX4V1021109,0,$0.00,0,$0,1,16594
MOTO ROAD,"MOTO CARABELA KRONOS 200CC, TITANIO",CEDIS GDL,CEDIS MACROPAY GUADALAJARA,25,140,3EFTAMAX5T1044279,0,$0.00,0,$0,1,16594
MOTO ROAD,"MOTO CARABELA KRONOS 200CC, TITANIO",CEDIS GDL,CEDIS MACROPAY GUADALAJARA,25,140,3EFTAMAX8V1021159,0,$0.00,0,$0,1,16594
MOTO ROAD,"MOTO CARABELA KRONOS 200CC, TITANIO",CEDIS GDL,CEDIS MACROPAY GUADALAJARA,25,140,3EFTAMAXXV1021129,0,$0.00,0,$0,1,16594
MOTO ROAD,"MOTO CARABELA KRONOS 200CC, TITANIO",CEDIS MID,CEDIS MERIDA,11,140,3EFTAMAX2V1021738,0,$0.00,0,$0,1,16784
MOTO ROAD,"MOTO CARABELA KRONOS 200CC, TITANIO",CEDIS MID,CEDIS MERIDA,11,140,3EFTAMAX2V1021755,0,$0.00,0,$0,1,16784
MOTO ROAD,"MOTO CARABELA KRONOS 200CC, TITANIO",CEDIS MID,CEDIS MERIDA,11,140,3EFTAMAX3V1021103,0,$0.00,0,$0,1,16784
MOTO ROAD,"MOTO CARABELA KRONOS 200CC, TITANIO",CEDIS MID,CEDIS MERIDA,11,140,3EFTAMAX3V1021165,0,$0.00,0,$0,1,16784
MOTO ROAD,"MOTO CARABELA KRONOS 200CC, TITANIO",CEDIS MID,CEDIS MERIDA,11,140,3EFTAMAX4V1021076,0,$0.00,0,$0,1,16784
MOTO ROAD,"MOTO CARABELA KRONOS 200CC, TITANIO",CEDIS MID,CEDIS MERIDA,11,140,3EFTAMAX5V1021717,0,$0.00,0,$0,1,16784
MOTO ROAD,"MOTO CARABELA KRONOS 200CC, TITANIO",CEDIS MID,CEDIS MERIDA,11,140,3EFTAMAX5V1021748,0,$0.00,0,$0,1,16784
MOTO ROAD,"MOTO CARABELA KRONOS 200CC, TITANIO",CEDIS MID,CEDIS MERIDA,11,140,3EFTAMAX6V1021175,0,$0.00,0,$0,1,16784
MOTO ROAD,"MOTO CARABELA KRONOS 200CC, TITANIO",CEDIS MID,CEDIS MERIDA,11,140,3EFTAMAX8V1021646,0,$0.00,0,$0,1,16784
MOTO ROAD,"MOTO CARABELA KRONOS 200CC, TITANIO",CEDIS MID,CEDIS MERIDA PXGL,26,140,3EFTAMAX0V1022936,0,$0.00,0,$0,1,16762
MOTO ROAD,"MOTO CARABELA KRONOS 200CC, TITANIO",CEDIS MID,CEDIS MERIDA PXGL,26,140,3EFTAMAX1V1022931,0,$0.00,0,$0,1,16762
MOTO ROAD,"MOTO CARABELA KRONOS 200CC, TITANIO",CEDIS MID,CEDIS MERIDA PXGL,26,140,3EFTAMAX3V1022851,0,$0.00,0,$0,1,16762
MOTO ROAD,"MOTO CARABELA KRONOS 200CC, TITANIO",CEDIS MID,CEDIS MERIDA PXGL,26,140,3EFTAMAX3V1022901,0,$0.00,0,$0,1,16762
MOTO ROAD,"MOTO CARABELA KRONOS 200CC, TITANIO",CEDIS MID,CEDIS MERIDA PXGL,26,140,3EFTAMAX4V1022857,0,$0.00,0,$0,1,16762
MOTO ROAD,"MOTO CARABELA KRONOS 200CC, TITANIO",CEDIS MID,CEDIS MERIDA PXGL,26,140,3EFTAMAX5V1021099,0,$0.00,0,$0,1,16762
MOTO ROAD,"MOTO CARABELA KRONOS 200CC, TITANIO",CEDIS MID,CEDIS MERIDA PXGL,26,140,3EFTAMAX7V1022979,0,$0.00,0,$0,1,16762
MOTO ROAD,"MOTO CARABELA KRONOS 200CC, TITANIO",CEDIS MID,CEDIS MERIDA PXGL,26,600,3EFTAMAX4T1027103,0,$0.00,1,$16762,0,0
MOTO ROAD,"MOTO CARABELA R250Z, NEGRO",CEDIS MID,CEDIS MERIDA PXGL,26,40,3EFCANAF8T1025349,0,$0.00,1,$24560,0,0
MOTO ROAD,"MOTO CARABELA R250Z, ROJO",CEDIS CDMX,CE. LOG. PXGL,21,140,3EFCANAF1V1023557,0,$0.00,0,$0,1,24851
MOTO ROAD,"MOTO CARABELA R250Z, ROJO",CEDIS CDMX,CE. LOG. PXGL,21,140,3EFCANAFXV1023573,0,$0.00,0,$0,1,24851
MOTO ROAD,"MOTO CARABELA R250Z, ROJO",CEDIS CULIACAN,CEDIS CULIACAN,28,140,3EFCANAF0T1044672,0,$0.00,0,$0,1,24560
MOTO ROAD,"MOTO CARABELA R250Z, ROJO",CEDIS CULIACAN,CEDIS CULIACAN,28,140,3EFCANAF1T1044650,0,$0.00,0,$0,1,24560
MOTO ROAD,"MOTO CARABELA R250Z, ROJO",CEDIS CULIACAN,CEDIS CULIACAN,28,140,3EFCANAF5V1023609,0,$0.00,0,$0,1,24560
MOTO ROAD,"MOTO CARABELA R250Z, ROJO",CEDIS CULIACAN,CEDIS CULIACAN,28,140,3EFCANAF6T1043266,0,$0.00,0,$0,1,24560
MOTO ROAD,"MOTO CARABELA R250Z, ROJO",CEDIS CULIACAN,CEDIS CULIACAN,28,140,3EFCANAF6T1044708,0,$0.00,0,$0,1,24560
MOTO ROAD,"MOTO CARABELA R250Z, ROJO",CEDIS CULIACAN,CEDIS CULIACAN,28,140,3EFCANAF7T1043194,0,$0.00,0,$0,1,24560
MOTO ROAD,"MOTO CARABELA R250Z, ROJO",CEDIS CULIACAN,CEDIS CULIACAN,28,140,3EFCANAF8T1044712,0,$0.00,0,$0,1,24560
MOTO ROAD,"MOTO CARABELA R250Z, ROJO",CEDIS CULIACAN,CEDIS CULIACAN,28,140,3EFCANAF9T1043164,0,$0.00,0,$0,1,24560
MOTO ROAD,"MOTO CARABELA R250Z, ROJO",CEDIS CULIACAN,CEDIS CULIACAN,28,140,3EFCANAF9T1044749,0,$0.00,0,$0,1,24560
MOTO ROAD,"MOTO CARABELA R250Z, ROJO",CEDIS CULIACAN,CEDIS CULIACAN,28,140,3EFCANAFXT1043058,0,$0.00,0,$0,1,24560
MOTO ROAD,"MOTO CARABELA R250Z, ROJO",CEDIS CULIACAN,CEDIS CULIACAN,28,140,3EFCANAFXT1044677,0,$0.00,0,$0,1,24560
MOTO ROAD,"MOTO CARABELA R250Z, ROJO",CEDIS GDL,CEDIS MACROPAY GUADALAJARA,25,140,3EFCANAF3T1044701,0,$0.00,0,$0,1,24560
MOTO ROAD,"MOTO CARABELA R250Z, ROJO",CEDIS GDL,CEDIS MACROPAY GUADALAJARA,25,140,3EFCANAF4T1044724,0,$0.00,0,$0,1,24560
MOTO ROAD,"MOTO CARABELA R250Z, ROJO",CEDIS GDL,CEDIS MACROPAY GUADALAJARA,25,140,3EFCANAF5T1044635,0,$0.00,0,$0,1,24560
MOTO ROAD,"MOTO CARABELA R250Z, ROJO",CEDIS GDL,CEDIS MACROPAY GUADALAJARA,25,140,3EFCANAF6T1044739,0,$0.00,0,$0,1,24560
MOTO ROAD,"MOTO CARABELA R250Z, ROJO",CEDIS GDL,CEDIS MACROPAY GUADALAJARA,25,140,3EFCANAF7T1044703,0,$0.00,0,$0,1,24560
MOTO ROAD,"MOTO CARABELA R250Z, ROJO",CEDIS MID,CEDIS MERIDA PXGL,26,140,3EFCANAF0V1023436,0,$0.00,0,$0,1,24622
MOTO ROAD,"MOTO CARABELA R250Z, ROJO",CEDIS MID,CEDIS MERIDA PXGL,26,140,3EFCANAF0V1023551,0,$0.00,0,$0,1,24622
MOTO ROAD,"MOTO CARABELA R250Z, ROJO",CEDIS MID,CEDIS MERIDA PXGL,26,140,3EFCANAF0V1023579,0,$0.00,0,$0,1,24622
MOTO ROAD,"MOTO CARABELA R250Z, ROJO",CEDIS MID,CEDIS MERIDA PXGL,26,140,3EFCANAF0V1023632,0,$0.00,1,$24622,0,0
MOTO ROAD,"MOTO CARABELA R250Z, ROJO",CEDIS MID,CEDIS MERIDA PXGL,26,140,3EFCANAF1T1041800,0,$0.00,1,$24622,0,0
MOTO ROAD,"MOTO CARABELA R250Z, ROJO",CEDIS MID,CEDIS MERIDA PXGL,26,140,3EFCANAF1V1023591,0,$0.00,0,$0,1,24622
MOTO ROAD,"MOTO CARABELA R250Z, ROJO",CEDIS MID,CEDIS MERIDA PXGL,26,140,3EFCANAF2V1023423,0,$0.00,0,$0,1,24622
MOTO ROAD,"MOTO CARABELA R250Z, ROJO",CEDIS MID,CEDIS MERIDA PXGL,26,140,3EFCANAF2V1023549,0,$0.00,0,$0,1,24622
MOTO ROAD,"MOTO CARABELA R250Z, ROJO",CEDIS MID,CEDIS MERIDA PXGL,26,140,3EFCANAF2V1023583,0,$0.00,0,$0,1,24622
MOTO ROAD,"MOTO CARABELA R250Z, ROJO",CEDIS MID,CEDIS MERIDA PXGL,26,140,3EFCANAF2V1023647,0,$0.00,0,$0,1,24622
MOTO ROAD,"MOTO CARABELA R250Z, ROJO",CEDIS MID,CEDIS MERIDA PXGL,26,140,3EFCANAF2V1023650,0,$0.00,0,$0,1,24622
MOTO ROAD,"MOTO CARABELA R250Z, ROJO",CEDIS MID,CEDIS MERIDA PXGL,26,140,3EFCANAF3V1023561,0,$0.00,0,$0,1,24622
MOTO ROAD,"MOTO CARABELA R250Z, ROJO",CEDIS MID,CEDIS MERIDA PXGL,26,140,3EFCANAF3V1023575,0,$0.00,0,$0,1,24622
MOTO ROAD,"MOTO CARABELA R250Z, ROJO",CEDIS MID,CEDIS MERIDA PXGL,26,140,3EFCANAF3V1023611,0,$0.00,0,$0,1,24622
MOTO ROAD,"MOTO CARABELA R250Z, ROJO",CEDIS MID,CEDIS MERIDA PXGL,26,140,3EFCANAF4V1023570,0,$0.00,0,$0,1,24622
MOTO ROAD,"MOTO CARABELA R250Z, ROJO",CEDIS MID,CEDIS MERIDA PXGL,26,140,3EFCANAF4V1023617,0,$0.00,0,$0,1,24622
MOTO ROAD,"MOTO CARABELA R250Z, ROJO",CEDIS MID,CEDIS MERIDA PXGL,26,140,3EFCANAF4V1023648,0,$0.00,0,$0,1,24622
MOTO ROAD,"MOTO CARABELA R250Z, ROJO",CEDIS MID,CEDIS MERIDA PXGL,26,140,3EFCANAF5V1023593,0,$0.00,0,$0,1,24622
MOTO ROAD,"MOTO CARABELA R250Z, ROJO",CEDIS MID,CEDIS MERIDA PXGL,26,140,3EFCANAF5V1023626,0,$0.00,0,$0,1,24622
MOTO ROAD,"MOTO CARABELA R250Z, ROJO",CEDIS MID,CEDIS MERIDA PXGL,26,140,3EFCANAF5V1023643,0,$0.00,0,$0,1,24622
MOTO ROAD,"MOTO CARABELA R250Z, ROJO",CEDIS MID,CEDIS MERIDA PXGL,26,140,3EFCANAF6V1023540,0,$0.00,0,$0,1,24622
MOTO ROAD,"MOTO CARABELA R250Z, ROJO",CEDIS MID,CEDIS MERIDA PXGL,26,140,3EFCANAF6V1023554,0,$0.00,0,$0,1,24622
MOTO ROAD,"MOTO CARABELA R250Z, ROJO",CEDIS MID,CEDIS MERIDA PXGL,26,140,3EFCANAF6V1023571,0,$0.00,0,$0,1,24622
MOTO ROAD,"MOTO CARABELA R250Z, ROJO",CEDIS MID,CEDIS MERIDA PXGL,26,140,3EFCANAF6V1023621,0,$0.00,0,$0,1,24622
MOTO ROAD,"MOTO CARABELA R250Z, ROJO",CEDIS MID,CEDIS MERIDA PXGL,26,140,3EFCANAF6V1023649,0,$0.00,0,$0,1,24622
MOTO ROAD,"MOTO CARABELA R250Z, ROJO",CEDIS MID,CEDIS MERIDA PXGL,26,140,3EFCANAF7V1023563,0,$0.00,0,$0,1,24622
MOTO ROAD,"MOTO CARABELA R250Z, ROJO",CEDIS MID,CEDIS MERIDA PXGL,26,140,3EFCANAF7V1023630,0,$0.00,0,$0,1,24622
MOTO ROAD,"MOTO CARABELA R250Z, ROJO",CEDIS MID,CEDIS MERIDA PXGL,26,140,3EFCANAF7V1023644,0,$0.00,0,$0,1,24622
MOTO ROAD,"MOTO CARABELA R250Z, ROJO",CEDIS MID,CEDIS MERIDA PXGL,26,140,3EFCANAF8T1044659,0,$0.00,1,$24622,0,0
MOTO ROAD,"MOTO CARABELA R250Z, ROJO",CEDIS MID,CEDIS MERIDA PXGL,26,140,3EFCANAF8V1023541,0,$0.00,0,$0,1,24622
MOTO ROAD,"MOTO CARABELA R250Z, ROJO",CEDIS MID,CEDIS MERIDA PXGL,26,140,3EFCANAF8V1023586,0,$0.00,0,$0,1,24622
MOTO ROAD,"MOTO CARABELA R250Z, ROJO",CEDIS MID,CEDIS MERIDA PXGL,26,140,3EFCANAF8V1023622,0,$0.00,0,$0,1,24622
MOTO ROAD,"MOTO CARABELA R250Z, ROJO",CEDIS MID,CEDIS MERIDA PXGL,26,140,3EFCANAF9V1023449,0,$0.00,0,$0,1,24622
MOTO ROAD,"MOTO CARABELA R250Z, ROJO",CEDIS MID,CEDIS MERIDA PXGL,26,140,3EFCANAF9V1023564,0,$0.00,0,$0,1,24622
MOTO ROAD,"MOTO CARABELA R250Z, ROJO",CEDIS MID,CEDIS MERIDA PXGL,26,140,3EFCANAF9V1023631,0,$0.00,0,$0,1,24622
MOTO ROAD,"MOTO CARABELA R250Z, ROJO",CEDIS MID,CEDIS MERIDA PXGL,26,140,3EFCANAFXV1023606,0,$0.00,0,$0,1,24622
MOTO ROAD,"MOTO CARABELA R250Z, ROJO",CEDIS MID,CEDIS MERIDA PXGL,26,140,3EFCANAFXV1023637,0,$0.00,0,$0,1,24622
MOTO ROAD,"MOTO CARABELA R250Z, ROJO",CEDIS MID,CEDIS MERIDA PXGL,26,600,3EFCANAF7T1041722,0,$0.00,1,$24622,0,0
MOTO ROAD,"MOTO CARABELA R250Z, ROJO",CEDIS SAN LUIS,CEDIS SAN LUIS,27,140,3EFCANAF0T1044669,0,$0.00,0,$0,1,24560
MOTO ROAD,"MOTO CARABELA R250Z, ROJO",CEDIS SAN LUIS,CEDIS SAN LUIS,27,140,3EFCANAF0T1044736,0,$0.00,0,$0,1,24560
MOTO ROAD,"MOTO CARABELA R250Z, ROJO",CEDIS SAN LUIS,CEDIS SAN LUIS,27,140,3EFCANAF1T1044745,0,$0.00,0,$0,1,24560
MOTO ROAD,"MOTO CARABELA R250Z, ROJO",CEDIS SAN LUIS,CEDIS SAN LUIS,27,140,3EFCANAF3V1023513,0,$0.00,0,$0,1,24560
MOTO ROAD,"MOTO CARABELA R250Z, ROJO",CEDIS SAN LUIS,CEDIS SAN LUIS,27,140,3EFCANAF4T1044674,0,$0.00,0,$0,1,24560
MOTO ROAD,"MOTO CARABELA R250Z, ROJO",CEDIS SAN LUIS,CEDIS SAN LUIS,27,140,3EFCANAF4V1023584,0,$0.00,0,$0,1,24560
MOTO ROAD,"MOTO CARABELA R250Z, ROJO",CEDIS SAN LUIS,CEDIS SAN LUIS,27,140,3EFCANAF5T1044652,0,$0.00,0,$0,1,24560
MOTO ROAD,"MOTO CARABELA R250Z, ROJO",CEDIS SAN LUIS,CEDIS SAN LUIS,27,140,3EFCANAF5T1044747,0,$0.00,0,$0,1,24560
MOTO ROAD,"MOTO CARABELA R250Z, ROJO",CEDIS SAN LUIS,CEDIS SAN LUIS,27,140,3EFCANAF6T1044692,0,$0.00,0,$0,1,24560
MOTO ROAD,"MOTO CARABELA R250Z, ROJO",CEDIS SAN LUIS,CEDIS SAN LUIS,27,140,3EFCANAF6T1044711,0,$0.00,0,$0,1,24560
MOTO ROAD,"MOTO CARABELA R250Z, ROJO",CEDIS SAN LUIS,CEDIS SAN LUIS,27,140,3EFCANAF7V1023594,0,$0.00,0,$0,1,24560
MOTO ROAD,"MOTO CARABELA R250Z, ROJO",CEDIS SAN LUIS,CEDIS SAN LUIS,27,140,3EFCANAF9T1044640,0,$0.00,0,$0,1,24560
MOTO ROAD,"MOTO CARABELA R250Z, ROJO",CEDIS SAN LUIS,CEDIS SAN LUIS,27,140,3EFCANAF9T1044671,0,$0.00,0,$0,1,24560
MOTO ROAD,"MOTO CARABELA R300Z 300CC, NEGRO",CEDIS CDMX,CE. LOG. PXGL,21,140,3EFGGPAK5V1793625,0,$0.00,1,$34267,0,0
MOTO ROAD,"MOTO CARABELA R300Z 300CC, NEGRO",CEDIS CULIACAN,CEDIS CULIACAN,28,140,3EFGGPAK5V1793558,0,$0.00,0,$0,1,34267
MOTO ROAD,"MOTO CARABELA R300Z 300CC, NEGRO",CEDIS CULIACAN,CEDIS CULIACAN,28,140,3EFGGPAK8V1793604,0,$0.00,0,$0,1,34267
MOTO ROAD,"MOTO CARABELA R300Z 300CC, NEGRO",CEDIS TAB PXGL,CEDIS MACROPAY TABASCO PXGL,14,140,3EFGGPAK7V1793481,0,$0.00,1,$34267,0,0
MOTO ROAD,"MOTO CARABELA ROUTE R SONORA 17, NARANJA",CEDIS CULIACAN,CEDIS CULIACAN,28,140,3EFRAMAW1V1794749,0,$0.00,0,$0,1,20577
MOTO ROAD,"MOTO CARABELA ROUTE R SONORA 17, NARANJA",CEDIS GDL,CEDIS MACROPAY GUADALAJARA,25,140,3EFRAMAW4V1794681,0,$0.00,0,$0,1,20577
MOTO ROAD,"MOTO CARABELA ROUTE R SONORA 17, NARANJA",CEDIS GDL,CEDIS MACROPAY GUADALAJARA,25,140,3EFRAMAW8V1794814,0,$0.00,0,$0,1,20577
MOTO ROAD,"MOTO CARABELA ROUTE R SONORA 17, NARANJA",CEDIS MID,CEDIS MERIDA PXGL,26,140,3EFRAMAW1V1792824,0,$0.00,0,$0,1,20792
MOTO ROAD,"MOTO CARABELA ROUTE R SONORA 17, NARANJA",CEDIS MID,CEDIS MERIDA PXGL,26,140,3EFRAMAW3V1792842,0,$0.00,0,$0,1,20792
MOTO ROAD,"MOTO CARABELA ROUTE R SONORA 17, NARANJA",CEDIS MID,CEDIS MERIDA PXGL,26,140,3EFRAMAWXV1792790,0,$0.00,0,$0,1,20792
MOTO ROAD,"MOTO CARABELA ROUTE R SONORA 17, NARANJA",CEDIS SAN LUIS,CEDIS SAN LUIS,27,140,3EFRAMAW1V1794881,0,$0.00,0,$0,1,20577
MOTO ROAD,"MOTO CARABELA ROUTE R SONORA 17, NARANJA",CEDIS SAN LUIS,CEDIS SAN LUIS,27,140,3EFRAMAW6T1792475,0,$0.00,0,$0,1,20577
MOTO ROAD,"MOTO CARABELA ROUTE R SONORA 17, NARANJA",CEDIS SAN LUIS,CEDIS SAN LUIS,27,140,3EFRAMAW8V1792805,0,$0.00,0,$0,1,20577
MOTO ROAD,"MOTO CARABELA ROUTE R SONORA 17, NARANJA",CEDIS SAN LUIS,CEDIS SAN LUIS,27,140,3EFRAMAW8V1794683,0,$0.00,0,$0,1,20577
MOTO ROAD,"MOTO CARABELA ROUTE R SONORA 175CC, AZUL",CEDIS CDMX,CE. LOG. PXGL,21,140,3EFRAMAW6T1792489,0,$0.00,1,$20577,0,0
MOTO ROAD,"MOTO CARABELA ROUTE R SONORA 175CC, AZUL",CEDIS CULIACAN,CEDIS CULIACAN,28,140,3EFRAMAW9V1794952,0,$0.00,0,$0,1,20577
MOTO ROAD,"MOTO CARABELA ROUTE R SONORA 175CC, AZUL",CEDIS GDL,CEDIS MACROPAY GUADALAJARA,25,140,3EFRAMAW5V1794995,0,$0.00,0,$0,1,20577
MOTO ROAD,"MOTO CARABELA ROUTE R SONORA 175CC, AZUL",CEDIS GDL,CEDIS MACROPAY GUADALAJARA,25,140,3EFRAMAW8V1795042,0,$0.00,0,$0,1,20577
MOTO ROAD,"MOTO CARABELA ROUTE R SONORA 175CC, AZUL",CEDIS GDL,CEDIS MACROPAY GUADALAJARA,25,140,3EFRAMAWXV1795009,0,$0.00,0,$0,1,20577
MOTO ROAD,"MOTO CARABELA ROUTE R SONORA 175CC, AZUL",CEDIS MID,CEDIS MERIDA PXGL,26,140,3EFRAMAW0V1795004,0,$0.00,0,$0,1,20577
MOTO ROAD,"MOTO CARABELA ROUTE R SONORA 175CC, AZUL",CEDIS SAN LUIS,CEDIS SAN LUIS,27,140,3EFRAMAW2V1794940,0,$0.00,0,$0,1,20577
MOTO ROAD,"MOTO CARABELA ROUTE R SONORA 175CC, AZUL",CEDIS SAN LUIS,CEDIS SAN LUIS,27,140,3EFRAMAW2V1795019,0,$0.00,0,$0,1,20577
MOTO ROAD,"MOTO CARABELA ROUTE R SONORA 175CC, AZUL",CEDIS SAN LUIS,CEDIS SAN LUIS,27,140,3EFRAMAW6V1792866,0,$0.00,0,$0,1,20577
MOTO ROAD,"MOTO CARABELA ROUTE R SONORA 175CC, AZUL",CEDIS SAN LUIS,CEDIS SAN LUIS,27,140,3EFRAMAW7V1795033,0,$0.00,0,$0,1,20577
MOTO ROAD,"MOTO CARABELA ROUTE R SONORA 175CC, AZUL",CEDIS SAN LUIS,CEDIS SAN LUIS,27,140,3EFRAMAW9V1795003,0,$0.00,0,$0,1,20577
MOTO ROAD,"MOTO CARABELA ROUTE R SONORA 20, NARANJA",CEDIS MID,CEDIS MERIDA PXGL,26,140,3EFRANAWXS1751237,0,$0.00,1,$20571,0,0
MOTO ROAD,"MOTO CARABELA ROUTE R SONORA 200CC, AZUL",CEDIS MID,CEDIS MERIDA PXGL,26,140,3EFRANAW5S1752358,0,$0.00,1,$20577,0,0
MOTO ROAD,"MOTO ISLO FREEDOM 150CC, TITANIO",CEDIS CULIACAN,CEDIS CULIACAN,28,140,3EETAKBE7T1036710,0,$0.00,0,$0,1,13607
MOTO ROAD,"MOTO ISLO FREEDOM 150CC, TITANIO",CEDIS CULIACAN,CEDIS CULIACAN,28,140,3EETAKBEXT1036703,0,$0.00,0,$0,1,13607
MOTO ROAD,"MOTO ISLO FREEDOM 150CC, TITANIO",CEDIS MID,CEDIS MERIDA PXGL,26,140,3EETAKBE8S1016903,0,$0.00,1,$13607,0,0
MOTO ROAD,"MOTO ISLO MUTANT 250CC, ROJO",CEDIS CULIACAN,CEDIS CULIACAN,28,140,3EECANBJ0T1042945,0,$0.00,0,$0,1,20909
MOTO ROAD,"MOTO ISLO MUTANT 250CC, ROJO",CEDIS CULIACAN,CEDIS CULIACAN,28,140,3EECANBJ0T1042962,0,$0.00,0,$0,1,20909
MOTO ROAD,"MOTO ISLO MUTANT 250CC, ROJO",CEDIS CULIACAN,CEDIS CULIACAN,28,140,3EECANBJ1T1043005,0,$0.00,0,$0,1,20909
MOTO ROAD,"MOTO ISLO MUTANT 250CC, ROJO",CEDIS CULIACAN,CEDIS CULIACAN,28,140,3EECANBJ2T1043014,0,$0.00,0,$0,1,20909
MOTO ROAD,"MOTO ISLO MUTANT 250CC, ROJO",CEDIS CULIACAN,CEDIS CULIACAN,28,140,3EECANBJ2T1043028,0,$0.00,0,$0,1,20909
MOTO ROAD,"MOTO ISLO MUTANT 250CC, ROJO",CEDIS CULIACAN,CEDIS CULIACAN,28,140,3EECANBJ3T1043037,0,$0.00,0,$0,1,20909
MOTO ROAD,"MOTO ISLO MUTANT 250CC, ROJO",CEDIS CULIACAN,CEDIS CULIACAN,28,140,3EECANBJ4T1043001,0,$0.00,0,$0,1,20909
MOTO ROAD,"MOTO ISLO MUTANT 250CC, ROJO",CEDIS CULIACAN,CEDIS CULIACAN,28,140,3EECANBJ4T1043032,0,$0.00,0,$0,1,20909
MOTO ROAD,"MOTO ISLO MUTANT 250CC, ROJO",CEDIS CULIACAN,CEDIS CULIACAN,28,140,3EECANBJ4V1022734,0,$0.00,0,$0,1,20909
MOTO ROAD,"MOTO ISLO MUTANT 250CC, ROJO",CEDIS CULIACAN,CEDIS CULIACAN,28,140,3EECANBJ5V1022810,0,$0.00,0,$0,1,20909
MOTO ROAD,"MOTO ISLO MUTANT 250CC, ROJO",CEDIS CULIACAN,CEDIS CULIACAN,28,140,3EECANBJ6T1043002,0,$0.00,0,$0,1,20909
MOTO ROAD,"MOTO ISLO MUTANT 250CC, ROJO",CEDIS CULIACAN,CEDIS CULIACAN,28,140,3EECANBJ6T1043016,0,$0.00,0,$0,1,20909
MOTO ROAD,"MOTO ISLO MUTANT 250CC, ROJO",CEDIS CULIACAN,CEDIS CULIACAN,28,140,3EECANBJ6T1043033,0,$0.00,0,$0,1,20909
MOTO ROAD,"MOTO ISLO MUTANT 250CC, ROJO",CEDIS CULIACAN,CEDIS CULIACAN,28,140,3EECANBJ7T1043042,0,$0.00,0,$0,1,20909
MOTO ROAD,"MOTO ISLO MUTANT 250CC, ROJO",CEDIS CULIACAN,CEDIS CULIACAN,28,140,3EECANBJ9V1022793,0,$0.00,0,$0,1,20909
MOTO ROAD,"MOTO ISLO MUTANT 250CC, ROJO",CEDIS GDL,CEDIS MACROPAY GUADALAJARA,25,140,3EECANBJ0V1022729,0,$0.00,0,$0,1,20909
MOTO ROAD,"MOTO ISLO MUTANT 250CC, ROJO",CEDIS GDL,CEDIS MACROPAY GUADALAJARA,25,140,3EECANBJ0V1022780,0,$0.00,0,$0,1,20909
MOTO ROAD,"MOTO ISLO MUTANT 250CC, ROJO",CEDIS GDL,CEDIS MACROPAY GUADALAJARA,25,140,3EECANBJ0V1022794,0,$0.00,0,$0,1,20909
MOTO ROAD,"MOTO ISLO MUTANT 250CC, ROJO",CEDIS GDL,CEDIS MACROPAY GUADALAJARA,25,140,3EECANBJ1T1043019,0,$0.00,0,$0,1,20909
MOTO ROAD,"MOTO ISLO MUTANT 250CC, ROJO",CEDIS GDL,CEDIS MACROPAY GUADALAJARA,25,140,3EECANBJ6V1022766,0,$0.00,0,$0,1,20909
MOTO ROAD,"MOTO ISLO MUTANT 250CC, ROJO",CEDIS GDL,CEDIS MACROPAY GUADALAJARA,25,140,3EECANBJXV1022799,0,$0.00,0,$0,1,20909
MOTO ROAD,"MOTO ISLO MUTANT 250CC, ROJO",CEDIS MID,CEDIS MERIDA PXGL,26,140,3EECANBJ2T1042946,0,$0.00,0,$0,1,21045
MOTO ROAD,"MOTO ISLO MUTANT 250CC, ROJO",CEDIS MID,CEDIS MERIDA PXGL,26,140,3EECANBJ2V1022781,0,$0.00,0,$0,1,21045
MOTO ROAD,"MOTO ISLO MUTANT 250CC, ROJO",CEDIS MID,CEDIS MERIDA PXGL,26,140,3EECANBJ2V1022828,0,$0.00,0,$0,1,21045
MOTO ROAD,"MOTO ISLO MUTANT 250CC, ROJO",CEDIS MID,CEDIS MERIDA PXGL,26,140,3EECANBJ3V1022739,0,$0.00,0,$0,1,21045
MOTO ROAD,"MOTO ISLO MUTANT 250CC, ROJO",CEDIS MID,CEDIS MERIDA PXGL,26,140,3EECANBJ3V1022742,0,$0.00,0,$0,1,21045
MOTO ROAD,"MOTO ISLO MUTANT 250CC, ROJO",CEDIS MID,CEDIS MERIDA PXGL,26,140,3EECANBJ4V1022832,0,$0.00,0,$0,1,21045
MOTO ROAD,"MOTO ISLO MUTANT 250CC, ROJO",CEDIS MID,CEDIS MERIDA PXGL,26,140,3EECANBJ5V1022824,0,$0.00,0,$0,1,21045
MOTO ROAD,"MOTO ISLO MUTANT 250CC, ROJO",CEDIS MID,CEDIS MERIDA PXGL,26,140,3EECANBJ9V1022731,0,$0.00,0,$0,1,21045
MOTO ROAD,"MOTO ISLO MUTANT 250CC, ROJO",CEDIS MID,CEDIS MERIDA PXGL,26,140,3EECANBJ9V1022809,0,$0.00,0,$0,1,21045
MOTO ROAD,"MOTO ISLO MUTANT 250CC, ROJO",CEDIS MID,CEDIS MERIDA PXGL,26,140,3EECANBJXT1043021,0,$0.00,0,$0,1,21045
MOTO ROAD,"MOTO ISLO MUTANT 250CC, ROJO",CEDIS MID,CEDIS MERIDA PXGL,26,140,3EECANBJXV1022821,0,$0.00,0,$0,1,21045
MOTO ROAD,"MOTO ISLO MUTANT 250CC, ROJO",CEDIS SALTILLO,CEDIS SALTILLO,29,140,3EECANBJ0T1044422,0,$0.00,0,$0,1,20909
MOTO ROAD,"MOTO ISLO RABBIT 150CC, BLANCO",CEDIS CDMX,CE. LOG. PXGL,21,140,3EEBBKBF6T1036831,0,$0.00,1,$17590,0,0
MOTO ROAD,"MOTO ISLO RABBIT 150CC, BLANCO",CEDIS CULIACAN,CEDIS CULIACAN,28,140,3EEBBKBF0T1036579,0,$0.00,0,$0,1,17590
MOTO ROAD,"MOTO ISLO RABBIT 150CC, BLANCO",CEDIS CULIACAN,CEDIS CULIACAN,28,140,3EEBBKBF2T1036518,0,$0.00,0,$0,1,17590
MOTO ROAD,"MOTO ISLO RABBIT 150CC, BLANCO",CEDIS CULIACAN,CEDIS CULIACAN,28,140,3EEBBKBF3T1036477,0,$0.00,0,$0,1,17590
MOTO ROAD,"MOTO ISLO RABBIT 150CC, BLANCO",CEDIS CULIACAN,CEDIS CULIACAN,28,140,3EEBBKBF3T1036480,0,$0.00,0,$0,1,17590
MOTO ROAD,"MOTO ISLO RABBIT 150CC, BLANCO",CEDIS CULIACAN,CEDIS CULIACAN,28,140,3EEBBKBF5T1036500,0,$0.00,0,$0,1,17590
MOTO ROAD,"MOTO ISLO RABBIT 150CC, BLANCO",CEDIS CULIACAN,CEDIS CULIACAN,28,140,3EEBBKBF7T1036501,0,$0.00,0,$0,1,17590
MOTO ROAD,"MOTO ISLO RABBIT 150CC, BLANCO",CEDIS CULIACAN,CEDIS CULIACAN,28,140,3EEBBKBF8T1036586,0,$0.00,0,$0,1,17590
MOTO ROAD,"MOTO ISLO RABBIT 150CC, BLANCO",CEDIS CULIACAN,CEDIS CULIACAN,28,140,3EEBBKBF9T1036502,0,$0.00,0,$0,1,17590
MOTO ROAD,"MOTO ISLO RABBIT 150CC, BLANCO",CEDIS GDL,CEDIS MACROPAY GUADALAJARA,25,140,3EEBBKBF7T1036496,0,$0.00,0,$0,1,17590
MOTO ROAD,"MOTO ISLO RABBIT 150CC, BLANCO",CEDIS GDL,CEDIS MACROPAY GUADALAJARA,25,140,3EEBBKBF8T1036510,0,$0.00,0,$0,1,17590
MOTO ROAD,"MOTO ISLO RABBIT 150CC, BLANCO",CEDIS MID,CEDIS MERIDA PXGL,26,40,3EEBBKBF6T1029992,0,$0.00,1,$17590,0,0
VELOCI MOTORS,"MOTO VELOCI ATRIO  EVO SPORT 200CC, ROJO",CEDIS CDMX,CE. LOG. PXGL,21,140,3VMA2FA02V2466910,0,$0.00,0,$0,1,17471
VELOCI MOTORS,"MOTO VELOCI ATRIO  EVO SPORT 200CC, ROJO",CEDIS CDMX,CE. LOG. PXGL,21,140,3VMA2FA03T2437249,0,$0.00,1,$17471,0,0
VELOCI MOTORS,"MOTO VELOCI ATRIO  EVO SPORT 200CC, ROJO",CEDIS CDMX,CE. LOG. PXGL,21,140,3VMA2FA07V2466918,0,$0.00,0,$0,1,17471
VELOCI MOTORS,"MOTO VELOCI ATRIO  EVO SPORT 200CC, ROJO",CEDIS CDMX,CE. LOG. PXGL,21,140,3VMA2FA07V2466949,0,$0.00,0,$0,1,17471
VELOCI MOTORS,"MOTO VELOCI ATRIO  EVO SPORT 200CC, ROJO",CEDIS CDMX,CE. LOG. PXGL,21,140,3VMA2FA09V2466905,0,$0.00,0,$0,1,17471
VELOCI MOTORS,"MOTO VELOCI ATRIO  EVO SPORT 200CC, ROJO",CEDIS CDMX,CE. LOG. PXGL,21,140,3VMA2FA0XV2466881,0,$0.00,0,$0,1,17471
VELOCI MOTORS,"MOTO VELOCI ATRIO  EVO SPORT 200CC, ROJO",CEDIS CULIACAN,CEDIS CULIACAN,28,140,3VMA2FA00T2428167,0,$0.00,0,$0,1,18074
VELOCI MOTORS,"MOTO VELOCI ATRIO  EVO SPORT 200CC, ROJO",CEDIS CULIACAN,CEDIS CULIACAN,28,140,3VMA2FA00T2428170,0,$0.00,0,$0,1,18074
VELOCI MOTORS,"MOTO VELOCI ATRIO  EVO SPORT 200CC, ROJO",CEDIS CULIACAN,CEDIS CULIACAN,28,140,3VMA2FA05T2428164,0,$0.00,0,$0,1,18074
VELOCI MOTORS,"MOTO VELOCI ATRIO  EVO SPORT 200CC, ROJO",CEDIS CULIACAN,CEDIS CULIACAN,28,140,3VMA2FA06T2427315,0,$0.00,0,$0,1,18074
VELOCI MOTORS,"MOTO VELOCI ATRIO  EVO SPORT 200CC, ROJO",CEDIS CULIACAN,CEDIS CULIACAN,28,140,3VMA2FA09T2428149,0,$0.00,0,$0,1,18074
VELOCI MOTORS,"MOTO VELOCI ATRIO  EVO SPORT 200CC, ROJO",CEDIS GDL,CEDIS MACROPAY GUADALAJARA,25,140,3VMA2FA01V2454876,0,$0.00,0,$0,1,18456
VELOCI MOTORS,"MOTO VELOCI ATRIO  EVO SPORT 200CC, ROJO",CEDIS GDL,CEDIS MACROPAY GUADALAJARA,25,140,3VMA2FA05V2455027,0,$0.00,0,$0,1,18456
VELOCI MOTORS,"MOTO VELOCI ATRIO  EVO SPORT 200CC, ROJO",CEDIS GDL,CEDIS MACROPAY GUADALAJARA,25,140,3VMA2FA09V2455029,0,$0.00,0,$0,1,18456
VELOCI MOTORS,"MOTO VELOCI ATRIO  EVO SPORT 200CC, ROJO",CEDIS MID,CEDIS MERIDA,11,140,3VMA2FA07V2454820,0,$0.00,0,$0,1,21905
VELOCI MOTORS,"MOTO VELOCI ATRIO  EVO SPORT 200CC, ROJO",CEDIS SALTILLO,CEDIS SALTILLO,29,140,3VMA2FA08V2447360,0,$0.00,0,$0,1,18456
VELOCI MOTORS,"MOTO VELOCI ATRIO  EVO SPORT 200CC, ROJO",CEDIS SALTILLO,CEDIS SALTILLO,29,140,3VMA2FA08V2447438,0,$0.00,0,$0,1,18456
VELOCI MOTORS,"MOTO VELOCI ATRIO  EVO SPORT 200CC, ROJO",CEDIS SALTILLO,CEDIS SALTILLO,29,140,3VMA2FA09V2447402,0,$0.00,0,$0,1,18456
VELOCI MOTORS,"MOTO VELOCI ATRIO  EVO SPORT 200CC, ROJO",CEDIS SAN LUIS,CEDIS SAN LUIS,27,140,3VMA2FA02V2455065,0,$0.00,0,$0,1,18313
VELOCI MOTORS,"MOTO VELOCI ATRIO  EVO SPORT 200CC, ROJO",CEDIS SAN LUIS,CEDIS SAN LUIS,27,140,3VMA2FA06V2454856,0,$0.00,0,$0,1,18313
VELOCI MOTORS,"MOTO VELOCI ATRIO  EVO SPORT 200CC, ROJO",CEDIS SAN LUIS,CEDIS SAN LUIS,27,140,3VMA2FA0XT2428158,0,$0.00,1,$18313,0,0
VELOCI MOTORS,"MOTO VELOCI ATRIO  EVO SPORT 200CC, ROJO",CEDIS TAB PXGL,CEDIS MACROPAY TABASCO PXGL,14,140,3VMA2FA08V2466989,0,$0.00,0,$0,1,18456
VELOCI MOTORS,"MOTO VELOCI BEAST KX4 HYPER 200CC, ROJO",CEDIS CDMX,CE. LOG. PXGL,21,140,3VMC3FZ00V2449873,0,$0.00,0,$0,1,32520
VELOCI MOTORS,"MOTO VELOCI BEAST KX4 HYPER 200CC, ROJO",CEDIS CDMX,CE. LOG. PXGL,21,140,3VMC3FZ03V2449835,0,$0.00,0,$0,1,32520
VELOCI MOTORS,"MOTO VELOCI BEAST KX4 HYPER 200CC, ROJO",CEDIS CDMX,CE. LOG. PXGL,21,140,3VMC3FZ03V2449852,0,$0.00,0,$0,1,32520
VELOCI MOTORS,"MOTO VELOCI BEAST KX4 HYPER 200CC, ROJO",CEDIS CDMX,CE. LOG. PXGL,21,140,3VMC3FZ04T2436685,0,$0.00,1,$32520,0,0
VELOCI MOTORS,"MOTO VELOCI BEAST KX4 HYPER 200CC, ROJO",CEDIS CDMX,CE. LOG. PXGL,21,140,3VMC3FZ0XV2449878,0,$0.00,0,$0,1,32520
VELOCI MOTORS,"MOTO VELOCI BOXTER RT3 220CC, NEGRO",CEDIS CDMX,CE. LOG. PXGL,21,140,3VMA2M3C1V2450791,0,$0.00,0,$0,1,15124
VELOCI MOTORS,"MOTO VELOCI BOXTER RT3 220CC, NEGRO",CEDIS CDMX,CE. LOG. PXGL,21,140,3VMA2M3C2V2450945,0,$0.00,0,$0,1,15124
VELOCI MOTORS,"MOTO VELOCI BOXTER RT3 220CC, NEGRO",CEDIS CDMX,CE. LOG. PXGL,21,140,3VMA2M3C3V2450937,0,$0.00,0,$0,1,15124
VELOCI MOTORS,"MOTO VELOCI BOXTER RT3 220CC, NEGRO",CEDIS CDMX,CE. LOG. PXGL,21,140,3VMA2M3C3V2461971,0,$0.00,0,$0,1,15124
VELOCI MOTORS,"MOTO VELOCI BOXTER RT3 220CC, NEGRO",CEDIS CDMX,CE. LOG. PXGL,21,140,3VMA2M3C4V2450834,0,$0.00,0,$0,1,15124
VELOCI MOTORS,"MOTO VELOCI BOXTER RT3 220CC, NEGRO",CEDIS CDMX,CE. LOG. PXGL,21,140,3VMA2M3C4V2462000,0,$0.00,0,$0,1,15124
VELOCI MOTORS,"MOTO VELOCI BOXTER RT3 220CC, NEGRO",CEDIS CDMX,CE. LOG. PXGL,21,140,3VMA2M3C5V2462314,0,$0.00,0,$0,1,15124
VELOCI MOTORS,"MOTO VELOCI BOXTER RT3 220CC, NEGRO",CEDIS CDMX,CE. LOG. PXGL,21,140,3VMA2M3C6V2450916,0,$0.00,0,$0,1,15124
VELOCI MOTORS,"MOTO VELOCI BOXTER RT3 220CC, NEGRO",CEDIS CDMX,CE. LOG. PXGL,21,140,3VMA2M3C6V2450933,0,$0.00,0,$0,1,15124
VELOCI MOTORS,"MOTO VELOCI BOXTER RT3 220CC, NEGRO",CEDIS CDMX,CE. LOG. PXGL,21,140,3VMA2M3C6V2462001,0,$0.00,0,$0,1,15124
VELOCI MOTORS,"MOTO VELOCI BOXTER RT3 220CC, NEGRO",CEDIS CDMX,CE. LOG. PXGL,21,140,3VMA2M3C6V2462161,0,$0.00,0,$0,1,15124
VELOCI MOTORS,"MOTO VELOCI BOXTER RT3 220CC, NEGRO",CEDIS CDMX,CE. LOG. PXGL,21,140,3VMA2M3C6V2462242,0,$0.00,0,$0,1,15124
VELOCI MOTORS,"MOTO VELOCI BOXTER RT3 220CC, NEGRO",CEDIS CDMX,CE. LOG. PXGL,21,140,3VMA2M3C7V2462282,0,$0.00,0,$0,1,15124
VELOCI MOTORS,"MOTO VELOCI BOXTER RT3 220CC, NEGRO",CEDIS CDMX,CE. LOG. PXGL,21,140,3VMA2M3C9V2436251,0,$0.00,1,$15124,0,0
VELOCI MOTORS,"MOTO VELOCI BOXTER RT3 220CC, NEGRO",CEDIS CDMX,CE. LOG. PXGL,21,140,3VMA2M3C9V2450859,0,$0.00,0,$0,1,15124
VELOCI MOTORS,"MOTO VELOCI BOXTER RT3 220CC, NEGRO",CEDIS CDMX,CE. LOG. PXGL,21,140,3VMA2M3C9V2461991,0,$0.00,0,$0,1,15124
VELOCI MOTORS,"MOTO VELOCI BOXTER RT3 220CC, NEGRO",CEDIS CDMX,CE. LOG. PXGL,21,140,3VMA2M3CXV2450644,0,$0.00,0,$0,1,15124
VELOCI MOTORS,"MOTO VELOCI BOXTER RT3 220CC, NEGRO",CEDIS CDMX,CE. LOG. PXGL,21,140,3VMA2M3CXV2461983,0,$0.00,0,$0,1,15124
VELOCI MOTORS,"MOTO VELOCI BOXTER RT3 220CC, NEGRO",CEDIS CULIACAN,CEDIS CULIACAN,28,140,3VMA2M3C1V2450354,0,$0.00,0,$0,1,15301
VELOCI MOTORS,"MOTO VELOCI BOXTER RT3 220CC, NEGRO",CEDIS CULIACAN,CEDIS CULIACAN,28,140,3VMA2M3C1V2450595,0,$0.00,0,$0,1,15301
VELOCI MOTORS,"MOTO VELOCI BOXTER RT3 220CC, NEGRO",CEDIS CULIACAN,CEDIS CULIACAN,28,140,3VMA2M3C1V2451214,0,$0.00,0,$0,1,15301
VELOCI MOTORS,"MOTO VELOCI BOXTER RT3 220CC, NEGRO",CEDIS CULIACAN,CEDIS CULIACAN,28,140,3VMA2M3C1V2451228,0,$0.00,0,$0,1,15301
VELOCI MOTORS,"MOTO VELOCI BOXTER RT3 220CC, NEGRO",CEDIS CULIACAN,CEDIS CULIACAN,28,140,3VMA2M3C2V2451321,0,$0.00,0,$0,1,15301
VELOCI MOTORS,"MOTO VELOCI BOXTER RT3 220CC, NEGRO",CEDIS CULIACAN,CEDIS CULIACAN,28,140,3VMA2M3C2V2451366,0,$0.00,0,$0,1,15301
VELOCI MOTORS,"MOTO VELOCI BOXTER RT3 220CC, NEGRO",CEDIS CULIACAN,CEDIS CULIACAN,28,140,3VMA2M3C3V2451389,0,$0.00,0,$0,1,15301
VELOCI MOTORS,"MOTO VELOCI BOXTER RT3 220CC, NEGRO",CEDIS CULIACAN,CEDIS CULIACAN,28,140,3VMA2M3C4V2451398,0,$0.00,0,$0,1,15301
VELOCI MOTORS,"MOTO VELOCI BOXTER RT3 220CC, NEGRO",CEDIS CULIACAN,CEDIS CULIACAN,28,140,3VMA2M3C5V2451393,0,$0.00,0,$0,1,15301
VELOCI MOTORS,"MOTO VELOCI BOXTER RT3 220CC, NEGRO",CEDIS CULIACAN,CEDIS CULIACAN,28,140,3VMA2M3C6V2450804,0,$0.00,0,$0,1,15301
VELOCI MOTORS,"MOTO VELOCI BOXTER RT3 220CC, NEGRO",CEDIS CULIACAN,CEDIS CULIACAN,28,140,3VMA2M3C6V2450947,0,$0.00,0,$0,1,15301
VELOCI MOTORS,"MOTO VELOCI BOXTER RT3 220CC, NEGRO",CEDIS CULIACAN,CEDIS CULIACAN,28,140,3VMA2M3C6V2451371,0,$0.00,0,$0,1,15301
VELOCI MOTORS,"MOTO VELOCI BOXTER RT3 220CC, NEGRO",CEDIS CULIACAN,CEDIS CULIACAN,28,140,3VMA2M3C7V2450925,0,$0.00,0,$0,1,15301
VELOCI MOTORS,"MOTO VELOCI BOXTER RT3 220CC, NEGRO",CEDIS CULIACAN,CEDIS CULIACAN,28,140,3VMA2M3CXV2451213,0,$0.00,0,$0,1,15301
VELOCI MOTORS,"MOTO VELOCI BOXTER RT3 220CC, NEGRO",CEDIS GDL,CEDIS MACROPAY GUADALAJARA,25,140,3VMA2M3C1V2451391,0,$0.00,0,$0,1,15301
VELOCI MOTORS,"MOTO VELOCI BOXTER RT3 220CC, NEGRO",CEDIS GDL,CEDIS MACROPAY GUADALAJARA,25,140,3VMA2M3C2V2450301,0,$0.00,0,$0,1,15301
VELOCI MOTORS,"MOTO VELOCI BOXTER RT3 220CC, NEGRO",CEDIS GDL,CEDIS MACROPAY GUADALAJARA,25,140,3VMA2M3C2V2451402,0,$0.00,0,$0,1,15301
VELOCI MOTORS,"MOTO VELOCI BOXTER RT3 220CC, NEGRO",CEDIS GDL,CEDIS MACROPAY GUADALAJARA,25,140,3VMA2M3C3V2450680,0,$0.00,0,$0,1,15301
VELOCI MOTORS,"MOTO VELOCI BOXTER RT3 220CC, NEGRO",CEDIS GDL,CEDIS MACROPAY GUADALAJARA,25,140,3VMA2M3C3V2451215,0,$0.00,0,$0,1,15301
VELOCI MOTORS,"MOTO VELOCI BOXTER RT3 220CC, NEGRO",CEDIS GDL,CEDIS MACROPAY GUADALAJARA,25,140,3VMA2M3C3V2451411,0,$0.00,0,$0,1,15301
VELOCI MOTORS,"MOTO VELOCI BOXTER RT3 220CC, NEGRO",CEDIS GDL,CEDIS MACROPAY GUADALAJARA,25,140,3VMA2M3C5V2451362,0,$0.00,0,$0,1,15301
VELOCI MOTORS,"MOTO VELOCI BOXTER RT3 220CC, NEGRO",CEDIS GDL,CEDIS MACROPAY GUADALAJARA,25,140,3VMA2M3C6V2451399,0,$0.00,0,$0,1,15301
VELOCI MOTORS,"MOTO VELOCI BOXTER RT3 220CC, NEGRO",CEDIS GDL,CEDIS MACROPAY GUADALAJARA,25,140,3VMA2M3C8V2451355,0,$0.00,0,$0,1,15301
VELOCI MOTORS,"MOTO VELOCI BOXTER RT3 220CC, NEGRO",CEDIS GDL,CEDIS MACROPAY GUADALAJARA,25,140,3VMA2M3C9V2451364,0,$0.00,0,$0,1,15301
VELOCI MOTORS,"MOTO VELOCI BOXTER RT3 220CC, NEGRO",CEDIS GDL,CEDIS MACROPAY GUADALAJARA,25,140,3VMA2M3CXV2451387,0,$0.00,0,$0,1,15301
VELOCI MOTORS,"MOTO VELOCI BOXTER RT3 220CC, NEGRO",CEDIS MID,CEDIS MERIDA,11,140,3VMA2M3C0V2450202,0,$0.00,0,$0,1,15205
VELOCI MOTORS,"MOTO VELOCI BOXTER RT3 220CC, NEGRO",CEDIS MID,CEDIS MERIDA,11,140,3VMA2M3C1V2450225,0,$0.00,0,$0,1,15205
VELOCI MOTORS,"MOTO VELOCI BOXTER RT3 220CC, NEGRO",CEDIS MID,CEDIS MERIDA,11,140,3VMA2M3C7V2450231,0,$0.00,0,$0,1,15205
VELOCI MOTORS,"MOTO VELOCI BOXTER RT3 220CC, NEGRO",CEDIS MID,CEDIS MERIDA PXGL,26,140,3VMA2M3C4V2451370,0,$0.00,0,$0,1,15384
VELOCI MOTORS,"MOTO VELOCI BOXTER RT3 220CC, NEGRO",CEDIS MID,CEDIS MERIDA PXGL,26,140,3VMA2M3C7V2451346,0,$0.00,0,$0,1,15384
VELOCI MOTORS,"MOTO VELOCI BOXTER RT3 220CC, NEGRO",CEDIS MID,CEDIS MERIDA PXGL,26,140,3VMA2M3C8V2451338,0,$0.00,0,$0,1,15384
VELOCI MOTORS,"MOTO VELOCI BOXTER RT3 220CC, NEGRO",CEDIS MID,CEDIS MERIDA PXGL,26,140,3VMA2M3C9V2451378,0,$0.00,0,$0,1,15384
VELOCI MOTORS,"MOTO VELOCI BOXTER RT3 220CC, NEGRO",CEDIS SALTILLO,CEDIS SALTILLO,29,140,3VMA2M3C2V2450637,0,$0.00,0,$0,1,15301
VELOCI MOTORS,"MOTO VELOCI BOXTER RT3 220CC, NEGRO",CEDIS SALTILLO,CEDIS SALTILLO,29,140,3VMA2M3C3V2450601,0,$0.00,0,$0,1,15301
VELOCI MOTORS,"MOTO VELOCI BOXTER RT3 220CC, NEGRO",CEDIS SALTILLO,CEDIS SALTILLO,29,140,3VMA2M3C3V2450663,0,$0.00,0,$0,1,15301
VELOCI MOTORS,"MOTO VELOCI BOXTER RT3 220CC, NEGRO",CEDIS SALTILLO,CEDIS SALTILLO,29,140,3VMA2M3C5V2450681,0,$0.00,0,$0,1,15301
VELOCI MOTORS,"MOTO VELOCI BOXTER RT3 220CC, NEGRO",CEDIS SALTILLO,CEDIS SALTILLO,29,140,3VMA2M3C5V2450843,0,$0.00,0,$0,1,15301
VELOCI MOTORS,"MOTO VELOCI BOXTER RT3 220CC, NEGRO",CEDIS SALTILLO,CEDIS SALTILLO,29,140,3VMA2M3C7V2450665,0,$0.00,0,$0,1,15301
VELOCI MOTORS,"MOTO VELOCI BOXTER RT3 220CC, NEGRO",CEDIS SALTILLO,CEDIS SALTILLO,29,140,3VMA2M3C8V2450688,0,$0.00,0,$0,1,15301
VELOCI MOTORS,"MOTO VELOCI BOXTER RT3 220CC, NEGRO",CEDIS SALTILLO,CEDIS SALTILLO,29,140,3VMA2M3C9V2450604,0,$0.00,0,$0,1,15301
VELOCI MOTORS,"MOTO VELOCI BOXTER RT3 220CC, NEGRO",CEDIS SAN LUIS,CEDIS SAN LUIS,27,140,3VMA2M3C0V2457442,0,$0.00,0,$0,1,15086
VELOCI MOTORS,"MOTO VELOCI BOXTER RT3 220CC, NEGRO",CEDIS SAN LUIS,CEDIS SAN LUIS,27,140,3VMA2M3C0V2462365,0,$0.00,0,$0,1,15086
VELOCI MOTORS,"MOTO VELOCI BOXTER RT3 220CC, NEGRO",CEDIS SAN LUIS,CEDIS SAN LUIS,27,140,3VMA2M3C4V2462451,0,$0.00,0,$0,1,15086
VELOCI MOTORS,"MOTO VELOCI BOXTER RT3 220CC, NEGRO",CEDIS SAN LUIS,CEDIS SAN LUIS,27,140,3VMA2M3C5V2462393,0,$0.00,0,$0,1,15086
VELOCI MOTORS,"MOTO VELOCI BOXTER RT3 220CC, NEGRO",CEDIS SAN LUIS,CEDIS SAN LUIS,27,140,3VMA2M3CXV2462356,0,$0.00,0,$0,1,15086
VELOCI MOTORS,"MOTO VELOCI BREAKSTORM SPORT 330CC, GRIS",CEDIS CDMX,CE. LOG. PXGL,21,140,3VMA3NG10T2441170,0,$0.00,0,$0,1,28785
VELOCI MOTORS,"MOTO VELOCI BREAKSTORM SPORT 330CC, GRIS",CEDIS CDMX,CE. LOG. PXGL,21,140,3VMA3NG11T2441307,0,$0.00,0,$0,1,28785
VELOCI MOTORS,"MOTO VELOCI BREAKSTORM SPORT 330CC, GRIS",CEDIS CDMX,CE. LOG. PXGL,21,140,3VMA3NG14T2441317,0,$0.00,0,$0,1,28785
VELOCI MOTORS,"MOTO VELOCI BREAKSTORM SPORT 330CC, GRIS",CEDIS CDMX,CE. LOG. PXGL,21,140,3VMA3NG17T2441196,0,$0.00,0,$0,1,28785
VELOCI MOTORS,"MOTO VELOCI BREAKSTORM SPORT 330CC, GRIS",CEDIS CDMX,CE. LOG. PXGL,21,140,3VMA3NG19T2441183,0,$0.00,1,$28785,0,0
VELOCI MOTORS,"MOTO VELOCI BREAKSTORM SPORT 330CC, GRIS",CEDIS CULIACAN,CEDIS CULIACAN,28,140,3VMA3NG10T2420156,0,$0.00,0,$0,1,29949
VELOCI MOTORS,"MOTO VELOCI BREAKSTORM SPORT 330CC, GRIS",CEDIS CULIACAN,CEDIS CULIACAN,28,140,3VMA3NG11T2420098,0,$0.00,0,$0,1,29949
VELOCI MOTORS,"MOTO VELOCI BREAKSTORM SPORT 330CC, GRIS",CEDIS CULIACAN,CEDIS CULIACAN,28,140,3VMA3NG12T2420157,0,$0.00,0,$0,1,29949
VELOCI MOTORS,"MOTO VELOCI BREAKSTORM SPORT 330CC, GRIS",CEDIS GDL,CEDIS MACROPAY GUADALAJARA,25,140,3VMA3NG15T2420170,0,$0.00,0,$0,1,29949
VELOCI MOTORS,"MOTO VELOCI BREAKSTORM SPORT 330CC, GRIS",CEDIS GDL,CEDIS MACROPAY GUADALAJARA,25,140,3VMA3NG16T2441027,0,$0.00,0,$0,1,29949
VELOCI MOTORS,"MOTO VELOCI BREAKSTORM SPORT 330CC, GRIS",CEDIS GDL,CEDIS MACROPAY GUADALAJARA,25,140,3VMA3NG16T2441030,0,$0.00,0,$0,1,29949
VELOCI MOTORS,"MOTO VELOCI BREAKSTORM SPORT 330CC, GRIS",CEDIS GDL,CEDIS MACROPAY GUADALAJARA,25,140,3VMA3NG17T2420199,0,$0.00,0,$0,1,29949
VELOCI MOTORS,"MOTO VELOCI BREAKSTORM SPORT 330CC, GRIS",CEDIS MID,CEDIS MERIDA,11,140,3VMA3NG10V2460045,0,$0.00,0,$0,1,29087
VELOCI MOTORS,"MOTO VELOCI BREAKSTORM SPORT 330CC, GRIS",CEDIS MID,CEDIS MERIDA,11,140,3VMA3NG10V2460093,0,$0.00,0,$0,1,29087
VELOCI MOTORS,"MOTO VELOCI BREAKSTORM SPORT 330CC, GRIS",CEDIS MID,CEDIS MERIDA,11,140,3VMA3NG15V2460087,0,$0.00,0,$0,1,29087
VELOCI MOTORS,"MOTO VELOCI BREAKSTORM SPORT 330CC, GRIS",CEDIS MID,CEDIS MERIDA,11,140,3VMA3NG15V2460090,0,$0.00,0,$0,1,29087
VELOCI MOTORS,"MOTO VELOCI BREAKSTORM SPORT 330CC, GRIS",CEDIS MID,CEDIS MERIDA,11,140,3VMA3NG16V2460048,0,$0.00,0,$0,1,29087
VELOCI MOTORS,"MOTO VELOCI BREAKSTORM SPORT 330CC, GRIS",CEDIS MID,CEDIS MERIDA,11,140,3VMA3NG16V2460079,0,$0.00,0,$0,1,29087
VELOCI MOTORS,"MOTO VELOCI BREAKSTORM SPORT 330CC, GRIS",CEDIS MID,CEDIS MERIDA,11,140,3VMA3NG17V2460057,0,$0.00,0,$0,1,29087
VELOCI MOTORS,"MOTO VELOCI BREAKSTORM SPORT 330CC, GRIS",CEDIS MID,CEDIS MERIDA,11,140,3VMA3NG18V2460066,0,$0.00,0,$0,1,29087
VELOCI MOTORS,"MOTO VELOCI BREAKSTORM SPORT 330CC, GRIS",CEDIS MID,CEDIS MERIDA,11,140,3VMA3NG19V2460075,0,$0.00,0,$0,1,29087
VELOCI MOTORS,"MOTO VELOCI BREAKSTORM SPORT 330CC, GRIS",CEDIS MID,CEDIS MERIDA,11,140,3VMA3NG19V2460092,0,$0.00,0,$0,1,29087
VELOCI MOTORS,"MOTO VELOCI BREAKSTORM SPORT 330CC, GRIS",CEDIS SALTILLO,CEDIS SALTILLO,29,140,3VMA3NG11T2441260,0,$0.00,0,$0,1,29757
VELOCI MOTORS,"MOTO VELOCI BREAKSTORM SPORT 330CC, GRIS",CEDIS SALTILLO,CEDIS SALTILLO,29,140,3VMA3NG13T2441261,0,$0.00,0,$0,1,29757
VELOCI MOTORS,"MOTO VELOCI BREAKSTORM SPORT 330CC, GRIS",CEDIS TAB PXGL,CEDIS MACROPAY TABASCO PXGL,14,140,3VMA3NG10T2420139,0,$0.00,0,$0,1,29949
VELOCI MOTORS,"MOTO VELOCI BREAKSTORM SPORT 330CC, GRIS",CEDIS TAB PXGL,CEDIS MACROPAY TABASCO PXGL,14,140,3VMA3NG14T2420130,0,$0.00,0,$0,1,29949
VELOCI MOTORS,"MOTO VELOCI BREAKSTORM SPORT 330CC, GRIS",CEDIS TAB PXGL,CEDIS MACROPAY TABASCO PXGL,14,140,3VMA3NG17T2411454,0,$0.00,0,$0,1,29949
VELOCI MOTORS,"MOTO VELOCI BREAKSTORM SPORT 330CC, GRIS",CEDIS TAB PXGL,CEDIS MACROPAY TABASCO PXGL,14,140,3VMA3NG1XT2420147,0,$0.00,0,$0,1,29949
VELOCI MOTORS,"MOTO VELOCI DARK EAGLE 330CC, NEGRO",CEDIS CDMX,CE. LOG. PXGL,21,140,3VMA3NP1XV2443642,0,$0.00,0,$0,1,31121
VELOCI MOTORS,"MOTO VELOCI DARK EAGLE 330CC, NEGRO",CEDIS MID,CEDIS MERIDA,11,140,3VMA3NP10V2443648,0,$0.00,0,$0,1,31121
VELOCI MOTORS,"MOTO VELOCI DARK EAGLE 330CC, NEGRO",CEDIS MID,CEDIS MERIDA,11,140,3VMA3NP18V2443641,0,$0.00,0,$0,1,31121
VELOCI MOTORS,"MOTO VELOCI DEUS EVO SPORT 150CC, GRIS",CEDIS CDMX,CE. LOG. PXGL,21,140,3VMA2EE11V2456396,0,$0.00,0,$0,1,16663
VELOCI MOTORS,"MOTO VELOCI DEUS EVO SPORT 150CC, GRIS",CEDIS CDMX,CE. LOG. PXGL,21,140,3VMA2EE15V2456384,0,$0.00,0,$0,1,16663
VELOCI MOTORS,"MOTO VELOCI DEUS EVO SPORT 150CC, GRIS",CEDIS CDMX,CE. LOG. PXGL,21,140,3VMA2EE17V2456399,0,$0.00,0,$0,1,16663
VELOCI MOTORS,"MOTO VELOCI DEUS EVO SPORT 150CC, GRIS",CEDIS CDMX,CE. LOG. PXGL,21,140,3VMA2EE18V2456394,0,$0.00,0,$0,1,16663
VELOCI MOTORS,"MOTO VELOCI DEUS EVO SPORT 150CC, GRIS",CEDIS CULIACAN,CEDIS CULIACAN,28,140,3VMA2EE10V2455093,0,$0.00,0,$0,1,16663
VELOCI MOTORS,"MOTO VELOCI DEUS EVO SPORT 150CC, GRIS",CEDIS CULIACAN,CEDIS CULIACAN,28,140,3VMA2EE10V2455112,0,$0.00,0,$0,1,16663
VELOCI MOTORS,"MOTO VELOCI DEUS EVO SPORT 150CC, GRIS",CEDIS CULIACAN,CEDIS CULIACAN,28,140,3VMA2EE12V2455094,0,$0.00,0,$0,1,16663
VELOCI MOTORS,"MOTO VELOCI DEUS EVO SPORT 150CC, GRIS",CEDIS CULIACAN,CEDIS CULIACAN,28,140,3VMA2EE14V2455128,0,$0.00,0,$0,1,16663
VELOCI MOTORS,"MOTO VELOCI DEUS EVO SPORT 150CC, GRIS",CEDIS CULIACAN,CEDIS CULIACAN,28,140,3VMA2EE16V2455096,0,$0.00,0,$0,1,16663
VELOCI MOTORS,"MOTO VELOCI DEUS EVO SPORT 150CC, GRIS",CEDIS CULIACAN,CEDIS CULIACAN,28,140,3VMA2EE17V2455110,0,$0.00,0,$0,1,16663
VELOCI MOTORS,"MOTO VELOCI DEUS EVO SPORT 150CC, GRIS",CEDIS CULIACAN,CEDIS CULIACAN,28,140,3VMA2EE18V2455097,0,$0.00,0,$0,1,16663
VELOCI MOTORS,"MOTO VELOCI DEUS EVO SPORT 150CC, GRIS",CEDIS CULIACAN,CEDIS CULIACAN,28,140,3VMA2EE19V2455111,0,$0.00,0,$0,1,16663
VELOCI MOTORS,"MOTO VELOCI DEUS EVO SPORT 150CC, GRIS",CEDIS MID,CEDIS MERIDA,11,140,3VMA2EE15V2456644,0,$0.00,0,$0,1,16571
VELOCI MOTORS,"MOTO VELOCI DEUS EVO SPORT 150CC, GRIS",CEDIS MID,CEDIS MERIDA,11,140,3VMA2EE16V2456829,0,$0.00,0,$0,1,16571
VELOCI MOTORS,"MOTO VELOCI DEUS EVO SPORT 150CC, GRIS",CEDIS MID,CEDIS MERIDA,11,140,3VMA2EE17V2456838,0,$0.00,0,$0,1,16571
VELOCI MOTORS,"MOTO VELOCI DEUS EVO SPORT 150CC, GRIS",CEDIS MID,CEDIS MERIDA,11,140,3VMA2EE17V2456970,0,$0.00,0,$0,1,16571
VELOCI MOTORS,"MOTO VELOCI DEUS EVO SPORT 150CC, GRIS",CEDIS MID,CEDIS MERIDA,11,140,3VMA2EE1XV2456705,0,$0.00,0,$0,1,16571
VELOCI MOTORS,"MOTO VELOCI DEUS EVO SPORT 150CC, GRIS",CEDIS SAN LUIS,CEDIS SAN LUIS,27,140,3VMA2EE19V2456727,0,$0.00,0,$0,1,16663
VELOCI MOTORS,"MOTO VELOCI DEUS EVO SPORT 150CC, GRIS",CEDIS TAB PXGL,CEDIS MACROPAY TABASCO PXGL,14,140,3VMA2EE15V2456871,0,$0.00,0,$0,1,16663
VELOCI MOTORS,"MOTO VELOCI DEUS EVO SPORT 150CC, GRIS",CEDIS TAB PXGL,CEDIS MACROPAY TABASCO PXGL,14,140,3VMA2EE16V2456846,0,$0.00,0,$0,1,16663
VELOCI MOTORS,"MOTO VELOCI DEUS EVO SPORT 150CC, GRIS",CEDIS TAB PXGL,CEDIS MACROPAY TABASCO PXGL,14,140,3VMA2EE16V2456880,0,$0.00,0,$0,1,16663
VELOCI MOTORS,"MOTO VELOCI DEUS EVO SPORT 150CC, GRIS",CEDIS TAB PXGL,CEDIS MACROPAY TABASCO PXGL,14,140,3VMA2EE19V2456887,0,$0.00,0,$0,1,16663
VELOCI MOTORS,"MOTO VELOCI DYNAMIK PRO 200CC, NEGRO",CEDIS CDMX,CE. LOG. PXGL,21,140,3VMA2F110V2457969,0,$0.00,0,$0,1,16791
VELOCI MOTORS,"MOTO VELOCI DYNAMIK PRO 200CC, NEGRO",CEDIS CDMX,CE. LOG. PXGL,21,140,3VMA2F113V2457982,0,$0.00,0,$0,1,16791
VELOCI MOTORS,"MOTO VELOCI DYNAMIK PRO 200CC, NEGRO",CEDIS MID,CEDIS MERIDA,11,140,3VMA2F111V2457771,0,$0.00,0,$0,1,19604
VELOCI MOTORS,"MOTO VELOCI DYNAMIK PRO 200CC, NEGRO",CEDIS MID,CEDIS MERIDA,11,140,3VMA2F111V2457804,0,$0.00,0,$0,1,19604
VELOCI MOTORS,"MOTO VELOCI DYNAMIK PRO 200CC, NEGRO",CEDIS MID,CEDIS MERIDA,11,140,3VMA2F112V2457794,0,$0.00,0,$0,1,19604
VELOCI MOTORS,"MOTO VELOCI DYNAMIK PRO 200CC, NEGRO",CEDIS MID,CEDIS MERIDA,11,140,3VMA2F113V2457772,0,$0.00,0,$0,1,19604
VELOCI MOTORS,"MOTO VELOCI DYNAMIK PRO 200CC, NEGRO",CEDIS MID,CEDIS MERIDA,11,140,3VMA2F114V2457781,0,$0.00,0,$0,1,19604
VELOCI MOTORS,"MOTO VELOCI DYNAMIK PRO 200CC, NEGRO",CEDIS MID,CEDIS MERIDA,11,140,3VMA2F115V2457921,0,$0.00,0,$0,1,19604
VELOCI MOTORS,"MOTO VELOCI DYNAMIK PRO 200CC, NEGRO",CEDIS MID,CEDIS MERIDA,11,140,3VMA2F116V2457782,0,$0.00,0,$0,1,19604
VELOCI MOTORS,"MOTO VELOCI DYNAMIK PRO 200CC, NEGRO",CEDIS MID,CEDIS MERIDA,11,140,3VMA2F116V2457930,0,$0.00,0,$0,1,19604
VELOCI MOTORS,"MOTO VELOCI DYNAMIK PRO 200CC, NEGRO",CEDIS MID,CEDIS MERIDA,11,140,3VMA2F117V2457791,0,$0.00,0,$0,1,19604
VELOCI MOTORS,"MOTO VELOCI DYNAMIK PRO 200CC, NEGRO",CEDIS MID,CEDIS MERIDA,11,140,3VMA2F118V2457802,0,$0.00,0,$0,1,19604
VELOCI MOTORS,"MOTO VELOCI DYNAMIK PRO 200CC, NEGRO",CEDIS MID,CEDIS MERIDA,11,140,3VMA2F119V2457775,0,$0.00,0,$0,1,19604
VELOCI MOTORS,"MOTO VELOCI DYNAMIK PRO 200CC, NEGRO",CEDIS MID,CEDIS MERIDA,11,140,3VMA2F119V2457971,0,$0.00,0,$0,1,19604
VELOCI MOTORS,"MOTO VELOCI DYNAMIK PRO 200CC, NEGRO",CEDIS MID,CEDIS MERIDA,11,140,3VMA2F11XV2457803,0,$0.00,0,$0,1,19604
VELOCI MOTORS,"MOTO VELOCI DYNAMIK PRO 200CC, NEGRO",CEDIS MID,CEDIS MERIDA PXGL,26,140,3VMA2F110V2458006,0,$0.00,0,$0,1,17139
VELOCI MOTORS,"MOTO VELOCI DYNAMIK PRO 200CC, NEGRO",CEDIS MID,CEDIS MERIDA PXGL,26,140,3VMA2F114V2458008,0,$0.00,0,$0,1,17139
VELOCI MOTORS,"MOTO VELOCI DYNAMIK PRO 200CC, NEGRO",CEDIS MID,CEDIS MERIDA PXGL,26,140,3VMA2F115V2458017,0,$0.00,0,$0,1,17139
VELOCI MOTORS,"MOTO VELOCI DYNAMIK PRO 200CC, NEGRO",CEDIS MID,CEDIS MERIDA PXGL,26,140,3VMA2F116V2458009,0,$0.00,0,$0,1,17139
VELOCI MOTORS,"MOTO VELOCI DYNAMIK PRO 200CC, NEGRO",CEDIS MID,CEDIS MERIDA PXGL,26,140,3VMA2F116V2458155,0,$0.00,0,$0,1,17139
VELOCI MOTORS,"MOTO VELOCI DYNAMIK PRO 200CC, NEGRO",CEDIS MID,CEDIS MERIDA PXGL,26,140,3VMA2F117V2458021,0,$0.00,0,$0,1,17139
VELOCI MOTORS,"MOTO VELOCI DYNAMIK PRO 200CC, NEGRO",CEDIS MID,CEDIS MERIDA PXGL,26,140,3VMA2F117V2458035,0,$0.00,0,$0,1,17139
VELOCI MOTORS,"MOTO VELOCI DYNAMIK PRO 200CC, NEGRO",CEDIS MID,CEDIS MERIDA PXGL,26,140,3VMA2F118V2458013,0,$0.00,0,$0,1,17139
VELOCI MOTORS,"MOTO VELOCI DYNAMIK PRO 200CC, NEGRO",CEDIS MID,CEDIS MERIDA PXGL,26,140,3VMA2F118V2458044,0,$0.00,0,$0,1,17139
VELOCI MOTORS,"MOTO VELOCI DYNAMIK PRO 200CC, NEGRO",CEDIS MID,CEDIS MERIDA PXGL,26,140,3VMA2F118V2458061,0,$0.00,0,$0,1,17139
VELOCI MOTORS,"MOTO VELOCI DYNAMIK PRO 200CC, NEGRO",CEDIS MID,CEDIS MERIDA PXGL,26,140,3VMA2F119V2458005,0,$0.00,0,$0,1,17139
VELOCI MOTORS,"MOTO VELOCI DYNAMIK PRO 200CC, NEGRO",CEDIS MID,CEDIS MERIDA PXGL,26,140,3VMA2F11XV2458014,0,$0.00,0,$0,1,17139
VELOCI MOTORS,"MOTO VELOCI DYNAMIK PRO 200CC, NEGRO",CEDIS SALTILLO,CEDIS SALTILLO,29,140,3VMA2F110T2438450,0,$0.00,0,$0,1,16810
VELOCI MOTORS,"MOTO VELOCI DYNAMIK PRO 200CC, NEGRO",CEDIS SALTILLO,CEDIS SALTILLO,29,140,3VMA2F110T2438934,0,$0.00,0,$0,1,16810
VELOCI MOTORS,"MOTO VELOCI DYNAMIK PRO 200CC, NEGRO",CEDIS SALTILLO,CEDIS SALTILLO,29,140,3VMA2F113T2438880,0,$0.00,0,$0,1,16810
VELOCI MOTORS,"MOTO VELOCI DYNAMIK PRO 200CC, NEGRO",CEDIS SALTILLO,CEDIS SALTILLO,29,140,3VMA2F114T2438421,0,$0.00,0,$0,1,16810
VELOCI MOTORS,"MOTO VELOCI DYNAMIK PRO 200CC, NEGRO",CEDIS SALTILLO,CEDIS SALTILLO,29,140,3VMA2F117T2438929,0,$0.00,0,$0,1,16810
VELOCI MOTORS,"MOTO VELOCI DYNAMIK PRO 200CC, NEGRO",CEDIS SALTILLO,CEDIS SALTILLO,29,140,3VMA2F119T2438950,0,$0.00,0,$0,1,16810
VELOCI MOTORS,"MOTO VELOCI DYNAMIK PRO 200CC, NEGRO",CEDIS SALTILLO,CEDIS SALTILLO,29,140,3VMA2F11XT2438939,0,$0.00,0,$0,1,16810
VELOCI MOTORS,"MOTO VELOCI DYNAMIK PRO 200CC, NEGRO",CEDIS SALTILLO,CEDIS SALTILLO,29,140,3VMA2F11XT2438942,0,$0.00,0,$0,1,16810
VELOCI MOTORS,"MOTO VELOCI DYNAMIK PRO 200CC, NEGRO",CEDIS SAN LUIS,CEDIS SAN LUIS,27,140,3VMA2F113V2458100,0,$0.00,0,$0,1,16800
VELOCI MOTORS,"MOTO VELOCI HAMMER STX EVO 150CC, GRIS",CEDIS CDMX,CE. LOG. PXGL,21,140,3VMC2EF11V2462710,0,$0.00,0,$0,1,23275
VELOCI MOTORS,"MOTO VELOCI HAMMER STX EVO 150CC, GRIS",CEDIS CDMX,CE. LOG. PXGL,21,140,3VMC2EF14V2462605,0,$0.00,0,$0,1,23275
VELOCI MOTORS,"MOTO VELOCI HAMMER STX EVO 150CC, GRIS",CEDIS CDMX,CE. LOG. PXGL,21,140,3VMC2EF18V2462557,0,$0.00,0,$0,1,23275
VELOCI MOTORS,"MOTO VELOCI HAMMER STX EVO 150CC, GRIS",CEDIS CDMX,CE. LOG. PXGL,21,140,3VMC2EF1XV2462611,0,$0.00,0,$0,1,23275
VELOCI MOTORS,"MOTO VELOCI HAMMER STX EVO 150CC, GRIS",CEDIS MID,CEDIS MERIDA,11,140,3VMC2EF19V2462552,0,$0.00,0,$0,1,23275
VELOCI MOTORS,"MOTO VELOCI HAMMER STX EVO 150CC, GRIS",CEDIS MID,CEDIS MERIDA,11,140,3VMC2EF1XV2462544,0,$0.00,0,$0,1,23275
VELOCI MOTORS,"MOTO VELOCI NOVAK EVO SPORT 150CC, VERDE",CEDIS CDMX,CE. LOG. PXGL,21,140,3VMA2EG00T2412391,0,$0.00,0,$0,1,16702
VELOCI MOTORS,"MOTO VELOCI NOVAK EVO SPORT 150CC, VERDE",CEDIS CDMX,CE. LOG. PXGL,21,140,3VMA2EG00T2412424,0,$0.00,0,$0,1,16702
VELOCI MOTORS,"MOTO VELOCI NOVAK EVO SPORT 150CC, VERDE",CEDIS CDMX,CE. LOG. PXGL,21,140,3VMA2EG00V2461139,0,$0.00,0,$0,1,16702
VELOCI MOTORS,"MOTO VELOCI NOVAK EVO SPORT 150CC, VERDE",CEDIS CDMX,CE. LOG. PXGL,21,140,3VMA2EG01T2442600,0,$0.00,0,$0,1,16702
VELOCI MOTORS,"MOTO VELOCI NOVAK EVO SPORT 150CC, VERDE",CEDIS CDMX,CE. LOG. PXGL,21,140,3VMA2EG01V2461134,0,$0.00,0,$0,1,16702
VELOCI MOTORS,"MOTO VELOCI NOVAK EVO SPORT 150CC, VERDE",CEDIS CDMX,CE. LOG. PXGL,21,140,3VMA2EG02T2442623,0,$0.00,0,$0,1,16702
VELOCI MOTORS,"MOTO VELOCI NOVAK EVO SPORT 150CC, VERDE",CEDIS CDMX,CE. LOG. PXGL,21,140,3VMA2EG03T2412403,0,$0.00,0,$0,1,16702
VELOCI MOTORS,"MOTO VELOCI NOVAK EVO SPORT 150CC, VERDE",CEDIS CDMX,CE. LOG. PXGL,21,140,3VMA2EG03T2412417,0,$0.00,0,$0,1,16702
VELOCI MOTORS,"MOTO VELOCI NOVAK EVO SPORT 150CC, VERDE",CEDIS CDMX,CE. LOG. PXGL,21,140,3VMA2EG03V2461135,0,$0.00,0,$0,1,16702
VELOCI MOTORS,"MOTO VELOCI NOVAK EVO SPORT 150CC, VERDE",CEDIS CDMX,CE. LOG. PXGL,21,140,3VMA2EG04T2412412,0,$0.00,0,$0,1,16702
VELOCI MOTORS,"MOTO VELOCI NOVAK EVO SPORT 150CC, VERDE",CEDIS CDMX,CE. LOG. PXGL,21,140,3VMA2EG04T2442607,0,$0.00,0,$0,1,16702
VELOCI MOTORS,"MOTO VELOCI NOVAK EVO SPORT 150CC, VERDE",CEDIS CDMX,CE. LOG. PXGL,21,140,3VMA2EG04T2442624,0,$0.00,0,$0,1,16702
VELOCI MOTORS,"MOTO VELOCI NOVAK EVO SPORT 150CC, VERDE",CEDIS CDMX,CE. LOG. PXGL,21,140,3VMA2EG04T2442638,0,$0.00,0,$0,1,16702
VELOCI MOTORS,"MOTO VELOCI NOVAK EVO SPORT 150CC, VERDE",CEDIS CDMX,CE. LOG. PXGL,21,140,3VMA2EG05T2442616,0,$0.00,0,$0,1,16702
VELOCI MOTORS,"MOTO VELOCI NOVAK EVO SPORT 150CC, VERDE",CEDIS CDMX,CE. LOG. PXGL,21,140,3VMA2EG07T2412422,0,$0.00,0,$0,1,16702
VELOCI MOTORS,"MOTO VELOCI NOVAK EVO SPORT 150CC, VERDE",CEDIS CDMX,CE. LOG. PXGL,21,140,3VMA2EG07T2442634,0,$0.00,0,$0,1,16702
VELOCI MOTORS,"MOTO VELOCI NOVAK EVO SPORT 150CC, VERDE",CEDIS CDMX,CE. LOG. PXGL,21,140,3VMA2EG08T2442626,0,$0.00,0,$0,1,16702
VELOCI MOTORS,"MOTO VELOCI NOVAK EVO SPORT 150CC, VERDE",CEDIS CDMX,CE. LOG. PXGL,21,140,3VMA2EG09T2442621,0,$0.00,0,$0,1,16702
VELOCI MOTORS,"MOTO VELOCI NOVAK EVO SPORT 150CC, VERDE",CEDIS CDMX,CE. LOG. PXGL,21,140,3VMA2EG0XT2442627,0,$0.00,0,$0,1,16702
VELOCI MOTORS,"MOTO VELOCI NOVAK EVO SPORT 150CC, VERDE",CEDIS CULIACAN,CEDIS CULIACAN,28,140,3VMA2EG04T2442414,0,$0.00,0,$0,1,16595
VELOCI MOTORS,"MOTO VELOCI NOVAK EVO SPORT 150CC, VERDE",CEDIS CULIACAN,CEDIS CULIACAN,28,140,3VMA2EG05T2412449,0,$0.00,0,$0,1,16595
VELOCI MOTORS,"MOTO VELOCI NOVAK EVO SPORT 150CC, VERDE",CEDIS CULIACAN,CEDIS CULIACAN,28,140,3VMA2EG07T2412405,0,$0.00,0,$0,1,16595
VELOCI MOTORS,"MOTO VELOCI NOVAK EVO SPORT 150CC, VERDE",CEDIS CULIACAN,CEDIS CULIACAN,28,140,3VMA2EG08T2412431,0,$0.00,0,$0,1,16595
VELOCI MOTORS,"MOTO VELOCI NOVAK EVO SPORT 150CC, VERDE",CEDIS CULIACAN,CEDIS CULIACAN,28,140,3VMA2EG08T2442397,0,$0.00,0,$0,1,16595
VELOCI MOTORS,"MOTO VELOCI NOVAK EVO SPORT 150CC, VERDE",CEDIS CULIACAN,CEDIS CULIACAN,28,140,3VMA2EG09T2442411,0,$0.00,0,$0,1,16595
VELOCI MOTORS,"MOTO VELOCI NOVAK EVO SPORT 150CC, VERDE",CEDIS CULIACAN,CEDIS CULIACAN,28,140,3VMA2EG0XT2412379,0,$0.00,0,$0,1,16595
VELOCI MOTORS,"MOTO VELOCI NOVAK EVO SPORT 150CC, VERDE",CEDIS CULIACAN,CEDIS CULIACAN,28,140,3VMA2EG0XT2412415,0,$0.00,0,$0,1,16595
VELOCI MOTORS,"MOTO VELOCI NOVAK EVO SPORT 150CC, VERDE",CEDIS CULIACAN,CEDIS CULIACAN,28,140,3VMA2EG0XT2442496,0,$0.00,0,$0,1,16595
VELOCI MOTORS,"MOTO VELOCI NOVAK EVO SPORT 150CC, VERDE",CEDIS CULIACAN,CEDIS CULIACAN,28,140,3VMA2EG0XT2442501,0,$0.00,0,$0,1,16595
VELOCI MOTORS,"MOTO VELOCI NOVAK EVO SPORT 150CC, VERDE",CEDIS GDL,CEDIS MACROPAY GUADALAJARA,25,140,3VMA2EG00T2442491,0,$0.00,0,$0,1,16595
VELOCI MOTORS,"MOTO VELOCI NOVAK EVO SPORT 150CC, VERDE",CEDIS GDL,CEDIS MACROPAY GUADALAJARA,25,140,3VMA2EG01T2442483,0,$0.00,0,$0,1,16595
VELOCI MOTORS,"MOTO VELOCI NOVAK EVO SPORT 150CC, VERDE",CEDIS GDL,CEDIS MACROPAY GUADALAJARA,25,140,3VMA2EG01T2442581,0,$0.00,0,$0,1,16595
VELOCI MOTORS,"MOTO VELOCI NOVAK EVO SPORT 150CC, VERDE",CEDIS GDL,CEDIS MACROPAY GUADALAJARA,25,140,3VMA2EG04T2442574,0,$0.00,0,$0,1,16595
VELOCI MOTORS,"MOTO VELOCI NOVAK EVO SPORT 150CC, VERDE",CEDIS GDL,CEDIS MACROPAY GUADALAJARA,25,140,3VMA2EG05T2442499,0,$0.00,0,$0,1,16595
VELOCI MOTORS,"MOTO VELOCI NOVAK EVO SPORT 150CC, VERDE",CEDIS GDL,CEDIS MACROPAY GUADALAJARA,25,140,3VMA2EG07T2442536,0,$0.00,0,$0,1,16595
VELOCI MOTORS,"MOTO VELOCI NOVAK EVO SPORT 150CC, VERDE",CEDIS GDL,CEDIS MACROPAY GUADALAJARA,25,140,3VMA2EG08T2442495,0,$0.00,0,$0,1,16595
VELOCI MOTORS,"MOTO VELOCI NOVAK EVO SPORT 150CC, VERDE",CEDIS GDL,CEDIS MACROPAY GUADALAJARA,25,140,3VMA2EG08T2442514,0,$0.00,0,$0,1,16595
VELOCI MOTORS,"MOTO VELOCI NOVAK EVO SPORT 150CC, VERDE",CEDIS GDL,CEDIS MACROPAY GUADALAJARA,25,140,3VMA2EG09T2442568,0,$0.00,0,$0,1,16595
VELOCI MOTORS,"MOTO VELOCI NOVAK EVO SPORT 150CC, VERDE",CEDIS GDL,CEDIS MACROPAY GUADALAJARA,25,140,3VMA2EG0XT2442384,0,$0.00,0,$0,1,16595
VELOCI MOTORS,"MOTO VELOCI NOVAK EVO SPORT 150CC, VERDE",CEDIS GDL,CEDIS MACROPAY GUADALAJARA,25,140,3VMA2EG0XT2442479,0,$0.00,0,$0,1,16595
VELOCI MOTORS,"MOTO VELOCI NOVAK EVO SPORT 150CC, VERDE",CEDIS SALTILLO,CEDIS SALTILLO,29,140,3VMA2EG00T2412472,0,$0.00,0,$0,1,16595
VELOCI MOTORS,"MOTO VELOCI NOVAK EVO SPORT 150CC, VERDE",CEDIS SALTILLO,CEDIS SALTILLO,29,140,3VMA2EG03T2412420,0,$0.00,0,$0,1,16595
VELOCI MOTORS,"MOTO VELOCI NOVAK EVO SPORT 150CC, VERDE",CEDIS SAN LUIS,CEDIS SAN LUIS,27,140,3VMA2EG07V2460957,0,$0.00,0,$0,1,16882
VELOCI MOTORS,"MOTO VELOCI NOVAK EVO SPORT 150CC, VERDE",CEDIS SAN LUIS,CEDIS SAN LUIS,27,140,3VMA2EG09V2460975,0,$0.00,0,$0,1,16882
VELOCI MOTORS,"MOTO VELOCI NOVAK EVO SPORT 150CC, VERDE",CEDIS SAN LUIS,CEDIS SAN LUIS,27,140,3VMA2EG09V2460992,0,$0.00,0,$0,1,16882
VELOCI MOTORS,"MOTO VELOCI NOVAK EVO SPORT 150CC, VERDE",CEDIS SAN LUIS,CEDIS SAN LUIS,27,140,3VMA2EG0XV2460936,0,$0.00,0,$0,1,16882
VELOCI MOTORS,"MOTO VELOCI NOVAK EVO SPORT 150CC, VERDE",CEDIS TAB PXGL,CEDIS MACROPAY TABASCO PXGL,14,140,3VMA2EG03V2461121,0,$0.00,0,$0,1,17400
VELOCI MOTORS,"MOTO VELOCI NOVAK EVO SPORT 150CC, VERDE",CEDIS TAB PXGL,CEDIS MACROPAY TABASCO PXGL,14,140,3VMA2EG05V2461122,0,$0.00,0,$0,1,17400
VELOCI MOTORS,"MOTO VELOCI NOVAK EVO SPORT 150CC, VERDE",CEDIS TAB PXGL,CEDIS MACROPAY TABASCO PXGL,14,140,3VMA2EG05V2461136,0,$0.00,0,$0,1,17400
VELOCI MOTORS,"MOTO VELOCI NOVAK EVO SPORT 150CC, VERDE",CEDIS TAB PXGL,CEDIS MACROPAY TABASCO PXGL,14,140,3VMA2EG06V2461128,0,$0.00,0,$0,1,17400
VELOCI MOTORS,"MOTO VELOCI NOVAK EVO SPORT 150CC, VERDE",CEDIS TAB PXGL,CEDIS MACROPAY TABASCO PXGL,14,140,3VMA2EG08V2461132,0,$0.00,0,$0,1,17400
VELOCI MOTORS,"MOTO VELOCI NOVAK EVO SPORT 150CC, VERDE",CEDIS TAB PXGL,CEDIS MACROPAY TABASCO PXGL,14,140,3VMA2EG09V2461138,0,$0.00,0,$0,1,17400
VELOCI MOTORS,"MOTO VELOCI NOVAK EVO SPORT 150CC, VERDE",CEDIS TAB PXGL,CEDIS MACROPAY TABASCO PXGL,14,140,3VMA2EG0XV2461133,0,$0.00,0,$0,1,17400
VELOCI MOTORS,"MOTO VELOCI RAZZER GTR 220CC, ROJO",CEDIS CDMX,CE. LOG. PXGL,21,140,3VMA2M3L0T2375417,0,$0.00,1,$21939,0,0
VELOCI MOTORS,"MOTO VELOCI RAZZER GTR 220CC, ROJO",CEDIS CDMX,CE. LOG. PXGL,21,140,3VMA2M3L0V2425073,0,$0.00,0,$0,1,21939
VELOCI MOTORS,"MOTO VELOCI RAZZER GTR 220CC, ROJO",CEDIS CDMX,CE. LOG. PXGL,21,140,3VMA2M3L0V2425137,0,$0.00,0,$0,1,21939
VELOCI MOTORS,"MOTO VELOCI RAZZER GTR 220CC, ROJO",CEDIS CDMX,CE. LOG. PXGL,21,140,3VMA2M3L1T2405766,0,$0.00,1,$21939,0,0
VELOCI MOTORS,"MOTO VELOCI RAZZER GTR 220CC, ROJO",CEDIS CDMX,CE. LOG. PXGL,21,140,3VMA2M3L1V2424885,0,$0.00,0,$0,1,21939
VELOCI MOTORS,"MOTO VELOCI RAZZER GTR 220CC, ROJO",CEDIS CDMX,CE. LOG. PXGL,21,140,3VMA2M3L4V2424881,0,$0.00,0,$0,1,21939
VELOCI MOTORS,"MOTO VELOCI RAZZER GTR 220CC, ROJO",CEDIS CDMX,CE. LOG. PXGL,21,140,3VMA2M3L5V2424873,0,$0.00,0,$0,1,21939
VELOCI MOTORS,"MOTO VELOCI RAZZER GTR 220CC, ROJO",CEDIS CDMX,CE. LOG. PXGL,21,140,3VMA2M3L5V2444444,0,$0.00,1,$21939,0,0
VELOCI MOTORS,"MOTO VELOCI RAZZER GTR 220CC, ROJO",CEDIS CDMX,CE. LOG. PXGL,21,140,3VMA2M3L6V2424879,0,$0.00,0,$0,1,21939
VELOCI MOTORS,"MOTO VELOCI RAZZER GTR 220CC, ROJO",CEDIS CDMX,CE. LOG. PXGL,21,140,3VMA2M3L6V2425076,0,$0.00,0,$0,1,21939
VELOCI MOTORS,"MOTO VELOCI RAZZER GTR 220CC, ROJO",CEDIS CDMX,CE. LOG. PXGL,21,140,3VMA2M3L7V2424275,0,$0.00,0,$0,1,21939
VELOCI MOTORS,"MOTO VELOCI RAZZER GTR 220CC, ROJO",CEDIS CDMX,CE. LOG. PXGL,21,140,3VMA2M3L8S2338436,0,$0.00,1,$21939,0,0
VELOCI MOTORS,"MOTO VELOCI RAZZER GTR 220CC, ROJO",CEDIS CDMX,CE. LOG. PXGL,21,140,3VMA2M3L8V2424897,0,$0.00,0,$0,1,21939
VELOCI MOTORS,"MOTO VELOCI RAZZER GTR 220CC, ROJO",CEDIS CDMX,CE. LOG. PXGL,21,140,3VMA2M3L9V2444432,0,$0.00,0,$0,1,21939
VELOCI MOTORS,"MOTO VELOCI RAZZER GTR 220CC, ROJO",CEDIS CDMX,CE. LOG. PXGL,21,140,3VMA2M3LXV2424867,0,$0.00,1,$21939,0,0
VELOCI MOTORS,"MOTO VELOCI RAZZER GTR 220CC, ROJO",CEDIS CDMX,CE. LOG. PXGL,21,140,3VMA2M3LXV2425095,0,$0.00,0,$0,1,21939
VELOCI MOTORS,"MOTO VELOCI RAZZER GTR 220CC, ROJO",CEDIS CULIACAN,CEDIS CULIACAN,28,140,3VMA2M3L1V2444313,0,$0.00,0,$0,1,21939
VELOCI MOTORS,"MOTO VELOCI RAZZER GTR 220CC, ROJO",CEDIS CULIACAN,CEDIS CULIACAN,28,140,3VMA2M3L3V2444233,0,$0.00,0,$0,1,21939
VELOCI MOTORS,"MOTO VELOCI RAZZER GTR 220CC, ROJO",CEDIS CULIACAN,CEDIS CULIACAN,28,140,3VMA2M3L4V2444239,0,$0.00,0,$0,1,21939
VELOCI MOTORS,"MOTO VELOCI RAZZER GTR 220CC, ROJO",CEDIS CULIACAN,CEDIS CULIACAN,28,140,3VMA2M3L6V2444243,0,$0.00,0,$0,1,21939
VELOCI MOTORS,"MOTO VELOCI RAZZER GTR 220CC, ROJO",CEDIS CULIACAN,CEDIS CULIACAN,28,140,3VMA2M3L8V2444227,0,$0.00,0,$0,1,21939
VELOCI MOTORS,"MOTO VELOCI RAZZER GTR 220CC, ROJO",CEDIS CULIACAN,CEDIS CULIACAN,28,140,3VMA2M3L8V2444230,0,$0.00,0,$0,1,21939
VELOCI MOTORS,"MOTO VELOCI RAZZER GTR 220CC, ROJO",CEDIS GDL,CEDIS MACROPAY GUADALAJARA,25,140,3VMA2M3L0V2444223,0,$0.00,0,$0,1,22051
VELOCI MOTORS,"MOTO VELOCI RAZZER GTR 220CC, ROJO",CEDIS GDL,CEDIS MACROPAY GUADALAJARA,25,140,3VMA2M3L6T2405973,0,$0.00,0,$0,1,22051
VELOCI MOTORS,"MOTO VELOCI RAZZER GTR 220CC, ROJO",CEDIS GDL,CEDIS MACROPAY GUADALAJARA,25,140,3VMA2M3L6V2444338,0,$0.00,0,$0,1,22051
VELOCI MOTORS,"MOTO VELOCI RAZZER GTR 220CC, ROJO",CEDIS MID,CEDIS MERIDA,11,140,3VMA2M3LXV2425145,0,$0.00,0,$0,1,27542
VELOCI MOTORS,"MOTO VELOCI RAZZER GTR 220CC, ROJO",CEDIS MID,CEDIS MERIDA PXGL,26,140,3VMA2M3L0V2424196,0,$0.00,0,$0,1,22498
VELOCI MOTORS,"MOTO VELOCI RAZZER GTR 220CC, ROJO",CEDIS MID,CEDIS MERIDA PXGL,26,140,3VMA2M3L0V2444173,0,$0.00,0,$0,1,22498
VELOCI MOTORS,"MOTO VELOCI RAZZER GTR 220CC, ROJO",CEDIS MID,CEDIS MERIDA PXGL,26,140,3VMA2M3L1V2424871,0,$0.00,0,$0,1,22498
VELOCI MOTORS,"MOTO VELOCI RAZZER GTR 220CC, ROJO",CEDIS MID,CEDIS MERIDA PXGL,26,140,3VMA2M3L1V2444327,0,$0.00,0,$0,1,22498
VELOCI MOTORS,"MOTO VELOCI RAZZER GTR 220CC, ROJO",CEDIS MID,CEDIS MERIDA PXGL,26,140,3VMA2M3L1V2446191,0,$0.00,0,$0,1,22498
VELOCI MOTORS,"MOTO VELOCI RAZZER GTR 220CC, ROJO",CEDIS MID,CEDIS MERIDA PXGL,26,140,3VMA2M3L1V2446210,0,$0.00,0,$0,1,22498
VELOCI MOTORS,"MOTO VELOCI RAZZER GTR 220CC, ROJO",CEDIS MID,CEDIS MERIDA PXGL,26,140,3VMA2M3L1V2446224,0,$0.00,0,$0,1,22498
VELOCI MOTORS,"MOTO VELOCI RAZZER GTR 220CC, ROJO",CEDIS MID,CEDIS MERIDA PXGL,26,140,3VMA2M3L2V2444823,0,$0.00,0,$0,1,22498
VELOCI MOTORS,"MOTO VELOCI RAZZER GTR 220CC, ROJO",CEDIS MID,CEDIS MERIDA PXGL,26,140,3VMA2M3L3V2424175,0,$0.00,0,$0,1,22498
VELOCI MOTORS,"MOTO VELOCI RAZZER GTR 220CC, ROJO",CEDIS MID,CEDIS MERIDA PXGL,26,140,3VMA2M3L3V2444443,0,$0.00,0,$0,1,22498
VELOCI MOTORS,"MOTO VELOCI RAZZER GTR 220CC, ROJO",CEDIS MID,CEDIS MERIDA PXGL,26,140,3VMA2M3L3V2444877,0,$0.00,0,$0,1,22498
VELOCI MOTORS,"MOTO VELOCI RAZZER GTR 220CC, ROJO",CEDIS MID,CEDIS MERIDA PXGL,26,140,3VMA2M3L3V2446208,0,$0.00,0,$0,1,22498
VELOCI MOTORS,"MOTO VELOCI RAZZER GTR 220CC, ROJO",CEDIS MID,CEDIS MERIDA PXGL,26,140,3VMA2M3L4V2444337,0,$0.00,0,$0,1,22498
VELOCI MOTORS,"MOTO VELOCI RAZZER GTR 220CC, ROJO",CEDIS MID,CEDIS MERIDA PXGL,26,140,3VMA2M3L4V2444824,0,$0.00,0,$0,1,22498
VELOCI MOTORS,"MOTO VELOCI RAZZER GTR 220CC, ROJO",CEDIS MID,CEDIS MERIDA PXGL,26,140,3VMA2M3L4V2444886,0,$0.00,0,$0,1,22498
VELOCI MOTORS,"MOTO VELOCI RAZZER GTR 220CC, ROJO",CEDIS MID,CEDIS MERIDA PXGL,26,140,3VMA2M3L4V2446203,0,$0.00,0,$0,1,22498
VELOCI MOTORS,"MOTO VELOCI RAZZER GTR 220CC, ROJO",CEDIS MID,CEDIS MERIDA PXGL,26,140,3VMA2M3L5V2425005,0,$0.00,0,$0,1,22498
VELOCI MOTORS,"MOTO VELOCI RAZZER GTR 220CC, ROJO",CEDIS MID,CEDIS MERIDA PXGL,26,140,3VMA2M3L5V2444864,0,$0.00,0,$0,1,22498
VELOCI MOTORS,"MOTO VELOCI RAZZER GTR 220CC, ROJO",CEDIS MID,CEDIS MERIDA PXGL,26,140,3VMA2M3L6V2444226,0,$0.00,0,$0,1,22498
VELOCI MOTORS,"MOTO VELOCI RAZZER GTR 220CC, ROJO",CEDIS MID,CEDIS MERIDA PXGL,26,140,3VMA2M3L6V2444873,0,$0.00,0,$0,1,22498
VELOCI MOTORS,"MOTO VELOCI RAZZER GTR 220CC, ROJO",CEDIS MID,CEDIS MERIDA PXGL,26,140,3VMA2M3L7V2444865,0,$0.00,0,$0,1,22498
VELOCI MOTORS,"MOTO VELOCI RAZZER GTR 220CC, ROJO",CEDIS MID,CEDIS MERIDA PXGL,26,140,3VMA2M3L9V2424908,0,$0.00,0,$0,1,22498
VELOCI MOTORS,"MOTO VELOCI RAZZER GTR 220CC, ROJO",CEDIS MID,CEDIS MERIDA PXGL,26,140,3VMA2M3L9V2424911,0,$0.00,0,$0,1,22498
VELOCI MOTORS,"MOTO VELOCI RAZZER GTR 220CC, ROJO",CEDIS MID,CEDIS MERIDA PXGL,26,140,3VMA2M3L9V2444172,0,$0.00,0,$0,1,22498
VELOCI MOTORS,"MOTO VELOCI RAZZER GTR 220CC, ROJO",CEDIS MID,CEDIS MERIDA PXGL,26,140,3VMA2M3L9V2444222,0,$0.00,0,$0,1,22498
VELOCI MOTORS,"MOTO VELOCI RAZZER GTR 220CC, ROJO",CEDIS MID,CEDIS MERIDA PXGL,26,140,3VMA2M3LXV2424206,0,$0.00,0,$0,1,22498
VELOCI MOTORS,"MOTO VELOCI RAZZER GTR 220CC, ROJO",CEDIS MID,CEDIS MERIDA PXGL,26,140,3VMA2M3LXV2424996,0,$0.00,0,$0,1,22498
VELOCI MOTORS,"MOTO VELOCI RAZZER GTR 220CC, ROJO",CEDIS MID,CEDIS MERIDA PXGL,26,140,3VMA2M3LXV2425128,0,$0.00,0,$0,1,22498
VELOCI MOTORS,"MOTO VELOCI RAZZER GTR 220CC, ROJO",CEDIS SALTILLO,CEDIS SALTILLO,29,140,3VMA2M3L7T2416383,0,$0.00,1,$21944,0,0
VELOCI MOTORS,"MOTO VELOCI RAZZER GTR 220CC, ROJO",CEDIS SALTILLO,CEDIS SALTILLO,29,140,3VMA2M3L7V2444784,0,$0.00,0,$0,1,21944
VELOCI MOTORS,"MOTO VELOCI RAZZER GTR 220CC, ROJO",CEDIS SALTILLO,CEDIS SALTILLO,29,140,3VMA2M3L7V2446194,0,$0.00,1,$21944,0,0
VELOCI MOTORS,"MOTO VELOCI RAZZER GTR 220CC, ROJO",CEDIS SALTILLO,CEDIS SALTILLO,29,140,3VMA2M3L8V2444258,0,$0.00,0,$0,1,21944
VELOCI MOTORS,"MOTO VELOCI RAZZER GTR 220CC, ROJO",CEDIS SAN LUIS,CEDIS SAN LUIS,27,140,3VMA2M3L6V2444971,0,$0.00,0,$0,1,22609
VELOCI MOTORS,"MOTO VELOCI RAZZER GTR 220CC, ROJO",CEDIS SAN LUIS,CEDIS SAN LUIS,27,140,3VMA2M3L7V2444994,0,$0.00,0,$0,1,22609
VELOCI MOTORS,"MOTO VELOCI RAZZER GTR 220CC, ROJO",CEDIS TAB PXGL,CEDIS MACROPAY TABASCO PXGL,14,140,3VMA2M3L3V2444880,0,$0.00,0,$0,1,22184
VELOCI MOTORS,"MOTO VELOCI RAZZER GTR 220CC, ROJO",CEDIS TAB PXGL,CEDIS MACROPAY TABASCO PXGL,14,140,3VMA2M3L4V2425108,0,$0.00,0,$0,1,22184
VELOCI MOTORS,"MOTO VELOCI RAZZER GTR 220CC, ROJO",CEDIS TAB PXGL,CEDIS MACROPAY TABASCO PXGL,14,140,3VMA2M3L5V2424226,0,$0.00,0,$0,1,22184
VELOCI MOTORS,"MOTO VELOCI RAZZER GTR 220CC, ROJO",CEDIS TAB PXGL,CEDIS MACROPAY TABASCO PXGL,14,140,3VMA2M3L5V2425151,0,$0.00,0,$0,1,22184
VELOCI MOTORS,"MOTO VELOCI RAZZER HYPER SPORT 330, ROJO",CEDIS CDMX,CE. LOG. PXGL,21,140,3VMA3ND10V2452371,0,$0.00,1,$28937,0,0
VELOCI MOTORS,"MOTO VELOCI RAZZER HYPER SPORT 330, ROJO",CEDIS CDMX,CE. LOG. PXGL,21,140,3VMA3ND11V2452475,0,$0.00,0,$0,1,28937
VELOCI MOTORS,"MOTO VELOCI RAZZER HYPER SPORT 330, ROJO",CEDIS CDMX,CE. LOG. PXGL,21,140,3VMA3ND12V2452484,0,$0.00,0,$0,1,28937
VELOCI MOTORS,"MOTO VELOCI RAZZER HYPER SPORT 330, ROJO",CEDIS CDMX,CE. LOG. PXGL,21,140,3VMA3ND13T2438624,0,$0.00,1,$28937,0,0
VELOCI MOTORS,"MOTO VELOCI RAZZER HYPER SPORT 330, ROJO",CEDIS CDMX,CE. LOG. PXGL,21,140,3VMA3ND13V2452509,0,$0.00,0,$0,1,28937
VELOCI MOTORS,"MOTO VELOCI RAZZER HYPER SPORT 330, ROJO",CEDIS CDMX,CE. LOG. PXGL,21,140,3VMA3ND15V2452494,0,$0.00,0,$0,1,28937
VELOCI MOTORS,"MOTO VELOCI RAZZER HYPER SPORT 330, ROJO",CEDIS CDMX,CE. LOG. PXGL,21,140,3VMA3ND16V2452455,0,$0.00,0,$0,1,28937
VELOCI MOTORS,"MOTO VELOCI RAZZER HYPER SPORT 330, ROJO",CEDIS CDMX,CE. LOG. PXGL,21,140,3VMA3ND17V2452626,0,$0.00,1,$28937,0,0
VELOCI MOTORS,"MOTO VELOCI RAZZER HYPER SPORT 330, ROJO",CEDIS CDMX,CE. LOG. PXGL,21,140,3VMA3ND18V2452490,0,$0.00,0,$0,1,28937
VELOCI MOTORS,"MOTO VELOCI RAZZER HYPER SPORT 330, ROJO",CEDIS CDMX,CE. LOG. PXGL,21,140,3VMA3ND18V2452571,0,$0.00,0,$0,1,28937
VELOCI MOTORS,"MOTO VELOCI RAZZER HYPER SPORT 330, ROJO",CEDIS CDMX,CE. LOG. PXGL,21,140,3VMA3ND1XV2452491,0,$0.00,0,$0,1,28937
VELOCI MOTORS,"MOTO VELOCI RAZZER HYPER SPORT 330, ROJO",CEDIS CDMX,CE. LOG. PXGL,21,140,3VMA3ND1XV2452510,0,$0.00,0,$0,1,28937
VELOCI MOTORS,"MOTO VELOCI RAZZER HYPER SPORT 330, ROJO",CEDIS CULIACAN,CEDIS CULIACAN,28,140,3VMA3ND13T2426036,0,$0.00,0,$0,1,29353
VELOCI MOTORS,"MOTO VELOCI RAZZER HYPER SPORT 330, ROJO",CEDIS CULIACAN,CEDIS CULIACAN,28,140,3VMA3ND13T2426568,0,$0.00,0,$0,1,29353
VELOCI MOTORS,"MOTO VELOCI RAZZER HYPER SPORT 330, ROJO",CEDIS CULIACAN,CEDIS CULIACAN,28,140,3VMA3ND13T2438722,0,$0.00,0,$0,1,29353
VELOCI MOTORS,"MOTO VELOCI RAZZER HYPER SPORT 330, ROJO",CEDIS CULIACAN,CEDIS CULIACAN,28,140,3VMA3ND14T2426546,0,$0.00,0,$0,1,29353
VELOCI MOTORS,"MOTO VELOCI RAZZER HYPER SPORT 330, ROJO",CEDIS CULIACAN,CEDIS CULIACAN,28,140,3VMA3ND18T2421611,0,$0.00,0,$0,1,29353
VELOCI MOTORS,"MOTO VELOCI RAZZER HYPER SPORT 330, ROJO",CEDIS CULIACAN,CEDIS CULIACAN,28,140,3VMA3ND18T2426551,0,$0.00,0,$0,1,29353
VELOCI MOTORS,"MOTO VELOCI RAZZER HYPER SPORT 330, ROJO",CEDIS CULIACAN,CEDIS CULIACAN,28,140,3VMA3ND1XT2426549,0,$0.00,0,$0,1,29353
VELOCI MOTORS,"MOTO VELOCI RAZZER HYPER SPORT 330, ROJO",CEDIS CULIACAN,CEDIS CULIACAN,28,140,3VMA3ND1XT2438717,0,$0.00,0,$0,1,29353
VELOCI MOTORS,"MOTO VELOCI RAZZER HYPER SPORT 330, ROJO",CEDIS GDL,CEDIS MACROPAY GUADALAJARA,25,140,3VMA3ND10T2437799,0,$0.00,0,$0,1,29353
VELOCI MOTORS,"MOTO VELOCI RAZZER HYPER SPORT 330, ROJO",CEDIS GDL,CEDIS MACROPAY GUADALAJARA,25,140,3VMA3ND12T2438727,0,$0.00,1,$29353,0,0
VELOCI MOTORS,"MOTO VELOCI RAZZER HYPER SPORT 330, ROJO",CEDIS GDL,CEDIS MACROPAY GUADALAJARA,25,140,3VMA3ND15T2437801,0,$0.00,0,$0,1,29353
VELOCI MOTORS,"MOTO VELOCI RAZZER HYPER SPORT 330, ROJO",CEDIS MID,CEDIS MERIDA,11,140,3VMA3ND11V2452556,0,$0.00,0,$0,1,31711
VELOCI MOTORS,"MOTO VELOCI RAZZER HYPER SPORT 330, ROJO",CEDIS MID,CEDIS MERIDA,11,140,3VMA3ND12V2452517,0,$0.00,0,$0,1,31711
VELOCI MOTORS,"MOTO VELOCI RAZZER HYPER SPORT 330, ROJO",CEDIS MID,CEDIS MERIDA,11,140,3VMA3ND12V2459788,0,$0.00,0,$0,1,31711
VELOCI MOTORS,"MOTO VELOCI RAZZER HYPER SPORT 330, ROJO",CEDIS MID,CEDIS MERIDA,11,140,3VMA3ND13V2452378,0,$0.00,0,$0,1,31711
VELOCI MOTORS,"MOTO VELOCI RAZZER HYPER SPORT 330, ROJO",CEDIS MID,CEDIS MERIDA,11,140,3VMA3ND15V2452379,0,$0.00,0,$0,1,31711
VELOCI MOTORS,"MOTO VELOCI RAZZER HYPER SPORT 330, ROJO",CEDIS MID,CEDIS MERIDA,11,140,3VMA3ND15V2452575,0,$0.00,0,$0,1,31711
VELOCI MOTORS,"MOTO VELOCI RAZZER HYPER SPORT 330, ROJO",CEDIS MID,CEDIS MERIDA,11,140,3VMA3ND16V2452519,0,$0.00,0,$0,1,31711
VELOCI MOTORS,"MOTO VELOCI RAZZER HYPER SPORT 330, ROJO",CEDIS MID,CEDIS MERIDA,11,140,3VMA3ND16V2452553,0,$0.00,0,$0,1,31711
VELOCI MOTORS,"MOTO VELOCI RAZZER HYPER SPORT 330, ROJO",CEDIS MID,CEDIS MERIDA,11,140,3VMA3ND19V2452563,0,$0.00,0,$0,1,31711
VELOCI MOTORS,"MOTO VELOCI RAZZER HYPER SPORT 330, ROJO",CEDIS SALTILLO,CEDIS SALTILLO,29,140,3VMA3ND11T2438704,0,$0.00,0,$0,1,29337
VELOCI MOTORS,"MOTO VELOCI RAZZER HYPER SPORT 330, ROJO",CEDIS SALTILLO,CEDIS SALTILLO,29,140,3VMA3ND12T2438825,0,$0.00,0,$0,1,29337
VELOCI MOTORS,"MOTO VELOCI RAZZER HYPER SPORT 330, ROJO",CEDIS SALTILLO,CEDIS SALTILLO,29,140,3VMA3ND14T2438826,0,$0.00,0,$0,1,29337
VELOCI MOTORS,"MOTO VELOCI RAZZER HYPER SPORT 330, ROJO",CEDIS SAN LUIS,CEDIS SAN LUIS,27,140,3VMA3ND10V2459689,0,$0.00,0,$0,1,28938
VELOCI MOTORS,"MOTO VELOCI RAZZER HYPER SPORT 330, ROJO",CEDIS SAN LUIS,CEDIS SAN LUIS,27,140,3VMA3ND10V2459773,0,$0.00,0,$0,1,28938
VELOCI MOTORS,"MOTO VELOCI RAZZER HYPER SPORT 330, ROJO",CEDIS SAN LUIS,CEDIS SAN LUIS,27,140,3VMA3ND10V2459790,0,$0.00,0,$0,1,28938
VELOCI MOTORS,"MOTO VELOCI RAZZER HYPER SPORT 330, ROJO",CEDIS SAN LUIS,CEDIS SAN LUIS,27,140,3VMA3ND11T2420557,0,$0.00,1,$28938,0,0
VELOCI MOTORS,"MOTO VELOCI RAZZER HYPER SPORT 330, ROJO",CEDIS SAN LUIS,CEDIS SAN LUIS,27,140,3VMA3ND12V2459810,0,$0.00,0,$0,1,28938
VELOCI MOTORS,"MOTO VELOCI RAZZER HYPER SPORT 330, ROJO",CEDIS SAN LUIS,CEDIS SAN LUIS,27,140,3VMA3ND14V2459646,0,$0.00,0,$0,1,28938
VELOCI MOTORS,"MOTO VELOCI RAZZER HYPER SPORT 330, ROJO",CEDIS SAN LUIS,CEDIS SAN LUIS,27,140,3VMA3ND16V2459695,0,$0.00,0,$0,1,28938
VELOCI MOTORS,"MOTO VELOCI RAZZER HYPER SPORT 330, ROJO",CEDIS SAN LUIS,CEDIS SAN LUIS,27,140,3VMA3ND17V2459611,0,$0.00,0,$0,1,28938
VELOCI MOTORS,"MOTO VELOCI RAZZER HYPER SPORT 330, ROJO",CEDIS SAN LUIS,CEDIS SAN LUIS,27,140,3VMA3ND18V2459696,0,$0.00,0,$0,1,28938
VELOCI MOTORS,"MOTO VELOCI RAZZER HYPER SPORT 330, ROJO",CEDIS SAN LUIS,CEDIS SAN LUIS,27,140,3VMA3ND18V2459701,0,$0.00,0,$0,1,28938
VELOCI MOTORS,"MOTO VELOCI RAZZER HYPER SPORT 330, ROJO",CEDIS SAN LUIS,CEDIS SAN LUIS,27,140,3VMA3ND18V2459763,0,$0.00,0,$0,1,28938
VELOCI MOTORS,"MOTO VELOCI RAZZER HYPER SPORT 330, ROJO",CEDIS SAN LUIS,CEDIS SAN LUIS,27,140,3VMA3ND19V2459707,0,$0.00,0,$0,1,28938
VELOCI MOTORS,"MOTO VELOCI RAZZER HYPER SPORT 330, ROJO",CEDIS SAN LUIS,CEDIS SAN LUIS,27,140,3VMA3ND1XV2459702,0,$0.00,0,$0,1,28938
VELOCI MOTORS,"MOTO VELOCI RAZZER HYPER SPORT 330, ROJO",CEDIS TAB PXGL,CEDIS MACROPAY TABASCO PXGL,14,140,3VMA3ND10V2452595,0,$0.00,0,$0,1,29077
VELOCI MOTORS,"MOTO VELOCI RAZZER HYPER SPORT 330, ROJO",CEDIS TAB PXGL,CEDIS MACROPAY TABASCO PXGL,14,140,3VMA3ND10V2452600,0,$0.00,0,$0,1,29077
VELOCI MOTORS,"MOTO VELOCI RAZZER HYPER SPORT 330, ROJO",CEDIS TAB PXGL,CEDIS MACROPAY TABASCO PXGL,14,140,3VMA3ND10V2452631,0,$0.00,0,$0,1,29077
VELOCI MOTORS,"MOTO VELOCI RAZZER HYPER SPORT 330, ROJO",CEDIS TAB PXGL,CEDIS MACROPAY TABASCO PXGL,14,140,3VMA3ND10V2452659,0,$0.00,0,$0,1,29077
VELOCI MOTORS,"MOTO VELOCI RAZZER HYPER SPORT 330, ROJO",CEDIS TAB PXGL,CEDIS MACROPAY TABASCO PXGL,14,140,3VMA3ND10V2452676,0,$0.00,0,$0,1,29077
VELOCI MOTORS,"MOTO VELOCI RAZZER HYPER SPORT 330, ROJO",CEDIS TAB PXGL,CEDIS MACROPAY TABASCO PXGL,14,140,3VMA3ND10V2452693,0,$0.00,0,$0,1,29077
VELOCI MOTORS,"MOTO VELOCI RAZZER HYPER SPORT 330, ROJO",CEDIS TAB PXGL,CEDIS MACROPAY TABASCO PXGL,14,140,3VMA3ND11V2452654,0,$0.00,0,$0,1,29077
VELOCI MOTORS,"MOTO VELOCI RAZZER HYPER SPORT 330, ROJO",CEDIS TAB PXGL,CEDIS MACROPAY TABASCO PXGL,14,140,3VMA3ND11V2452699,0,$0.00,0,$0,1,29077
VELOCI MOTORS,"MOTO VELOCI RAZZER HYPER SPORT 330, ROJO",CEDIS TAB PXGL,CEDIS MACROPAY TABASCO PXGL,14,140,3VMA3ND12V2452601,0,$0.00,0,$0,1,29077
VELOCI MOTORS,"MOTO VELOCI RAZZER HYPER SPORT 330, ROJO",CEDIS TAB PXGL,CEDIS MACROPAY TABASCO PXGL,14,140,3VMA3ND12V2452632,0,$0.00,0,$0,1,29077
VELOCI MOTORS,"MOTO VELOCI RAZZER HYPER SPORT 330, ROJO",CEDIS TAB PXGL,CEDIS MACROPAY TABASCO PXGL,14,140,3VMA3ND12V2452713,0,$0.00,0,$0,1,29077
VELOCI MOTORS,"MOTO VELOCI RAZZER HYPER SPORT 330, ROJO",CEDIS TAB PXGL,CEDIS MACROPAY TABASCO PXGL,14,140,3VMA3ND13V2452686,0,$0.00,0,$0,1,29077
VELOCI MOTORS,"MOTO VELOCI RAZZER HYPER SPORT 330, ROJO",CEDIS TAB PXGL,CEDIS MACROPAY TABASCO PXGL,14,140,3VMA3ND14V2452373,0,$0.00,0,$0,1,29077
VELOCI MOTORS,"MOTO VELOCI RAZZER HYPER SPORT 330, ROJO",CEDIS TAB PXGL,CEDIS MACROPAY TABASCO PXGL,14,140,3VMA3ND14V2452681,0,$0.00,0,$0,1,29077
VELOCI MOTORS,"MOTO VELOCI RAZZER HYPER SPORT 330, ROJO",CEDIS TAB PXGL,CEDIS MACROPAY TABASCO PXGL,14,140,3VMA3ND15V2452690,0,$0.00,0,$0,1,29077
VELOCI MOTORS,"MOTO VELOCI RAZZER HYPER SPORT 330, ROJO",CEDIS TAB PXGL,CEDIS MACROPAY TABASCO PXGL,14,140,3VMA3ND16V2452617,0,$0.00,0,$0,1,29077
VELOCI MOTORS,"MOTO VELOCI RAZZER HYPER SPORT 330, ROJO",CEDIS TAB PXGL,CEDIS MACROPAY TABASCO PXGL,14,140,3VMA3ND16V2452665,0,$0.00,0,$0,1,29077
VELOCI MOTORS,"MOTO VELOCI RAZZER HYPER SPORT 330, ROJO",CEDIS TAB PXGL,CEDIS MACROPAY TABASCO PXGL,14,140,3VMA3ND17V2452612,0,$0.00,0,$0,1,29077
VELOCI MOTORS,"MOTO VELOCI RAZZER HYPER SPORT 330, ROJO",CEDIS TAB PXGL,CEDIS MACROPAY TABASCO PXGL,14,140,3VMA3ND17V2452674,0,$0.00,0,$0,1,29077
VELOCI MOTORS,"MOTO VELOCI RAZZER HYPER SPORT 330, ROJO",CEDIS TAB PXGL,CEDIS MACROPAY TABASCO PXGL,14,140,3VMA3ND17V2452688,0,$0.00,0,$0,1,29077
VELOCI MOTORS,"MOTO VELOCI RAZZER HYPER SPORT 330, ROJO",CEDIS TAB PXGL,CEDIS MACROPAY TABASCO PXGL,14,140,3VMA3ND17V2452707,0,$0.00,0,$0,1,29077
VELOCI MOTORS,"MOTO VELOCI RAZZER HYPER SPORT 330, ROJO",CEDIS TAB PXGL,CEDIS MACROPAY TABASCO PXGL,14,140,3VMA3ND18V2452683,0,$0.00,0,$0,1,29077
VELOCI MOTORS,"MOTO VELOCI RAZZER HYPER SPORT 330, ROJO",CEDIS TAB PXGL,CEDIS MACROPAY TABASCO PXGL,14,140,3VMA3ND19V2452613,0,$0.00,0,$0,1,29077
VELOCI MOTORS,"MOTO VELOCI RAZZER HYPER SPORT 330, ROJO",CEDIS TAB PXGL,CEDIS MACROPAY TABASCO PXGL,14,140,3VMA3ND19V2452630,0,$0.00,0,$0,1,29077
VELOCI MOTORS,"MOTO VELOCI RAZZER HYPER SPORT 330, ROJO",CEDIS TAB PXGL,CEDIS MACROPAY TABASCO PXGL,14,140,3VMA3ND19V2452661,0,$0.00,0,$0,1,29077
VELOCI MOTORS,"MOTO VELOCI RAZZER HYPER SPORT 330, ROJO",CEDIS TAB PXGL,CEDIS MACROPAY TABASCO PXGL,14,140,3VMA3ND1XV2452457,0,$0.00,0,$0,1,29077
VELOCI MOTORS,"MOTO VELOCI RAZZER HYPER SPORT 330, ROJO",CEDIS TAB PXGL,CEDIS MACROPAY TABASCO PXGL,14,140,3VMA3ND1XV2452636,0,$0.00,0,$0,1,29077
VELOCI MOTORS,"MOTO VELOCI REVENGE DYNAMIK  220CC, GRIS",CEDIS CDMX,CE. LOG. PXGL,21,140,3VMA2M336T2442781,0,$0.00,1,$22430,0,0
VELOCI MOTORS,"MOTO VELOCI REVENGE DYNAMIK  220CC, GRIS",CEDIS CDMX,CE. LOG. PXGL,21,140,3VMA2M339T2442774,0,$0.00,1,$22430,0,0
VELOCI MOTORS,"MOTO VELOCI REVENGE DYNAMIK  220CC, GRIS",CEDIS CDMX,CE. LOG. PXGL,21,600,3VMA2M334T2377963,0,$0.00,1,$22430,0,0
VELOCI MOTORS,"MOTO VELOCI REVENGE DYNAMIK  220CC, GRIS",CEDIS CULIACAN,CEDIS CULIACAN,28,140,3VMA2M339V2452160,0,$0.00,0,$0,1,22585
VELOCI MOTORS,"MOTO VELOCI REVENGE DYNAMIK  220CC, GRIS",CEDIS GDL,CEDIS MACROPAY GUADALAJARA,25,140,3VMA2M336V2452973,0,$0.00,0,$0,1,22585
VELOCI MOTORS,"MOTO VELOCI REVENGE DYNAMIK  220CC, GRIS",CEDIS GDL,CEDIS MACROPAY GUADALAJARA,25,140,3VMA2M337V2452979,0,$0.00,0,$0,1,22585
VELOCI MOTORS,"MOTO VELOCI REVENGE DYNAMIK  220CC, GRIS",CEDIS GDL,CEDIS MACROPAY GUADALAJARA,25,140,3VMA2M339V2452983,0,$0.00,0,$0,1,22585
VELOCI MOTORS,"MOTO VELOCI REVENGE DYNAMIK  220CC, GRIS",CEDIS MID,CEDIS MERIDA PXGL,26,140,3VMA2M333V2452963,0,$0.00,0,$0,1,22585
VELOCI MOTORS,"MOTO VELOCI REVENGE DYNAMIK  220CC, GRIS",CEDIS MID,CEDIS MERIDA PXGL,26,140,3VMA2M337V2452948,0,$0.00,0,$0,1,22585
VELOCI MOTORS,"MOTO VELOCI REVENGE DYNAMIK  220CC, GRIS",CEDIS MID,CEDIS MERIDA PXGL,26,140,3VMA2M338V2452926,0,$0.00,0,$0,1,22585
VELOCI MOTORS,"MOTO VELOCI REVENGE DYNAMIK  220CC, GRIS",CEDIS MID,CEDIS MERIDA PXGL,26,140,3VMA2M338V2452974,0,$0.00,0,$0,1,22585
VELOCI MOTORS,"MOTO VELOCI REVENGE DYNAMIK  220CC, GRIS",CEDIS SALTILLO,CEDIS SALTILLO,29,140,3VMA2M339V2452322,0,$0.00,1,$22585,0,0
VELOCI MOTORS,"MOTO VELOCI RUBAK EVO SPORT 220, NARANJA",CEDIS CDMX,CE. LOG. PXGL,21,140,3VMA2MH11T2426866,0,$0.00,1,$17560,0,0
VELOCI MOTORS,"MOTO VELOCI RUBAK EVO SPORT 220, NARANJA",CEDIS CDMX,CE. LOG. PXGL,21,140,3VMA2MH18T2426475,0,$0.00,1,$17560,0,0
VELOCI MOTORS,"MOTO VELOCI RUBAK EVO SPORT 220, NARANJA",CEDIS GDL,CEDIS MACROPAY GUADALAJARA,25,140,3VMA2MH11T2427175,0,$0.00,0,$0,1,17560
VELOCI MOTORS,"MOTO VELOCI RUBAK EVO SPORT 220, NARANJA",CEDIS GDL,CEDIS MACROPAY GUADALAJARA,25,140,3VMA2MH12T2433728,0,$0.00,0,$0,1,17560
VELOCI MOTORS,"MOTO VELOCI RUBAK EVO SPORT 220, NARANJA",CEDIS GDL,CEDIS MACROPAY GUADALAJARA,25,140,3VMA2MH13T2426707,0,$0.00,0,$0,1,17560
VELOCI MOTORS,"MOTO VELOCI RUBAK EVO SPORT 220, NARANJA",CEDIS GDL,CEDIS MACROPAY GUADALAJARA,25,140,3VMA2MH14T2426442,0,$0.00,0,$0,1,17560
VELOCI MOTORS,"MOTO VELOCI RUBAK EVO SPORT 220, NARANJA",CEDIS GDL,CEDIS MACROPAY GUADALAJARA,25,140,3VMA2MH14T2427106,0,$0.00,0,$0,1,17560
VELOCI MOTORS,"MOTO VELOCI RUBAK EVO SPORT 220, NARANJA",CEDIS GDL,CEDIS MACROPAY GUADALAJARA,25,140,3VMA2MH15T2426899,0,$0.00,0,$0,1,17560
VELOCI MOTORS,"MOTO VELOCI RUBAK EVO SPORT 220, NARANJA",CEDIS GDL,CEDIS MACROPAY GUADALAJARA,25,140,3VMA2MH15T2427065,0,$0.00,0,$0,1,17560
VELOCI MOTORS,"MOTO VELOCI RUBAK EVO SPORT 220, NARANJA",CEDIS GDL,CEDIS MACROPAY GUADALAJARA,25,140,3VMA2MH18T2427058,0,$0.00,0,$0,1,17560
VELOCI MOTORS,"MOTO VELOCI RUBAK EVO SPORT 220, NARANJA",CEDIS GDL,CEDIS MACROPAY GUADALAJARA,25,140,3VMA2MH1XT2427112,0,$0.00,0,$0,1,17560
VELOCI MOTORS,"MOTO VELOCI RUBAK EVO SPORT 220, NARANJA",CEDIS SALTILLO,CEDIS SALTILLO,29,140,3VMA2MH15T2426918,0,$0.00,0,$0,1,18457
VELOCI MOTORS,"MOTO VELOCI RUBAK EVO TRAIL 220CC, VERDE",CEDIS CDMX,CE. LOG. PXGL,21,140,3VMA2MJ12T2413456,0,$0.00,1,$18860,0,0
VELOCI MOTORS,"MOTO VELOCI RUBAK EVO TRAIL 220CC, VERDE",CEDIS CDMX,CE. LOG. PXGL,21,140,3VMA2MJ13V2440121,0,$0.00,1,$18860,0,0
VELOCI MOTORS,"MOTO VELOCI RUBAK EVO TRAIL 220CC, VERDE",CEDIS CDMX,CE. LOG. PXGL,21,140,3VMA2MJ16V2439898,0,$0.00,1,$18860,0,0
VELOCI MOTORS,"MOTO VELOCI RUBAK EVO TRAIL 220CC, VERDE",CEDIS CDMX,CE. LOG. PXGL,21,140,3VMA2MJ18V2460820,0,$0.00,0,$0,1,18860
VELOCI MOTORS,"MOTO VELOCI RUBAK EVO TRAIL 220CC, VERDE",CEDIS CDMX,CE. LOG. PXGL,21,140,3VMA2MJ18V2460882,0,$0.00,0,$0,1,18860
VELOCI MOTORS,"MOTO VELOCI RUBAK EVO TRAIL 220CC, VERDE",CEDIS CULIACAN,CEDIS CULIACAN,28,140,3VMA2MJ17V2440011,0,$0.00,0,$0,1,18888
VELOCI MOTORS,"MOTO VELOCI RUBAK EVO TRAIL 220CC, VERDE",CEDIS GDL,CEDIS MACROPAY GUADALAJARA,25,140,3VMA2MJ11T2413674,0,$0.00,0,$0,1,16377
VELOCI MOTORS,"MOTO VELOCI RUBAK EVO TRAIL 220CC, VERDE",CEDIS GDL,CEDIS MACROPAY GUADALAJARA,25,140,3VMA2MJ13V2439857,0,$0.00,0,$0,1,16377
VELOCI MOTORS,"MOTO VELOCI RUBAK EVO TRAIL 220CC, VERDE",CEDIS GDL,CEDIS MACROPAY GUADALAJARA,25,140,3VMA2MJ15V2440122,0,$0.00,0,$0,1,16377
VELOCI MOTORS,"MOTO VELOCI RUBAK EVO TRAIL 220CC, VERDE",CEDIS GDL,CEDIS MACROPAY GUADALAJARA,25,140,3VMA2MJ17V2439845,0,$0.00,0,$0,1,16377
VELOCI MOTORS,"MOTO VELOCI RUBAK EVO TRAIL 220CC, VERDE",CEDIS GDL,CEDIS MACROPAY GUADALAJARA,25,140,3VMA2MJ17V2439859,0,$0.00,0,$0,1,16377
VELOCI MOTORS,"MOTO VELOCI RUBAK EVO TRAIL 220CC, VERDE",CEDIS GDL,CEDIS MACROPAY GUADALAJARA,25,140,3VMA2MJ19V2439801,0,$0.00,0,$0,1,16377
VELOCI MOTORS,"MOTO VELOCI RUBAK EVO TRAIL 220CC, VERDE",CEDIS GDL,CEDIS MACROPAY GUADALAJARA,25,140,3VMA2MJ1XT2413673,0,$0.00,0,$0,1,16377
VELOCI MOTORS,"MOTO VELOCI RUBAK EVO TRAIL 220CC, VERDE",CEDIS GDL,CEDIS MACROPAY GUADALAJARA,25,140,3VMA2MJ1XV2439807,0,$0.00,0,$0,1,16377
VELOCI MOTORS,"MOTO VELOCI RUBAK EVO TRAIL 220CC, VERDE",CEDIS MID,CEDIS MERIDA,11,140,3VMA2MJ11V2467043,0,$0.00,0,$0,1,20044
VELOCI MOTORS,"MOTO VELOCI RUBAK EVO TRAIL 220CC, VERDE",CEDIS MID,CEDIS MERIDA,11,140,3VMA2MJ13V2467318,0,$0.00,0,$0,1,20044
VELOCI MOTORS,"MOTO VELOCI RUBAK EVO TRAIL 220CC, VERDE",CEDIS MID,CEDIS MERIDA,11,140,3VMA2MJ14V2467330,0,$0.00,0,$0,1,20044
VELOCI MOTORS,"MOTO VELOCI RUBAK EVO TRAIL 220CC, VERDE",CEDIS MID,CEDIS MERIDA,11,140,3VMA2MJ15V2467269,0,$0.00,0,$0,1,20044
VELOCI MOTORS,"MOTO VELOCI RUBAK EVO TRAIL 220CC, VERDE",CEDIS MID,CEDIS MERIDA,11,140,3VMA2MJ16V2467216,0,$0.00,0,$0,1,20044
VELOCI MOTORS,"MOTO VELOCI RUBAK EVO TRAIL 220CC, VERDE",CEDIS MID,CEDIS MERIDA,11,140,3VMA2MJ16V2467362,0,$0.00,0,$0,1,20044
VELOCI MOTORS,"MOTO VELOCI RUBAK EVO TRAIL 220CC, VERDE",CEDIS MID,CEDIS MERIDA,11,140,3VMA2MJ17V2467323,0,$0.00,0,$0,1,20044
VELOCI MOTORS,"MOTO VELOCI RUBAK EVO TRAIL 220CC, VERDE",CEDIS MID,CEDIS MERIDA,11,140,3VMA2MJ17V2467368,0,$0.00,0,$0,1,20044
VELOCI MOTORS,"MOTO VELOCI RUBAK EVO TRAIL 220CC, VERDE",CEDIS MID,CEDIS MERIDA,11,140,3VMA2MJ18V2467105,0,$0.00,0,$0,1,20044
VELOCI MOTORS,"MOTO VELOCI RUBAK EVO TRAIL 220CC, VERDE",CEDIS MID,CEDIS MERIDA,11,140,3VMA2MJ19V2467064,0,$0.00,0,$0,1,20044
VELOCI MOTORS,"MOTO VELOCI RUBAK EVO TRAIL 220CC, VERDE",CEDIS MID,CEDIS MERIDA,11,140,3VMA2MJ19V2467386,0,$0.00,0,$0,1,20044
VELOCI MOTORS,"MOTO VELOCI RUBAK EVO TRAIL 220CC, VERDE",CEDIS MID,CEDIS MERIDA,11,140,3VMA2MJ1XV2467073,0,$0.00,0,$0,1,20044
VELOCI MOTORS,"MOTO VELOCI RUBAK EVO TRAIL 220CC, VERDE",CEDIS MID,CEDIS MERIDA PXGL,26,140,3VMA2MJ18V2440020,0,$0.00,0,$0,1,19464
VELOCI MOTORS,"MOTO VELOCI RUBAK EVO TRAIL 220CC, VERDE",CEDIS MID,CEDIS MERIDA PXGL,26,140,3VMA2MJ18V2440034,0,$0.00,0,$0,1,19464
VELOCI MOTORS,"MOTO VELOCI RUBAK EVO TRAIL 220CC, VERDE",CEDIS SALTILLO,CEDIS SALTILLO,29,140,3VMA2MJ10V2440044,0,$0.00,0,$0,1,18224
VELOCI MOTORS,"MOTO VELOCI RUBAK EVO TRAIL 220CC, VERDE",CEDIS SAN LUIS,CEDIS SAN LUIS,27,140,3VMA2MJ12V2460845,0,$0.00,0,$0,1,18295
VELOCI MOTORS,"MOTO VELOCI RUBAK EVO TRAIL 220CC, VERDE",CEDIS SAN LUIS,CEDIS SAN LUIS,27,140,3VMA2MJ12V2460859,0,$0.00,0,$0,1,18295
VELOCI MOTORS,"MOTO VELOCI RUBAK EVO TRAIL 220CC, VERDE",CEDIS SAN LUIS,CEDIS SAN LUIS,27,140,3VMA2MJ13T2413451,0,$0.00,1,$18295,0,0
VELOCI MOTORS,"MOTO VELOCI RUBAK EVO TRAIL 220CC, VERDE",CEDIS SAN LUIS,CEDIS SAN LUIS,27,140,3VMA2MJ13T2413546,0,$0.00,1,$18295,0,0
VELOCI MOTORS,"MOTO VELOCI RUBAK EVO TRAIL 220CC, VERDE",CEDIS SAN LUIS,CEDIS SAN LUIS,27,140,3VMA2MJ15V2460838,0,$0.00,0,$0,1,18295
VELOCI MOTORS,"MOTO VELOCI RUBAK EVO TRAIL 220CC, VERDE",CEDIS SAN LUIS,CEDIS SAN LUIS,27,140,3VMA2MJ17V2460730,0,$0.00,0,$0,1,18295
VELOCI MOTORS,"MOTO VELOCI RUBAK EVO TRAIL 220CC, VERDE",CEDIS SAN LUIS,CEDIS SAN LUIS,27,140,3VMA2MJ18T2432528,0,$0.00,1,$18295,0,0
VELOCI MOTORS,"MOTO VELOCI RUBAK EVO TRAIL 220CC, VERDE",CEDIS SAN LUIS,CEDIS SAN LUIS,27,140,3VMA2MJ18V2460803,0,$0.00,0,$0,1,18295
VELOCI MOTORS,"MOTO VELOCI RUBAK EVO TRAIL 220CC, VERDE",CEDIS SAN LUIS,CEDIS SAN LUIS,27,140,3VMA2MJ19V2460860,0,$0.00,0,$0,1,18295
VELOCI MOTORS,"MOTO VELOCI RUBAK EVO TRAIL 220CC, VERDE",CEDIS TAB PXGL,CEDIS MACROPAY TABASCO PXGL,14,140,3VMA2MJ16V2467085,0,$0.00,0,$0,1,19718
VELOCI MOTORS,"MOTO VELOCI RUBAK EVO TRAIL 220CC, VERDE",CEDIS TAB PXGL,CEDIS MACROPAY TABASCO PXGL,14,140,3VMA2MJ1XV2467090,0,$0.00,0,$0,1,19718
VELOCI MOTORS,"MOTO VELOCI SNAKE GT 250CC, ROJO",CEDIS CDMX,CE. LOG. PXGL,21,140,3VMA2GL08S2339223,0,$0.00,1,$23020,0,0
VELOCI MOTORS,"MOTO VELOCI SNAKE GT TRAIL 250CC, GRIS",CEDIS CDMX,CE. LOG. PXGL,21,140,3VMA2GM00T2428493,0,$0.00,0,$0,1,24592
VELOCI MOTORS,"MOTO VELOCI SNAKE GT TRAIL 250CC, GRIS",CEDIS CDMX,CE. LOG. PXGL,21,140,3VMA2GM01T2428342,0,$0.00,0,$0,1,24592
VELOCI MOTORS,"MOTO VELOCI SNAKE GT TRAIL 250CC, GRIS",CEDIS CDMX,CE. LOG. PXGL,21,140,3VMA2GM03T2428326,0,$0.00,1,$24592,0,0
VELOCI MOTORS,"MOTO VELOCI SNAKE GT TRAIL 250CC, GRIS",CEDIS CDMX,CE. LOG. PXGL,21,140,3VMA2GM05T2428506,0,$0.00,0,$0,1,24592
VELOCI MOTORS,"MOTO VELOCI SNAKE GT TRAIL 250CC, GRIS",CEDIS CDMX,CE. LOG. PXGL,21,140,3VMA2GM0XT2408297,0,$0.00,1,$24592,0,0
VELOCI MOTORS,"MOTO VELOCI SNAKE GT TRAIL 250CC, GRIS",CEDIS CDMX,CE. LOG. PXGL,21,140,3VMA2GN11T2443480,0,$0.00,1,$24592,0,0
VELOCI MOTORS,"MOTO VELOCI SNAKE GT TRAIL 250CC, GRIS",CEDIS CULIACAN,CEDIS CULIACAN,28,140,3VMA2GM02T2428317,0,$0.00,0,$0,1,24560
VELOCI MOTORS,"MOTO VELOCI SNAKE GT TRAIL 250CC, GRIS",CEDIS CULIACAN,CEDIS CULIACAN,28,140,3VMA2GM09T2428329,0,$0.00,0,$0,1,24560
VELOCI MOTORS,"MOTO VELOCI SNAKE GT TRAIL 250CC, GRIS",CEDIS CULIACAN,CEDIS CULIACAN,28,140,3VMA2GM0XT2428291,0,$0.00,0,$0,1,24560
VELOCI MOTORS,"MOTO VELOCI SNAKE GT TRAIL 250CC, GRIS",CEDIS CULIACAN,CEDIS CULIACAN,28,140,3VMA2GM0XT2428355,0,$0.00,0,$0,1,24560
VELOCI MOTORS,"MOTO VELOCI SNAKE GT TRAIL 250CC, GRIS",CEDIS CULIACAN,CEDIS CULIACAN,28,140,3VMA2GN12V2445967,0,$0.00,0,$0,1,24560
VELOCI MOTORS,"MOTO VELOCI SNAKE GT TRAIL 250CC, GRIS",CEDIS CULIACAN,CEDIS CULIACAN,28,140,3VMA2GN14V2445954,0,$0.00,0,$0,1,24560
VELOCI MOTORS,"MOTO VELOCI SNAKE GT TRAIL 250CC, GRIS",CEDIS CULIACAN,CEDIS CULIACAN,28,140,3VMA2GN15V2446076,0,$0.00,0,$0,1,24560
VELOCI MOTORS,"MOTO VELOCI SNAKE GT TRAIL 250CC, GRIS",CEDIS CULIACAN,CEDIS CULIACAN,28,140,3VMA2GN16V2446023,0,$0.00,0,$0,1,24560
VELOCI MOTORS,"MOTO VELOCI SNAKE GT TRAIL 250CC, GRIS",CEDIS CULIACAN,CEDIS CULIACAN,28,140,3VMA2GN19V2445948,0,$0.00,0,$0,1,24560
VELOCI MOTORS,"MOTO VELOCI SNAKE GT TRAIL 250CC, GRIS",CEDIS CULIACAN,CEDIS CULIACAN,28,140,3VMA2GN19V2445951,0,$0.00,0,$0,1,24560
VELOCI MOTORS,"MOTO VELOCI SNAKE GT TRAIL 250CC, GRIS",CEDIS GDL,CEDIS MACROPAY GUADALAJARA,25,140,3VMA2GM09T2411675,0,$0.00,0,$0,1,24196
VELOCI MOTORS,"MOTO VELOCI SNAKE GT TRAIL 250CC, GRIS",CEDIS GDL,CEDIS MACROPAY GUADALAJARA,25,140,3VMA2GM0XT2411667,0,$0.00,0,$0,1,24196
VELOCI MOTORS,"MOTO VELOCI SNAKE GT TRAIL 250CC, GRIS",CEDIS GDL,CEDIS MACROPAY GUADALAJARA,25,140,3VMA2GN11T2443575,0,$0.00,0,$0,1,24196
VELOCI MOTORS,"MOTO VELOCI SNAKE GT TRAIL 250CC, GRIS",CEDIS GDL,CEDIS MACROPAY GUADALAJARA,25,140,3VMA2GN12T2443438,0,$0.00,0,$0,1,24196
VELOCI MOTORS,"MOTO VELOCI SNAKE GT TRAIL 250CC, GRIS",CEDIS GDL,CEDIS MACROPAY GUADALAJARA,25,140,3VMA2GN15T2443451,0,$0.00,0,$0,1,24196
VELOCI MOTORS,"MOTO VELOCI SNAKE GT TRAIL 250CC, GRIS",CEDIS GDL,CEDIS MACROPAY GUADALAJARA,25,140,3VMA2GN17T2443595,0,$0.00,0,$0,1,24196
VELOCI MOTORS,"MOTO VELOCI SNAKE GT TRAIL 250CC, GRIS",CEDIS GDL,CEDIS MACROPAY GUADALAJARA,25,140,3VMA2GN18T2443394,0,$0.00,0,$0,1,24196
VELOCI MOTORS,"MOTO VELOCI SNAKE GT TRAIL 250CC, GRIS",CEDIS GDL,CEDIS MACROPAY GUADALAJARA,25,140,3VMA2GN19T2443453,0,$0.00,0,$0,1,24196
VELOCI MOTORS,"MOTO VELOCI SNAKE GT TRAIL 250CC, GRIS",CEDIS MID,CEDIS MERIDA,11,140,3VMA2GN12V2446018,0,$0.00,0,$0,1,24410
VELOCI MOTORS,"MOTO VELOCI SNAKE GT TRAIL 250CC, GRIS",CEDIS MID,CEDIS MERIDA,11,140,3VMA2GN14V2446019,0,$0.00,0,$0,1,24410
VELOCI MOTORS,"MOTO VELOCI SNAKE GT TRAIL 250CC, GRIS",CEDIS MID,CEDIS MERIDA,11,140,3VMA2GN15V2446014,0,$0.00,0,$0,1,24410
VELOCI MOTORS,"MOTO VELOCI SNAKE GT TRAIL 250CC, GRIS",CEDIS MID,CEDIS MERIDA,11,140,3VMA2GN15V2446031,0,$0.00,0,$0,1,24410
VELOCI MOTORS,"MOTO VELOCI SNAKE GT TRAIL 250CC, GRIS",CEDIS MID,CEDIS MERIDA PXGL,26,140,3VMA2GM00T2411645,0,$0.00,0,$0,1,24455
VELOCI MOTORS,"MOTO VELOCI SNAKE GT TRAIL 250CC, GRIS",CEDIS MID,CEDIS MERIDA PXGL,26,140,3VMA2GN10V2454280,0,$0.00,0,$0,1,24455
VELOCI MOTORS,"MOTO VELOCI SNAKE GT TRAIL 250CC, GRIS",CEDIS MID,CEDIS MERIDA PXGL,26,140,3VMA2GN11V2445958,0,$0.00,0,$0,1,24455
VELOCI MOTORS,"MOTO VELOCI SNAKE GT TRAIL 250CC, GRIS",CEDIS MID,CEDIS MERIDA PXGL,26,140,3VMA2GN11V2445975,0,$0.00,0,$0,1,24455
VELOCI MOTORS,"MOTO VELOCI SNAKE GT TRAIL 250CC, GRIS",CEDIS MID,CEDIS MERIDA PXGL,26,140,3VMA2GN12V2446004,0,$0.00,0,$0,1,24455
VELOCI MOTORS,"MOTO VELOCI SNAKE GT TRAIL 250CC, GRIS",CEDIS MID,CEDIS MERIDA PXGL,26,140,3VMA2GN13V2446058,0,$0.00,0,$0,1,24455
VELOCI MOTORS,"MOTO VELOCI SNAKE GT TRAIL 250CC, GRIS",CEDIS MID,CEDIS MERIDA PXGL,26,140,3VMA2GN14V2446067,0,$0.00,0,$0,1,24455
VELOCI MOTORS,"MOTO VELOCI SNAKE GT TRAIL 250CC, GRIS",CEDIS MID,CEDIS MERIDA PXGL,26,140,3VMA2GN16V2446006,0,$0.00,0,$0,1,24455
VELOCI MOTORS,"MOTO VELOCI SNAKE GT TRAIL 250CC, GRIS",CEDIS MID,CEDIS MERIDA PXGL,26,140,3VMA2GN16V2446068,0,$0.00,0,$0,1,24455
VELOCI MOTORS,"MOTO VELOCI SNAKE GT TRAIL 250CC, GRIS",CEDIS MID,CEDIS MERIDA PXGL,26,140,3VMA2GN16V2446071,0,$0.00,0,$0,1,24455
VELOCI MOTORS,"MOTO VELOCI SNAKE GT TRAIL 250CC, GRIS",CEDIS MID,CEDIS MERIDA PXGL,26,140,3VMA2GN19V2446064,0,$0.00,0,$0,1,24455
VELOCI MOTORS,"MOTO VELOCI SNAKE GT TRAIL 250CC, GRIS",CEDIS MID,CEDIS MERIDA PXGL,26,140,3VMA2GN1XV2446042,0,$0.00,0,$0,1,24455
VELOCI MOTORS,"MOTO VELOCI SNAKE GT TRAIL 250CC, GRIS",CEDIS SALTILLO,CEDIS SALTILLO,29,140,3VMA2GN11T2443446,0,$0.00,0,$0,1,24439
VELOCI MOTORS,"MOTO VELOCI SNAKE GT TRAIL 250CC, GRIS",CEDIS SALTILLO,CEDIS SALTILLO,29,140,3VMA2GN12T2443410,0,$0.00,0,$0,1,24439
VELOCI MOTORS,"MOTO VELOCI SNAKE GT TRAIL 250CC, GRIS",CEDIS SAN LUIS,CEDIS SAN LUIS,27,140,3VMA2GM00T2406896,0,$0.00,0,$0,1,24367
VELOCI MOTORS,"MOTO VELOCI SNAKE GT TRAIL 250CC, GRIS",CEDIS SAN LUIS,CEDIS SAN LUIS,27,140,3VMA2GM01T2408110,0,$0.00,0,$0,1,24367
VELOCI MOTORS,"MOTO VELOCI SNAKE GT TRAIL 250CC, GRIS",CEDIS SAN LUIS,CEDIS SAN LUIS,27,140,3VMA2GM06T2408068,0,$0.00,0,$0,1,24367
VELOCI MOTORS,"MOTO VELOCI SNAKE GT TRAIL 250CC, GRIS",CEDIS SAN LUIS,CEDIS SAN LUIS,27,140,3VMA2GM09T2408064,0,$0.00,0,$0,1,24367
VELOCI MOTORS,"MOTO VELOCI SNAKE GT TRAIL 250CC, GRIS",CEDIS SAN LUIS,CEDIS SAN LUIS,27,140,3VMA2GN14T2443456,0,$0.00,0,$0,1,24367
VELOCI MOTORS,"MOTO VELOCI SNAKE GT TRAIL 250CC, GRIS",CEDIS SAN LUIS,CEDIS SAN LUIS,27,140,3VMA2GN17T2443452,0,$0.00,0,$0,1,24367
VELOCI MOTORS,"MOTO VELOCI SNAKE GT TRAIL 250CC, GRIS",CEDIS SAN LUIS,CEDIS SAN LUIS,27,140,3VMA2GN18T2443458,0,$0.00,0,$0,1,24367
VELOCI MOTORS,"MOTO VELOCI SNAKE GT TRAIL 250CC, GRIS",CEDIS TAB PXGL,CEDIS MACROPAY TABASCO PXGL,14,140,3VMA2GN10T2443521,0,$0.00,0,$0,1,24979
VELOCI MOTORS,"MOTO VELOCI SNAKE GT TRAIL 250CC, GRIS",CEDIS TAB PXGL,CEDIS MACROPAY TABASCO PXGL,14,140,3VMA2GN10V2446065,0,$0.00,0,$0,1,24979
VELOCI MOTORS,"MOTO VELOCI SNAKE GT TRAIL 250CC, GRIS",CEDIS TAB PXGL,CEDIS MACROPAY TABASCO PXGL,14,140,3VMA2GN11T2443527,0,$0.00,0,$0,1,24979
VELOCI MOTORS,"MOTO VELOCI SNAKE GT TRAIL 250CC, GRIS",CEDIS TAB PXGL,CEDIS MACROPAY TABASCO PXGL,14,140,3VMA2GN13T2443528,0,$0.00,0,$0,1,24979
VELOCI MOTORS,"MOTO VELOCI SNAKE GT TRAIL 250CC, GRIS",CEDIS TAB PXGL,CEDIS MACROPAY TABASCO PXGL,14,140,3VMA2GN15T2443594,0,$0.00,0,$0,1,24979
VELOCI MOTORS,"MOTO VELOCI SNAKE GT TRAIL 250CC, GRIS",CEDIS TAB PXGL,CEDIS MACROPAY TABASCO PXGL,14,140,3VMA2GN16T2443538,0,$0.00,0,$0,1,24979
VELOCI MOTORS,"MOTO VELOCI SNAKE GT TRAIL 250CC, GRIS",CEDIS TAB PXGL,CEDIS MACROPAY TABASCO PXGL,14,140,3VMA2GN18V2446069,0,$0.00,0,$0,1,24979
VELOCI MOTORS,"MOTO VELOCI SNAKE GT TRAIL 250CC, GRIS",CEDIS TAB PXGL,CEDIS MACROPAY TABASCO PXGL,14,140,3VMA2GN18V2446072,0,$0.00,0,$0,1,24979
VELOCI MOTORS,"MOTO VELOCI SNAKE GT TRAIL 250CC, GRIS",CEDIS TAB PXGL,CEDIS MACROPAY TABASCO PXGL,14,140,3VMA2GN1XV2445960,0,$0.00,0,$0,1,24979
VELOCI MOTORS,"MOTO VELOCI SYRIUS RS SPORT 20, AMARILLO",CEDIS CULIACAN,CEDIS CULIACAN,28,140,3VMA2F397T2431062,0,$0.00,1,$16594,0,0
VELOCI MOTORS,"MOTO VELOCI SYRIUS RS SPORT 20, AMARILLO",CEDIS GDL,CEDIS MACROPAY GUADALAJARA,25,140,3VMA2F395T2431111,0,$0.00,0,$0,1,16594
VELOCI MOTORS,"MOTO VELOCI SYRIUS RS SPORT 20, AMARILLO",CEDIS GDL,CEDIS MACROPAY GUADALAJARA,25,140,3VMA2F397T2431126,0,$0.00,0,$0,1,16594
VELOCI MOTORS,"MOTO VELOCI SYRIUS RS SPORT 20, AMARILLO",CEDIS GDL,CEDIS MACROPAY GUADALAJARA,25,140,3VMA2F397T2431210,0,$0.00,0,$0,1,16594
VELOCI MOTORS,"MOTO VELOCI SYRIUS RS SPORT 20, AMARILLO",CEDIS GDL,CEDIS MACROPAY GUADALAJARA,25,140,3VMA2F398T2431118,0,$0.00,0,$0,1,16594
VELOCI MOTORS,"MOTO VELOCI THYRON EVO SPORT 200C, VERDE",CEDIS GDL,CEDIS MACROPAY GUADALAJARA,25,140,3VMA2FN00V2452031,0,$0.00,0,$0,1,20625
VELOCI MOTORS,"MOTO VELOCI THYRON EVO SPORT 200C, VERDE",CEDIS GDL,CEDIS MACROPAY GUADALAJARA,25,140,3VMA2FN02V2452032,0,$0.00,0,$0,1,20625
VELOCI MOTORS,"MOTO VELOCI THYRON EVO SPORT 200C, VERDE",CEDIS GDL,CEDIS MACROPAY GUADALAJARA,25,140,3VMA2FN03V2440570,0,$0.00,0,$0,1,20625
VELOCI MOTORS,"MOTO VELOCI THYRON EVO SPORT 200C, VERDE",CEDIS GDL,CEDIS MACROPAY GUADALAJARA,25,140,3VMA2FN06V2452048,0,$0.00,0,$0,1,20625
VELOCI MOTORS,"MOTO VELOCI THYRON EVO SPORT 200C, VERDE",CEDIS GDL,CEDIS MACROPAY GUADALAJARA,25,140,3VMA2FN07V2451975,0,$0.00,0,$0,1,20625
VELOCI MOTORS,"MOTO VELOCI THYRON EVO SPORT 200C, VERDE",CEDIS GDL,CEDIS MACROPAY GUADALAJARA,25,140,3VMA2FN08V2452018,0,$0.00,0,$0,1,20625
VELOCI MOTORS,"MOTO VELOCI THYRON EVO SPORT 200C, VERDE",CEDIS GDL,CEDIS MACROPAY GUADALAJARA,25,140,3VMA2FN09V2452013,0,$0.00,0,$0,1,20625
VELOCI MOTORS,"MOTO VELOCI THYRON EVO SPORT 200C, VERDE",CEDIS GDL,CEDIS MACROPAY GUADALAJARA,25,140,3VMA2FN09V2452030,0,$0.00,0,$0,1,20625
VELOCI MOTORS,"MOTO VELOCI THYRON EVO SPORT 200C, VERDE",CEDIS GDL,CEDIS MACROPAY GUADALAJARA,25,140,3VMA2FN0XV2452005,0,$0.00,0,$0,1,20625
VELOCI MOTORS,"MOTO VELOCI THYRON EVO SPORT 200C, VERDE",CEDIS SAN LUIS,CEDIS SAN LUIS,27,140,3VMA2FN00V2463871,0,$0.00,0,$0,1,20568
VELOCI MOTORS,"MOTO VELOCI THYRON EVO SPORT 200C, VERDE",CEDIS SAN LUIS,CEDIS SAN LUIS,27,140,3VMA2FN03V2463878,0,$0.00,0,$0,1,20568
VELOCI MOTORS,"MOTO VELOCI THYRON EVO SPORT 200C, VERDE",CEDIS TAB PXGL,CEDIS MACROPAY TABASCO PXGL,14,140,3VMA2FN02V2464004,0,$0.00,0,$0,1,20518
VELOCI MOTORS,"MOTO VELOCI THYRON EVO SPORT 200C, VERDE",CEDIS TAB PXGL,CEDIS MACROPAY TABASCO PXGL,14,140,3VMA2FN02V2464035,0,$0.00,0,$0,1,20518
VELOCI MOTORS,"MOTO VELOCI THYRON EVO SPORT 200C, VERDE",CEDIS TAB PXGL,CEDIS MACROPAY TABASCO PXGL,14,140,3VMA2FN06V2464037,0,$0.00,0,$0,1,20518
VELOCI MOTORS,"MOTO VELOCI THYRON EVO SPORT 200C, VERDE",CEDIS TAB PXGL,CEDIS MACROPAY TABASCO PXGL,14,140,3VMA2FN09V2463979,0,$0.00,0,$0,1,20518
VELOCI MOTORS,"MOTO VELOCI XEVERUS EVO PRO 330CC, GRIS",CEDIS MID,CEDIS MERIDA,11,140,3VMA3NA16V2460429,0,$0.00,0,$0,1,31895
VELOCI MOTORS,"MOTO VELOCI XEVERUS EVO PRO 330CC, GRIS",CEDIS MID,CEDIS MERIDA,11,140,3VMA3NA17V2460469,0,$0.00,0,$0,1,31895
VELOCI MOTORS,"MOTO VELOCI XEVERUS EVO PRO 330CC, GRIS",CEDIS SAN LUIS,CEDIS SAN LUIS,27,140,3VMA3NA11V2460368,0,$0.00,0,$0,1,28815
VELOCI MOTORS,"MOTO VELOCI XEVERUS EVO PRO 330CC, GRIS",CEDIS SAN LUIS,CEDIS SAN LUIS,27,140,3VMA3NA12V2460394,0,$0.00,0,$0,1,28815
VELOCI MOTORS,"MOTO VELOCI XEVERUS EVO PRO 330CC, GRIS",CEDIS SAN LUIS,CEDIS SAN LUIS,27,140,3VMA3NA16T2419182,0,$0.00,1,$28815,0,0
VELOCI MOTORS,"MOTO VELOCI XEVERUS EVO PRO 330CC, GRIS",CEDIS TAB PXGL,CEDIS MACROPAY TABASCO PXGL,14,140,3VMA3NA11V2460466,0,$0.00,0,$0,1,29248
VELOCI MOTORS,"MOTO VELOCI XEVERUS EVO PRO 330CC, GRIS",CEDIS TAB PXGL,CEDIS MACROPAY TABASCO PXGL,14,140,3VMA3NA12V2460444,0,$0.00,0,$0,1,29248
VELOCI MOTORS,"MOTO VELOCI XEVERUS EVO PRO 330CC, GRIS",CEDIS TAB PXGL,CEDIS MACROPAY TABASCO PXGL,14,140,3VMA3NA14V2460431,0,$0.00,0,$0,1,29248
VELOCI MOTORS,"MOTO VELOCI XEVERUS EVO PRO 330CC, GRIS",CEDIS TAB PXGL,CEDIS MACROPAY TABASCO PXGL,14,140,3VMA3NA17V2460410,0,$0.00,0,$0,1,29248
VELOCI MOTORS,"MOTO VELOCI XEVERUS EVO PRO 330CC, GRIS",CEDIS TAB PXGL,CEDIS MACROPAY TABASCO PXGL,14,140,3VMA3NA17V2460441,0,$0.00,0,$0,1,29248
VELOCI MOTORS,"MOTO VELOCI XEVERUS EVO PRO 330CC, GRIS",CEDIS TAB PXGL,CEDIS MACROPAY TABASCO PXGL,14,140,3VMA3NA18V2460433,0,$0.00,0,$0,1,29248
VELOCI MOTORS,"MOTO VELOCI XEVERUS EVO PRO 330CC, GRIS",CEDIS TAB PXGL,CEDIS MACROPAY TABASCO PXGL,14,140,3VMA3NA1XV2460448,0,$0.00,0,$0,1,29248
VELOCI MOTORS,"MOTO VELOCI XEVERUS EVO PRO 330CC, NEGRO",CEDIS CDMX,CE. LOG. PXGL,21,140,3VMA3NA12T2441924,0,$0.00,0,$0,1,28672
VELOCI MOTORS,"MOTO VELOCI XEVERUS EVO PRO 330CC, NEGRO",CEDIS CDMX,CE. LOG. PXGL,21,140,3VMA3NA18T2441913,0,$0.00,0,$0,1,28672
VELOCI MOTORS,"MOTO VELOCI XEVERUS EVO PRO 330CC, NEGRO",CEDIS CULIACAN,CEDIS CULIACAN,28,140,3VMA3NA10T2449679,0,$0.00,0,$0,1,28672
VELOCI MOTORS,"MOTO VELOCI XEVERUS EVO PRO 330CC, NEGRO",CEDIS CULIACAN,CEDIS CULIACAN,28,140,3VMA3NA13T2449482,0,$0.00,0,$0,1,28672
VELOCI MOTORS,"MOTO VELOCI XEVERUS EVO PRO 330CC, NEGRO",CEDIS CULIACAN,CEDIS CULIACAN,28,140,3VMA3NA13T2449725,0,$0.00,0,$0,1,28672
VELOCI MOTORS,"MOTO VELOCI XEVERUS EVO PRO 330CC, NEGRO",CEDIS CULIACAN,CEDIS CULIACAN,28,140,3VMA3NA13T2449742,0,$0.00,0,$0,1,28672
VELOCI MOTORS,"MOTO VELOCI XEVERUS EVO PRO 330CC, NEGRO",CEDIS CULIACAN,CEDIS CULIACAN,28,140,3VMA3NA14T2449698,0,$0.00,0,$0,1,28672
VELOCI MOTORS,"MOTO VELOCI XEVERUS EVO PRO 330CC, NEGRO",CEDIS CULIACAN,CEDIS CULIACAN,28,140,3VMA3NA14T2449717,0,$0.00,0,$0,1,28672
VELOCI MOTORS,"MOTO VELOCI XEVERUS EVO PRO 330CC, NEGRO",CEDIS CULIACAN,CEDIS CULIACAN,28,140,3VMA3NA19T2449681,0,$0.00,0,$0,1,28672
VELOCI MOTORS,"MOTO VELOCI XEVERUS EVO PRO 330CC, NEGRO",CEDIS CULIACAN,CEDIS CULIACAN,28,140,3VMA3NA1XT2449706,0,$0.00,0,$0,1,28672
VELOCI MOTORS,"MOTO VELOCI XEVERUS EVO PRO 330CC, NEGRO",CEDIS GDL,CEDIS MACROPAY GUADALAJARA,25,140,3VMA3NA10T2437774,0,$0.00,0,$0,1,28672
VELOCI MOTORS,"MOTO VELOCI XEVERUS EVO PRO 330CC, NEGRO",CEDIS GDL,CEDIS MACROPAY GUADALAJARA,25,140,3VMA3NA11T2437735,0,$0.00,0,$0,1,28672
VELOCI MOTORS,"MOTO VELOCI XEVERUS EVO PRO 330CC, NEGRO",CEDIS GDL,CEDIS MACROPAY GUADALAJARA,25,140,3VMA3NA12T2437503,0,$0.00,0,$0,1,28672
VELOCI MOTORS,"MOTO VELOCI XEVERUS EVO PRO 330CC, NEGRO",CEDIS GDL,CEDIS MACROPAY GUADALAJARA,25,140,3VMA3NA14T2437504,0,$0.00,0,$0,1,28672
VELOCI MOTORS,"MOTO VELOCI XEVERUS EVO PRO 330CC, NEGRO",CEDIS GDL,CEDIS MACROPAY GUADALAJARA,25,140,3VMA3NA14T2437745,0,$0.00,0,$0,1,28672
VELOCI MOTORS,"MOTO VELOCI XEVERUS EVO PRO 330CC, NEGRO",CEDIS GDL,CEDIS MACROPAY GUADALAJARA,25,140,3VMA3NA14T2437759,0,$0.00,0,$0,1,28672
VELOCI MOTORS,"MOTO VELOCI XEVERUS EVO PRO 330CC, NEGRO",CEDIS GDL,CEDIS MACROPAY GUADALAJARA,25,140,3VMA3NA17T2437643,0,$0.00,0,$0,1,28672
VELOCI MOTORS,"MOTO VELOCI XEVERUS EVO PRO 330CC, NEGRO",CEDIS GDL,CEDIS MACROPAY GUADALAJARA,25,140,3VMA3NA19T2437742,0,$0.00,0,$0,1,28672
VELOCI MOTORS,"MOTO VELOCI XEVERUS EVO PRO 330CC, NEGRO",CEDIS GDL,CEDIS MACROPAY GUADALAJARA,25,140,3VMA3NA19T2437773,0,$0.00,0,$0,1,28672
VELOCI MOTORS,"MOTO VELOCI XEVERUS EVO PRO 330CC, NEGRO",CEDIS GDL,CEDIS MACROPAY GUADALAJARA,25,140,3VMA3NA1XT2437782,0,$0.00,0,$0,1,28672
VELOCI MOTORS,"MOTO VELOCI XEVERUS EVO PRO 330CC, NEGRO",CEDIS MID,CEDIS MERIDA PXGL,26,140,3VMA3NA10T2449648,0,$0.00,0,$0,1,28672
VELOCI MOTORS,"MOTO VELOCI XEVERUS EVO PRO 330CC, NEGRO",CEDIS MID,CEDIS MERIDA PXGL,26,140,3VMA3NA10T2449665,0,$0.00,0,$0,1,28672
VELOCI MOTORS,"MOTO VELOCI XEVERUS EVO PRO 330CC, NEGRO",CEDIS MID,CEDIS MERIDA PXGL,26,140,3VMA3NA11T2449612,0,$0.00,0,$0,1,28672
VELOCI MOTORS,"MOTO VELOCI XEVERUS EVO PRO 330CC, NEGRO",CEDIS MID,CEDIS MERIDA PXGL,26,140,3VMA3NA13T2449479,0,$0.00,0,$0,1,28672
VELOCI MOTORS,"MOTO VELOCI XEVERUS EVO PRO 330CC, NEGRO",CEDIS MID,CEDIS MERIDA PXGL,26,140,3VMA3NA15T2449600,0,$0.00,0,$0,1,28672
VELOCI MOTORS,"MOTO VELOCI XEVERUS EVO PRO 330CC, NEGRO",CEDIS MID,CEDIS MERIDA PXGL,26,140,3VMA3NA15T2449659,0,$0.00,0,$0,1,28672
VELOCI MOTORS,"MOTO VELOCI XEVERUS EVO PRO 330CC, NEGRO",CEDIS MID,CEDIS MERIDA PXGL,26,140,3VMA3NA15T2449662,0,$0.00,0,$0,1,28672
VELOCI MOTORS,"MOTO VELOCI XEVERUS EVO PRO 330CC, NEGRO",CEDIS MID,CEDIS MERIDA PXGL,26,140,3VMA3NA16T2437729,0,$0.00,0,$0,1,28672
VELOCI MOTORS,"MOTO VELOCI XEVERUS EVO PRO 330CC, NEGRO",CEDIS MID,CEDIS MERIDA PXGL,26,140,3VMA3NA16T2449704,0,$0.00,0,$0,1,28672
VELOCI MOTORS,"MOTO VELOCI XEVERUS EVO PRO 330CC, NEGRO",CEDIS MID,CEDIS MERIDA PXGL,26,140,3VMA3NA17T2449713,0,$0.00,0,$0,1,28672
VELOCI MOTORS,"MOTO VELOCI XEVERUS EVO PRO 330CC, NEGRO",CEDIS MID,CEDIS MERIDA PXGL,26,140,3VMA3NA19T2449678,0,$0.00,0,$0,1,28672
VELOCI MOTORS,"MOTO VELOCI XEVERUS EVO PRO 330CC, NEGRO",CEDIS MID,CEDIS MERIDA PXGL,26,140,3VMA3NA1XT2437684,0,$0.00,0,$0,1,28672
VELOCI MOTORS,"MOTO VELOCI XEVERUS EVO PRO 330CC, NEGRO",CEDIS SALTILLO,CEDIS SALTILLO,29,140,3VMA3NA15T2437754,0,$0.00,0,$0,1,28672
VELOCI MOTORS,"MOTO VELOCI XEVERUS EVO PRO 330CC, NEGRO",CEDIS SALTILLO,CEDIS SALTILLO,29,140,3VMA3NA17T2437755,0,$0.00,0,$0,1,28672
VELOCI MOTORS,"MOTO VELOCI XEVERUS EVO PRO 330CC, NEGRO",CEDIS SALTILLO,CEDIS SALTILLO,29,140,3VMA3NA18T2437778,0,$0.00,0,$0,1,28672
VELOCI MOTORS,"MOTO VELOCI XEVERUS EVO PRO 330CC, NEGRO",CEDIS SALTILLO,CEDIS SALTILLO,29,140,3VMA3NA19T2437756,0,$0.00,0,$0,1,28672
VELOCI MOTORS,"MOTO VELOCI XEVERUS EVO PRO 330CC, ROJO",CEDIS CDMX,CE. LOG. PXGL,21,140,3VMA3NA12V2445636,0,$0.00,1,$28911,0,0
VELOCI MOTORS,"MOTO VELOCI XEVERUS EVO PRO 330CC, ROJO",CEDIS CDMX,CE. LOG. PXGL,21,140,3VMA3NA13V2445645,0,$0.00,1,$28911,0,0
VELOCI MOTORS,"MOTO VELOCI XEVERUS EVO PRO 330CC, ROJO",CEDIS CDMX,CE. LOG. PXGL,21,140,3VMA3NA16V2454677,0,$0.00,0,$0,1,28911
VELOCI MOTORS,"MOTO VELOCI XEVERUS EVO PRO 330CC, ROJO",CEDIS CDMX,CE. LOG. PXGL,21,140,3VMA3NA18V2454678,0,$0.00,0,$0,1,28911
VELOCI MOTORS,"MOTO VELOCI XEVERUS EVO PRO 330CC, ROJO",CEDIS CULIACAN,CEDIS CULIACAN,28,140,3VMA3NA13V2454748,0,$0.00,0,$0,1,29103
VELOCI MOTORS,"MOTO VELOCI XEVERUS EVO PRO 330CC, ROJO",CEDIS CULIACAN,CEDIS CULIACAN,28,140,3VMA3NA13V2454751,0,$0.00,0,$0,1,29103
VELOCI MOTORS,"MOTO VELOCI XEVERUS EVO PRO 330CC, ROJO",CEDIS CULIACAN,CEDIS CULIACAN,28,140,3VMA3NA15V2445677,0,$0.00,0,$0,1,29103
VELOCI MOTORS,"MOTO VELOCI XEVERUS EVO PRO 330CC, ROJO",CEDIS CULIACAN,CEDIS CULIACAN,28,140,3VMA3NA15V2445680,0,$0.00,0,$0,1,29103
VELOCI MOTORS,"MOTO VELOCI XEVERUS EVO PRO 330CC, ROJO",CEDIS CULIACAN,CEDIS CULIACAN,28,140,3VMA3NA17V2445616,0,$0.00,0,$0,1,29103
VELOCI MOTORS,"MOTO VELOCI XEVERUS EVO PRO 330CC, ROJO",CEDIS CULIACAN,CEDIS CULIACAN,28,140,3VMA3NA17V2445664,0,$0.00,0,$0,1,29103
VELOCI MOTORS,"MOTO VELOCI XEVERUS EVO PRO 330CC, ROJO",CEDIS CULIACAN,CEDIS CULIACAN,28,140,3VMA3NA18V2445673,0,$0.00,0,$0,1,29103
VELOCI MOTORS,"MOTO VELOCI XEVERUS EVO PRO 330CC, ROJO",CEDIS CULIACAN,CEDIS CULIACAN,28,140,3VMA3NA18V2454759,0,$0.00,0,$0,1,29103
VELOCI MOTORS,"MOTO VELOCI XEVERUS EVO PRO 330CC, ROJO",CEDIS CULIACAN,CEDIS CULIACAN,28,140,3VMA3NA1XV2445660,0,$0.00,0,$0,1,29103
VELOCI MOTORS,"MOTO VELOCI XEVERUS EVO PRO 330CC, ROJO",CEDIS CULIACAN,CEDIS CULIACAN,28,140,3VMA3NA1XV2454763,0,$0.00,0,$0,1,29103
VELOCI MOTORS,"MOTO VELOCI XEVERUS EVO PRO 330CC, ROJO",CEDIS GDL,CEDIS MACROPAY GUADALAJARA,25,140,3VMA3NA10T2435345,0,$0.00,0,$0,1,28241
VELOCI MOTORS,"MOTO VELOCI XEVERUS EVO PRO 330CC, ROJO",CEDIS GDL,CEDIS MACROPAY GUADALAJARA,25,140,3VMA3NA10T2435359,0,$0.00,0,$0,1,28241
VELOCI MOTORS,"MOTO VELOCI XEVERUS EVO PRO 330CC, ROJO",CEDIS GDL,CEDIS MACROPAY GUADALAJARA,25,140,3VMA3NA12T2435251,0,$0.00,0,$0,1,28241
VELOCI MOTORS,"MOTO VELOCI XEVERUS EVO PRO 330CC, ROJO",CEDIS GDL,CEDIS MACROPAY GUADALAJARA,25,140,3VMA3NA12T2435394,0,$0.00,0,$0,1,28241
VELOCI MOTORS,"MOTO VELOCI XEVERUS EVO PRO 330CC, ROJO",CEDIS GDL,CEDIS MACROPAY GUADALAJARA,25,140,3VMA3NA16T2435348,0,$0.00,0,$0,1,28241
VELOCI MOTORS,"MOTO VELOCI XEVERUS EVO PRO 330CC, ROJO",CEDIS MID,CEDIS MERIDA,11,140,3VMA3NA11V2454506,0,$0.00,0,$0,1,32767
VELOCI MOTORS,"MOTO VELOCI XEVERUS EVO PRO 330CC, ROJO",CEDIS MID,CEDIS MERIDA,11,140,3VMA3NA12V2454627,0,$0.00,0,$0,1,32767
VELOCI MOTORS,"MOTO VELOCI XEVERUS EVO PRO 330CC, ROJO",CEDIS MID,CEDIS MERIDA,11,140,3VMA3NA1XV2454634,0,$0.00,0,$0,1,32767
VELOCI MOTORS,"MOTO VELOCI XEVERUS EVO PRO 330CC, ROJO",CEDIS MID,CEDIS MERIDA PXGL,26,140,3VMA3NA10T2435216,0,$0.00,0,$0,1,28874
VELOCI MOTORS,"MOTO VELOCI XEVERUS EVO PRO 330CC, ROJO",CEDIS MID,CEDIS MERIDA PXGL,26,140,3VMA3NA12V2454689,0,$0.00,0,$0,1,28874
VELOCI MOTORS,"MOTO VELOCI XEVERUS EVO PRO 330CC, ROJO",CEDIS MID,CEDIS MERIDA PXGL,26,140,3VMA3NA12V2454708,0,$0.00,0,$0,1,28874
VELOCI MOTORS,"MOTO VELOCI XEVERUS EVO PRO 330CC, ROJO",CEDIS MID,CEDIS MERIDA PXGL,26,140,3VMA3NA13V2445712,0,$0.00,0,$0,1,28874
VELOCI MOTORS,"MOTO VELOCI XEVERUS EVO PRO 330CC, ROJO",CEDIS MID,CEDIS MERIDA PXGL,26,140,3VMA3NA14T2435221,0,$0.00,0,$0,1,28874
VELOCI MOTORS,"MOTO VELOCI XEVERUS EVO PRO 330CC, ROJO",CEDIS MID,CEDIS MERIDA PXGL,26,140,3VMA3NA14V2454712,0,$0.00,0,$0,1,28874
VELOCI MOTORS,"MOTO VELOCI XEVERUS EVO PRO 330CC, ROJO",CEDIS MID,CEDIS MERIDA PXGL,26,140,3VMA3NA18V2454583,0,$0.00,0,$0,1,28874
VELOCI MOTORS,"MOTO VELOCI XEVERUS EVO PRO 330CC, ROJO",CEDIS MID,CEDIS MERIDA PXGL,26,140,3VMA3NA18V2454681,0,$0.00,0,$0,1,28874
VELOCI MOTORS,"MOTO VELOCI XEVERUS EVO PRO 330CC, ROJO",CEDIS MID,CEDIS MERIDA PXGL,26,140,3VMA3NA1XT2435224,0,$0.00,0,$0,1,28874
VELOCI MOTORS,"MOTO VELOCI XEVERUS EVO PRO 330CC, ROJO",CEDIS MID,CEDIS MERIDA PXGL,26,140,3VMA3NA1XV2445691,0,$0.00,0,$0,1,28874
VELOCI MOTORS,"MOTO VELOCI XEVERUS EVO PRO 330CC, ROJO",CEDIS MID,CEDIS MERIDA PXGL,26,140,3VMA3NA1XV2454651,0,$0.00,0,$0,1,28874
VELOCI MOTORS,"MOTO VELOCI XEVERUS EVO PRO 330CC, ROJO",CEDIS MID,CEDIS MERIDA PXGL,26,140,3VMA3NA1XV2454679,0,$0.00,0,$0,1,28874
VELOCI MOTORS,"MOTO VELOCI XEVERUS EVO PRO 330CC, ROJO",CEDIS MID,CEDIS MERIDA PXGL,26,140,3VMA3NA1XV2454701,0,$0.00,0,$0,1,28874
VELOCI MOTORS,"MOTO VELOCI XEVERUS EVO PRO 330CC, ROJO",CEDIS SAN LUIS,CEDIS SAN LUIS,27,140,3VMA3NA10T2435314,0,$0.00,0,$0,1,28650
VELOCI MOTORS,"MOTO VELOCI XEVERUS EVO PRO 330CC, ROJO",CEDIS SAN LUIS,CEDIS SAN LUIS,27,140,3VMA3NA10V2445585,0,$0.00,0,$0,1,28650
VELOCI MOTORS,"MOTO VELOCI XEVERUS EVO PRO 330CC, ROJO",CEDIS SAN LUIS,CEDIS SAN LUIS,27,140,3VMA3NA11V2454571,0,$0.00,0,$0,1,28650
VELOCI MOTORS,"MOTO VELOCI XEVERUS EVO PRO 330CC, ROJO",CEDIS SAN LUIS,CEDIS SAN LUIS,27,140,3VMA3NA15T2435373,0,$0.00,0,$0,1,28650
VELOCI MOTORS,"MOTO VELOCI XEVERUS EVO PRO 330CC, ROJO",CEDIS SAN LUIS,CEDIS SAN LUIS,27,140,3VMA3NA16V2445476,0,$0.00,0,$0,1,28650
VELOCI MOTORS,"MOTO VELOCI XEVERUS EVO PRO 330CC, ROJO",CEDIS SAN LUIS,CEDIS SAN LUIS,27,140,3VMA3NA16V2454680,0,$0.00,0,$0,1,28650
VELOCI MOTORS,"MOTO VELOCI XEVERUS EVO PRO 330CC, ROJO",CEDIS SAN LUIS,CEDIS SAN LUIS,27,140,3VMA3NA18V2454521,0,$0.00,0,$0,1,28650
VELOCI MOTORS,"MOTO VELOCI XEVERUS EVO PRO 330CC, ROJO",CEDIS SAN LUIS,CEDIS SAN LUIS,27,140,3VMA3NA18V2454633,0,$0.00,0,$0,1,28650
VELOCI MOTORS,"MOTO VELOCI XEVERUS EVO PRO 330CC, ROJO",CEDIS SAN LUIS,CEDIS SAN LUIS,27,140,3VMA3NA19V2445486,0,$0.00,0,$0,1,28650
VELOCI MOTORS,"MOTO VELOCI XEVERUS EVO PRO 330CC, ROJO",CEDIS SAN LUIS,CEDIS SAN LUIS,27,140,3VMA3NA1XV2454522,0,$0.00,0,$0,1,28650
VELOCI MOTORS,"MOTO VELOCI XEVERUS EVO PRO 330CC, ROJO",CEDIS SAN LUIS,CEDIS SAN LUIS,27,600,3VMA3NA16T2402978,0,$0.00,1,$28650,0,0
VELOCI MOTORS,"MOTO VELOCI XEVERUS EVO PRO 330CC, ROJO",CEDIS TAB PXGL,CEDIS MACROPAY TABASCO PXGL,14,140,3VMA3NA13V2454510,0,$0.00,0,$0,1,29360
VELOCI MOTORS,"MOTO VELOCI XEVERUS EVO PRO 330CC, ROJO",CEDIS TAB PXGL,CEDIS MACROPAY TABASCO PXGL,14,140,3VMA3NA13V2454684,0,$0.00,0,$0,1,29360
VELOCI MOTORS,"MOTO VELOCI XEVERUS EVO PRO 330CC, ROJO",CEDIS TAB PXGL,CEDIS MACROPAY TABASCO PXGL,14,140,3VMA3NA15V2454623,0,$0.00,0,$0,1,29360
VELOCI MOTORS,"MOTO VELOCI XEVERUS EVO PRO 330CC, ROJO",CEDIS TAB PXGL,CEDIS MACROPAY TABASCO PXGL,14,140,3VMA3NA16V2454646,0,$0.00,0,$0,1,29360
VELOCI MOTORS,"MOTO VELOCI XEVERUS EVO PRO 330CC, ROJO",CEDIS TAB PXGL,CEDIS MACROPAY TABASCO PXGL,14,140,3VMA3NA19V2445522,0,$0.00,1,$29360,0,0
VELOCI MOTORS,"MOTO VELOCI XEVERUS EVO PRO 330CC, ROJO",CEDIS TAB PXGL,CEDIS MACROPAY TABASCO PXGL,14,140,3VMA3NA19V2454687,0,$0.00,0,$0,1,29360
VELOCI MOTORS,"MOTO VELOCI XEVERUS EVO PRO 330CC, ROJO",CEDIS TAB PXGL,CEDIS MACROPAY TABASCO PXGL,14,140,3VMA3NA1XV2454567,0,$0.00,0,$0,1,29360
VELOCI MOTORS,"MOTOCARRO VELOCI COVALT 300CC, BLANCO",CEDIS TAB PXGL,CEDIS MACROPAY TABASCO PXGL,14,140,3VMB2K3U7V2451154,0,$0.00,0,$0,1,45793
